ISO-10303-21;
HEADER;
FILE_DESCRIPTION(('KiCad electronic assembly'),'2;1');
FILE_NAME('fanout.step','2026-09-02T13:25:38',('Pcbnew'),('Kicad'),
  'Open CASCADE STEP processor 7.9','KiCad to STEP converter','Unknown'
  );
FILE_SCHEMA(('AUTOMOTIVE_DESIGN { 1 0 10303 214 1 1 1 1 }'));
ENDSEC;
DATA;
#1 = APPLICATION_PROTOCOL_DEFINITION('international standard',
  'automotive_design',2000,#2);
#2 = APPLICATION_CONTEXT(
  'core data for automotive mechanical design processes');
#3 = SHAPE_DEFINITION_REPRESENTATION(#4,#10);
#4 = PRODUCT_DEFINITION_SHAPE('','',#5);
#5 = PRODUCT_DEFINITION('design','',#6,#9);
#6 = PRODUCT_DEFINITION_FORMATION('','',#7);
#7 = PRODUCT('fanout 1','fanout 1','',(#8));
#8 = PRODUCT_CONTEXT('',#2,'mechanical');
#9 = PRODUCT_DEFINITION_CONTEXT('part definition',#2,'design');
#10 = SHAPE_REPRESENTATION('',(#11,#15,#19,#23),#27);
#11 = AXIS2_PLACEMENT_3D('',#12,#13,#14);
#12 = CARTESIAN_POINT('',(0.,0.,0.));
#13 = DIRECTION('',(0.,0.,1.));
#14 = DIRECTION('',(1.,0.,-0.));
#15 = AXIS2_PLACEMENT_3D('',#16,#17,#18);
#16 = CARTESIAN_POINT('',(-14.0917,8.3338,1.595));
#17 = DIRECTION('',(0.,-0.,1.));
#18 = DIRECTION('',(1.110223024625E-16,1.,0.));
#19 = AXIS2_PLACEMENT_3D('',#20,#21,#22);
#20 = CARTESIAN_POINT('',(-14.0917,11.7463,1.595));
#21 = DIRECTION('',(-0.,0.,1.));
#22 = DIRECTION('',(1.110223024625E-16,-1.,0.));
#23 = AXIS2_PLACEMENT_3D('',#24,#25,#26);
#24 = CARTESIAN_POINT('',(0.,0.,0.));
#25 = DIRECTION('',(0.,0.,1.));
#26 = DIRECTION('',(1.,0.,-0.));
#27 = ( GEOMETRIC_REPRESENTATION_CONTEXT(3) 
GLOBAL_UNCERTAINTY_ASSIGNED_CONTEXT((#31)) GLOBAL_UNIT_ASSIGNED_CONTEXT(
(#28,#29,#30)) REPRESENTATION_CONTEXT('Context #1',
  '3D Context with UNIT and UNCERTAINTY') );
#28 = ( LENGTH_UNIT() NAMED_UNIT(*) SI_UNIT(.MILLI.,.METRE.) );
#29 = ( NAMED_UNIT(*) PLANE_ANGLE_UNIT() SI_UNIT($,.RADIAN.) );
#30 = ( NAMED_UNIT(*) SI_UNIT($,.STERADIAN.) SOLID_ANGLE_UNIT() );
#31 = UNCERTAINTY_MEASURE_WITH_UNIT(LENGTH_MEASURE(1.E-07),#28,
  'distance_accuracy_value','confusion accuracy');
#32 = PRODUCT_RELATED_PRODUCT_CATEGORY('part',$,(#7));
#33 = SHAPE_DEFINITION_REPRESENTATION(#34,#40);
#34 = PRODUCT_DEFINITION_SHAPE('','',#35);
#35 = PRODUCT_DEFINITION('design','',#36,#39);
#36 = PRODUCT_DEFINITION_FORMATION('','',#37);
#37 = PRODUCT('LED_0402_1005Metric','LED_0402_1005Metric','',(#38));
#38 = PRODUCT_CONTEXT('',#2,'mechanical');
#39 = PRODUCT_DEFINITION_CONTEXT('part definition',#2,'design');
#40 = SHAPE_REPRESENTATION('',(#11,#41),#45);
#41 = AXIS2_PLACEMENT_3D('',#42,#43,#44);
#42 = CARTESIAN_POINT('',(0.,0.,0.));
#43 = DIRECTION('',(0.,0.,1.));
#44 = DIRECTION('',(1.,0.,-0.));
#45 = ( GEOMETRIC_REPRESENTATION_CONTEXT(3) 
GLOBAL_UNCERTAINTY_ASSIGNED_CONTEXT((#49)) GLOBAL_UNIT_ASSIGNED_CONTEXT(
(#46,#47,#48)) REPRESENTATION_CONTEXT('Context #1',
  '3D Context with UNIT and UNCERTAINTY') );
#46 = ( LENGTH_UNIT() NAMED_UNIT(*) SI_UNIT(.MILLI.,.METRE.) );
#47 = ( NAMED_UNIT(*) PLANE_ANGLE_UNIT() SI_UNIT($,.RADIAN.) );
#48 = ( NAMED_UNIT(*) SI_UNIT($,.STERADIAN.) SOLID_ANGLE_UNIT() );
#49 = UNCERTAINTY_MEASURE_WITH_UNIT(LENGTH_MEASURE(1.E-07),#46,
  'distance_accuracy_value','confusion accuracy');
#50 = CONTEXT_DEPENDENT_SHAPE_REPRESENTATION(#51,#53);
#51 = ( REPRESENTATION_RELATIONSHIP('','',#40,#10) 
REPRESENTATION_RELATIONSHIP_WITH_TRANSFORMATION(#52) 
SHAPE_REPRESENTATION_RELATIONSHIP() );
#52 = ITEM_DEFINED_TRANSFORMATION('','',#11,#15);
#53 = PRODUCT_DEFINITION_SHAPE('Placement','Placement of an item',#54);
#54 = NEXT_ASSEMBLY_USAGE_OCCURRENCE('2','D1','',#5,#35,$);
#55 = PRODUCT_RELATED_PRODUCT_CATEGORY('part',$,(#37));
#56 = SHAPE_DEFINITION_REPRESENTATION(#57,#63);
#57 = PRODUCT_DEFINITION_SHAPE('','',#58);
#58 = PRODUCT_DEFINITION('design','',#59,#62);
#59 = PRODUCT_DEFINITION_FORMATION('','',#60);
#60 = PRODUCT('LED_0402_1005Metric','LED_0402_1005Metric','',(#61));
#61 = PRODUCT_CONTEXT('',#2,'mechanical');
#62 = PRODUCT_DEFINITION_CONTEXT('part definition',#2,'design');
#63 = ADVANCED_BREP_SHAPE_REPRESENTATION('',(#11,#64),#1587);
#64 = MANIFOLD_SOLID_BREP('',#65);
#65 = CLOSED_SHELL('',(#66,#106,#153,#232,#256,#296,#327,#344,#377,#401,
    #468,#589,#656,#680,#711,#744,#800,#824,#848,#872,#905,#917,#980,
    #1005,#1022,#1046,#1064,#1082,#1100,#1117,#1134,#1165,#1190,#1215,
    #1239,#1256,#1287,#1311,#1328,#1356,#1381,#1405,#1430,#1477,#1494,
    #1506,#1528,#1540,#1558,#1576));
#66 = ADVANCED_FACE('',(#67),#101,.F.);
#67 = FACE_BOUND('',#68,.F.);
#68 = EDGE_LOOP('',(#69,#79,#87,#95));
#69 = ORIENTED_EDGE('',*,*,#70,.T.);
#70 = EDGE_CURVE('',#71,#73,#75,.T.);
#71 = VERTEX_POINT('',#72);
#72 = CARTESIAN_POINT('',(-0.35,-0.25,0.185));
#73 = VERTEX_POINT('',#74);
#74 = CARTESIAN_POINT('',(-0.315,-0.25,0.5));
#75 = LINE('',#76,#77);
#76 = CARTESIAN_POINT('',(-0.35,-0.25,0.185));
#77 = VECTOR('',#78,1.);
#78 = DIRECTION('',(0.110431526075,0.,0.993883734674));
#79 = ORIENTED_EDGE('',*,*,#80,.T.);
#80 = EDGE_CURVE('',#73,#81,#83,.T.);
#81 = VERTEX_POINT('',#82);
#82 = CARTESIAN_POINT('',(0.315,-0.25,0.5));
#83 = LINE('',#84,#85);
#84 = CARTESIAN_POINT('',(-0.315,-0.25,0.5));
#85 = VECTOR('',#86,1.);
#86 = DIRECTION('',(1.,0.,0.));
#87 = ORIENTED_EDGE('',*,*,#88,.T.);
#88 = EDGE_CURVE('',#81,#89,#91,.T.);
#89 = VERTEX_POINT('',#90);
#90 = CARTESIAN_POINT('',(0.35,-0.25,0.185));
#91 = LINE('',#92,#93);
#92 = CARTESIAN_POINT('',(0.315,-0.25,0.5));
#93 = VECTOR('',#94,1.);
#94 = DIRECTION('',(0.110431526075,0.,-0.993883734674));
#95 = ORIENTED_EDGE('',*,*,#96,.T.);
#96 = EDGE_CURVE('',#89,#71,#97,.T.);
#97 = LINE('',#98,#99);
#98 = CARTESIAN_POINT('',(0.35,-0.25,0.185));
#99 = VECTOR('',#100,1.);
#100 = DIRECTION('',(-1.,0.,0.));
#101 = PLANE('',#102);
#102 = AXIS2_PLACEMENT_3D('',#103,#104,#105);
#103 = CARTESIAN_POINT('',(0.,-0.25,0.336886104513));
#104 = DIRECTION('',(0.,1.,0.));
#105 = DIRECTION('',(0.,-0.,1.));
#106 = ADVANCED_FACE('',(#107),#148,.T.);
#107 = FACE_BOUND('',#108,.T.);
#108 = EDGE_LOOP('',(#109,#119,#127,#133,#134,#142));
#109 = ORIENTED_EDGE('',*,*,#110,.T.);
#110 = EDGE_CURVE('',#111,#113,#115,.T.);
#111 = VERTEX_POINT('',#112);
#112 = CARTESIAN_POINT('',(-0.35,0.25,0.185));
#113 = VERTEX_POINT('',#114);
#114 = CARTESIAN_POINT('',(-0.35,0.1875,0.185));
#115 = LINE('',#116,#117);
#116 = CARTESIAN_POINT('',(-0.35,0.25,0.185));
#117 = VECTOR('',#118,1.);
#118 = DIRECTION('',(0.,-1.,0.));
#119 = ORIENTED_EDGE('',*,*,#120,.F.);
#120 = EDGE_CURVE('',#121,#113,#123,.T.);
#121 = VERTEX_POINT('',#122);
#122 = CARTESIAN_POINT('',(-0.35,-0.1875,0.185));
#123 = LINE('',#124,#125);
#124 = CARTESIAN_POINT('',(-0.35,-0.25,0.185));
#125 = VECTOR('',#126,1.);
#126 = DIRECTION('',(0.,1.,0.));
#127 = ORIENTED_EDGE('',*,*,#128,.T.);
#128 = EDGE_CURVE('',#121,#71,#129,.T.);
#129 = LINE('',#130,#131);
#130 = CARTESIAN_POINT('',(-0.35,0.25,0.185));
#131 = VECTOR('',#132,1.);
#132 = DIRECTION('',(0.,-1.,0.));
#133 = ORIENTED_EDGE('',*,*,#70,.T.);
#134 = ORIENTED_EDGE('',*,*,#135,.F.);
#135 = EDGE_CURVE('',#136,#73,#138,.T.);
#136 = VERTEX_POINT('',#137);
#137 = CARTESIAN_POINT('',(-0.315,0.25,0.5));
#138 = LINE('',#139,#140);
#139 = CARTESIAN_POINT('',(-0.315,0.25,0.5));
#140 = VECTOR('',#141,1.);
#141 = DIRECTION('',(0.,-1.,0.));
#142 = ORIENTED_EDGE('',*,*,#143,.F.);
#143 = EDGE_CURVE('',#111,#136,#144,.T.);
#144 = LINE('',#145,#146);
#145 = CARTESIAN_POINT('',(-0.35,0.25,0.185));
#146 = VECTOR('',#147,1.);
#147 = DIRECTION('',(0.110431526075,0.,0.993883734674));
#148 = PLANE('',#149);
#149 = AXIS2_PLACEMENT_3D('',#150,#151,#152);
#150 = CARTESIAN_POINT('',(-0.35,0.25,0.185));
#151 = DIRECTION('',(-0.993883734674,0.,0.110431526075));
#152 = DIRECTION('',(0.110431526075,0.,0.993883734674));
#153 = ADVANCED_FACE('',(#154),#227,.F.);
#154 = FACE_BOUND('',#155,.F.);
#155 = EDGE_LOOP('',(#156,#166,#174,#182,#188,#189,#197,#205,#213,#221)
  );
#156 = ORIENTED_EDGE('',*,*,#157,.F.);
#157 = EDGE_CURVE('',#158,#160,#162,.T.);
#158 = VERTEX_POINT('',#159);
#159 = CARTESIAN_POINT('',(-0.485,-0.25,1.5E-02));
#160 = VERTEX_POINT('',#161);
#161 = CARTESIAN_POINT('',(-0.4625,-0.25,1.5E-02));
#162 = LINE('',#163,#164);
#163 = CARTESIAN_POINT('',(-0.485,-0.25,1.5E-02));
#164 = VECTOR('',#165,1.);
#165 = DIRECTION('',(1.,0.,0.));
#166 = ORIENTED_EDGE('',*,*,#167,.T.);
#167 = EDGE_CURVE('',#158,#168,#170,.T.);
#168 = VERTEX_POINT('',#169);
#169 = CARTESIAN_POINT('',(-0.485,-0.25,0.185));
#170 = LINE('',#171,#172);
#171 = CARTESIAN_POINT('',(-0.485,-0.25,1.5E-02));
#172 = VECTOR('',#173,1.);
#173 = DIRECTION('',(0.,0.,1.));
#174 = ORIENTED_EDGE('',*,*,#175,.T.);
#175 = EDGE_CURVE('',#168,#176,#178,.T.);
#176 = VERTEX_POINT('',#177);
#177 = CARTESIAN_POINT('',(-0.4625,-0.25,0.185));
#178 = LINE('',#179,#180);
#179 = CARTESIAN_POINT('',(-0.485,-0.25,0.185));
#180 = VECTOR('',#181,1.);
#181 = DIRECTION('',(1.,0.,0.));
#182 = ORIENTED_EDGE('',*,*,#183,.T.);
#183 = EDGE_CURVE('',#176,#71,#184,.T.);
#184 = LINE('',#185,#186);
#185 = CARTESIAN_POINT('',(-0.485,-0.25,0.185));
#186 = VECTOR('',#187,1.);
#187 = DIRECTION('',(1.,0.,0.));
#188 = ORIENTED_EDGE('',*,*,#96,.F.);
#189 = ORIENTED_EDGE('',*,*,#190,.T.);
#190 = EDGE_CURVE('',#89,#191,#193,.T.);
#191 = VERTEX_POINT('',#192);
#192 = CARTESIAN_POINT('',(0.4625,-0.25,0.185));
#193 = LINE('',#194,#195);
#194 = CARTESIAN_POINT('',(-0.485,-0.25,0.185));
#195 = VECTOR('',#196,1.);
#196 = DIRECTION('',(1.,0.,0.));
#197 = ORIENTED_EDGE('',*,*,#198,.T.);
#198 = EDGE_CURVE('',#191,#199,#201,.T.);
#199 = VERTEX_POINT('',#200);
#200 = CARTESIAN_POINT('',(0.485,-0.25,0.185));
#201 = LINE('',#202,#203);
#202 = CARTESIAN_POINT('',(-0.485,-0.25,0.185));
#203 = VECTOR('',#204,1.);
#204 = DIRECTION('',(1.,0.,0.));
#205 = ORIENTED_EDGE('',*,*,#206,.F.);
#206 = EDGE_CURVE('',#207,#199,#209,.T.);
#207 = VERTEX_POINT('',#208);
#208 = CARTESIAN_POINT('',(0.485,-0.25,1.5E-02));
#209 = LINE('',#210,#211);
#210 = CARTESIAN_POINT('',(0.485,-0.25,1.5E-02));
#211 = VECTOR('',#212,1.);
#212 = DIRECTION('',(0.,0.,1.));
#213 = ORIENTED_EDGE('',*,*,#214,.F.);
#214 = EDGE_CURVE('',#215,#207,#217,.T.);
#215 = VERTEX_POINT('',#216);
#216 = CARTESIAN_POINT('',(0.4625,-0.25,1.5E-02));
#217 = LINE('',#218,#219);
#218 = CARTESIAN_POINT('',(-0.485,-0.25,1.5E-02));
#219 = VECTOR('',#220,1.);
#220 = DIRECTION('',(1.,0.,0.));
#221 = ORIENTED_EDGE('',*,*,#222,.F.);
#222 = EDGE_CURVE('',#160,#215,#223,.T.);
#223 = LINE('',#224,#225);
#224 = CARTESIAN_POINT('',(-0.485,-0.25,1.5E-02));
#225 = VECTOR('',#226,1.);
#226 = DIRECTION('',(1.,0.,0.));
#227 = PLANE('',#228);
#228 = AXIS2_PLACEMENT_3D('',#229,#230,#231);
#229 = CARTESIAN_POINT('',(-0.485,-0.25,1.5E-02));
#230 = DIRECTION('',(0.,1.,0.));
#231 = DIRECTION('',(0.,-0.,1.));
#232 = ADVANCED_FACE('',(#233),#251,.T.);
#233 = FACE_BOUND('',#234,.T.);
#234 = EDGE_LOOP('',(#235,#236,#237,#245));
#235 = ORIENTED_EDGE('',*,*,#135,.T.);
#236 = ORIENTED_EDGE('',*,*,#80,.T.);
#237 = ORIENTED_EDGE('',*,*,#238,.F.);
#238 = EDGE_CURVE('',#239,#81,#241,.T.);
#239 = VERTEX_POINT('',#240);
#240 = CARTESIAN_POINT('',(0.315,0.25,0.5));
#241 = LINE('',#242,#243);
#242 = CARTESIAN_POINT('',(0.315,0.25,0.5));
#243 = VECTOR('',#244,1.);
#244 = DIRECTION('',(0.,-1.,0.));
#245 = ORIENTED_EDGE('',*,*,#246,.F.);
#246 = EDGE_CURVE('',#136,#239,#247,.T.);
#247 = LINE('',#248,#249);
#248 = CARTESIAN_POINT('',(-0.315,0.25,0.5));
#249 = VECTOR('',#250,1.);
#250 = DIRECTION('',(1.,0.,0.));
#251 = PLANE('',#252);
#252 = AXIS2_PLACEMENT_3D('',#253,#254,#255);
#253 = CARTESIAN_POINT('',(-0.315,0.25,0.5));
#254 = DIRECTION('',(0.,0.,1.));
#255 = DIRECTION('',(1.,0.,-0.));
#256 = ADVANCED_FACE('',(#257),#291,.T.);
#257 = FACE_BOUND('',#258,.T.);
#258 = EDGE_LOOP('',(#259,#260,#261,#269,#277,#285));
#259 = ORIENTED_EDGE('',*,*,#238,.T.);
#260 = ORIENTED_EDGE('',*,*,#88,.T.);
#261 = ORIENTED_EDGE('',*,*,#262,.F.);
#262 = EDGE_CURVE('',#263,#89,#265,.T.);
#263 = VERTEX_POINT('',#264);
#264 = CARTESIAN_POINT('',(0.35,-0.1875,0.185));
#265 = LINE('',#266,#267);
#266 = CARTESIAN_POINT('',(0.35,0.25,0.185));
#267 = VECTOR('',#268,1.);
#268 = DIRECTION('',(0.,-1.,0.));
#269 = ORIENTED_EDGE('',*,*,#270,.T.);
#270 = EDGE_CURVE('',#263,#271,#273,.T.);
#271 = VERTEX_POINT('',#272);
#272 = CARTESIAN_POINT('',(0.35,0.1875,0.185));
#273 = LINE('',#274,#275);
#274 = CARTESIAN_POINT('',(0.35,-0.25,0.185));
#275 = VECTOR('',#276,1.);
#276 = DIRECTION('',(0.,1.,0.));
#277 = ORIENTED_EDGE('',*,*,#278,.F.);
#278 = EDGE_CURVE('',#279,#271,#281,.T.);
#279 = VERTEX_POINT('',#280);
#280 = CARTESIAN_POINT('',(0.35,0.25,0.185));
#281 = LINE('',#282,#283);
#282 = CARTESIAN_POINT('',(0.35,0.25,0.185));
#283 = VECTOR('',#284,1.);
#284 = DIRECTION('',(0.,-1.,0.));
#285 = ORIENTED_EDGE('',*,*,#286,.F.);
#286 = EDGE_CURVE('',#239,#279,#287,.T.);
#287 = LINE('',#288,#289);
#288 = CARTESIAN_POINT('',(0.315,0.25,0.5));
#289 = VECTOR('',#290,1.);
#290 = DIRECTION('',(0.110431526075,0.,-0.993883734674));
#291 = PLANE('',#292);
#292 = AXIS2_PLACEMENT_3D('',#293,#294,#295);
#293 = CARTESIAN_POINT('',(0.315,0.25,0.5));
#294 = DIRECTION('',(0.993883734674,0.,0.110431526075));
#295 = DIRECTION('',(0.110431526075,0.,-0.993883734674));
#296 = ADVANCED_FACE('',(#297),#322,.T.);
#297 = FACE_BOUND('',#298,.T.);
#298 = EDGE_LOOP('',(#299,#307,#315,#321));
#299 = ORIENTED_EDGE('',*,*,#300,.F.);
#300 = EDGE_CURVE('',#301,#111,#303,.T.);
#301 = VERTEX_POINT('',#302);
#302 = CARTESIAN_POINT('',(-0.4625,0.25,0.185));
#303 = LINE('',#304,#305);
#304 = CARTESIAN_POINT('',(-0.485,0.25,0.185));
#305 = VECTOR('',#306,1.);
#306 = DIRECTION('',(1.,0.,0.));
#307 = ORIENTED_EDGE('',*,*,#308,.F.);
#308 = EDGE_CURVE('',#309,#301,#311,.T.);
#309 = VERTEX_POINT('',#310);
#310 = CARTESIAN_POINT('',(-0.4625,0.1875,0.185));
#311 = LINE('',#312,#313);
#312 = CARTESIAN_POINT('',(-0.4625,3.125E-02,0.185));
#313 = VECTOR('',#314,1.);
#314 = DIRECTION('',(0.,1.,0.));
#315 = ORIENTED_EDGE('',*,*,#316,.F.);
#316 = EDGE_CURVE('',#113,#309,#317,.T.);
#317 = LINE('',#318,#319);
#318 = CARTESIAN_POINT('',(-0.47375,0.1875,0.185));
#319 = VECTOR('',#320,1.);
#320 = DIRECTION('',(-1.,0.,0.));
#321 = ORIENTED_EDGE('',*,*,#110,.F.);
#322 = PLANE('',#323);
#323 = AXIS2_PLACEMENT_3D('',#324,#325,#326);
#324 = CARTESIAN_POINT('',(-0.485,-0.25,0.185));
#325 = DIRECTION('',(0.,0.,1.));
#326 = DIRECTION('',(1.,0.,-0.));
#327 = ADVANCED_FACE('',(#328),#339,.T.);
#328 = FACE_BOUND('',#329,.T.);
#329 = EDGE_LOOP('',(#330,#331,#332,#333));
#330 = ORIENTED_EDGE('',*,*,#143,.T.);
#331 = ORIENTED_EDGE('',*,*,#246,.T.);
#332 = ORIENTED_EDGE('',*,*,#286,.T.);
#333 = ORIENTED_EDGE('',*,*,#334,.T.);
#334 = EDGE_CURVE('',#279,#111,#335,.T.);
#335 = LINE('',#336,#337);
#336 = CARTESIAN_POINT('',(0.35,0.25,0.185));
#337 = VECTOR('',#338,1.);
#338 = DIRECTION('',(-1.,0.,0.));
#339 = PLANE('',#340);
#340 = AXIS2_PLACEMENT_3D('',#341,#342,#343);
#341 = CARTESIAN_POINT('',(0.,0.25,0.336886104513));
#342 = DIRECTION('',(0.,1.,0.));
#343 = DIRECTION('',(0.,-0.,1.));
#344 = ADVANCED_FACE('',(#345),#372,.T.);
#345 = FACE_BOUND('',#346,.T.);
#346 = EDGE_LOOP('',(#347,#356,#364,#371));
#347 = ORIENTED_EDGE('',*,*,#348,.F.);
#348 = EDGE_CURVE('',#349,#113,#351,.T.);
#349 = VERTEX_POINT('',#350);
#350 = CARTESIAN_POINT('',(-0.365,0.1875,0.2));
#351 = CIRCLE('',#352,1.5E-02);
#352 = AXIS2_PLACEMENT_3D('',#353,#354,#355);
#353 = CARTESIAN_POINT('',(-0.365,0.1875,0.185));
#354 = DIRECTION('',(-0.,1.,0.));
#355 = DIRECTION('',(1.,0.,0.));
#356 = ORIENTED_EDGE('',*,*,#357,.F.);
#357 = EDGE_CURVE('',#358,#349,#360,.T.);
#358 = VERTEX_POINT('',#359);
#359 = CARTESIAN_POINT('',(-0.365,-0.1875,0.2));
#360 = LINE('',#361,#362);
#361 = CARTESIAN_POINT('',(-0.365,-0.25,0.2));
#362 = VECTOR('',#363,1.);
#363 = DIRECTION('',(0.,1.,0.));
#364 = ORIENTED_EDGE('',*,*,#365,.T.);
#365 = EDGE_CURVE('',#358,#121,#366,.T.);
#366 = CIRCLE('',#367,1.5E-02);
#367 = AXIS2_PLACEMENT_3D('',#368,#369,#370);
#368 = CARTESIAN_POINT('',(-0.365,-0.1875,0.185));
#369 = DIRECTION('',(-0.,1.,0.));
#370 = DIRECTION('',(1.,0.,0.));
#371 = ORIENTED_EDGE('',*,*,#120,.T.);
#372 = CYLINDRICAL_SURFACE('',#373,1.5E-02);
#373 = AXIS2_PLACEMENT_3D('',#374,#375,#376);
#374 = CARTESIAN_POINT('',(-0.365,-0.25,0.185));
#375 = DIRECTION('',(0.,1.,0.));
#376 = DIRECTION('',(1.,0.,0.));
#377 = ADVANCED_FACE('',(#378),#396,.T.);
#378 = FACE_BOUND('',#379,.T.);
#379 = EDGE_LOOP('',(#380,#388,#389,#390));
#380 = ORIENTED_EDGE('',*,*,#381,.F.);
#381 = EDGE_CURVE('',#176,#382,#384,.T.);
#382 = VERTEX_POINT('',#383);
#383 = CARTESIAN_POINT('',(-0.4625,-0.1875,0.185));
#384 = LINE('',#385,#386);
#385 = CARTESIAN_POINT('',(-0.4625,-0.21875,0.185));
#386 = VECTOR('',#387,1.);
#387 = DIRECTION('',(0.,1.,0.));
#388 = ORIENTED_EDGE('',*,*,#183,.T.);
#389 = ORIENTED_EDGE('',*,*,#128,.F.);
#390 = ORIENTED_EDGE('',*,*,#391,.F.);
#391 = EDGE_CURVE('',#382,#121,#392,.T.);
#392 = LINE('',#393,#394);
#393 = CARTESIAN_POINT('',(-1.125E-02,-0.1875,0.185));
#394 = VECTOR('',#395,1.);
#395 = DIRECTION('',(1.,0.,0.));
#396 = PLANE('',#397);
#397 = AXIS2_PLACEMENT_3D('',#398,#399,#400);
#398 = CARTESIAN_POINT('',(-0.485,-0.25,0.185));
#399 = DIRECTION('',(0.,0.,1.));
#400 = DIRECTION('',(1.,0.,-0.));
#401 = ADVANCED_FACE('',(#402),#463,.F.);
#402 = FACE_BOUND('',#403,.F.);
#403 = EDGE_LOOP('',(#404,#414,#423,#431,#440,#448,#454,#455,#456,#457)
  );
#404 = ORIENTED_EDGE('',*,*,#405,.F.);
#405 = EDGE_CURVE('',#406,#408,#410,.T.);
#406 = VERTEX_POINT('',#407);
#407 = CARTESIAN_POINT('',(-0.485,-0.25,-1.734723475977E-18));
#408 = VERTEX_POINT('',#409);
#409 = CARTESIAN_POINT('',(-0.4625,-0.25,0.));
#410 = LINE('',#411,#412);
#411 = CARTESIAN_POINT('',(-0.5,-0.25,0.));
#412 = VECTOR('',#413,1.);
#413 = DIRECTION('',(1.,0.,0.));
#414 = ORIENTED_EDGE('',*,*,#415,.F.);
#415 = EDGE_CURVE('',#416,#406,#418,.T.);
#416 = VERTEX_POINT('',#417);
#417 = CARTESIAN_POINT('',(-0.5,-0.25,1.5E-02));
#418 = CIRCLE('',#419,1.5E-02);
#419 = AXIS2_PLACEMENT_3D('',#420,#421,#422);
#420 = CARTESIAN_POINT('',(-0.485,-0.25,1.5E-02));
#421 = DIRECTION('',(0.,-1.,0.));
#422 = DIRECTION('',(0.,0.,1.));
#423 = ORIENTED_EDGE('',*,*,#424,.T.);
#424 = EDGE_CURVE('',#416,#425,#427,.T.);
#425 = VERTEX_POINT('',#426);
#426 = CARTESIAN_POINT('',(-0.5,-0.25,0.185));
#427 = LINE('',#428,#429);
#428 = CARTESIAN_POINT('',(-0.5,-0.25,0.));
#429 = VECTOR('',#430,1.);
#430 = DIRECTION('',(0.,0.,1.));
#431 = ORIENTED_EDGE('',*,*,#432,.T.);
#432 = EDGE_CURVE('',#425,#433,#435,.T.);
#433 = VERTEX_POINT('',#434);
#434 = CARTESIAN_POINT('',(-0.485,-0.25,0.2));
#435 = CIRCLE('',#436,1.5E-02);
#436 = AXIS2_PLACEMENT_3D('',#437,#438,#439);
#437 = CARTESIAN_POINT('',(-0.485,-0.25,0.185));
#438 = DIRECTION('',(0.,1.,0.));
#439 = DIRECTION('',(0.,-0.,1.));
#440 = ORIENTED_EDGE('',*,*,#441,.T.);
#441 = EDGE_CURVE('',#433,#442,#444,.T.);
#442 = VERTEX_POINT('',#443);
#443 = CARTESIAN_POINT('',(-0.4625,-0.25,0.2));
#444 = LINE('',#445,#446);
#445 = CARTESIAN_POINT('',(-0.5,-0.25,0.2));
#446 = VECTOR('',#447,1.);
#447 = DIRECTION('',(1.,0.,0.));
#448 = ORIENTED_EDGE('',*,*,#449,.F.);
#449 = EDGE_CURVE('',#176,#442,#450,.T.);
#450 = LINE('',#451,#452);
#451 = CARTESIAN_POINT('',(-0.4625,-0.25,0.15));
#452 = VECTOR('',#453,1.);
#453 = DIRECTION('',(0.,0.,1.));
#454 = ORIENTED_EDGE('',*,*,#175,.F.);
#455 = ORIENTED_EDGE('',*,*,#167,.F.);
#456 = ORIENTED_EDGE('',*,*,#157,.T.);
#457 = ORIENTED_EDGE('',*,*,#458,.F.);
#458 = EDGE_CURVE('',#408,#160,#459,.T.);
#459 = LINE('',#460,#461);
#460 = CARTESIAN_POINT('',(-0.4625,-0.25,0.15));
#461 = VECTOR('',#462,1.);
#462 = DIRECTION('',(0.,0.,1.));
#463 = PLANE('',#464);
#464 = AXIS2_PLACEMENT_3D('',#465,#466,#467);
#465 = CARTESIAN_POINT('',(-0.5,-0.25,0.));
#466 = DIRECTION('',(0.,1.,0.));
#467 = DIRECTION('',(0.,-0.,1.));
#468 = ADVANCED_FACE('',(#469,#558),#584,.F.);
#469 = FACE_BOUND('',#470,.F.);
#470 = EDGE_LOOP('',(#471,#479,#480,#488,#496,#504,#512,#520,#528,#536,
    #544,#552));
#471 = ORIENTED_EDGE('',*,*,#472,.F.);
#472 = EDGE_CURVE('',#160,#473,#475,.T.);
#473 = VERTEX_POINT('',#474);
#474 = CARTESIAN_POINT('',(-0.4625,-0.1875,1.5E-02));
#475 = LINE('',#476,#477);
#476 = CARTESIAN_POINT('',(-0.4625,-0.21875,1.5E-02));
#477 = VECTOR('',#478,1.);
#478 = DIRECTION('',(0.,1.,0.));
#479 = ORIENTED_EDGE('',*,*,#222,.T.);
#480 = ORIENTED_EDGE('',*,*,#481,.F.);
#481 = EDGE_CURVE('',#482,#215,#484,.T.);
#482 = VERTEX_POINT('',#483);
#483 = CARTESIAN_POINT('',(0.4625,-0.1875,1.5E-02));
#484 = LINE('',#485,#486);
#485 = CARTESIAN_POINT('',(0.4625,-0.28125,1.5E-02));
#486 = VECTOR('',#487,1.);
#487 = DIRECTION('',(0.,-1.,0.));
#488 = ORIENTED_EDGE('',*,*,#489,.F.);
#489 = EDGE_CURVE('',#490,#482,#492,.T.);
#490 = VERTEX_POINT('',#491);
#491 = CARTESIAN_POINT('',(0.35,-0.1875,1.5E-02));
#492 = LINE('',#493,#494);
#493 = CARTESIAN_POINT('',(-1.125E-02,-0.1875,1.5E-02));
#494 = VECTOR('',#495,1.);
#495 = DIRECTION('',(1.,0.,0.));
#496 = ORIENTED_EDGE('',*,*,#497,.T.);
#497 = EDGE_CURVE('',#490,#498,#500,.T.);
#498 = VERTEX_POINT('',#499);
#499 = CARTESIAN_POINT('',(0.35,0.1875,1.5E-02));
#500 = LINE('',#501,#502);
#501 = CARTESIAN_POINT('',(0.35,-0.25,1.5E-02));
#502 = VECTOR('',#503,1.);
#503 = DIRECTION('',(0.,1.,0.));
#504 = ORIENTED_EDGE('',*,*,#505,.F.);
#505 = EDGE_CURVE('',#506,#498,#508,.T.);
#506 = VERTEX_POINT('',#507);
#507 = CARTESIAN_POINT('',(0.4625,0.1875,1.5E-02));
#508 = LINE('',#509,#510);
#509 = CARTESIAN_POINT('',(-0.47375,0.1875,1.5E-02));
#510 = VECTOR('',#511,1.);
#511 = DIRECTION('',(-1.,0.,0.));
#512 = ORIENTED_EDGE('',*,*,#513,.F.);
#513 = EDGE_CURVE('',#514,#506,#516,.T.);
#514 = VERTEX_POINT('',#515);
#515 = CARTESIAN_POINT('',(0.4625,0.25,1.5E-02));
#516 = LINE('',#517,#518);
#517 = CARTESIAN_POINT('',(0.4625,-3.125E-02,1.5E-02));
#518 = VECTOR('',#519,1.);
#519 = DIRECTION('',(0.,-1.,0.));
#520 = ORIENTED_EDGE('',*,*,#521,.F.);
#521 = EDGE_CURVE('',#522,#514,#524,.T.);
#522 = VERTEX_POINT('',#523);
#523 = CARTESIAN_POINT('',(-0.4625,0.25,1.5E-02));
#524 = LINE('',#525,#526);
#525 = CARTESIAN_POINT('',(-0.485,0.25,1.5E-02));
#526 = VECTOR('',#527,1.);
#527 = DIRECTION('',(1.,0.,0.));
#528 = ORIENTED_EDGE('',*,*,#529,.F.);
#529 = EDGE_CURVE('',#530,#522,#532,.T.);
#530 = VERTEX_POINT('',#531);
#531 = CARTESIAN_POINT('',(-0.4625,0.1875,1.5E-02));
#532 = LINE('',#533,#534);
#533 = CARTESIAN_POINT('',(-0.4625,3.125E-02,1.5E-02));
#534 = VECTOR('',#535,1.);
#535 = DIRECTION('',(0.,1.,0.));
#536 = ORIENTED_EDGE('',*,*,#537,.F.);
#537 = EDGE_CURVE('',#538,#530,#540,.T.);
#538 = VERTEX_POINT('',#539);
#539 = CARTESIAN_POINT('',(-0.35,0.1875,1.5E-02));
#540 = LINE('',#541,#542);
#541 = CARTESIAN_POINT('',(-0.47375,0.1875,1.5E-02));
#542 = VECTOR('',#543,1.);
#543 = DIRECTION('',(-1.,0.,0.));
#544 = ORIENTED_EDGE('',*,*,#545,.F.);
#545 = EDGE_CURVE('',#546,#538,#548,.T.);
#546 = VERTEX_POINT('',#547);
#547 = CARTESIAN_POINT('',(-0.35,-0.1875,1.5E-02));
#548 = LINE('',#549,#550);
#549 = CARTESIAN_POINT('',(-0.35,-0.25,1.5E-02));
#550 = VECTOR('',#551,1.);
#551 = DIRECTION('',(0.,1.,0.));
#552 = ORIENTED_EDGE('',*,*,#553,.F.);
#553 = EDGE_CURVE('',#473,#546,#554,.T.);
#554 = LINE('',#555,#556);
#555 = CARTESIAN_POINT('',(-1.125E-02,-0.1875,1.5E-02));
#556 = VECTOR('',#557,1.);
#557 = DIRECTION('',(1.,0.,0.));
#558 = FACE_BOUND('',#559,.F.);
#559 = EDGE_LOOP('',(#560,#570,#578));
#560 = ORIENTED_EDGE('',*,*,#561,.T.);
#561 = EDGE_CURVE('',#562,#564,#566,.T.);
#562 = VERTEX_POINT('',#563);
#563 = CARTESIAN_POINT('',(0.173205080757,0.2,1.5E-02));
#564 = VERTEX_POINT('',#565);
#565 = CARTESIAN_POINT('',(0.173205080757,-0.2,1.5E-02));
#566 = LINE('',#567,#568);
#567 = CARTESIAN_POINT('',(0.173205080757,0.2,1.5E-02));
#568 = VECTOR('',#569,1.);
#569 = DIRECTION('',(0.,-1.,0.));
#570 = ORIENTED_EDGE('',*,*,#571,.T.);
#571 = EDGE_CURVE('',#564,#572,#574,.T.);
#572 = VERTEX_POINT('',#573);
#573 = CARTESIAN_POINT('',(-0.173205080757,0.,1.5E-02));
#574 = LINE('',#575,#576);
#575 = CARTESIAN_POINT('',(0.173205080757,-0.2,1.5E-02));
#576 = VECTOR('',#577,1.);
#577 = DIRECTION('',(-0.866025403784,0.5,0.));
#578 = ORIENTED_EDGE('',*,*,#579,.T.);
#579 = EDGE_CURVE('',#572,#562,#580,.T.);
#580 = LINE('',#581,#582);
#581 = CARTESIAN_POINT('',(-0.173205080757,0.,1.5E-02));
#582 = VECTOR('',#583,1.);
#583 = DIRECTION('',(0.866025403784,0.5,0.));
#584 = PLANE('',#585);
#585 = AXIS2_PLACEMENT_3D('',#586,#587,#588);
#586 = CARTESIAN_POINT('',(-0.485,-0.25,1.5E-02));
#587 = DIRECTION('',(0.,0.,1.));
#588 = DIRECTION('',(1.,0.,-0.));
#589 = ADVANCED_FACE('',(#590),#651,.F.);
#590 = FACE_BOUND('',#591,.F.);
#591 = EDGE_LOOP('',(#592,#602,#608,#609,#610,#611,#619,#627,#636,#644)
  );
#592 = ORIENTED_EDGE('',*,*,#593,.F.);
#593 = EDGE_CURVE('',#594,#596,#598,.T.);
#594 = VERTEX_POINT('',#595);
#595 = CARTESIAN_POINT('',(0.4625,-0.25,0.));
#596 = VERTEX_POINT('',#597);
#597 = CARTESIAN_POINT('',(0.485,-0.25,-1.734723475977E-18));
#598 = LINE('',#599,#600);
#599 = CARTESIAN_POINT('',(0.35,-0.25,0.));
#600 = VECTOR('',#601,1.);
#601 = DIRECTION('',(1.,0.,0.));
#602 = ORIENTED_EDGE('',*,*,#603,.F.);
#603 = EDGE_CURVE('',#215,#594,#604,.T.);
#604 = LINE('',#605,#606);
#605 = CARTESIAN_POINT('',(0.4625,-0.25,0.15));
#606 = VECTOR('',#607,1.);
#607 = DIRECTION('',(0.,0.,-1.));
#608 = ORIENTED_EDGE('',*,*,#214,.T.);
#609 = ORIENTED_EDGE('',*,*,#206,.T.);
#610 = ORIENTED_EDGE('',*,*,#198,.F.);
#611 = ORIENTED_EDGE('',*,*,#612,.F.);
#612 = EDGE_CURVE('',#613,#191,#615,.T.);
#613 = VERTEX_POINT('',#614);
#614 = CARTESIAN_POINT('',(0.4625,-0.25,0.2));
#615 = LINE('',#616,#617);
#616 = CARTESIAN_POINT('',(0.4625,-0.25,0.15));
#617 = VECTOR('',#618,1.);
#618 = DIRECTION('',(0.,0.,-1.));
#619 = ORIENTED_EDGE('',*,*,#620,.T.);
#620 = EDGE_CURVE('',#613,#621,#623,.T.);
#621 = VERTEX_POINT('',#622);
#622 = CARTESIAN_POINT('',(0.485,-0.25,0.2));
#623 = LINE('',#624,#625);
#624 = CARTESIAN_POINT('',(0.35,-0.25,0.2));
#625 = VECTOR('',#626,1.);
#626 = DIRECTION('',(1.,0.,0.));
#627 = ORIENTED_EDGE('',*,*,#628,.F.);
#628 = EDGE_CURVE('',#629,#621,#631,.T.);
#629 = VERTEX_POINT('',#630);
#630 = CARTESIAN_POINT('',(0.5,-0.25,0.185));
#631 = CIRCLE('',#632,1.5E-02);
#632 = AXIS2_PLACEMENT_3D('',#633,#634,#635);
#633 = CARTESIAN_POINT('',(0.485,-0.25,0.185));
#634 = DIRECTION('',(0.,-1.,0.));
#635 = DIRECTION('',(0.,0.,1.));
#636 = ORIENTED_EDGE('',*,*,#637,.F.);
#637 = EDGE_CURVE('',#638,#629,#640,.T.);
#638 = VERTEX_POINT('',#639);
#639 = CARTESIAN_POINT('',(0.5,-0.25,1.5E-02));
#640 = LINE('',#641,#642);
#641 = CARTESIAN_POINT('',(0.5,-0.25,0.));
#642 = VECTOR('',#643,1.);
#643 = DIRECTION('',(0.,0.,1.));
#644 = ORIENTED_EDGE('',*,*,#645,.T.);
#645 = EDGE_CURVE('',#638,#596,#646,.T.);
#646 = CIRCLE('',#647,1.5E-02);
#647 = AXIS2_PLACEMENT_3D('',#648,#649,#650);
#648 = CARTESIAN_POINT('',(0.485,-0.25,1.5E-02));
#649 = DIRECTION('',(0.,1.,0.));
#650 = DIRECTION('',(0.,-0.,1.));
#651 = PLANE('',#652);
#652 = AXIS2_PLACEMENT_3D('',#653,#654,#655);
#653 = CARTESIAN_POINT('',(0.35,-0.25,0.));
#654 = DIRECTION('',(0.,1.,0.));
#655 = DIRECTION('',(0.,-0.,1.));
#656 = ADVANCED_FACE('',(#657),#675,.T.);
#657 = FACE_BOUND('',#658,.T.);
#658 = EDGE_LOOP('',(#659,#667,#668,#669));
#659 = ORIENTED_EDGE('',*,*,#660,.F.);
#660 = EDGE_CURVE('',#263,#661,#663,.T.);
#661 = VERTEX_POINT('',#662);
#662 = CARTESIAN_POINT('',(0.4625,-0.1875,0.185));
#663 = LINE('',#664,#665);
#664 = CARTESIAN_POINT('',(-1.125E-02,-0.1875,0.185));
#665 = VECTOR('',#666,1.);
#666 = DIRECTION('',(1.,0.,0.));
#667 = ORIENTED_EDGE('',*,*,#262,.T.);
#668 = ORIENTED_EDGE('',*,*,#190,.T.);
#669 = ORIENTED_EDGE('',*,*,#670,.F.);
#670 = EDGE_CURVE('',#661,#191,#671,.T.);
#671 = LINE('',#672,#673);
#672 = CARTESIAN_POINT('',(0.4625,-0.28125,0.185));
#673 = VECTOR('',#674,1.);
#674 = DIRECTION('',(0.,-1.,0.));
#675 = PLANE('',#676);
#676 = AXIS2_PLACEMENT_3D('',#677,#678,#679);
#677 = CARTESIAN_POINT('',(-0.485,-0.25,0.185));
#678 = DIRECTION('',(0.,0.,1.));
#679 = DIRECTION('',(1.,0.,-0.));
#680 = ADVANCED_FACE('',(#681),#706,.T.);
#681 = FACE_BOUND('',#682,.T.);
#682 = EDGE_LOOP('',(#683,#691,#692,#700));
#683 = ORIENTED_EDGE('',*,*,#684,.F.);
#684 = EDGE_CURVE('',#279,#685,#687,.T.);
#685 = VERTEX_POINT('',#686);
#686 = CARTESIAN_POINT('',(0.4625,0.25,0.185));
#687 = LINE('',#688,#689);
#688 = CARTESIAN_POINT('',(-0.485,0.25,0.185));
#689 = VECTOR('',#690,1.);
#690 = DIRECTION('',(1.,0.,0.));
#691 = ORIENTED_EDGE('',*,*,#278,.T.);
#692 = ORIENTED_EDGE('',*,*,#693,.F.);
#693 = EDGE_CURVE('',#694,#271,#696,.T.);
#694 = VERTEX_POINT('',#695);
#695 = CARTESIAN_POINT('',(0.4625,0.1875,0.185));
#696 = LINE('',#697,#698);
#697 = CARTESIAN_POINT('',(-0.47375,0.1875,0.185));
#698 = VECTOR('',#699,1.);
#699 = DIRECTION('',(-1.,0.,0.));
#700 = ORIENTED_EDGE('',*,*,#701,.F.);
#701 = EDGE_CURVE('',#685,#694,#702,.T.);
#702 = LINE('',#703,#704);
#703 = CARTESIAN_POINT('',(0.4625,-3.125E-02,0.185));
#704 = VECTOR('',#705,1.);
#705 = DIRECTION('',(0.,-1.,0.));
#706 = PLANE('',#707);
#707 = AXIS2_PLACEMENT_3D('',#708,#709,#710);
#708 = CARTESIAN_POINT('',(-0.485,-0.25,0.185));
#709 = DIRECTION('',(0.,0.,1.));
#710 = DIRECTION('',(1.,0.,-0.));
#711 = ADVANCED_FACE('',(#712),#739,.T.);
#712 = FACE_BOUND('',#713,.T.);
#713 = EDGE_LOOP('',(#714,#715,#724,#732));
#714 = ORIENTED_EDGE('',*,*,#270,.F.);
#715 = ORIENTED_EDGE('',*,*,#716,.T.);
#716 = EDGE_CURVE('',#263,#717,#719,.T.);
#717 = VERTEX_POINT('',#718);
#718 = CARTESIAN_POINT('',(0.365,-0.1875,0.2));
#719 = CIRCLE('',#720,1.5E-02);
#720 = AXIS2_PLACEMENT_3D('',#721,#722,#723);
#721 = CARTESIAN_POINT('',(0.365,-0.1875,0.185));
#722 = DIRECTION('',(0.,1.,-0.));
#723 = DIRECTION('',(-1.,0.,0.));
#724 = ORIENTED_EDGE('',*,*,#725,.T.);
#725 = EDGE_CURVE('',#717,#726,#728,.T.);
#726 = VERTEX_POINT('',#727);
#727 = CARTESIAN_POINT('',(0.365,0.1875,0.2));
#728 = LINE('',#729,#730);
#729 = CARTESIAN_POINT('',(0.365,-0.25,0.2));
#730 = VECTOR('',#731,1.);
#731 = DIRECTION('',(0.,1.,0.));
#732 = ORIENTED_EDGE('',*,*,#733,.F.);
#733 = EDGE_CURVE('',#271,#726,#734,.T.);
#734 = CIRCLE('',#735,1.5E-02);
#735 = AXIS2_PLACEMENT_3D('',#736,#737,#738);
#736 = CARTESIAN_POINT('',(0.365,0.1875,0.185));
#737 = DIRECTION('',(0.,1.,-0.));
#738 = DIRECTION('',(-1.,0.,0.));
#739 = CYLINDRICAL_SURFACE('',#740,1.5E-02);
#740 = AXIS2_PLACEMENT_3D('',#741,#742,#743);
#741 = CARTESIAN_POINT('',(0.365,-0.25,0.185));
#742 = DIRECTION('',(0.,1.,0.));
#743 = DIRECTION('',(-1.,0.,0.));
#744 = ADVANCED_FACE('',(#745),#795,.T.);
#745 = FACE_BOUND('',#746,.T.);
#746 = EDGE_LOOP('',(#747,#755,#763,#769,#770,#771,#772,#780,#788,#794)
  );
#747 = ORIENTED_EDGE('',*,*,#748,.F.);
#748 = EDGE_CURVE('',#749,#522,#751,.T.);
#749 = VERTEX_POINT('',#750);
#750 = CARTESIAN_POINT('',(-0.485,0.25,1.5E-02));
#751 = LINE('',#752,#753);
#752 = CARTESIAN_POINT('',(-0.485,0.25,1.5E-02));
#753 = VECTOR('',#754,1.);
#754 = DIRECTION('',(1.,0.,0.));
#755 = ORIENTED_EDGE('',*,*,#756,.T.);
#756 = EDGE_CURVE('',#749,#757,#759,.T.);
#757 = VERTEX_POINT('',#758);
#758 = CARTESIAN_POINT('',(-0.485,0.25,0.185));
#759 = LINE('',#760,#761);
#760 = CARTESIAN_POINT('',(-0.485,0.25,1.5E-02));
#761 = VECTOR('',#762,1.);
#762 = DIRECTION('',(0.,0.,1.));
#763 = ORIENTED_EDGE('',*,*,#764,.T.);
#764 = EDGE_CURVE('',#757,#301,#765,.T.);
#765 = LINE('',#766,#767);
#766 = CARTESIAN_POINT('',(-0.485,0.25,0.185));
#767 = VECTOR('',#768,1.);
#768 = DIRECTION('',(1.,0.,0.));
#769 = ORIENTED_EDGE('',*,*,#300,.T.);
#770 = ORIENTED_EDGE('',*,*,#334,.F.);
#771 = ORIENTED_EDGE('',*,*,#684,.T.);
#772 = ORIENTED_EDGE('',*,*,#773,.T.);
#773 = EDGE_CURVE('',#685,#774,#776,.T.);
#774 = VERTEX_POINT('',#775);
#775 = CARTESIAN_POINT('',(0.485,0.25,0.185));
#776 = LINE('',#777,#778);
#777 = CARTESIAN_POINT('',(-0.485,0.25,0.185));
#778 = VECTOR('',#779,1.);
#779 = DIRECTION('',(1.,0.,0.));
#780 = ORIENTED_EDGE('',*,*,#781,.F.);
#781 = EDGE_CURVE('',#782,#774,#784,.T.);
#782 = VERTEX_POINT('',#783);
#783 = CARTESIAN_POINT('',(0.485,0.25,1.5E-02));
#784 = LINE('',#785,#786);
#785 = CARTESIAN_POINT('',(0.485,0.25,1.5E-02));
#786 = VECTOR('',#787,1.);
#787 = DIRECTION('',(0.,0.,1.));
#788 = ORIENTED_EDGE('',*,*,#789,.F.);
#789 = EDGE_CURVE('',#514,#782,#790,.T.);
#790 = LINE('',#791,#792);
#791 = CARTESIAN_POINT('',(-0.485,0.25,1.5E-02));
#792 = VECTOR('',#793,1.);
#793 = DIRECTION('',(1.,0.,0.));
#794 = ORIENTED_EDGE('',*,*,#521,.F.);
#795 = PLANE('',#796);
#796 = AXIS2_PLACEMENT_3D('',#797,#798,#799);
#797 = CARTESIAN_POINT('',(-0.485,0.25,1.5E-02));
#798 = DIRECTION('',(0.,1.,0.));
#799 = DIRECTION('',(0.,-0.,1.));
#800 = ADVANCED_FACE('',(#801),#819,.F.);
#801 = FACE_BOUND('',#802,.F.);
#802 = EDGE_LOOP('',(#803,#811,#817,#818));
#803 = ORIENTED_EDGE('',*,*,#804,.F.);
#804 = EDGE_CURVE('',#805,#349,#807,.T.);
#805 = VERTEX_POINT('',#806);
#806 = CARTESIAN_POINT('',(-0.4625,0.1875,0.2));
#807 = LINE('',#808,#809);
#808 = CARTESIAN_POINT('',(-0.48125,0.1875,0.2));
#809 = VECTOR('',#810,1.);
#810 = DIRECTION('',(1.,0.,0.));
#811 = ORIENTED_EDGE('',*,*,#812,.T.);
#812 = EDGE_CURVE('',#805,#309,#813,.T.);
#813 = LINE('',#814,#815);
#814 = CARTESIAN_POINT('',(-0.4625,0.1875,0.3));
#815 = VECTOR('',#816,1.);
#816 = DIRECTION('',(-0.,-0.,-1.));
#817 = ORIENTED_EDGE('',*,*,#316,.F.);
#818 = ORIENTED_EDGE('',*,*,#348,.F.);
#819 = PLANE('',#820);
#820 = AXIS2_PLACEMENT_3D('',#821,#822,#823);
#821 = CARTESIAN_POINT('',(-0.4625,0.1875,0.3));
#822 = DIRECTION('',(0.,-1.,0.));
#823 = DIRECTION('',(1.,0.,0.));
#824 = ADVANCED_FACE('',(#825),#843,.F.);
#825 = FACE_BOUND('',#826,.F.);
#826 = EDGE_LOOP('',(#827,#828,#836,#842));
#827 = ORIENTED_EDGE('',*,*,#812,.F.);
#828 = ORIENTED_EDGE('',*,*,#829,.F.);
#829 = EDGE_CURVE('',#830,#805,#832,.T.);
#830 = VERTEX_POINT('',#831);
#831 = CARTESIAN_POINT('',(-0.4625,0.25,0.2));
#832 = LINE('',#833,#834);
#833 = CARTESIAN_POINT('',(-0.4625,3.125E-02,0.2));
#834 = VECTOR('',#835,1.);
#835 = DIRECTION('',(0.,-1.,0.));
#836 = ORIENTED_EDGE('',*,*,#837,.F.);
#837 = EDGE_CURVE('',#301,#830,#838,.T.);
#838 = LINE('',#839,#840);
#839 = CARTESIAN_POINT('',(-0.4625,0.25,0.15));
#840 = VECTOR('',#841,1.);
#841 = DIRECTION('',(0.,0.,1.));
#842 = ORIENTED_EDGE('',*,*,#308,.F.);
#843 = PLANE('',#844);
#844 = AXIS2_PLACEMENT_3D('',#845,#846,#847);
#845 = CARTESIAN_POINT('',(-0.4625,0.3125,0.3));
#846 = DIRECTION('',(-1.,0.,0.));
#847 = DIRECTION('',(0.,-1.,0.));
#848 = ADVANCED_FACE('',(#849),#867,.F.);
#849 = FACE_BOUND('',#850,.F.);
#850 = EDGE_LOOP('',(#851,#859,#865,#866));
#851 = ORIENTED_EDGE('',*,*,#852,.F.);
#852 = EDGE_CURVE('',#853,#382,#855,.T.);
#853 = VERTEX_POINT('',#854);
#854 = CARTESIAN_POINT('',(-0.4625,-0.1875,0.2));
#855 = LINE('',#856,#857);
#856 = CARTESIAN_POINT('',(-0.4625,-0.1875,0.3));
#857 = VECTOR('',#858,1.);
#858 = DIRECTION('',(-0.,-0.,-1.));
#859 = ORIENTED_EDGE('',*,*,#860,.F.);
#860 = EDGE_CURVE('',#358,#853,#861,.T.);
#861 = LINE('',#862,#863);
#862 = CARTESIAN_POINT('',(-1.875E-02,-0.1875,0.2));
#863 = VECTOR('',#864,1.);
#864 = DIRECTION('',(-1.,0.,0.));
#865 = ORIENTED_EDGE('',*,*,#365,.T.);
#866 = ORIENTED_EDGE('',*,*,#391,.F.);
#867 = PLANE('',#868);
#868 = AXIS2_PLACEMENT_3D('',#869,#870,#871);
#869 = CARTESIAN_POINT('',(0.4625,-0.1875,0.3));
#870 = DIRECTION('',(0.,1.,0.));
#871 = DIRECTION('',(-1.,0.,0.));
#872 = ADVANCED_FACE('',(#873),#900,.T.);
#873 = FACE_BOUND('',#874,.T.);
#874 = EDGE_LOOP('',(#875,#883,#889,#890,#896,#897,#898,#899));
#875 = ORIENTED_EDGE('',*,*,#876,.F.);
#876 = EDGE_CURVE('',#877,#830,#879,.T.);
#877 = VERTEX_POINT('',#878);
#878 = CARTESIAN_POINT('',(-0.485,0.25,0.2));
#879 = LINE('',#880,#881);
#880 = CARTESIAN_POINT('',(-0.5,0.25,0.2));
#881 = VECTOR('',#882,1.);
#882 = DIRECTION('',(1.,0.,0.));
#883 = ORIENTED_EDGE('',*,*,#884,.F.);
#884 = EDGE_CURVE('',#433,#877,#885,.T.);
#885 = LINE('',#886,#887);
#886 = CARTESIAN_POINT('',(-0.485,-0.25,0.2));
#887 = VECTOR('',#888,1.);
#888 = DIRECTION('',(0.,1.,0.));
#889 = ORIENTED_EDGE('',*,*,#441,.T.);
#890 = ORIENTED_EDGE('',*,*,#891,.F.);
#891 = EDGE_CURVE('',#853,#442,#892,.T.);
#892 = LINE('',#893,#894);
#893 = CARTESIAN_POINT('',(-0.4625,-0.21875,0.2));
#894 = VECTOR('',#895,1.);
#895 = DIRECTION('',(0.,-1.,0.));
#896 = ORIENTED_EDGE('',*,*,#860,.F.);
#897 = ORIENTED_EDGE('',*,*,#357,.T.);
#898 = ORIENTED_EDGE('',*,*,#804,.F.);
#899 = ORIENTED_EDGE('',*,*,#829,.F.);
#900 = PLANE('',#901);
#901 = AXIS2_PLACEMENT_3D('',#902,#903,#904);
#902 = CARTESIAN_POINT('',(-0.5,-0.25,0.2));
#903 = DIRECTION('',(0.,0.,1.));
#904 = DIRECTION('',(1.,0.,-0.));
#905 = ADVANCED_FACE('',(#906),#912,.F.);
#906 = FACE_BOUND('',#907,.F.);
#907 = EDGE_LOOP('',(#908,#909,#910,#911));
#908 = ORIENTED_EDGE('',*,*,#891,.F.);
#909 = ORIENTED_EDGE('',*,*,#852,.T.);
#910 = ORIENTED_EDGE('',*,*,#381,.F.);
#911 = ORIENTED_EDGE('',*,*,#449,.T.);
#912 = PLANE('',#913);
#913 = AXIS2_PLACEMENT_3D('',#914,#915,#916);
#914 = CARTESIAN_POINT('',(-0.4625,-0.1875,0.3));
#915 = DIRECTION('',(-1.,0.,0.));
#916 = DIRECTION('',(0.,-1.,0.));
#917 = ADVANCED_FACE('',(#918),#975,.F.);
#918 = FACE_BOUND('',#919,.F.);
#919 = EDGE_LOOP('',(#920,#930,#936,#937,#945,#953,#961,#969));
#920 = ORIENTED_EDGE('',*,*,#921,.F.);
#921 = EDGE_CURVE('',#922,#924,#926,.T.);
#922 = VERTEX_POINT('',#923);
#923 = CARTESIAN_POINT('',(-0.485,0.25,-1.734723475977E-18));
#924 = VERTEX_POINT('',#925);
#925 = CARTESIAN_POINT('',(-0.4625,0.25,0.));
#926 = LINE('',#927,#928);
#927 = CARTESIAN_POINT('',(-0.5,0.25,0.));
#928 = VECTOR('',#929,1.);
#929 = DIRECTION('',(1.,0.,0.));
#930 = ORIENTED_EDGE('',*,*,#931,.F.);
#931 = EDGE_CURVE('',#406,#922,#932,.T.);
#932 = LINE('',#933,#934);
#933 = CARTESIAN_POINT('',(-0.485,-0.25,-1.734723475977E-18));
#934 = VECTOR('',#935,1.);
#935 = DIRECTION('',(0.,1.,0.));
#936 = ORIENTED_EDGE('',*,*,#405,.T.);
#937 = ORIENTED_EDGE('',*,*,#938,.F.);
#938 = EDGE_CURVE('',#939,#408,#941,.T.);
#939 = VERTEX_POINT('',#940);
#940 = CARTESIAN_POINT('',(-0.4625,-0.1875,0.));
#941 = LINE('',#942,#943);
#942 = CARTESIAN_POINT('',(-0.4625,-0.21875,0.));
#943 = VECTOR('',#944,1.);
#944 = DIRECTION('',(0.,-1.,0.));
#945 = ORIENTED_EDGE('',*,*,#946,.F.);
#946 = EDGE_CURVE('',#947,#939,#949,.T.);
#947 = VERTEX_POINT('',#948);
#948 = CARTESIAN_POINT('',(-0.365,-0.1875,-1.734723475977E-18));
#949 = LINE('',#950,#951);
#950 = CARTESIAN_POINT('',(-1.875E-02,-0.1875,0.));
#951 = VECTOR('',#952,1.);
#952 = DIRECTION('',(-1.,0.,0.));
#953 = ORIENTED_EDGE('',*,*,#954,.T.);
#954 = EDGE_CURVE('',#947,#955,#957,.T.);
#955 = VERTEX_POINT('',#956);
#956 = CARTESIAN_POINT('',(-0.365,0.1875,-1.734723475977E-18));
#957 = LINE('',#958,#959);
#958 = CARTESIAN_POINT('',(-0.365,-0.25,-1.734723475977E-18));
#959 = VECTOR('',#960,1.);
#960 = DIRECTION('',(0.,1.,0.));
#961 = ORIENTED_EDGE('',*,*,#962,.F.);
#962 = EDGE_CURVE('',#963,#955,#965,.T.);
#963 = VERTEX_POINT('',#964);
#964 = CARTESIAN_POINT('',(-0.4625,0.1875,0.));
#965 = LINE('',#966,#967);
#966 = CARTESIAN_POINT('',(-0.48125,0.1875,0.));
#967 = VECTOR('',#968,1.);
#968 = DIRECTION('',(1.,0.,0.));
#969 = ORIENTED_EDGE('',*,*,#970,.F.);
#970 = EDGE_CURVE('',#924,#963,#971,.T.);
#971 = LINE('',#972,#973);
#972 = CARTESIAN_POINT('',(-0.4625,3.125E-02,0.));
#973 = VECTOR('',#974,1.);
#974 = DIRECTION('',(0.,-1.,0.));
#975 = PLANE('',#976);
#976 = AXIS2_PLACEMENT_3D('',#977,#978,#979);
#977 = CARTESIAN_POINT('',(-0.5,-0.25,0.));
#978 = DIRECTION('',(0.,0.,1.));
#979 = DIRECTION('',(1.,0.,-0.));
#980 = ADVANCED_FACE('',(#981),#1000,.T.);
#981 = FACE_BOUND('',#982,.T.);
#982 = EDGE_LOOP('',(#983,#991,#998,#999));
#983 = ORIENTED_EDGE('',*,*,#984,.T.);
#984 = EDGE_CURVE('',#416,#985,#987,.T.);
#985 = VERTEX_POINT('',#986);
#986 = CARTESIAN_POINT('',(-0.5,0.25,1.5E-02));
#987 = LINE('',#988,#989);
#988 = CARTESIAN_POINT('',(-0.5,-0.25,1.5E-02));
#989 = VECTOR('',#990,1.);
#990 = DIRECTION('',(0.,1.,0.));
#991 = ORIENTED_EDGE('',*,*,#992,.T.);
#992 = EDGE_CURVE('',#985,#922,#993,.T.);
#993 = CIRCLE('',#994,1.5E-02);
#994 = AXIS2_PLACEMENT_3D('',#995,#996,#997);
#995 = CARTESIAN_POINT('',(-0.485,0.25,1.5E-02));
#996 = DIRECTION('',(0.,-1.,0.));
#997 = DIRECTION('',(0.,0.,1.));
#998 = ORIENTED_EDGE('',*,*,#931,.F.);
#999 = ORIENTED_EDGE('',*,*,#415,.F.);
#1000 = CYLINDRICAL_SURFACE('',#1001,1.5E-02);
#1001 = AXIS2_PLACEMENT_3D('',#1002,#1003,#1004);
#1002 = CARTESIAN_POINT('',(-0.485,-0.25,1.5E-02));
#1003 = DIRECTION('',(0.,1.,0.));
#1004 = DIRECTION('',(-1.,0.,0.));
#1005 = ADVANCED_FACE('',(#1006),#1017,.F.);
#1006 = FACE_BOUND('',#1007,.F.);
#1007 = EDGE_LOOP('',(#1008,#1009,#1015,#1016));
#1008 = ORIENTED_EDGE('',*,*,#472,.T.);
#1009 = ORIENTED_EDGE('',*,*,#1010,.T.);
#1010 = EDGE_CURVE('',#473,#939,#1011,.T.);
#1011 = LINE('',#1012,#1013);
#1012 = CARTESIAN_POINT('',(-0.4625,-0.1875,0.3));
#1013 = VECTOR('',#1014,1.);
#1014 = DIRECTION('',(-0.,-0.,-1.));
#1015 = ORIENTED_EDGE('',*,*,#938,.T.);
#1016 = ORIENTED_EDGE('',*,*,#458,.T.);
#1017 = PLANE('',#1018);
#1018 = AXIS2_PLACEMENT_3D('',#1019,#1020,#1021);
#1019 = CARTESIAN_POINT('',(-0.4625,-0.1875,0.3));
#1020 = DIRECTION('',(-1.,0.,0.));
#1021 = DIRECTION('',(0.,-1.,0.));
#1022 = ADVANCED_FACE('',(#1023),#1041,.F.);
#1023 = FACE_BOUND('',#1024,.F.);
#1024 = EDGE_LOOP('',(#1025,#1026,#1027,#1035));
#1025 = ORIENTED_EDGE('',*,*,#424,.F.);
#1026 = ORIENTED_EDGE('',*,*,#984,.T.);
#1027 = ORIENTED_EDGE('',*,*,#1028,.T.);
#1028 = EDGE_CURVE('',#985,#1029,#1031,.T.);
#1029 = VERTEX_POINT('',#1030);
#1030 = CARTESIAN_POINT('',(-0.5,0.25,0.185));
#1031 = LINE('',#1032,#1033);
#1032 = CARTESIAN_POINT('',(-0.5,0.25,0.));
#1033 = VECTOR('',#1034,1.);
#1034 = DIRECTION('',(0.,0.,1.));
#1035 = ORIENTED_EDGE('',*,*,#1036,.F.);
#1036 = EDGE_CURVE('',#425,#1029,#1037,.T.);
#1037 = LINE('',#1038,#1039);
#1038 = CARTESIAN_POINT('',(-0.5,-0.25,0.185));
#1039 = VECTOR('',#1040,1.);
#1040 = DIRECTION('',(0.,1.,0.));
#1041 = PLANE('',#1042);
#1042 = AXIS2_PLACEMENT_3D('',#1043,#1044,#1045);
#1043 = CARTESIAN_POINT('',(-0.5,-0.25,0.));
#1044 = DIRECTION('',(1.,0.,0.));
#1045 = DIRECTION('',(0.,0.,1.));
#1046 = ADVANCED_FACE('',(#1047),#1059,.T.);
#1047 = FACE_BOUND('',#1048,.T.);
#1048 = EDGE_LOOP('',(#1049,#1050,#1051,#1058));
#1049 = ORIENTED_EDGE('',*,*,#432,.T.);
#1050 = ORIENTED_EDGE('',*,*,#884,.T.);
#1051 = ORIENTED_EDGE('',*,*,#1052,.F.);
#1052 = EDGE_CURVE('',#1029,#877,#1053,.T.);
#1053 = CIRCLE('',#1054,1.5E-02);
#1054 = AXIS2_PLACEMENT_3D('',#1055,#1056,#1057);
#1055 = CARTESIAN_POINT('',(-0.485,0.25,0.185));
#1056 = DIRECTION('',(0.,1.,0.));
#1057 = DIRECTION('',(0.,-0.,1.));
#1058 = ORIENTED_EDGE('',*,*,#1036,.F.);
#1059 = CYLINDRICAL_SURFACE('',#1060,1.5E-02);
#1060 = AXIS2_PLACEMENT_3D('',#1061,#1062,#1063);
#1061 = CARTESIAN_POINT('',(-0.485,-0.25,0.185));
#1062 = DIRECTION('',(0.,1.,0.));
#1063 = DIRECTION('',(-1.,0.,0.));
#1064 = ADVANCED_FACE('',(#1065),#1077,.F.);
#1065 = FACE_BOUND('',#1066,.F.);
#1066 = EDGE_LOOP('',(#1067,#1068,#1069,#1076));
#1067 = ORIENTED_EDGE('',*,*,#1010,.F.);
#1068 = ORIENTED_EDGE('',*,*,#553,.T.);
#1069 = ORIENTED_EDGE('',*,*,#1070,.T.);
#1070 = EDGE_CURVE('',#546,#947,#1071,.T.);
#1071 = CIRCLE('',#1072,1.5E-02);
#1072 = AXIS2_PLACEMENT_3D('',#1073,#1074,#1075);
#1073 = CARTESIAN_POINT('',(-0.365,-0.1875,1.5E-02));
#1074 = DIRECTION('',(-0.,1.,0.));
#1075 = DIRECTION('',(1.,0.,0.));
#1076 = ORIENTED_EDGE('',*,*,#946,.T.);
#1077 = PLANE('',#1078);
#1078 = AXIS2_PLACEMENT_3D('',#1079,#1080,#1081);
#1079 = CARTESIAN_POINT('',(0.4625,-0.1875,0.3));
#1080 = DIRECTION('',(0.,1.,0.));
#1081 = DIRECTION('',(-1.,0.,0.));
#1082 = ADVANCED_FACE('',(#1083),#1095,.T.);
#1083 = FACE_BOUND('',#1084,.T.);
#1084 = EDGE_LOOP('',(#1085,#1086,#1087,#1088));
#1085 = ORIENTED_EDGE('',*,*,#545,.F.);
#1086 = ORIENTED_EDGE('',*,*,#1070,.T.);
#1087 = ORIENTED_EDGE('',*,*,#954,.T.);
#1088 = ORIENTED_EDGE('',*,*,#1089,.F.);
#1089 = EDGE_CURVE('',#538,#955,#1090,.T.);
#1090 = CIRCLE('',#1091,1.5E-02);
#1091 = AXIS2_PLACEMENT_3D('',#1092,#1093,#1094);
#1092 = CARTESIAN_POINT('',(-0.365,0.1875,1.5E-02));
#1093 = DIRECTION('',(-0.,1.,0.));
#1094 = DIRECTION('',(1.,0.,0.));
#1095 = CYLINDRICAL_SURFACE('',#1096,1.5E-02);
#1096 = AXIS2_PLACEMENT_3D('',#1097,#1098,#1099);
#1097 = CARTESIAN_POINT('',(-0.365,-0.25,1.5E-02));
#1098 = DIRECTION('',(0.,1.,0.));
#1099 = DIRECTION('',(1.,0.,0.));
#1100 = ADVANCED_FACE('',(#1101),#1112,.F.);
#1101 = FACE_BOUND('',#1102,.F.);
#1102 = EDGE_LOOP('',(#1103,#1104,#1110,#1111));
#1103 = ORIENTED_EDGE('',*,*,#537,.T.);
#1104 = ORIENTED_EDGE('',*,*,#1105,.T.);
#1105 = EDGE_CURVE('',#530,#963,#1106,.T.);
#1106 = LINE('',#1107,#1108);
#1107 = CARTESIAN_POINT('',(-0.4625,0.1875,0.3));
#1108 = VECTOR('',#1109,1.);
#1109 = DIRECTION('',(-0.,-0.,-1.));
#1110 = ORIENTED_EDGE('',*,*,#962,.T.);
#1111 = ORIENTED_EDGE('',*,*,#1089,.F.);
#1112 = PLANE('',#1113);
#1113 = AXIS2_PLACEMENT_3D('',#1114,#1115,#1116);
#1114 = CARTESIAN_POINT('',(-0.4625,0.1875,0.3));
#1115 = DIRECTION('',(0.,-1.,0.));
#1116 = DIRECTION('',(1.,0.,0.));
#1117 = ADVANCED_FACE('',(#1118),#1129,.F.);
#1118 = FACE_BOUND('',#1119,.F.);
#1119 = EDGE_LOOP('',(#1120,#1121,#1122,#1128));
#1120 = ORIENTED_EDGE('',*,*,#1105,.F.);
#1121 = ORIENTED_EDGE('',*,*,#529,.T.);
#1122 = ORIENTED_EDGE('',*,*,#1123,.F.);
#1123 = EDGE_CURVE('',#924,#522,#1124,.T.);
#1124 = LINE('',#1125,#1126);
#1125 = CARTESIAN_POINT('',(-0.4625,0.25,0.15));
#1126 = VECTOR('',#1127,1.);
#1127 = DIRECTION('',(0.,0.,1.));
#1128 = ORIENTED_EDGE('',*,*,#970,.T.);
#1129 = PLANE('',#1130);
#1130 = AXIS2_PLACEMENT_3D('',#1131,#1132,#1133);
#1131 = CARTESIAN_POINT('',(-0.4625,0.3125,0.3));
#1132 = DIRECTION('',(-1.,0.,0.));
#1133 = DIRECTION('',(0.,-1.,0.));
#1134 = ADVANCED_FACE('',(#1135),#1160,.F.);
#1135 = FACE_BOUND('',#1136,.F.);
#1136 = EDGE_LOOP('',(#1137,#1138,#1146,#1154));
#1137 = ORIENTED_EDGE('',*,*,#513,.T.);
#1138 = ORIENTED_EDGE('',*,*,#1139,.T.);
#1139 = EDGE_CURVE('',#506,#1140,#1142,.T.);
#1140 = VERTEX_POINT('',#1141);
#1141 = CARTESIAN_POINT('',(0.4625,0.1875,0.));
#1142 = LINE('',#1143,#1144);
#1143 = CARTESIAN_POINT('',(0.4625,0.1875,0.3));
#1144 = VECTOR('',#1145,1.);
#1145 = DIRECTION('',(-0.,-0.,-1.));
#1146 = ORIENTED_EDGE('',*,*,#1147,.T.);
#1147 = EDGE_CURVE('',#1140,#1148,#1150,.T.);
#1148 = VERTEX_POINT('',#1149);
#1149 = CARTESIAN_POINT('',(0.4625,0.25,0.));
#1150 = LINE('',#1151,#1152);
#1151 = CARTESIAN_POINT('',(0.4625,-3.125E-02,0.));
#1152 = VECTOR('',#1153,1.);
#1153 = DIRECTION('',(0.,1.,0.));
#1154 = ORIENTED_EDGE('',*,*,#1155,.F.);
#1155 = EDGE_CURVE('',#514,#1148,#1156,.T.);
#1156 = LINE('',#1157,#1158);
#1157 = CARTESIAN_POINT('',(0.4625,0.25,0.15));
#1158 = VECTOR('',#1159,1.);
#1159 = DIRECTION('',(0.,0.,-1.));
#1160 = PLANE('',#1161);
#1161 = AXIS2_PLACEMENT_3D('',#1162,#1163,#1164);
#1162 = CARTESIAN_POINT('',(0.4625,0.1875,0.3));
#1163 = DIRECTION('',(1.,0.,0.));
#1164 = DIRECTION('',(-0.,1.,0.));
#1165 = ADVANCED_FACE('',(#1166),#1185,.F.);
#1166 = FACE_BOUND('',#1167,.F.);
#1167 = EDGE_LOOP('',(#1168,#1169,#1170,#1179));
#1168 = ORIENTED_EDGE('',*,*,#1139,.F.);
#1169 = ORIENTED_EDGE('',*,*,#505,.T.);
#1170 = ORIENTED_EDGE('',*,*,#1171,.F.);
#1171 = EDGE_CURVE('',#1172,#498,#1174,.T.);
#1172 = VERTEX_POINT('',#1173);
#1173 = CARTESIAN_POINT('',(0.365,0.1875,-1.734723475977E-18));
#1174 = CIRCLE('',#1175,1.5E-02);
#1175 = AXIS2_PLACEMENT_3D('',#1176,#1177,#1178);
#1176 = CARTESIAN_POINT('',(0.365,0.1875,1.5E-02));
#1177 = DIRECTION('',(0.,1.,-0.));
#1178 = DIRECTION('',(-1.,0.,0.));
#1179 = ORIENTED_EDGE('',*,*,#1180,.T.);
#1180 = EDGE_CURVE('',#1172,#1140,#1181,.T.);
#1181 = LINE('',#1182,#1183);
#1182 = CARTESIAN_POINT('',(-5.625E-02,0.1875,0.));
#1183 = VECTOR('',#1184,1.);
#1184 = DIRECTION('',(1.,0.,0.));
#1185 = PLANE('',#1186);
#1186 = AXIS2_PLACEMENT_3D('',#1187,#1188,#1189);
#1187 = CARTESIAN_POINT('',(-0.4625,0.1875,0.3));
#1188 = DIRECTION('',(0.,-1.,0.));
#1189 = DIRECTION('',(1.,0.,0.));
#1190 = ADVANCED_FACE('',(#1191),#1210,.T.);
#1191 = FACE_BOUND('',#1192,.T.);
#1192 = EDGE_LOOP('',(#1193,#1194,#1202,#1209));
#1193 = ORIENTED_EDGE('',*,*,#1171,.F.);
#1194 = ORIENTED_EDGE('',*,*,#1195,.F.);
#1195 = EDGE_CURVE('',#1196,#1172,#1198,.T.);
#1196 = VERTEX_POINT('',#1197);
#1197 = CARTESIAN_POINT('',(0.365,-0.1875,-1.734723475977E-18));
#1198 = LINE('',#1199,#1200);
#1199 = CARTESIAN_POINT('',(0.365,-0.25,-1.734723475977E-18));
#1200 = VECTOR('',#1201,1.);
#1201 = DIRECTION('',(0.,1.,0.));
#1202 = ORIENTED_EDGE('',*,*,#1203,.T.);
#1203 = EDGE_CURVE('',#1196,#490,#1204,.T.);
#1204 = CIRCLE('',#1205,1.5E-02);
#1205 = AXIS2_PLACEMENT_3D('',#1206,#1207,#1208);
#1206 = CARTESIAN_POINT('',(0.365,-0.1875,1.5E-02));
#1207 = DIRECTION('',(0.,1.,-0.));
#1208 = DIRECTION('',(-1.,0.,0.));
#1209 = ORIENTED_EDGE('',*,*,#497,.T.);
#1210 = CYLINDRICAL_SURFACE('',#1211,1.5E-02);
#1211 = AXIS2_PLACEMENT_3D('',#1212,#1213,#1214);
#1212 = CARTESIAN_POINT('',(0.365,-0.25,1.5E-02));
#1213 = DIRECTION('',(0.,1.,0.));
#1214 = DIRECTION('',(-1.,0.,0.));
#1215 = ADVANCED_FACE('',(#1216),#1234,.F.);
#1216 = FACE_BOUND('',#1217,.F.);
#1217 = EDGE_LOOP('',(#1218,#1219,#1227,#1233));
#1218 = ORIENTED_EDGE('',*,*,#489,.T.);
#1219 = ORIENTED_EDGE('',*,*,#1220,.T.);
#1220 = EDGE_CURVE('',#482,#1221,#1223,.T.);
#1221 = VERTEX_POINT('',#1222);
#1222 = CARTESIAN_POINT('',(0.4625,-0.1875,0.));
#1223 = LINE('',#1224,#1225);
#1224 = CARTESIAN_POINT('',(0.4625,-0.1875,0.3));
#1225 = VECTOR('',#1226,1.);
#1226 = DIRECTION('',(-0.,-0.,-1.));
#1227 = ORIENTED_EDGE('',*,*,#1228,.T.);
#1228 = EDGE_CURVE('',#1221,#1196,#1229,.T.);
#1229 = LINE('',#1230,#1231);
#1230 = CARTESIAN_POINT('',(0.40625,-0.1875,0.));
#1231 = VECTOR('',#1232,1.);
#1232 = DIRECTION('',(-1.,0.,0.));
#1233 = ORIENTED_EDGE('',*,*,#1203,.T.);
#1234 = PLANE('',#1235);
#1235 = AXIS2_PLACEMENT_3D('',#1236,#1237,#1238);
#1236 = CARTESIAN_POINT('',(0.4625,-0.1875,0.3));
#1237 = DIRECTION('',(0.,1.,0.));
#1238 = DIRECTION('',(-1.,0.,0.));
#1239 = ADVANCED_FACE('',(#1240),#1251,.F.);
#1240 = FACE_BOUND('',#1241,.F.);
#1241 = EDGE_LOOP('',(#1242,#1243,#1244,#1245));
#1242 = ORIENTED_EDGE('',*,*,#1220,.F.);
#1243 = ORIENTED_EDGE('',*,*,#481,.T.);
#1244 = ORIENTED_EDGE('',*,*,#603,.T.);
#1245 = ORIENTED_EDGE('',*,*,#1246,.T.);
#1246 = EDGE_CURVE('',#594,#1221,#1247,.T.);
#1247 = LINE('',#1248,#1249);
#1248 = CARTESIAN_POINT('',(0.4625,-0.28125,0.));
#1249 = VECTOR('',#1250,1.);
#1250 = DIRECTION('',(0.,1.,0.));
#1251 = PLANE('',#1252);
#1252 = AXIS2_PLACEMENT_3D('',#1253,#1254,#1255);
#1253 = CARTESIAN_POINT('',(0.4625,-0.3125,0.3));
#1254 = DIRECTION('',(1.,0.,0.));
#1255 = DIRECTION('',(-0.,1.,0.));
#1256 = ADVANCED_FACE('',(#1257),#1282,.T.);
#1257 = FACE_BOUND('',#1258,.T.);
#1258 = EDGE_LOOP('',(#1259,#1267,#1268,#1276));
#1259 = ORIENTED_EDGE('',*,*,#1260,.T.);
#1260 = EDGE_CURVE('',#1261,#562,#1263,.T.);
#1261 = VERTEX_POINT('',#1262);
#1262 = CARTESIAN_POINT('',(0.173205080757,0.2,7.5E-03));
#1263 = LINE('',#1264,#1265);
#1264 = CARTESIAN_POINT('',(0.173205080757,0.2,7.5E-03));
#1265 = VECTOR('',#1266,1.);
#1266 = DIRECTION('',(0.,0.,1.));
#1267 = ORIENTED_EDGE('',*,*,#561,.T.);
#1268 = ORIENTED_EDGE('',*,*,#1269,.F.);
#1269 = EDGE_CURVE('',#1270,#564,#1272,.T.);
#1270 = VERTEX_POINT('',#1271);
#1271 = CARTESIAN_POINT('',(0.173205080757,-0.2,7.5E-03));
#1272 = LINE('',#1273,#1274);
#1273 = CARTESIAN_POINT('',(0.173205080757,-0.2,7.5E-03));
#1274 = VECTOR('',#1275,1.);
#1275 = DIRECTION('',(0.,0.,1.));
#1276 = ORIENTED_EDGE('',*,*,#1277,.F.);
#1277 = EDGE_CURVE('',#1261,#1270,#1278,.T.);
#1278 = LINE('',#1279,#1280);
#1279 = CARTESIAN_POINT('',(0.173205080757,0.2,7.5E-03));
#1280 = VECTOR('',#1281,1.);
#1281 = DIRECTION('',(0.,-1.,0.));
#1282 = PLANE('',#1283);
#1283 = AXIS2_PLACEMENT_3D('',#1284,#1285,#1286);
#1284 = CARTESIAN_POINT('',(0.173205080757,0.2,7.5E-03));
#1285 = DIRECTION('',(1.,0.,0.));
#1286 = DIRECTION('',(0.,-1.,0.));
#1287 = ADVANCED_FACE('',(#1288),#1306,.T.);
#1288 = FACE_BOUND('',#1289,.T.);
#1289 = EDGE_LOOP('',(#1290,#1298,#1299,#1300));
#1290 = ORIENTED_EDGE('',*,*,#1291,.T.);
#1291 = EDGE_CURVE('',#1292,#572,#1294,.T.);
#1292 = VERTEX_POINT('',#1293);
#1293 = CARTESIAN_POINT('',(-0.173205080757,0.,7.5E-03));
#1294 = LINE('',#1295,#1296);
#1295 = CARTESIAN_POINT('',(-0.173205080757,0.,7.5E-03));
#1296 = VECTOR('',#1297,1.);
#1297 = DIRECTION('',(0.,0.,1.));
#1298 = ORIENTED_EDGE('',*,*,#579,.T.);
#1299 = ORIENTED_EDGE('',*,*,#1260,.F.);
#1300 = ORIENTED_EDGE('',*,*,#1301,.F.);
#1301 = EDGE_CURVE('',#1292,#1261,#1302,.T.);
#1302 = LINE('',#1303,#1304);
#1303 = CARTESIAN_POINT('',(-0.173205080757,0.,7.5E-03));
#1304 = VECTOR('',#1305,1.);
#1305 = DIRECTION('',(0.866025403784,0.5,0.));
#1306 = PLANE('',#1307);
#1307 = AXIS2_PLACEMENT_3D('',#1308,#1309,#1310);
#1308 = CARTESIAN_POINT('',(-0.173205080757,0.,7.5E-03));
#1309 = DIRECTION('',(-0.5,0.866025403784,0.));
#1310 = DIRECTION('',(0.866025403784,0.5,0.));
#1311 = ADVANCED_FACE('',(#1312),#1323,.T.);
#1312 = FACE_BOUND('',#1313,.T.);
#1313 = EDGE_LOOP('',(#1314,#1315,#1316,#1317));
#1314 = ORIENTED_EDGE('',*,*,#1269,.T.);
#1315 = ORIENTED_EDGE('',*,*,#571,.T.);
#1316 = ORIENTED_EDGE('',*,*,#1291,.F.);
#1317 = ORIENTED_EDGE('',*,*,#1318,.F.);
#1318 = EDGE_CURVE('',#1270,#1292,#1319,.T.);
#1319 = LINE('',#1320,#1321);
#1320 = CARTESIAN_POINT('',(0.173205080757,-0.2,7.5E-03));
#1321 = VECTOR('',#1322,1.);
#1322 = DIRECTION('',(-0.866025403784,0.5,0.));
#1323 = PLANE('',#1324);
#1324 = AXIS2_PLACEMENT_3D('',#1325,#1326,#1327);
#1325 = CARTESIAN_POINT('',(0.173205080757,-0.2,7.5E-03));
#1326 = DIRECTION('',(-0.5,-0.866025403784,0.));
#1327 = DIRECTION('',(-0.866025403784,0.5,0.));
#1328 = ADVANCED_FACE('',(#1329),#1351,.F.);
#1329 = FACE_BOUND('',#1330,.F.);
#1330 = EDGE_LOOP('',(#1331,#1339,#1340,#1341,#1342,#1343,#1344,#1345));
#1331 = ORIENTED_EDGE('',*,*,#1332,.F.);
#1332 = EDGE_CURVE('',#1148,#1333,#1335,.T.);
#1333 = VERTEX_POINT('',#1334);
#1334 = CARTESIAN_POINT('',(0.485,0.25,-1.734723475977E-18));
#1335 = LINE('',#1336,#1337);
#1336 = CARTESIAN_POINT('',(0.35,0.25,0.));
#1337 = VECTOR('',#1338,1.);
#1338 = DIRECTION('',(1.,0.,0.));
#1339 = ORIENTED_EDGE('',*,*,#1147,.F.);
#1340 = ORIENTED_EDGE('',*,*,#1180,.F.);
#1341 = ORIENTED_EDGE('',*,*,#1195,.F.);
#1342 = ORIENTED_EDGE('',*,*,#1228,.F.);
#1343 = ORIENTED_EDGE('',*,*,#1246,.F.);
#1344 = ORIENTED_EDGE('',*,*,#593,.T.);
#1345 = ORIENTED_EDGE('',*,*,#1346,.T.);
#1346 = EDGE_CURVE('',#596,#1333,#1347,.T.);
#1347 = LINE('',#1348,#1349);
#1348 = CARTESIAN_POINT('',(0.485,-0.25,-1.734723475977E-18));
#1349 = VECTOR('',#1350,1.);
#1350 = DIRECTION('',(0.,1.,0.));
#1351 = PLANE('',#1352);
#1352 = AXIS2_PLACEMENT_3D('',#1353,#1354,#1355);
#1353 = CARTESIAN_POINT('',(0.35,-0.25,0.));
#1354 = DIRECTION('',(0.,0.,1.));
#1355 = DIRECTION('',(1.,0.,-0.));
#1356 = ADVANCED_FACE('',(#1357),#1376,.T.);
#1357 = FACE_BOUND('',#1358,.T.);
#1358 = EDGE_LOOP('',(#1359,#1360,#1361,#1370));
#1359 = ORIENTED_EDGE('',*,*,#645,.T.);
#1360 = ORIENTED_EDGE('',*,*,#1346,.T.);
#1361 = ORIENTED_EDGE('',*,*,#1362,.F.);
#1362 = EDGE_CURVE('',#1363,#1333,#1365,.T.);
#1363 = VERTEX_POINT('',#1364);
#1364 = CARTESIAN_POINT('',(0.5,0.25,1.5E-02));
#1365 = CIRCLE('',#1366,1.5E-02);
#1366 = AXIS2_PLACEMENT_3D('',#1367,#1368,#1369);
#1367 = CARTESIAN_POINT('',(0.485,0.25,1.5E-02));
#1368 = DIRECTION('',(0.,1.,0.));
#1369 = DIRECTION('',(0.,-0.,1.));
#1370 = ORIENTED_EDGE('',*,*,#1371,.F.);
#1371 = EDGE_CURVE('',#638,#1363,#1372,.T.);
#1372 = LINE('',#1373,#1374);
#1373 = CARTESIAN_POINT('',(0.5,-0.25,1.5E-02));
#1374 = VECTOR('',#1375,1.);
#1375 = DIRECTION('',(0.,1.,0.));
#1376 = CYLINDRICAL_SURFACE('',#1377,1.5E-02);
#1377 = AXIS2_PLACEMENT_3D('',#1378,#1379,#1380);
#1378 = CARTESIAN_POINT('',(0.485,-0.25,1.5E-02));
#1379 = DIRECTION('',(0.,1.,0.));
#1380 = DIRECTION('',(1.,0.,0.));
#1381 = ADVANCED_FACE('',(#1382),#1400,.T.);
#1382 = FACE_BOUND('',#1383,.T.);
#1383 = EDGE_LOOP('',(#1384,#1385,#1386,#1394));
#1384 = ORIENTED_EDGE('',*,*,#637,.F.);
#1385 = ORIENTED_EDGE('',*,*,#1371,.T.);
#1386 = ORIENTED_EDGE('',*,*,#1387,.T.);
#1387 = EDGE_CURVE('',#1363,#1388,#1390,.T.);
#1388 = VERTEX_POINT('',#1389);
#1389 = CARTESIAN_POINT('',(0.5,0.25,0.185));
#1390 = LINE('',#1391,#1392);
#1391 = CARTESIAN_POINT('',(0.5,0.25,0.));
#1392 = VECTOR('',#1393,1.);
#1393 = DIRECTION('',(0.,0.,1.));
#1394 = ORIENTED_EDGE('',*,*,#1395,.F.);
#1395 = EDGE_CURVE('',#629,#1388,#1396,.T.);
#1396 = LINE('',#1397,#1398);
#1397 = CARTESIAN_POINT('',(0.5,-0.25,0.185));
#1398 = VECTOR('',#1399,1.);
#1399 = DIRECTION('',(0.,1.,0.));
#1400 = PLANE('',#1401);
#1401 = AXIS2_PLACEMENT_3D('',#1402,#1403,#1404);
#1402 = CARTESIAN_POINT('',(0.5,-0.25,0.));
#1403 = DIRECTION('',(1.,0.,0.));
#1404 = DIRECTION('',(0.,0.,1.));
#1405 = ADVANCED_FACE('',(#1406),#1425,.T.);
#1406 = FACE_BOUND('',#1407,.T.);
#1407 = EDGE_LOOP('',(#1408,#1409,#1418,#1424));
#1408 = ORIENTED_EDGE('',*,*,#1395,.T.);
#1409 = ORIENTED_EDGE('',*,*,#1410,.T.);
#1410 = EDGE_CURVE('',#1388,#1411,#1413,.T.);
#1411 = VERTEX_POINT('',#1412);
#1412 = CARTESIAN_POINT('',(0.485,0.25,0.2));
#1413 = CIRCLE('',#1414,1.5E-02);
#1414 = AXIS2_PLACEMENT_3D('',#1415,#1416,#1417);
#1415 = CARTESIAN_POINT('',(0.485,0.25,0.185));
#1416 = DIRECTION('',(0.,-1.,0.));
#1417 = DIRECTION('',(0.,0.,1.));
#1418 = ORIENTED_EDGE('',*,*,#1419,.F.);
#1419 = EDGE_CURVE('',#621,#1411,#1420,.T.);
#1420 = LINE('',#1421,#1422);
#1421 = CARTESIAN_POINT('',(0.485,-0.25,0.2));
#1422 = VECTOR('',#1423,1.);
#1423 = DIRECTION('',(0.,1.,0.));
#1424 = ORIENTED_EDGE('',*,*,#628,.F.);
#1425 = CYLINDRICAL_SURFACE('',#1426,1.5E-02);
#1426 = AXIS2_PLACEMENT_3D('',#1427,#1428,#1429);
#1427 = CARTESIAN_POINT('',(0.485,-0.25,0.185));
#1428 = DIRECTION('',(0.,1.,0.));
#1429 = DIRECTION('',(1.,0.,0.));
#1430 = ADVANCED_FACE('',(#1431),#1472,.T.);
#1431 = FACE_BOUND('',#1432,.T.);
#1432 = EDGE_LOOP('',(#1433,#1441,#1449,#1455,#1456,#1464,#1470,#1471));
#1433 = ORIENTED_EDGE('',*,*,#1434,.F.);
#1434 = EDGE_CURVE('',#1435,#1411,#1437,.T.);
#1435 = VERTEX_POINT('',#1436);
#1436 = CARTESIAN_POINT('',(0.4625,0.25,0.2));
#1437 = LINE('',#1438,#1439);
#1438 = CARTESIAN_POINT('',(0.35,0.25,0.2));
#1439 = VECTOR('',#1440,1.);
#1440 = DIRECTION('',(1.,0.,0.));
#1441 = ORIENTED_EDGE('',*,*,#1442,.F.);
#1442 = EDGE_CURVE('',#1443,#1435,#1445,.T.);
#1443 = VERTEX_POINT('',#1444);
#1444 = CARTESIAN_POINT('',(0.4625,0.1875,0.2));
#1445 = LINE('',#1446,#1447);
#1446 = CARTESIAN_POINT('',(0.4625,-3.125E-02,0.2));
#1447 = VECTOR('',#1448,1.);
#1448 = DIRECTION('',(0.,1.,0.));
#1449 = ORIENTED_EDGE('',*,*,#1450,.F.);
#1450 = EDGE_CURVE('',#726,#1443,#1451,.T.);
#1451 = LINE('',#1452,#1453);
#1452 = CARTESIAN_POINT('',(-5.625E-02,0.1875,0.2));
#1453 = VECTOR('',#1454,1.);
#1454 = DIRECTION('',(1.,0.,0.));
#1455 = ORIENTED_EDGE('',*,*,#725,.F.);
#1456 = ORIENTED_EDGE('',*,*,#1457,.F.);
#1457 = EDGE_CURVE('',#1458,#717,#1460,.T.);
#1458 = VERTEX_POINT('',#1459);
#1459 = CARTESIAN_POINT('',(0.4625,-0.1875,0.2));
#1460 = LINE('',#1461,#1462);
#1461 = CARTESIAN_POINT('',(0.40625,-0.1875,0.2));
#1462 = VECTOR('',#1463,1.);
#1463 = DIRECTION('',(-1.,0.,0.));
#1464 = ORIENTED_EDGE('',*,*,#1465,.F.);
#1465 = EDGE_CURVE('',#613,#1458,#1466,.T.);
#1466 = LINE('',#1467,#1468);
#1467 = CARTESIAN_POINT('',(0.4625,-0.28125,0.2));
#1468 = VECTOR('',#1469,1.);
#1469 = DIRECTION('',(0.,1.,0.));
#1470 = ORIENTED_EDGE('',*,*,#620,.T.);
#1471 = ORIENTED_EDGE('',*,*,#1419,.T.);
#1472 = PLANE('',#1473);
#1473 = AXIS2_PLACEMENT_3D('',#1474,#1475,#1476);
#1474 = CARTESIAN_POINT('',(0.35,-0.25,0.2));
#1475 = DIRECTION('',(0.,0.,1.));
#1476 = DIRECTION('',(1.,0.,-0.));
#1477 = ADVANCED_FACE('',(#1478),#1489,.F.);
#1478 = FACE_BOUND('',#1479,.F.);
#1479 = EDGE_LOOP('',(#1480,#1486,#1487,#1488));
#1480 = ORIENTED_EDGE('',*,*,#1481,.F.);
#1481 = EDGE_CURVE('',#1458,#661,#1482,.T.);
#1482 = LINE('',#1483,#1484);
#1483 = CARTESIAN_POINT('',(0.4625,-0.1875,0.3));
#1484 = VECTOR('',#1485,1.);
#1485 = DIRECTION('',(-0.,-0.,-1.));
#1486 = ORIENTED_EDGE('',*,*,#1465,.F.);
#1487 = ORIENTED_EDGE('',*,*,#612,.T.);
#1488 = ORIENTED_EDGE('',*,*,#670,.F.);
#1489 = PLANE('',#1490);
#1490 = AXIS2_PLACEMENT_3D('',#1491,#1492,#1493);
#1491 = CARTESIAN_POINT('',(0.4625,-0.3125,0.3));
#1492 = DIRECTION('',(1.,0.,0.));
#1493 = DIRECTION('',(-0.,1.,0.));
#1494 = ADVANCED_FACE('',(#1495),#1501,.F.);
#1495 = FACE_BOUND('',#1496,.F.);
#1496 = EDGE_LOOP('',(#1497,#1498,#1499,#1500));
#1497 = ORIENTED_EDGE('',*,*,#1457,.F.);
#1498 = ORIENTED_EDGE('',*,*,#1481,.T.);
#1499 = ORIENTED_EDGE('',*,*,#660,.F.);
#1500 = ORIENTED_EDGE('',*,*,#716,.T.);
#1501 = PLANE('',#1502);
#1502 = AXIS2_PLACEMENT_3D('',#1503,#1504,#1505);
#1503 = CARTESIAN_POINT('',(0.4625,-0.1875,0.3));
#1504 = DIRECTION('',(0.,1.,0.));
#1505 = DIRECTION('',(-1.,0.,0.));
#1506 = ADVANCED_FACE('',(#1507),#1523,.F.);
#1507 = FACE_BOUND('',#1508,.F.);
#1508 = EDGE_LOOP('',(#1509,#1510,#1516,#1517));
#1509 = ORIENTED_EDGE('',*,*,#1442,.F.);
#1510 = ORIENTED_EDGE('',*,*,#1511,.T.);
#1511 = EDGE_CURVE('',#1443,#694,#1512,.T.);
#1512 = LINE('',#1513,#1514);
#1513 = CARTESIAN_POINT('',(0.4625,0.1875,0.3));
#1514 = VECTOR('',#1515,1.);
#1515 = DIRECTION('',(-0.,-0.,-1.));
#1516 = ORIENTED_EDGE('',*,*,#701,.F.);
#1517 = ORIENTED_EDGE('',*,*,#1518,.F.);
#1518 = EDGE_CURVE('',#1435,#685,#1519,.T.);
#1519 = LINE('',#1520,#1521);
#1520 = CARTESIAN_POINT('',(0.4625,0.25,0.15));
#1521 = VECTOR('',#1522,1.);
#1522 = DIRECTION('',(0.,0.,-1.));
#1523 = PLANE('',#1524);
#1524 = AXIS2_PLACEMENT_3D('',#1525,#1526,#1527);
#1525 = CARTESIAN_POINT('',(0.4625,0.1875,0.3));
#1526 = DIRECTION('',(1.,0.,0.));
#1527 = DIRECTION('',(-0.,1.,0.));
#1528 = ADVANCED_FACE('',(#1529),#1535,.F.);
#1529 = FACE_BOUND('',#1530,.F.);
#1530 = EDGE_LOOP('',(#1531,#1532,#1533,#1534));
#1531 = ORIENTED_EDGE('',*,*,#1511,.F.);
#1532 = ORIENTED_EDGE('',*,*,#1450,.F.);
#1533 = ORIENTED_EDGE('',*,*,#733,.F.);
#1534 = ORIENTED_EDGE('',*,*,#693,.F.);
#1535 = PLANE('',#1536);
#1536 = AXIS2_PLACEMENT_3D('',#1537,#1538,#1539);
#1537 = CARTESIAN_POINT('',(-0.4625,0.1875,0.3));
#1538 = DIRECTION('',(0.,-1.,0.));
#1539 = DIRECTION('',(1.,0.,0.));
#1540 = ADVANCED_FACE('',(#1541),#1553,.T.);
#1541 = FACE_BOUND('',#1542,.T.);
#1542 = EDGE_LOOP('',(#1543,#1544,#1545,#1546,#1547,#1548,#1549,#1550,
    #1551,#1552));
#1543 = ORIENTED_EDGE('',*,*,#921,.F.);
#1544 = ORIENTED_EDGE('',*,*,#992,.F.);
#1545 = ORIENTED_EDGE('',*,*,#1028,.T.);
#1546 = ORIENTED_EDGE('',*,*,#1052,.T.);
#1547 = ORIENTED_EDGE('',*,*,#876,.T.);
#1548 = ORIENTED_EDGE('',*,*,#837,.F.);
#1549 = ORIENTED_EDGE('',*,*,#764,.F.);
#1550 = ORIENTED_EDGE('',*,*,#756,.F.);
#1551 = ORIENTED_EDGE('',*,*,#748,.T.);
#1552 = ORIENTED_EDGE('',*,*,#1123,.F.);
#1553 = PLANE('',#1554);
#1554 = AXIS2_PLACEMENT_3D('',#1555,#1556,#1557);
#1555 = CARTESIAN_POINT('',(-0.5,0.25,0.));
#1556 = DIRECTION('',(0.,1.,0.));
#1557 = DIRECTION('',(0.,-0.,1.));
#1558 = ADVANCED_FACE('',(#1559),#1571,.T.);
#1559 = FACE_BOUND('',#1560,.T.);
#1560 = EDGE_LOOP('',(#1561,#1562,#1563,#1564,#1565,#1566,#1567,#1568,
    #1569,#1570));
#1561 = ORIENTED_EDGE('',*,*,#1332,.F.);
#1562 = ORIENTED_EDGE('',*,*,#1155,.F.);
#1563 = ORIENTED_EDGE('',*,*,#789,.T.);
#1564 = ORIENTED_EDGE('',*,*,#781,.T.);
#1565 = ORIENTED_EDGE('',*,*,#773,.F.);
#1566 = ORIENTED_EDGE('',*,*,#1518,.F.);
#1567 = ORIENTED_EDGE('',*,*,#1434,.T.);
#1568 = ORIENTED_EDGE('',*,*,#1410,.F.);
#1569 = ORIENTED_EDGE('',*,*,#1387,.F.);
#1570 = ORIENTED_EDGE('',*,*,#1362,.T.);
#1571 = PLANE('',#1572);
#1572 = AXIS2_PLACEMENT_3D('',#1573,#1574,#1575);
#1573 = CARTESIAN_POINT('',(0.35,0.25,0.));
#1574 = DIRECTION('',(0.,1.,0.));
#1575 = DIRECTION('',(0.,-0.,1.));
#1576 = ADVANCED_FACE('',(#1577),#1582,.T.);
#1577 = FACE_BOUND('',#1578,.T.);
#1578 = EDGE_LOOP('',(#1579,#1580,#1581));
#1579 = ORIENTED_EDGE('',*,*,#1301,.T.);
#1580 = ORIENTED_EDGE('',*,*,#1277,.T.);
#1581 = ORIENTED_EDGE('',*,*,#1318,.T.);
#1582 = PLANE('',#1583);
#1583 = AXIS2_PLACEMENT_3D('',#1584,#1585,#1586);
#1584 = CARTESIAN_POINT('',(5.773502691896E-02,0.,7.5E-03));
#1585 = DIRECTION('',(-0.,-0.,-1.));
#1586 = DIRECTION('',(-1.,0.,0.));
#1587 = ( GEOMETRIC_REPRESENTATION_CONTEXT(3) 
GLOBAL_UNCERTAINTY_ASSIGNED_CONTEXT((#1591)) 
GLOBAL_UNIT_ASSIGNED_CONTEXT((#1588,#1589,#1590)) REPRESENTATION_CONTEXT
('Context #1','3D Context with UNIT and UNCERTAINTY') );
#1588 = ( LENGTH_UNIT() NAMED_UNIT(*) SI_UNIT(.MILLI.,.METRE.) );
#1589 = ( NAMED_UNIT(*) PLANE_ANGLE_UNIT() SI_UNIT($,.RADIAN.) );
#1590 = ( NAMED_UNIT(*) SI_UNIT($,.STERADIAN.) SOLID_ANGLE_UNIT() );
#1591 = UNCERTAINTY_MEASURE_WITH_UNIT(LENGTH_MEASURE(1.E-07),#1588,
  'distance_accuracy_value','confusion accuracy');
#1592 = CONTEXT_DEPENDENT_SHAPE_REPRESENTATION(#1593,#1595);
#1593 = ( REPRESENTATION_RELATIONSHIP('','',#63,#40) 
REPRESENTATION_RELATIONSHIP_WITH_TRANSFORMATION(#1594) 
SHAPE_REPRESENTATION_RELATIONSHIP() );
#1594 = ITEM_DEFINED_TRANSFORMATION('','',#11,#41);
#1595 = PRODUCT_DEFINITION_SHAPE('Placement','Placement of an item',
  #1596);
#1596 = NEXT_ASSEMBLY_USAGE_OCCURRENCE('1','=>[0:1:1:3]','',#35,#58,$);
#1597 = PRODUCT_RELATED_PRODUCT_CATEGORY('part',$,(#60));
#1598 = SHAPE_DEFINITION_REPRESENTATION(#1599,#1605);
#1599 = PRODUCT_DEFINITION_SHAPE('','',#1600);
#1600 = PRODUCT_DEFINITION('design','',#1601,#1604);
#1601 = PRODUCT_DEFINITION_FORMATION('','',#1602);
#1602 = PRODUCT('R_0603_1608Metric','R_0603_1608Metric','',(#1603));
#1603 = PRODUCT_CONTEXT('',#2,'mechanical');
#1604 = PRODUCT_DEFINITION_CONTEXT('part definition',#2,'design');
#1605 = SHAPE_REPRESENTATION('',(#11,#1606),#1610);
#1606 = AXIS2_PLACEMENT_3D('',#1607,#1608,#1609);
#1607 = CARTESIAN_POINT('',(0.,0.,0.));
#1608 = DIRECTION('',(0.,0.,1.));
#1609 = DIRECTION('',(1.,0.,-0.));
#1610 = ( GEOMETRIC_REPRESENTATION_CONTEXT(3) 
GLOBAL_UNCERTAINTY_ASSIGNED_CONTEXT((#1614)) 
GLOBAL_UNIT_ASSIGNED_CONTEXT((#1611,#1612,#1613)) REPRESENTATION_CONTEXT
('Context #1','3D Context with UNIT and UNCERTAINTY') );
#1611 = ( LENGTH_UNIT() NAMED_UNIT(*) SI_UNIT(.MILLI.,.METRE.) );
#1612 = ( NAMED_UNIT(*) PLANE_ANGLE_UNIT() SI_UNIT($,.RADIAN.) );
#1613 = ( NAMED_UNIT(*) SI_UNIT($,.STERADIAN.) SOLID_ANGLE_UNIT() );
#1614 = UNCERTAINTY_MEASURE_WITH_UNIT(LENGTH_MEASURE(1.E-07),#1611,
  'distance_accuracy_value','confusion accuracy');
#1615 = CONTEXT_DEPENDENT_SHAPE_REPRESENTATION(#1616,#1618);
#1616 = ( REPRESENTATION_RELATIONSHIP('','',#1605,#10) 
REPRESENTATION_RELATIONSHIP_WITH_TRANSFORMATION(#1617) 
SHAPE_REPRESENTATION_RELATIONSHIP() );
#1617 = ITEM_DEFINED_TRANSFORMATION('','',#11,#19);
#1618 = PRODUCT_DEFINITION_SHAPE('Placement','Placement of an item',
  #1619);
#1619 = NEXT_ASSEMBLY_USAGE_OCCURRENCE('4','R1','',#5,#1600,$);
#1620 = PRODUCT_RELATED_PRODUCT_CATEGORY('part',$,(#1602));
#1621 = SHAPE_DEFINITION_REPRESENTATION(#1622,#1628);
#1622 = PRODUCT_DEFINITION_SHAPE('','',#1623);
#1623 = PRODUCT_DEFINITION('design','',#1624,#1627);
#1624 = PRODUCT_DEFINITION_FORMATION('','',#1625);
#1625 = PRODUCT('R_0603_1608Metric','R_0603_1608Metric','',(#1626));
#1626 = PRODUCT_CONTEXT('',#2,'mechanical');
#1627 = PRODUCT_DEFINITION_CONTEXT('part definition',#2,'design');
#1628 = ADVANCED_BREP_SHAPE_REPRESENTATION('',(#11,#1629),#2419);
#1629 = MANIFOLD_SOLID_BREP('',#1630);
#1630 = CLOSED_SHELL('',(#1631,#1671,#1754,#1779,#1804,#1871,#1888,#1905
    ,#1954,#1971,#1988,#2037,#2054,#2123,#2154,#2178,#2247,#2271,#2288,
    #2305,#2322,#2339,#2356,#2373,#2390,#2407));
#1631 = ADVANCED_FACE('',(#1632),#1666,.F.);
#1632 = FACE_BOUND('',#1633,.F.);
#1633 = EDGE_LOOP('',(#1634,#1644,#1652,#1660));
#1634 = ORIENTED_EDGE('',*,*,#1635,.F.);
#1635 = EDGE_CURVE('',#1636,#1638,#1640,.T.);
#1636 = VERTEX_POINT('',#1637);
#1637 = CARTESIAN_POINT('',(-0.8,-0.4,4.5E-02));
#1638 = VERTEX_POINT('',#1639);
#1639 = CARTESIAN_POINT('',(-0.8,-0.4,0.405));
#1640 = LINE('',#1641,#1642);
#1641 = CARTESIAN_POINT('',(-0.8,-0.4,0.));
#1642 = VECTOR('',#1643,1.);
#1643 = DIRECTION('',(0.,0.,1.));
#1644 = ORIENTED_EDGE('',*,*,#1645,.T.);
#1645 = EDGE_CURVE('',#1636,#1646,#1648,.T.);
#1646 = VERTEX_POINT('',#1647);
#1647 = CARTESIAN_POINT('',(-0.8,0.4,4.5E-02));
#1648 = LINE('',#1649,#1650);
#1649 = CARTESIAN_POINT('',(-0.8,-0.4,4.5E-02));
#1650 = VECTOR('',#1651,1.);
#1651 = DIRECTION('',(0.,1.,0.));
#1652 = ORIENTED_EDGE('',*,*,#1653,.T.);
#1653 = EDGE_CURVE('',#1646,#1654,#1656,.T.);
#1654 = VERTEX_POINT('',#1655);
#1655 = CARTESIAN_POINT('',(-0.8,0.4,0.405));
#1656 = LINE('',#1657,#1658);
#1657 = CARTESIAN_POINT('',(-0.8,0.4,0.));
#1658 = VECTOR('',#1659,1.);
#1659 = DIRECTION('',(0.,0.,1.));
#1660 = ORIENTED_EDGE('',*,*,#1661,.F.);
#1661 = EDGE_CURVE('',#1638,#1654,#1662,.T.);
#1662 = LINE('',#1663,#1664);
#1663 = CARTESIAN_POINT('',(-0.8,-0.4,0.405));
#1664 = VECTOR('',#1665,1.);
#1665 = DIRECTION('',(0.,1.,0.));
#1666 = PLANE('',#1667);
#1667 = AXIS2_PLACEMENT_3D('',#1668,#1669,#1670);
#1668 = CARTESIAN_POINT('',(-0.8,-0.4,0.));
#1669 = DIRECTION('',(1.,0.,0.));
#1670 = DIRECTION('',(0.,0.,1.));
#1671 = ADVANCED_FACE('',(#1672),#1749,.F.);
#1672 = FACE_BOUND('',#1673,.F.);
#1673 = EDGE_LOOP('',(#1674,#1684,#1691,#1692,#1701,#1709,#1718,#1726,
    #1734,#1742));
#1674 = ORIENTED_EDGE('',*,*,#1675,.F.);
#1675 = EDGE_CURVE('',#1676,#1678,#1680,.T.);
#1676 = VERTEX_POINT('',#1677);
#1677 = CARTESIAN_POINT('',(-0.755,-0.4,-2.775557561563E-17));
#1678 = VERTEX_POINT('',#1679);
#1679 = CARTESIAN_POINT('',(-0.545,-0.4,-2.775557561563E-17));
#1680 = LINE('',#1681,#1682);
#1681 = CARTESIAN_POINT('',(-0.8,-0.4,0.));
#1682 = VECTOR('',#1683,1.);
#1683 = DIRECTION('',(1.,0.,0.));
#1684 = ORIENTED_EDGE('',*,*,#1685,.F.);
#1685 = EDGE_CURVE('',#1636,#1676,#1686,.T.);
#1686 = CIRCLE('',#1687,4.5E-02);
#1687 = AXIS2_PLACEMENT_3D('',#1688,#1689,#1690);
#1688 = CARTESIAN_POINT('',(-0.755,-0.4,4.5E-02));
#1689 = DIRECTION('',(0.,-1.,0.));
#1690 = DIRECTION('',(0.,0.,1.));
#1691 = ORIENTED_EDGE('',*,*,#1635,.T.);
#1692 = ORIENTED_EDGE('',*,*,#1693,.T.);
#1693 = EDGE_CURVE('',#1638,#1694,#1696,.T.);
#1694 = VERTEX_POINT('',#1695);
#1695 = CARTESIAN_POINT('',(-0.755,-0.4,0.45));
#1696 = CIRCLE('',#1697,4.5E-02);
#1697 = AXIS2_PLACEMENT_3D('',#1698,#1699,#1700);
#1698 = CARTESIAN_POINT('',(-0.755,-0.4,0.405));
#1699 = DIRECTION('',(0.,1.,0.));
#1700 = DIRECTION('',(0.,-0.,1.));
#1701 = ORIENTED_EDGE('',*,*,#1702,.T.);
#1702 = EDGE_CURVE('',#1694,#1703,#1705,.T.);
#1703 = VERTEX_POINT('',#1704);
#1704 = CARTESIAN_POINT('',(-0.545,-0.4,0.45));
#1705 = LINE('',#1706,#1707);
#1706 = CARTESIAN_POINT('',(-0.8,-0.4,0.45));
#1707 = VECTOR('',#1708,1.);
#1708 = DIRECTION('',(1.,0.,0.));
#1709 = ORIENTED_EDGE('',*,*,#1710,.F.);
#1710 = EDGE_CURVE('',#1711,#1703,#1713,.T.);
#1711 = VERTEX_POINT('',#1712);
#1712 = CARTESIAN_POINT('',(-0.5,-0.4,0.405));
#1713 = CIRCLE('',#1714,4.5E-02);
#1714 = AXIS2_PLACEMENT_3D('',#1715,#1716,#1717);
#1715 = CARTESIAN_POINT('',(-0.545,-0.4,0.405));
#1716 = DIRECTION('',(0.,-1.,0.));
#1717 = DIRECTION('',(0.,0.,1.));
#1718 = ORIENTED_EDGE('',*,*,#1719,.F.);
#1719 = EDGE_CURVE('',#1720,#1711,#1722,.T.);
#1720 = VERTEX_POINT('',#1721);
#1721 = CARTESIAN_POINT('',(-0.755,-0.4,0.405));
#1722 = LINE('',#1723,#1724);
#1723 = CARTESIAN_POINT('',(-0.755,-0.4,0.405));
#1724 = VECTOR('',#1725,1.);
#1725 = DIRECTION('',(1.,0.,0.));
#1726 = ORIENTED_EDGE('',*,*,#1727,.F.);
#1727 = EDGE_CURVE('',#1728,#1720,#1730,.T.);
#1728 = VERTEX_POINT('',#1729);
#1729 = CARTESIAN_POINT('',(-0.755,-0.4,4.5E-02));
#1730 = LINE('',#1731,#1732);
#1731 = CARTESIAN_POINT('',(-0.755,-0.4,4.5E-02));
#1732 = VECTOR('',#1733,1.);
#1733 = DIRECTION('',(0.,0.,1.));
#1734 = ORIENTED_EDGE('',*,*,#1735,.T.);
#1735 = EDGE_CURVE('',#1728,#1736,#1738,.T.);
#1736 = VERTEX_POINT('',#1737);
#1737 = CARTESIAN_POINT('',(-0.5,-0.4,4.5E-02));
#1738 = LINE('',#1739,#1740);
#1739 = CARTESIAN_POINT('',(-0.755,-0.4,4.5E-02));
#1740 = VECTOR('',#1741,1.);
#1741 = DIRECTION('',(1.,0.,0.));
#1742 = ORIENTED_EDGE('',*,*,#1743,.T.);
#1743 = EDGE_CURVE('',#1736,#1678,#1744,.T.);
#1744 = CIRCLE('',#1745,4.5E-02);
#1745 = AXIS2_PLACEMENT_3D('',#1746,#1747,#1748);
#1746 = CARTESIAN_POINT('',(-0.545,-0.4,4.5E-02));
#1747 = DIRECTION('',(0.,1.,0.));
#1748 = DIRECTION('',(0.,-0.,1.));
#1749 = PLANE('',#1750);
#1750 = AXIS2_PLACEMENT_3D('',#1751,#1752,#1753);
#1751 = CARTESIAN_POINT('',(-0.8,-0.4,0.));
#1752 = DIRECTION('',(0.,1.,0.));
#1753 = DIRECTION('',(0.,-0.,1.));
#1754 = ADVANCED_FACE('',(#1755),#1774,.T.);
#1755 = FACE_BOUND('',#1756,.T.);
#1756 = EDGE_LOOP('',(#1757,#1758,#1767,#1773));
#1757 = ORIENTED_EDGE('',*,*,#1645,.T.);
#1758 = ORIENTED_EDGE('',*,*,#1759,.T.);
#1759 = EDGE_CURVE('',#1646,#1760,#1762,.T.);
#1760 = VERTEX_POINT('',#1761);
#1761 = CARTESIAN_POINT('',(-0.755,0.4,-2.775557561563E-17));
#1762 = CIRCLE('',#1763,4.5E-02);
#1763 = AXIS2_PLACEMENT_3D('',#1764,#1765,#1766);
#1764 = CARTESIAN_POINT('',(-0.755,0.4,4.5E-02));
#1765 = DIRECTION('',(0.,-1.,0.));
#1766 = DIRECTION('',(0.,0.,1.));
#1767 = ORIENTED_EDGE('',*,*,#1768,.F.);
#1768 = EDGE_CURVE('',#1676,#1760,#1769,.T.);
#1769 = LINE('',#1770,#1771);
#1770 = CARTESIAN_POINT('',(-0.755,-0.4,-2.775557561563E-17));
#1771 = VECTOR('',#1772,1.);
#1772 = DIRECTION('',(0.,1.,0.));
#1773 = ORIENTED_EDGE('',*,*,#1685,.F.);
#1774 = CYLINDRICAL_SURFACE('',#1775,4.5E-02);
#1775 = AXIS2_PLACEMENT_3D('',#1776,#1777,#1778);
#1776 = CARTESIAN_POINT('',(-0.755,-0.4,4.5E-02));
#1777 = DIRECTION('',(0.,1.,0.));
#1778 = DIRECTION('',(-1.,0.,0.));
#1779 = ADVANCED_FACE('',(#1780),#1799,.T.);
#1780 = FACE_BOUND('',#1781,.T.);
#1781 = EDGE_LOOP('',(#1782,#1783,#1791,#1798));
#1782 = ORIENTED_EDGE('',*,*,#1693,.T.);
#1783 = ORIENTED_EDGE('',*,*,#1784,.T.);
#1784 = EDGE_CURVE('',#1694,#1785,#1787,.T.);
#1785 = VERTEX_POINT('',#1786);
#1786 = CARTESIAN_POINT('',(-0.755,0.4,0.45));
#1787 = LINE('',#1788,#1789);
#1788 = CARTESIAN_POINT('',(-0.755,-0.4,0.45));
#1789 = VECTOR('',#1790,1.);
#1790 = DIRECTION('',(0.,1.,0.));
#1791 = ORIENTED_EDGE('',*,*,#1792,.F.);
#1792 = EDGE_CURVE('',#1654,#1785,#1793,.T.);
#1793 = CIRCLE('',#1794,4.5E-02);
#1794 = AXIS2_PLACEMENT_3D('',#1795,#1796,#1797);
#1795 = CARTESIAN_POINT('',(-0.755,0.4,0.405));
#1796 = DIRECTION('',(0.,1.,0.));
#1797 = DIRECTION('',(0.,-0.,1.));
#1798 = ORIENTED_EDGE('',*,*,#1661,.F.);
#1799 = CYLINDRICAL_SURFACE('',#1800,4.5E-02);
#1800 = AXIS2_PLACEMENT_3D('',#1801,#1802,#1803);
#1801 = CARTESIAN_POINT('',(-0.755,-0.4,0.405));
#1802 = DIRECTION('',(0.,1.,0.));
#1803 = DIRECTION('',(-1.,0.,0.));
#1804 = ADVANCED_FACE('',(#1805),#1866,.T.);
#1805 = FACE_BOUND('',#1806,.T.);
#1806 = EDGE_LOOP('',(#1807,#1815,#1816,#1817,#1818,#1826,#1835,#1843,
    #1851,#1859));
#1807 = ORIENTED_EDGE('',*,*,#1808,.F.);
#1808 = EDGE_CURVE('',#1760,#1809,#1811,.T.);
#1809 = VERTEX_POINT('',#1810);
#1810 = CARTESIAN_POINT('',(-0.545,0.4,-2.775557561563E-17));
#1811 = LINE('',#1812,#1813);
#1812 = CARTESIAN_POINT('',(-0.8,0.4,0.));
#1813 = VECTOR('',#1814,1.);
#1814 = DIRECTION('',(1.,0.,0.));
#1815 = ORIENTED_EDGE('',*,*,#1759,.F.);
#1816 = ORIENTED_EDGE('',*,*,#1653,.T.);
#1817 = ORIENTED_EDGE('',*,*,#1792,.T.);
#1818 = ORIENTED_EDGE('',*,*,#1819,.T.);
#1819 = EDGE_CURVE('',#1785,#1820,#1822,.T.);
#1820 = VERTEX_POINT('',#1821);
#1821 = CARTESIAN_POINT('',(-0.545,0.4,0.45));
#1822 = LINE('',#1823,#1824);
#1823 = CARTESIAN_POINT('',(-0.8,0.4,0.45));
#1824 = VECTOR('',#1825,1.);
#1825 = DIRECTION('',(1.,0.,0.));
#1826 = ORIENTED_EDGE('',*,*,#1827,.F.);
#1827 = EDGE_CURVE('',#1828,#1820,#1830,.T.);
#1828 = VERTEX_POINT('',#1829);
#1829 = CARTESIAN_POINT('',(-0.5,0.4,0.405));
#1830 = CIRCLE('',#1831,4.5E-02);
#1831 = AXIS2_PLACEMENT_3D('',#1832,#1833,#1834);
#1832 = CARTESIAN_POINT('',(-0.545,0.4,0.405));
#1833 = DIRECTION('',(0.,-1.,0.));
#1834 = DIRECTION('',(0.,0.,1.));
#1835 = ORIENTED_EDGE('',*,*,#1836,.F.);
#1836 = EDGE_CURVE('',#1837,#1828,#1839,.T.);
#1837 = VERTEX_POINT('',#1838);
#1838 = CARTESIAN_POINT('',(-0.755,0.4,0.405));
#1839 = LINE('',#1840,#1841);
#1840 = CARTESIAN_POINT('',(-0.755,0.4,0.405));
#1841 = VECTOR('',#1842,1.);
#1842 = DIRECTION('',(1.,0.,0.));
#1843 = ORIENTED_EDGE('',*,*,#1844,.F.);
#1844 = EDGE_CURVE('',#1845,#1837,#1847,.T.);
#1845 = VERTEX_POINT('',#1846);
#1846 = CARTESIAN_POINT('',(-0.755,0.4,4.5E-02));
#1847 = LINE('',#1848,#1849);
#1848 = CARTESIAN_POINT('',(-0.755,0.4,4.5E-02));
#1849 = VECTOR('',#1850,1.);
#1850 = DIRECTION('',(0.,0.,1.));
#1851 = ORIENTED_EDGE('',*,*,#1852,.T.);
#1852 = EDGE_CURVE('',#1845,#1853,#1855,.T.);
#1853 = VERTEX_POINT('',#1854);
#1854 = CARTESIAN_POINT('',(-0.5,0.4,4.5E-02));
#1855 = LINE('',#1856,#1857);
#1856 = CARTESIAN_POINT('',(-0.755,0.4,4.5E-02));
#1857 = VECTOR('',#1858,1.);
#1858 = DIRECTION('',(1.,0.,0.));
#1859 = ORIENTED_EDGE('',*,*,#1860,.T.);
#1860 = EDGE_CURVE('',#1853,#1809,#1861,.T.);
#1861 = CIRCLE('',#1862,4.5E-02);
#1862 = AXIS2_PLACEMENT_3D('',#1863,#1864,#1865);
#1863 = CARTESIAN_POINT('',(-0.545,0.4,4.5E-02));
#1864 = DIRECTION('',(0.,1.,0.));
#1865 = DIRECTION('',(0.,-0.,1.));
#1866 = PLANE('',#1867);
#1867 = AXIS2_PLACEMENT_3D('',#1868,#1869,#1870);
#1868 = CARTESIAN_POINT('',(-0.8,0.4,0.));
#1869 = DIRECTION('',(0.,1.,0.));
#1870 = DIRECTION('',(0.,-0.,1.));
#1871 = ADVANCED_FACE('',(#1872),#1883,.F.);
#1872 = FACE_BOUND('',#1873,.F.);
#1873 = EDGE_LOOP('',(#1874,#1875,#1876,#1877));
#1874 = ORIENTED_EDGE('',*,*,#1808,.F.);
#1875 = ORIENTED_EDGE('',*,*,#1768,.F.);
#1876 = ORIENTED_EDGE('',*,*,#1675,.T.);
#1877 = ORIENTED_EDGE('',*,*,#1878,.T.);
#1878 = EDGE_CURVE('',#1678,#1809,#1879,.T.);
#1879 = LINE('',#1880,#1881);
#1880 = CARTESIAN_POINT('',(-0.545,-0.4,-2.775557561563E-17));
#1881 = VECTOR('',#1882,1.);
#1882 = DIRECTION('',(0.,1.,0.));
#1883 = PLANE('',#1884);
#1884 = AXIS2_PLACEMENT_3D('',#1885,#1886,#1887);
#1885 = CARTESIAN_POINT('',(-0.8,-0.4,0.));
#1886 = DIRECTION('',(0.,0.,1.));
#1887 = DIRECTION('',(1.,0.,-0.));
#1888 = ADVANCED_FACE('',(#1889),#1900,.T.);
#1889 = FACE_BOUND('',#1890,.T.);
#1890 = EDGE_LOOP('',(#1891,#1892,#1893,#1894));
#1891 = ORIENTED_EDGE('',*,*,#1743,.T.);
#1892 = ORIENTED_EDGE('',*,*,#1878,.T.);
#1893 = ORIENTED_EDGE('',*,*,#1860,.F.);
#1894 = ORIENTED_EDGE('',*,*,#1895,.F.);
#1895 = EDGE_CURVE('',#1736,#1853,#1896,.T.);
#1896 = LINE('',#1897,#1898);
#1897 = CARTESIAN_POINT('',(-0.5,-0.4,4.5E-02));
#1898 = VECTOR('',#1899,1.);
#1899 = DIRECTION('',(0.,1.,0.));
#1900 = CYLINDRICAL_SURFACE('',#1901,4.5E-02);
#1901 = AXIS2_PLACEMENT_3D('',#1902,#1903,#1904);
#1902 = CARTESIAN_POINT('',(-0.545,-0.4,4.5E-02));
#1903 = DIRECTION('',(0.,1.,0.));
#1904 = DIRECTION('',(1.,0.,0.));
#1905 = ADVANCED_FACE('',(#1906),#1949,.F.);
#1906 = FACE_BOUND('',#1907,.F.);
#1907 = EDGE_LOOP('',(#1908,#1909,#1910,#1911,#1919,#1927,#1935,#1943));
#1908 = ORIENTED_EDGE('',*,*,#1735,.F.);
#1909 = ORIENTED_EDGE('',*,*,#1727,.T.);
#1910 = ORIENTED_EDGE('',*,*,#1719,.T.);
#1911 = ORIENTED_EDGE('',*,*,#1912,.T.);
#1912 = EDGE_CURVE('',#1711,#1913,#1915,.T.);
#1913 = VERTEX_POINT('',#1914);
#1914 = CARTESIAN_POINT('',(0.5,-0.4,0.405));
#1915 = LINE('',#1916,#1917);
#1916 = CARTESIAN_POINT('',(-0.5,-0.4,0.405));
#1917 = VECTOR('',#1918,1.);
#1918 = DIRECTION('',(1.,0.,0.));
#1919 = ORIENTED_EDGE('',*,*,#1920,.T.);
#1920 = EDGE_CURVE('',#1913,#1921,#1923,.T.);
#1921 = VERTEX_POINT('',#1922);
#1922 = CARTESIAN_POINT('',(0.755,-0.4,0.405));
#1923 = LINE('',#1924,#1925);
#1924 = CARTESIAN_POINT('',(-0.755,-0.4,0.405));
#1925 = VECTOR('',#1926,1.);
#1926 = DIRECTION('',(1.,0.,0.));
#1927 = ORIENTED_EDGE('',*,*,#1928,.F.);
#1928 = EDGE_CURVE('',#1929,#1921,#1931,.T.);
#1929 = VERTEX_POINT('',#1930);
#1930 = CARTESIAN_POINT('',(0.755,-0.4,4.5E-02));
#1931 = LINE('',#1932,#1933);
#1932 = CARTESIAN_POINT('',(0.755,-0.4,4.5E-02));
#1933 = VECTOR('',#1934,1.);
#1934 = DIRECTION('',(0.,0.,1.));
#1935 = ORIENTED_EDGE('',*,*,#1936,.F.);
#1936 = EDGE_CURVE('',#1937,#1929,#1939,.T.);
#1937 = VERTEX_POINT('',#1938);
#1938 = CARTESIAN_POINT('',(0.5,-0.4,4.5E-02));
#1939 = LINE('',#1940,#1941);
#1940 = CARTESIAN_POINT('',(-0.755,-0.4,4.5E-02));
#1941 = VECTOR('',#1942,1.);
#1942 = DIRECTION('',(1.,0.,0.));
#1943 = ORIENTED_EDGE('',*,*,#1944,.F.);
#1944 = EDGE_CURVE('',#1736,#1937,#1945,.T.);
#1945 = LINE('',#1946,#1947);
#1946 = CARTESIAN_POINT('',(-0.755,-0.4,4.5E-02));
#1947 = VECTOR('',#1948,1.);
#1948 = DIRECTION('',(1.,0.,0.));
#1949 = PLANE('',#1950);
#1950 = AXIS2_PLACEMENT_3D('',#1951,#1952,#1953);
#1951 = CARTESIAN_POINT('',(-0.755,-0.4,4.5E-02));
#1952 = DIRECTION('',(0.,1.,0.));
#1953 = DIRECTION('',(0.,-0.,1.));
#1954 = ADVANCED_FACE('',(#1955),#1966,.T.);
#1955 = FACE_BOUND('',#1956,.T.);
#1956 = EDGE_LOOP('',(#1957,#1958,#1959,#1960));
#1957 = ORIENTED_EDGE('',*,*,#1819,.F.);
#1958 = ORIENTED_EDGE('',*,*,#1784,.F.);
#1959 = ORIENTED_EDGE('',*,*,#1702,.T.);
#1960 = ORIENTED_EDGE('',*,*,#1961,.T.);
#1961 = EDGE_CURVE('',#1703,#1820,#1962,.T.);
#1962 = LINE('',#1963,#1964);
#1963 = CARTESIAN_POINT('',(-0.545,-0.4,0.45));
#1964 = VECTOR('',#1965,1.);
#1965 = DIRECTION('',(0.,1.,0.));
#1966 = PLANE('',#1967);
#1967 = AXIS2_PLACEMENT_3D('',#1968,#1969,#1970);
#1968 = CARTESIAN_POINT('',(-0.8,-0.4,0.45));
#1969 = DIRECTION('',(0.,0.,1.));
#1970 = DIRECTION('',(1.,0.,-0.));
#1971 = ADVANCED_FACE('',(#1972),#1983,.T.);
#1972 = FACE_BOUND('',#1973,.T.);
#1973 = EDGE_LOOP('',(#1974,#1980,#1981,#1982));
#1974 = ORIENTED_EDGE('',*,*,#1975,.T.);
#1975 = EDGE_CURVE('',#1711,#1828,#1976,.T.);
#1976 = LINE('',#1977,#1978);
#1977 = CARTESIAN_POINT('',(-0.5,-0.4,0.405));
#1978 = VECTOR('',#1979,1.);
#1979 = DIRECTION('',(0.,1.,0.));
#1980 = ORIENTED_EDGE('',*,*,#1827,.T.);
#1981 = ORIENTED_EDGE('',*,*,#1961,.F.);
#1982 = ORIENTED_EDGE('',*,*,#1710,.F.);
#1983 = CYLINDRICAL_SURFACE('',#1984,4.5E-02);
#1984 = AXIS2_PLACEMENT_3D('',#1985,#1986,#1987);
#1985 = CARTESIAN_POINT('',(-0.545,-0.4,0.405));
#1986 = DIRECTION('',(0.,1.,0.));
#1987 = DIRECTION('',(1.,0.,0.));
#1988 = ADVANCED_FACE('',(#1989),#2032,.T.);
#1989 = FACE_BOUND('',#1990,.T.);
#1990 = EDGE_LOOP('',(#1991,#1992,#1993,#1994,#2002,#2010,#2018,#2026));
#1991 = ORIENTED_EDGE('',*,*,#1852,.F.);
#1992 = ORIENTED_EDGE('',*,*,#1844,.T.);
#1993 = ORIENTED_EDGE('',*,*,#1836,.T.);
#1994 = ORIENTED_EDGE('',*,*,#1995,.T.);
#1995 = EDGE_CURVE('',#1828,#1996,#1998,.T.);
#1996 = VERTEX_POINT('',#1997);
#1997 = CARTESIAN_POINT('',(0.5,0.4,0.405));
#1998 = LINE('',#1999,#2000);
#1999 = CARTESIAN_POINT('',(-0.5,0.4,0.405));
#2000 = VECTOR('',#2001,1.);
#2001 = DIRECTION('',(1.,0.,0.));
#2002 = ORIENTED_EDGE('',*,*,#2003,.T.);
#2003 = EDGE_CURVE('',#1996,#2004,#2006,.T.);
#2004 = VERTEX_POINT('',#2005);
#2005 = CARTESIAN_POINT('',(0.755,0.4,0.405));
#2006 = LINE('',#2007,#2008);
#2007 = CARTESIAN_POINT('',(-0.755,0.4,0.405));
#2008 = VECTOR('',#2009,1.);
#2009 = DIRECTION('',(1.,0.,0.));
#2010 = ORIENTED_EDGE('',*,*,#2011,.F.);
#2011 = EDGE_CURVE('',#2012,#2004,#2014,.T.);
#2012 = VERTEX_POINT('',#2013);
#2013 = CARTESIAN_POINT('',(0.755,0.4,4.5E-02));
#2014 = LINE('',#2015,#2016);
#2015 = CARTESIAN_POINT('',(0.755,0.4,4.5E-02));
#2016 = VECTOR('',#2017,1.);
#2017 = DIRECTION('',(0.,0.,1.));
#2018 = ORIENTED_EDGE('',*,*,#2019,.F.);
#2019 = EDGE_CURVE('',#2020,#2012,#2022,.T.);
#2020 = VERTEX_POINT('',#2021);
#2021 = CARTESIAN_POINT('',(0.5,0.4,4.5E-02));
#2022 = LINE('',#2023,#2024);
#2023 = CARTESIAN_POINT('',(-0.755,0.4,4.5E-02));
#2024 = VECTOR('',#2025,1.);
#2025 = DIRECTION('',(1.,0.,0.));
#2026 = ORIENTED_EDGE('',*,*,#2027,.F.);
#2027 = EDGE_CURVE('',#1853,#2020,#2028,.T.);
#2028 = LINE('',#2029,#2030);
#2029 = CARTESIAN_POINT('',(-0.755,0.4,4.5E-02));
#2030 = VECTOR('',#2031,1.);
#2031 = DIRECTION('',(1.,0.,0.));
#2032 = PLANE('',#2033);
#2033 = AXIS2_PLACEMENT_3D('',#2034,#2035,#2036);
#2034 = CARTESIAN_POINT('',(-0.755,0.4,4.5E-02));
#2035 = DIRECTION('',(0.,1.,0.));
#2036 = DIRECTION('',(0.,-0.,1.));
#2037 = ADVANCED_FACE('',(#2038),#2049,.F.);
#2038 = FACE_BOUND('',#2039,.F.);
#2039 = EDGE_LOOP('',(#2040,#2041,#2042,#2048));
#2040 = ORIENTED_EDGE('',*,*,#1895,.F.);
#2041 = ORIENTED_EDGE('',*,*,#1944,.T.);
#2042 = ORIENTED_EDGE('',*,*,#2043,.T.);
#2043 = EDGE_CURVE('',#1937,#2020,#2044,.T.);
#2044 = LINE('',#2045,#2046);
#2045 = CARTESIAN_POINT('',(0.5,-0.4,4.5E-02));
#2046 = VECTOR('',#2047,1.);
#2047 = DIRECTION('',(0.,1.,0.));
#2048 = ORIENTED_EDGE('',*,*,#2027,.F.);
#2049 = PLANE('',#2050);
#2050 = AXIS2_PLACEMENT_3D('',#2051,#2052,#2053);
#2051 = CARTESIAN_POINT('',(-0.755,-0.4,4.5E-02));
#2052 = DIRECTION('',(0.,0.,1.));
#2053 = DIRECTION('',(1.,0.,-0.));
#2054 = ADVANCED_FACE('',(#2055),#2118,.F.);
#2055 = FACE_BOUND('',#2056,.F.);
#2056 = EDGE_LOOP('',(#2057,#2067,#2074,#2075,#2076,#2077,#2086,#2094,
    #2103,#2111));
#2057 = ORIENTED_EDGE('',*,*,#2058,.F.);
#2058 = EDGE_CURVE('',#2059,#2061,#2063,.T.);
#2059 = VERTEX_POINT('',#2060);
#2060 = CARTESIAN_POINT('',(0.545,-0.4,-2.775557561563E-17));
#2061 = VERTEX_POINT('',#2062);
#2062 = CARTESIAN_POINT('',(0.755,-0.4,-2.775557561563E-17));
#2063 = LINE('',#2064,#2065);
#2064 = CARTESIAN_POINT('',(0.5,-0.4,0.));
#2065 = VECTOR('',#2066,1.);
#2066 = DIRECTION('',(1.,0.,0.));
#2067 = ORIENTED_EDGE('',*,*,#2068,.F.);
#2068 = EDGE_CURVE('',#1937,#2059,#2069,.T.);
#2069 = CIRCLE('',#2070,4.5E-02);
#2070 = AXIS2_PLACEMENT_3D('',#2071,#2072,#2073);
#2071 = CARTESIAN_POINT('',(0.545,-0.4,4.5E-02));
#2072 = DIRECTION('',(0.,-1.,0.));
#2073 = DIRECTION('',(0.,0.,1.));
#2074 = ORIENTED_EDGE('',*,*,#1936,.T.);
#2075 = ORIENTED_EDGE('',*,*,#1928,.T.);
#2076 = ORIENTED_EDGE('',*,*,#1920,.F.);
#2077 = ORIENTED_EDGE('',*,*,#2078,.T.);
#2078 = EDGE_CURVE('',#1913,#2079,#2081,.T.);
#2079 = VERTEX_POINT('',#2080);
#2080 = CARTESIAN_POINT('',(0.545,-0.4,0.45));
#2081 = CIRCLE('',#2082,4.5E-02);
#2082 = AXIS2_PLACEMENT_3D('',#2083,#2084,#2085);
#2083 = CARTESIAN_POINT('',(0.545,-0.4,0.405));
#2084 = DIRECTION('',(0.,1.,0.));
#2085 = DIRECTION('',(0.,-0.,1.));
#2086 = ORIENTED_EDGE('',*,*,#2087,.T.);
#2087 = EDGE_CURVE('',#2079,#2088,#2090,.T.);
#2088 = VERTEX_POINT('',#2089);
#2089 = CARTESIAN_POINT('',(0.755,-0.4,0.45));
#2090 = LINE('',#2091,#2092);
#2091 = CARTESIAN_POINT('',(0.5,-0.4,0.45));
#2092 = VECTOR('',#2093,1.);
#2093 = DIRECTION('',(1.,0.,0.));
#2094 = ORIENTED_EDGE('',*,*,#2095,.F.);
#2095 = EDGE_CURVE('',#2096,#2088,#2098,.T.);
#2096 = VERTEX_POINT('',#2097);
#2097 = CARTESIAN_POINT('',(0.8,-0.4,0.405));
#2098 = CIRCLE('',#2099,4.5E-02);
#2099 = AXIS2_PLACEMENT_3D('',#2100,#2101,#2102);
#2100 = CARTESIAN_POINT('',(0.755,-0.4,0.405));
#2101 = DIRECTION('',(0.,-1.,0.));
#2102 = DIRECTION('',(0.,0.,1.));
#2103 = ORIENTED_EDGE('',*,*,#2104,.F.);
#2104 = EDGE_CURVE('',#2105,#2096,#2107,.T.);
#2105 = VERTEX_POINT('',#2106);
#2106 = CARTESIAN_POINT('',(0.8,-0.4,4.5E-02));
#2107 = LINE('',#2108,#2109);
#2108 = CARTESIAN_POINT('',(0.8,-0.4,0.));
#2109 = VECTOR('',#2110,1.);
#2110 = DIRECTION('',(0.,0.,1.));
#2111 = ORIENTED_EDGE('',*,*,#2112,.T.);
#2112 = EDGE_CURVE('',#2105,#2061,#2113,.T.);
#2113 = CIRCLE('',#2114,4.5E-02);
#2114 = AXIS2_PLACEMENT_3D('',#2115,#2116,#2117);
#2115 = CARTESIAN_POINT('',(0.755,-0.4,4.5E-02));
#2116 = DIRECTION('',(0.,1.,0.));
#2117 = DIRECTION('',(0.,-0.,1.));
#2118 = PLANE('',#2119);
#2119 = AXIS2_PLACEMENT_3D('',#2120,#2121,#2122);
#2120 = CARTESIAN_POINT('',(0.5,-0.4,0.));
#2121 = DIRECTION('',(0.,1.,0.));
#2122 = DIRECTION('',(0.,-0.,1.));
#2123 = ADVANCED_FACE('',(#2124),#2149,.F.);
#2124 = FACE_BOUND('',#2125,.F.);
#2125 = EDGE_LOOP('',(#2126,#2127,#2135,#2143));
#2126 = ORIENTED_EDGE('',*,*,#1912,.F.);
#2127 = ORIENTED_EDGE('',*,*,#2128,.T.);
#2128 = EDGE_CURVE('',#1711,#2129,#2131,.T.);
#2129 = VERTEX_POINT('',#2130);
#2130 = CARTESIAN_POINT('',(-0.5,-0.4,0.45));
#2131 = LINE('',#2132,#2133);
#2132 = CARTESIAN_POINT('',(-0.5,-0.4,0.405));
#2133 = VECTOR('',#2134,1.);
#2134 = DIRECTION('',(0.,0.,1.));
#2135 = ORIENTED_EDGE('',*,*,#2136,.T.);
#2136 = EDGE_CURVE('',#2129,#2137,#2139,.T.);
#2137 = VERTEX_POINT('',#2138);
#2138 = CARTESIAN_POINT('',(0.5,-0.4,0.45));
#2139 = LINE('',#2140,#2141);
#2140 = CARTESIAN_POINT('',(-0.5,-0.4,0.45));
#2141 = VECTOR('',#2142,1.);
#2142 = DIRECTION('',(1.,0.,0.));
#2143 = ORIENTED_EDGE('',*,*,#2144,.F.);
#2144 = EDGE_CURVE('',#1913,#2137,#2145,.T.);
#2145 = LINE('',#2146,#2147);
#2146 = CARTESIAN_POINT('',(0.5,-0.4,0.405));
#2147 = VECTOR('',#2148,1.);
#2148 = DIRECTION('',(0.,0.,1.));
#2149 = PLANE('',#2150);
#2150 = AXIS2_PLACEMENT_3D('',#2151,#2152,#2153);
#2151 = CARTESIAN_POINT('',(-0.5,-0.4,0.405));
#2152 = DIRECTION('',(0.,1.,0.));
#2153 = DIRECTION('',(0.,-0.,1.));
#2154 = ADVANCED_FACE('',(#2155),#2173,.F.);
#2155 = FACE_BOUND('',#2156,.F.);
#2156 = EDGE_LOOP('',(#2157,#2158,#2159,#2167));
#2157 = ORIENTED_EDGE('',*,*,#2128,.F.);
#2158 = ORIENTED_EDGE('',*,*,#1975,.T.);
#2159 = ORIENTED_EDGE('',*,*,#2160,.T.);
#2160 = EDGE_CURVE('',#1828,#2161,#2163,.T.);
#2161 = VERTEX_POINT('',#2162);
#2162 = CARTESIAN_POINT('',(-0.5,0.4,0.45));
#2163 = LINE('',#2164,#2165);
#2164 = CARTESIAN_POINT('',(-0.5,0.4,0.405));
#2165 = VECTOR('',#2166,1.);
#2166 = DIRECTION('',(0.,0.,1.));
#2167 = ORIENTED_EDGE('',*,*,#2168,.F.);
#2168 = EDGE_CURVE('',#2129,#2161,#2169,.T.);
#2169 = LINE('',#2170,#2171);
#2170 = CARTESIAN_POINT('',(-0.5,-0.4,0.45));
#2171 = VECTOR('',#2172,1.);
#2172 = DIRECTION('',(0.,1.,0.));
#2173 = PLANE('',#2174);
#2174 = AXIS2_PLACEMENT_3D('',#2175,#2176,#2177);
#2175 = CARTESIAN_POINT('',(-0.5,-0.4,0.405));
#2176 = DIRECTION('',(1.,0.,0.));
#2177 = DIRECTION('',(0.,0.,1.));
#2178 = ADVANCED_FACE('',(#2179),#2242,.T.);
#2179 = FACE_BOUND('',#2180,.T.);
#2180 = EDGE_LOOP('',(#2181,#2191,#2198,#2199,#2200,#2201,#2210,#2218,
    #2227,#2235));
#2181 = ORIENTED_EDGE('',*,*,#2182,.F.);
#2182 = EDGE_CURVE('',#2183,#2185,#2187,.T.);
#2183 = VERTEX_POINT('',#2184);
#2184 = CARTESIAN_POINT('',(0.545,0.4,-2.775557561563E-17));
#2185 = VERTEX_POINT('',#2186);
#2186 = CARTESIAN_POINT('',(0.755,0.4,-2.775557561563E-17));
#2187 = LINE('',#2188,#2189);
#2188 = CARTESIAN_POINT('',(0.5,0.4,0.));
#2189 = VECTOR('',#2190,1.);
#2190 = DIRECTION('',(1.,0.,0.));
#2191 = ORIENTED_EDGE('',*,*,#2192,.F.);
#2192 = EDGE_CURVE('',#2020,#2183,#2193,.T.);
#2193 = CIRCLE('',#2194,4.5E-02);
#2194 = AXIS2_PLACEMENT_3D('',#2195,#2196,#2197);
#2195 = CARTESIAN_POINT('',(0.545,0.4,4.5E-02));
#2196 = DIRECTION('',(0.,-1.,0.));
#2197 = DIRECTION('',(0.,0.,1.));
#2198 = ORIENTED_EDGE('',*,*,#2019,.T.);
#2199 = ORIENTED_EDGE('',*,*,#2011,.T.);
#2200 = ORIENTED_EDGE('',*,*,#2003,.F.);
#2201 = ORIENTED_EDGE('',*,*,#2202,.T.);
#2202 = EDGE_CURVE('',#1996,#2203,#2205,.T.);
#2203 = VERTEX_POINT('',#2204);
#2204 = CARTESIAN_POINT('',(0.545,0.4,0.45));
#2205 = CIRCLE('',#2206,4.5E-02);
#2206 = AXIS2_PLACEMENT_3D('',#2207,#2208,#2209);
#2207 = CARTESIAN_POINT('',(0.545,0.4,0.405));
#2208 = DIRECTION('',(0.,1.,0.));
#2209 = DIRECTION('',(0.,-0.,1.));
#2210 = ORIENTED_EDGE('',*,*,#2211,.T.);
#2211 = EDGE_CURVE('',#2203,#2212,#2214,.T.);
#2212 = VERTEX_POINT('',#2213);
#2213 = CARTESIAN_POINT('',(0.755,0.4,0.45));
#2214 = LINE('',#2215,#2216);
#2215 = CARTESIAN_POINT('',(0.5,0.4,0.45));
#2216 = VECTOR('',#2217,1.);
#2217 = DIRECTION('',(1.,0.,0.));
#2218 = ORIENTED_EDGE('',*,*,#2219,.F.);
#2219 = EDGE_CURVE('',#2220,#2212,#2222,.T.);
#2220 = VERTEX_POINT('',#2221);
#2221 = CARTESIAN_POINT('',(0.8,0.4,0.405));
#2222 = CIRCLE('',#2223,4.5E-02);
#2223 = AXIS2_PLACEMENT_3D('',#2224,#2225,#2226);
#2224 = CARTESIAN_POINT('',(0.755,0.4,0.405));
#2225 = DIRECTION('',(0.,-1.,0.));
#2226 = DIRECTION('',(0.,0.,1.));
#2227 = ORIENTED_EDGE('',*,*,#2228,.F.);
#2228 = EDGE_CURVE('',#2229,#2220,#2231,.T.);
#2229 = VERTEX_POINT('',#2230);
#2230 = CARTESIAN_POINT('',(0.8,0.4,4.5E-02));
#2231 = LINE('',#2232,#2233);
#2232 = CARTESIAN_POINT('',(0.8,0.4,0.));
#2233 = VECTOR('',#2234,1.);
#2234 = DIRECTION('',(0.,0.,1.));
#2235 = ORIENTED_EDGE('',*,*,#2236,.T.);
#2236 = EDGE_CURVE('',#2229,#2185,#2237,.T.);
#2237 = CIRCLE('',#2238,4.5E-02);
#2238 = AXIS2_PLACEMENT_3D('',#2239,#2240,#2241);
#2239 = CARTESIAN_POINT('',(0.755,0.4,4.5E-02));
#2240 = DIRECTION('',(0.,1.,0.));
#2241 = DIRECTION('',(0.,-0.,1.));
#2242 = PLANE('',#2243);
#2243 = AXIS2_PLACEMENT_3D('',#2244,#2245,#2246);
#2244 = CARTESIAN_POINT('',(0.5,0.4,0.));
#2245 = DIRECTION('',(0.,1.,0.));
#2246 = DIRECTION('',(0.,-0.,1.));
#2247 = ADVANCED_FACE('',(#2248),#2266,.T.);
#2248 = FACE_BOUND('',#2249,.T.);
#2249 = EDGE_LOOP('',(#2250,#2251,#2252,#2260));
#2250 = ORIENTED_EDGE('',*,*,#1995,.F.);
#2251 = ORIENTED_EDGE('',*,*,#2160,.T.);
#2252 = ORIENTED_EDGE('',*,*,#2253,.T.);
#2253 = EDGE_CURVE('',#2161,#2254,#2256,.T.);
#2254 = VERTEX_POINT('',#2255);
#2255 = CARTESIAN_POINT('',(0.5,0.4,0.45));
#2256 = LINE('',#2257,#2258);
#2257 = CARTESIAN_POINT('',(-0.5,0.4,0.45));
#2258 = VECTOR('',#2259,1.);
#2259 = DIRECTION('',(1.,0.,0.));
#2260 = ORIENTED_EDGE('',*,*,#2261,.F.);
#2261 = EDGE_CURVE('',#1996,#2254,#2262,.T.);
#2262 = LINE('',#2263,#2264);
#2263 = CARTESIAN_POINT('',(0.5,0.4,0.405));
#2264 = VECTOR('',#2265,1.);
#2265 = DIRECTION('',(0.,0.,1.));
#2266 = PLANE('',#2267);
#2267 = AXIS2_PLACEMENT_3D('',#2268,#2269,#2270);
#2268 = CARTESIAN_POINT('',(-0.5,0.4,0.405));
#2269 = DIRECTION('',(0.,1.,0.));
#2270 = DIRECTION('',(0.,-0.,1.));
#2271 = ADVANCED_FACE('',(#2272),#2283,.T.);
#2272 = FACE_BOUND('',#2273,.T.);
#2273 = EDGE_LOOP('',(#2274,#2275,#2276,#2282));
#2274 = ORIENTED_EDGE('',*,*,#2043,.T.);
#2275 = ORIENTED_EDGE('',*,*,#2192,.T.);
#2276 = ORIENTED_EDGE('',*,*,#2277,.F.);
#2277 = EDGE_CURVE('',#2059,#2183,#2278,.T.);
#2278 = LINE('',#2279,#2280);
#2279 = CARTESIAN_POINT('',(0.545,-0.4,-2.775557561563E-17));
#2280 = VECTOR('',#2281,1.);
#2281 = DIRECTION('',(0.,1.,0.));
#2282 = ORIENTED_EDGE('',*,*,#2068,.F.);
#2283 = CYLINDRICAL_SURFACE('',#2284,4.5E-02);
#2284 = AXIS2_PLACEMENT_3D('',#2285,#2286,#2287);
#2285 = CARTESIAN_POINT('',(0.545,-0.4,4.5E-02));
#2286 = DIRECTION('',(0.,1.,0.));
#2287 = DIRECTION('',(-1.,0.,0.));
#2288 = ADVANCED_FACE('',(#2289),#2300,.F.);
#2289 = FACE_BOUND('',#2290,.F.);
#2290 = EDGE_LOOP('',(#2291,#2292,#2293,#2294));
#2291 = ORIENTED_EDGE('',*,*,#2182,.F.);
#2292 = ORIENTED_EDGE('',*,*,#2277,.F.);
#2293 = ORIENTED_EDGE('',*,*,#2058,.T.);
#2294 = ORIENTED_EDGE('',*,*,#2295,.T.);
#2295 = EDGE_CURVE('',#2061,#2185,#2296,.T.);
#2296 = LINE('',#2297,#2298);
#2297 = CARTESIAN_POINT('',(0.755,-0.4,-2.775557561563E-17));
#2298 = VECTOR('',#2299,1.);
#2299 = DIRECTION('',(0.,1.,0.));
#2300 = PLANE('',#2301);
#2301 = AXIS2_PLACEMENT_3D('',#2302,#2303,#2304);
#2302 = CARTESIAN_POINT('',(0.5,-0.4,0.));
#2303 = DIRECTION('',(0.,0.,1.));
#2304 = DIRECTION('',(1.,0.,-0.));
#2305 = ADVANCED_FACE('',(#2306),#2317,.T.);
#2306 = FACE_BOUND('',#2307,.T.);
#2307 = EDGE_LOOP('',(#2308,#2309,#2310,#2311));
#2308 = ORIENTED_EDGE('',*,*,#2112,.T.);
#2309 = ORIENTED_EDGE('',*,*,#2295,.T.);
#2310 = ORIENTED_EDGE('',*,*,#2236,.F.);
#2311 = ORIENTED_EDGE('',*,*,#2312,.F.);
#2312 = EDGE_CURVE('',#2105,#2229,#2313,.T.);
#2313 = LINE('',#2314,#2315);
#2314 = CARTESIAN_POINT('',(0.8,-0.4,4.5E-02));
#2315 = VECTOR('',#2316,1.);
#2316 = DIRECTION('',(0.,1.,0.));
#2317 = CYLINDRICAL_SURFACE('',#2318,4.5E-02);
#2318 = AXIS2_PLACEMENT_3D('',#2319,#2320,#2321);
#2319 = CARTESIAN_POINT('',(0.755,-0.4,4.5E-02));
#2320 = DIRECTION('',(0.,1.,0.));
#2321 = DIRECTION('',(1.,0.,0.));
#2322 = ADVANCED_FACE('',(#2323),#2334,.T.);
#2323 = FACE_BOUND('',#2324,.T.);
#2324 = EDGE_LOOP('',(#2325,#2326,#2327,#2328));
#2325 = ORIENTED_EDGE('',*,*,#2104,.F.);
#2326 = ORIENTED_EDGE('',*,*,#2312,.T.);
#2327 = ORIENTED_EDGE('',*,*,#2228,.T.);
#2328 = ORIENTED_EDGE('',*,*,#2329,.F.);
#2329 = EDGE_CURVE('',#2096,#2220,#2330,.T.);
#2330 = LINE('',#2331,#2332);
#2331 = CARTESIAN_POINT('',(0.8,-0.4,0.405));
#2332 = VECTOR('',#2333,1.);
#2333 = DIRECTION('',(0.,1.,0.));
#2334 = PLANE('',#2335);
#2335 = AXIS2_PLACEMENT_3D('',#2336,#2337,#2338);
#2336 = CARTESIAN_POINT('',(0.8,-0.4,0.));
#2337 = DIRECTION('',(1.,0.,0.));
#2338 = DIRECTION('',(0.,0.,1.));
#2339 = ADVANCED_FACE('',(#2340),#2351,.T.);
#2340 = FACE_BOUND('',#2341,.T.);
#2341 = EDGE_LOOP('',(#2342,#2343,#2344,#2350));
#2342 = ORIENTED_EDGE('',*,*,#2329,.T.);
#2343 = ORIENTED_EDGE('',*,*,#2219,.T.);
#2344 = ORIENTED_EDGE('',*,*,#2345,.F.);
#2345 = EDGE_CURVE('',#2088,#2212,#2346,.T.);
#2346 = LINE('',#2347,#2348);
#2347 = CARTESIAN_POINT('',(0.755,-0.4,0.45));
#2348 = VECTOR('',#2349,1.);
#2349 = DIRECTION('',(0.,1.,0.));
#2350 = ORIENTED_EDGE('',*,*,#2095,.F.);
#2351 = CYLINDRICAL_SURFACE('',#2352,4.5E-02);
#2352 = AXIS2_PLACEMENT_3D('',#2353,#2354,#2355);
#2353 = CARTESIAN_POINT('',(0.755,-0.4,0.405));
#2354 = DIRECTION('',(0.,1.,0.));
#2355 = DIRECTION('',(1.,0.,0.));
#2356 = ADVANCED_FACE('',(#2357),#2368,.T.);
#2357 = FACE_BOUND('',#2358,.T.);
#2358 = EDGE_LOOP('',(#2359,#2360,#2366,#2367));
#2359 = ORIENTED_EDGE('',*,*,#2211,.F.);
#2360 = ORIENTED_EDGE('',*,*,#2361,.F.);
#2361 = EDGE_CURVE('',#2079,#2203,#2362,.T.);
#2362 = LINE('',#2363,#2364);
#2363 = CARTESIAN_POINT('',(0.545,-0.4,0.45));
#2364 = VECTOR('',#2365,1.);
#2365 = DIRECTION('',(0.,1.,0.));
#2366 = ORIENTED_EDGE('',*,*,#2087,.T.);
#2367 = ORIENTED_EDGE('',*,*,#2345,.T.);
#2368 = PLANE('',#2369);
#2369 = AXIS2_PLACEMENT_3D('',#2370,#2371,#2372);
#2370 = CARTESIAN_POINT('',(0.5,-0.4,0.45));
#2371 = DIRECTION('',(0.,0.,1.));
#2372 = DIRECTION('',(1.,0.,-0.));
#2373 = ADVANCED_FACE('',(#2374),#2385,.T.);
#2374 = FACE_BOUND('',#2375,.T.);
#2375 = EDGE_LOOP('',(#2376,#2377,#2378,#2379));
#2376 = ORIENTED_EDGE('',*,*,#2078,.T.);
#2377 = ORIENTED_EDGE('',*,*,#2361,.T.);
#2378 = ORIENTED_EDGE('',*,*,#2202,.F.);
#2379 = ORIENTED_EDGE('',*,*,#2380,.F.);
#2380 = EDGE_CURVE('',#1913,#1996,#2381,.T.);
#2381 = LINE('',#2382,#2383);
#2382 = CARTESIAN_POINT('',(0.5,-0.4,0.405));
#2383 = VECTOR('',#2384,1.);
#2384 = DIRECTION('',(0.,1.,0.));
#2385 = CYLINDRICAL_SURFACE('',#2386,4.5E-02);
#2386 = AXIS2_PLACEMENT_3D('',#2387,#2388,#2389);
#2387 = CARTESIAN_POINT('',(0.545,-0.4,0.405));
#2388 = DIRECTION('',(0.,1.,0.));
#2389 = DIRECTION('',(-1.,0.,0.));
#2390 = ADVANCED_FACE('',(#2391),#2402,.T.);
#2391 = FACE_BOUND('',#2392,.T.);
#2392 = EDGE_LOOP('',(#2393,#2394,#2395,#2396));
#2393 = ORIENTED_EDGE('',*,*,#2144,.F.);
#2394 = ORIENTED_EDGE('',*,*,#2380,.T.);
#2395 = ORIENTED_EDGE('',*,*,#2261,.T.);
#2396 = ORIENTED_EDGE('',*,*,#2397,.F.);
#2397 = EDGE_CURVE('',#2137,#2254,#2398,.T.);
#2398 = LINE('',#2399,#2400);
#2399 = CARTESIAN_POINT('',(0.5,-0.4,0.45));
#2400 = VECTOR('',#2401,1.);
#2401 = DIRECTION('',(0.,1.,0.));
#2402 = PLANE('',#2403);
#2403 = AXIS2_PLACEMENT_3D('',#2404,#2405,#2406);
#2404 = CARTESIAN_POINT('',(0.5,-0.4,0.405));
#2405 = DIRECTION('',(1.,0.,0.));
#2406 = DIRECTION('',(0.,0.,1.));
#2407 = ADVANCED_FACE('',(#2408),#2414,.T.);
#2408 = FACE_BOUND('',#2409,.T.);
#2409 = EDGE_LOOP('',(#2410,#2411,#2412,#2413));
#2410 = ORIENTED_EDGE('',*,*,#2168,.F.);
#2411 = ORIENTED_EDGE('',*,*,#2136,.T.);
#2412 = ORIENTED_EDGE('',*,*,#2397,.T.);
#2413 = ORIENTED_EDGE('',*,*,#2253,.F.);
#2414 = PLANE('',#2415);
#2415 = AXIS2_PLACEMENT_3D('',#2416,#2417,#2418);
#2416 = CARTESIAN_POINT('',(-0.5,-0.4,0.45));
#2417 = DIRECTION('',(0.,0.,1.));
#2418 = DIRECTION('',(1.,0.,-0.));
#2419 = ( GEOMETRIC_REPRESENTATION_CONTEXT(3) 
GLOBAL_UNCERTAINTY_ASSIGNED_CONTEXT((#2423)) 
GLOBAL_UNIT_ASSIGNED_CONTEXT((#2420,#2421,#2422)) REPRESENTATION_CONTEXT
('Context #1','3D Context with UNIT and UNCERTAINTY') );
#2420 = ( LENGTH_UNIT() NAMED_UNIT(*) SI_UNIT(.MILLI.,.METRE.) );
#2421 = ( NAMED_UNIT(*) PLANE_ANGLE_UNIT() SI_UNIT($,.RADIAN.) );
#2422 = ( NAMED_UNIT(*) SI_UNIT($,.STERADIAN.) SOLID_ANGLE_UNIT() );
#2423 = UNCERTAINTY_MEASURE_WITH_UNIT(LENGTH_MEASURE(1.E-07),#2420,
  'distance_accuracy_value','confusion accuracy');
#2424 = CONTEXT_DEPENDENT_SHAPE_REPRESENTATION(#2425,#2427);
#2425 = ( REPRESENTATION_RELATIONSHIP('','',#1628,#1605) 
REPRESENTATION_RELATIONSHIP_WITH_TRANSFORMATION(#2426) 
SHAPE_REPRESENTATION_RELATIONSHIP() );
#2426 = ITEM_DEFINED_TRANSFORMATION('','',#11,#1606);
#2427 = PRODUCT_DEFINITION_SHAPE('Placement','Placement of an item',
  #2428);
#2428 = NEXT_ASSEMBLY_USAGE_OCCURRENCE('3','=>[0:1:1:5]','',#1600,#1623,
  $);
#2429 = PRODUCT_RELATED_PRODUCT_CATEGORY('part',$,(#1625));
#2430 = SHAPE_DEFINITION_REPRESENTATION(#2431,#2437);
#2431 = PRODUCT_DEFINITION_SHAPE('','',#2432);
#2432 = PRODUCT_DEFINITION('design','',#2433,#2436);
#2433 = PRODUCT_DEFINITION_FORMATION('','',#2434);
#2434 = PRODUCT('one2eight_twoPole_SMD_PCB','one2eight_twoPole_SMD_PCB',
  '',(#2435));
#2435 = PRODUCT_CONTEXT('',#2,'mechanical');
#2436 = PRODUCT_DEFINITION_CONTEXT('part definition',#2,'design');
#2437 = ADVANCED_BREP_SHAPE_REPRESENTATION('',(#11,#2438),#4054);
#2438 = MANIFOLD_SOLID_BREP('',#2439);
#2439 = CLOSED_SHELL('',(#2440,#2482,#2513,#2544,#2970,#3396,#3413,#3430
    ,#3447,#3464,#3476,#3493,#3510,#3527,#3544,#3561,#3578,#3595,#3612,
    #3629,#3646,#3663,#3680,#3697,#3714,#3731,#3748,#3765,#3782,#3799,
    #3816,#3833,#3850,#3867,#3884,#3901,#3918,#3935,#3952,#3969,#3986,
    #4003,#4020,#4037));
#2440 = ADVANCED_FACE('',(#2441),#2477,.T.);
#2441 = FACE_BOUND('',#2442,.T.);
#2442 = EDGE_LOOP('',(#2443,#2453,#2462,#2470));
#2443 = ORIENTED_EDGE('',*,*,#2444,.T.);
#2444 = EDGE_CURVE('',#2445,#2447,#2449,.T.);
#2445 = VERTEX_POINT('',#2446);
#2446 = CARTESIAN_POINT('',(-13.8417,14.3338,0.));
#2447 = VERTEX_POINT('',#2448);
#2448 = CARTESIAN_POINT('',(-13.8417,14.3338,1.51));
#2449 = LINE('',#2450,#2451);
#2450 = CARTESIAN_POINT('',(-13.8417,14.3338,0.));
#2451 = VECTOR('',#2452,1.);
#2452 = DIRECTION('',(0.,0.,1.));
#2453 = ORIENTED_EDGE('',*,*,#2454,.T.);
#2454 = EDGE_CURVE('',#2447,#2455,#2457,.T.);
#2455 = VERTEX_POINT('',#2456);
#2456 = CARTESIAN_POINT('',(-12.8417,13.3338,1.51));
#2457 = CIRCLE('',#2458,0.999999252925);
#2458 = AXIS2_PLACEMENT_3D('',#2459,#2460,#2461);
#2459 = CARTESIAN_POINT('',(-13.84169925292,13.333800747075,1.51));
#2460 = DIRECTION('',(0.,0.,-1.));
#2461 = DIRECTION('',(-7.470757420593E-07,1.,0.));
#2462 = ORIENTED_EDGE('',*,*,#2463,.F.);
#2463 = EDGE_CURVE('',#2464,#2455,#2466,.T.);
#2464 = VERTEX_POINT('',#2465);
#2465 = CARTESIAN_POINT('',(-12.8417,13.3338,0.));
#2466 = LINE('',#2467,#2468);
#2467 = CARTESIAN_POINT('',(-12.8417,13.3338,0.));
#2468 = VECTOR('',#2469,1.);
#2469 = DIRECTION('',(0.,0.,1.));
#2470 = ORIENTED_EDGE('',*,*,#2471,.F.);
#2471 = EDGE_CURVE('',#2445,#2464,#2472,.T.);
#2472 = CIRCLE('',#2473,0.999999252925);
#2473 = AXIS2_PLACEMENT_3D('',#2474,#2475,#2476);
#2474 = CARTESIAN_POINT('',(-13.84169925292,13.333800747075,0.));
#2475 = DIRECTION('',(0.,0.,-1.));
#2476 = DIRECTION('',(-7.470757420593E-07,1.,0.));
#2477 = CYLINDRICAL_SURFACE('',#2478,0.999999252925);
#2478 = AXIS2_PLACEMENT_3D('',#2479,#2480,#2481);
#2479 = CARTESIAN_POINT('',(-13.84169925292,13.333800747075,0.));
#2480 = DIRECTION('',(0.,0.,-1.));
#2481 = DIRECTION('',(-7.470757420593E-07,1.,0.));
#2482 = ADVANCED_FACE('',(#2483),#2508,.T.);
#2483 = FACE_BOUND('',#2484,.T.);
#2484 = EDGE_LOOP('',(#2485,#2495,#2501,#2502));
#2485 = ORIENTED_EDGE('',*,*,#2486,.T.);
#2486 = EDGE_CURVE('',#2487,#2489,#2491,.T.);
#2487 = VERTEX_POINT('',#2488);
#2488 = CARTESIAN_POINT('',(-61.3417,14.3338,0.));
#2489 = VERTEX_POINT('',#2490);
#2490 = CARTESIAN_POINT('',(-61.3417,14.3338,1.51));
#2491 = LINE('',#2492,#2493);
#2492 = CARTESIAN_POINT('',(-61.3417,14.3338,0.));
#2493 = VECTOR('',#2494,1.);
#2494 = DIRECTION('',(0.,0.,1.));
#2495 = ORIENTED_EDGE('',*,*,#2496,.T.);
#2496 = EDGE_CURVE('',#2489,#2447,#2497,.T.);
#2497 = LINE('',#2498,#2499);
#2498 = CARTESIAN_POINT('',(-61.3417,14.3338,1.51));
#2499 = VECTOR('',#2500,1.);
#2500 = DIRECTION('',(1.,0.,0.));
#2501 = ORIENTED_EDGE('',*,*,#2444,.F.);
#2502 = ORIENTED_EDGE('',*,*,#2503,.F.);
#2503 = EDGE_CURVE('',#2487,#2445,#2504,.T.);
#2504 = LINE('',#2505,#2506);
#2505 = CARTESIAN_POINT('',(-61.3417,14.3338,0.));
#2506 = VECTOR('',#2507,1.);
#2507 = DIRECTION('',(1.,0.,0.));
#2508 = PLANE('',#2509);
#2509 = AXIS2_PLACEMENT_3D('',#2510,#2511,#2512);
#2510 = CARTESIAN_POINT('',(-61.3417,14.3338,0.));
#2511 = DIRECTION('',(0.,1.,0.));
#2512 = DIRECTION('',(1.,0.,0.));
#2513 = ADVANCED_FACE('',(#2514),#2539,.T.);
#2514 = FACE_BOUND('',#2515,.T.);
#2515 = EDGE_LOOP('',(#2516,#2517,#2525,#2533));
#2516 = ORIENTED_EDGE('',*,*,#2463,.T.);
#2517 = ORIENTED_EDGE('',*,*,#2518,.T.);
#2518 = EDGE_CURVE('',#2455,#2519,#2521,.T.);
#2519 = VERTEX_POINT('',#2520);
#2520 = CARTESIAN_POINT('',(-12.8417,3.3338,1.51));
#2521 = LINE('',#2522,#2523);
#2522 = CARTESIAN_POINT('',(-12.8417,13.3338,1.51));
#2523 = VECTOR('',#2524,1.);
#2524 = DIRECTION('',(0.,-1.,0.));
#2525 = ORIENTED_EDGE('',*,*,#2526,.F.);
#2526 = EDGE_CURVE('',#2527,#2519,#2529,.T.);
#2527 = VERTEX_POINT('',#2528);
#2528 = CARTESIAN_POINT('',(-12.8417,3.3338,0.));
#2529 = LINE('',#2530,#2531);
#2530 = CARTESIAN_POINT('',(-12.8417,3.3338,0.));
#2531 = VECTOR('',#2532,1.);
#2532 = DIRECTION('',(0.,0.,1.));
#2533 = ORIENTED_EDGE('',*,*,#2534,.F.);
#2534 = EDGE_CURVE('',#2464,#2527,#2535,.T.);
#2535 = LINE('',#2536,#2537);
#2536 = CARTESIAN_POINT('',(-12.8417,13.3338,0.));
#2537 = VECTOR('',#2538,1.);
#2538 = DIRECTION('',(0.,-1.,0.));
#2539 = PLANE('',#2540);
#2540 = AXIS2_PLACEMENT_3D('',#2541,#2542,#2543);
#2541 = CARTESIAN_POINT('',(-12.8417,13.3338,0.));
#2542 = DIRECTION('',(1.,0.,-0.));
#2543 = DIRECTION('',(0.,-1.,0.));
#2544 = ADVANCED_FACE('',(#2545,#2591,#2602,#2613,#2624,#2635,#2646,
    #2657,#2668,#2679,#2690,#2701,#2712,#2723,#2734,#2745,#2756,#2767,
    #2778,#2789,#2800,#2811,#2822,#2833,#2844,#2855,#2866,#2877,#2888,
    #2899,#2910,#2921,#2932,#2943,#2954),#2965,.F.);
#2545 = FACE_BOUND('',#2546,.F.);
#2546 = EDGE_LOOP('',(#2547,#2548,#2549,#2558,#2566,#2575,#2583,#2590));
#2547 = ORIENTED_EDGE('',*,*,#2471,.F.);
#2548 = ORIENTED_EDGE('',*,*,#2503,.F.);
#2549 = ORIENTED_EDGE('',*,*,#2550,.F.);
#2550 = EDGE_CURVE('',#2551,#2487,#2553,.T.);
#2551 = VERTEX_POINT('',#2552);
#2552 = CARTESIAN_POINT('',(-62.3417,13.3338,0.));
#2553 = CIRCLE('',#2554,0.999999252925);
#2554 = AXIS2_PLACEMENT_3D('',#2555,#2556,#2557);
#2555 = CARTESIAN_POINT('',(-61.34170074707,13.333800747075,0.));
#2556 = DIRECTION('',(0.,0.,-1.));
#2557 = DIRECTION('',(-1.,-7.470757314012E-07,-0.));
#2558 = ORIENTED_EDGE('',*,*,#2559,.F.);
#2559 = EDGE_CURVE('',#2560,#2551,#2562,.T.);
#2560 = VERTEX_POINT('',#2561);
#2561 = CARTESIAN_POINT('',(-62.3417,3.3338,0.));
#2562 = LINE('',#2563,#2564);
#2563 = CARTESIAN_POINT('',(-62.3417,3.3338,0.));
#2564 = VECTOR('',#2565,1.);
#2565 = DIRECTION('',(0.,1.,0.));
#2566 = ORIENTED_EDGE('',*,*,#2567,.F.);
#2567 = EDGE_CURVE('',#2568,#2560,#2570,.T.);
#2568 = VERTEX_POINT('',#2569);
#2569 = CARTESIAN_POINT('',(-61.3417,2.3338,0.));
#2570 = CIRCLE('',#2571,0.999999252925);
#2571 = AXIS2_PLACEMENT_3D('',#2572,#2573,#2574);
#2572 = CARTESIAN_POINT('',(-61.34170074707,3.333799252925,0.));
#2573 = DIRECTION('',(0.,0.,-1.));
#2574 = DIRECTION('',(7.470757278485E-07,-1.,0.));
#2575 = ORIENTED_EDGE('',*,*,#2576,.F.);
#2576 = EDGE_CURVE('',#2577,#2568,#2579,.T.);
#2577 = VERTEX_POINT('',#2578);
#2578 = CARTESIAN_POINT('',(-13.85175,2.3338,0.));
#2579 = LINE('',#2580,#2581);
#2580 = CARTESIAN_POINT('',(-13.85175,2.3338,0.));
#2581 = VECTOR('',#2582,1.);
#2582 = DIRECTION('',(-1.,0.,0.));
#2583 = ORIENTED_EDGE('',*,*,#2584,.F.);
#2584 = EDGE_CURVE('',#2527,#2577,#2585,.T.);
#2585 = CIRCLE('',#2586,1.00004932072);
#2586 = AXIS2_PLACEMENT_3D('',#2587,#2588,#2589);
#2587 = CARTESIAN_POINT('',(-13.84174932072,3.333799315143,0.));
#2588 = DIRECTION('',(0.,0.,-1.));
#2589 = DIRECTION('',(1.,6.848228505642E-07,0.));
#2590 = ORIENTED_EDGE('',*,*,#2534,.F.);
#2591 = FACE_BOUND('',#2592,.F.);
#2592 = EDGE_LOOP('',(#2593));
#2593 = ORIENTED_EDGE('',*,*,#2594,.T.);
#2594 = EDGE_CURVE('',#2595,#2595,#2597,.T.);
#2595 = VERTEX_POINT('',#2596);
#2596 = CARTESIAN_POINT('',(-55.3417,3.9338,0.));
#2597 = CIRCLE('',#2598,0.4);
#2598 = AXIS2_PLACEMENT_3D('',#2599,#2600,#2601);
#2599 = CARTESIAN_POINT('',(-55.3417,4.3338,0.));
#2600 = DIRECTION('',(-0.,0.,-1.));
#2601 = DIRECTION('',(-0.,-1.,0.));
#2602 = FACE_BOUND('',#2603,.F.);
#2603 = EDGE_LOOP('',(#2604));
#2604 = ORIENTED_EDGE('',*,*,#2605,.T.);
#2605 = EDGE_CURVE('',#2606,#2606,#2608,.T.);
#2606 = VERTEX_POINT('',#2607);
#2607 = CARTESIAN_POINT('',(-51.3417,3.3338,0.));
#2608 = CIRCLE('',#2609,1.);
#2609 = AXIS2_PLACEMENT_3D('',#2610,#2611,#2612);
#2610 = CARTESIAN_POINT('',(-51.3417,4.3338,0.));
#2611 = DIRECTION('',(-0.,0.,-1.));
#2612 = DIRECTION('',(-0.,-1.,0.));
#2613 = FACE_BOUND('',#2614,.F.);
#2614 = EDGE_LOOP('',(#2615));
#2615 = ORIENTED_EDGE('',*,*,#2616,.T.);
#2616 = EDGE_CURVE('',#2617,#2617,#2619,.T.);
#2617 = VERTEX_POINT('',#2618);
#2618 = CARTESIAN_POINT('',(-59.3417,4.4838,0.));
#2619 = CIRCLE('',#2620,1.1);
#2620 = AXIS2_PLACEMENT_3D('',#2621,#2622,#2623);
#2621 = CARTESIAN_POINT('',(-59.3417,5.5838,0.));
#2622 = DIRECTION('',(-0.,0.,-1.));
#2623 = DIRECTION('',(-0.,-1.,0.));
#2624 = FACE_BOUND('',#2625,.F.);
#2625 = EDGE_LOOP('',(#2626));
#2626 = ORIENTED_EDGE('',*,*,#2627,.T.);
#2627 = EDGE_CURVE('',#2628,#2628,#2630,.T.);
#2628 = VERTEX_POINT('',#2629);
#2629 = CARTESIAN_POINT('',(-45.3417,3.9338,0.));
#2630 = CIRCLE('',#2631,0.4);
#2631 = AXIS2_PLACEMENT_3D('',#2632,#2633,#2634);
#2632 = CARTESIAN_POINT('',(-45.3417,4.3338,0.));
#2633 = DIRECTION('',(-0.,0.,-1.));
#2634 = DIRECTION('',(-0.,-1.,0.));
#2635 = FACE_BOUND('',#2636,.F.);
#2636 = EDGE_LOOP('',(#2637));
#2637 = ORIENTED_EDGE('',*,*,#2638,.T.);
#2638 = EDGE_CURVE('',#2639,#2639,#2641,.T.);
#2639 = VERTEX_POINT('',#2640);
#2640 = CARTESIAN_POINT('',(-55.3417,6.4338,0.));
#2641 = CIRCLE('',#2642,0.4);
#2642 = AXIS2_PLACEMENT_3D('',#2643,#2644,#2645);
#2643 = CARTESIAN_POINT('',(-55.3417,6.8338,0.));
#2644 = DIRECTION('',(-0.,0.,-1.));
#2645 = DIRECTION('',(-0.,-1.,0.));
#2646 = FACE_BOUND('',#2647,.F.);
#2647 = EDGE_LOOP('',(#2648));
#2648 = ORIENTED_EDGE('',*,*,#2649,.T.);
#2649 = EDGE_CURVE('',#2650,#2650,#2652,.T.);
#2650 = VERTEX_POINT('',#2651);
#2651 = CARTESIAN_POINT('',(-48.3417,5.8338,0.));
#2652 = CIRCLE('',#2653,1.);
#2653 = AXIS2_PLACEMENT_3D('',#2654,#2655,#2656);
#2654 = CARTESIAN_POINT('',(-48.3417,6.8338,0.));
#2655 = DIRECTION('',(-0.,0.,-1.));
#2656 = DIRECTION('',(-0.,-1.,0.));
#2657 = FACE_BOUND('',#2658,.F.);
#2658 = EDGE_LOOP('',(#2659));
#2659 = ORIENTED_EDGE('',*,*,#2660,.T.);
#2660 = EDGE_CURVE('',#2661,#2661,#2663,.T.);
#2661 = VERTEX_POINT('',#2662);
#2662 = CARTESIAN_POINT('',(-45.3417,6.4338,0.));
#2663 = CIRCLE('',#2664,0.4);
#2664 = AXIS2_PLACEMENT_3D('',#2665,#2666,#2667);
#2665 = CARTESIAN_POINT('',(-45.3417,6.8338,0.));
#2666 = DIRECTION('',(-0.,0.,-1.));
#2667 = DIRECTION('',(-0.,-1.,0.));
#2668 = FACE_BOUND('',#2669,.F.);
#2669 = EDGE_LOOP('',(#2670));
#2670 = ORIENTED_EDGE('',*,*,#2671,.T.);
#2671 = EDGE_CURVE('',#2672,#2672,#2674,.T.);
#2672 = VERTEX_POINT('',#2673);
#2673 = CARTESIAN_POINT('',(-41.3417,5.8338,0.));
#2674 = CIRCLE('',#2675,1.);
#2675 = AXIS2_PLACEMENT_3D('',#2676,#2677,#2678);
#2676 = CARTESIAN_POINT('',(-41.3417,6.8338,0.));
#2677 = DIRECTION('',(-0.,0.,-1.));
#2678 = DIRECTION('',(-0.,-1.,0.));
#2679 = FACE_BOUND('',#2680,.F.);
#2680 = EDGE_LOOP('',(#2681));
#2681 = ORIENTED_EDGE('',*,*,#2682,.T.);
#2682 = EDGE_CURVE('',#2683,#2683,#2685,.T.);
#2683 = VERTEX_POINT('',#2684);
#2684 = CARTESIAN_POINT('',(-38.3417,3.3338,0.));
#2685 = CIRCLE('',#2686,1.);
#2686 = AXIS2_PLACEMENT_3D('',#2687,#2688,#2689);
#2687 = CARTESIAN_POINT('',(-38.3417,4.3338,0.));
#2688 = DIRECTION('',(-0.,0.,-1.));
#2689 = DIRECTION('',(-0.,-1.,0.));
#2690 = FACE_BOUND('',#2691,.F.);
#2691 = EDGE_LOOP('',(#2692));
#2692 = ORIENTED_EDGE('',*,*,#2693,.T.);
#2693 = EDGE_CURVE('',#2694,#2694,#2696,.T.);
#2694 = VERTEX_POINT('',#2695);
#2695 = CARTESIAN_POINT('',(-35.3417,3.9338,0.));
#2696 = CIRCLE('',#2697,0.4);
#2697 = AXIS2_PLACEMENT_3D('',#2698,#2699,#2700);
#2698 = CARTESIAN_POINT('',(-35.3417,4.3338,0.));
#2699 = DIRECTION('',(-0.,0.,-1.));
#2700 = DIRECTION('',(-0.,-1.,0.));
#2701 = FACE_BOUND('',#2702,.F.);
#2702 = EDGE_LOOP('',(#2703));
#2703 = ORIENTED_EDGE('',*,*,#2704,.T.);
#2704 = EDGE_CURVE('',#2705,#2705,#2707,.T.);
#2705 = VERTEX_POINT('',#2706);
#2706 = CARTESIAN_POINT('',(-31.3417,3.3338,0.));
#2707 = CIRCLE('',#2708,1.);
#2708 = AXIS2_PLACEMENT_3D('',#2709,#2710,#2711);
#2709 = CARTESIAN_POINT('',(-31.3417,4.3338,0.));
#2710 = DIRECTION('',(-0.,0.,-1.));
#2711 = DIRECTION('',(3.5527136788E-15,-1.,-0.));
#2712 = FACE_BOUND('',#2713,.F.);
#2713 = EDGE_LOOP('',(#2714));
#2714 = ORIENTED_EDGE('',*,*,#2715,.T.);
#2715 = EDGE_CURVE('',#2716,#2716,#2718,.T.);
#2716 = VERTEX_POINT('',#2717);
#2717 = CARTESIAN_POINT('',(-25.3417,3.9338,0.));
#2718 = CIRCLE('',#2719,0.4);
#2719 = AXIS2_PLACEMENT_3D('',#2720,#2721,#2722);
#2720 = CARTESIAN_POINT('',(-25.3417,4.3338,0.));
#2721 = DIRECTION('',(-0.,0.,-1.));
#2722 = DIRECTION('',(8.881784197001E-15,-1.,-0.));
#2723 = FACE_BOUND('',#2724,.F.);
#2724 = EDGE_LOOP('',(#2725));
#2725 = ORIENTED_EDGE('',*,*,#2726,.T.);
#2726 = EDGE_CURVE('',#2727,#2727,#2729,.T.);
#2727 = VERTEX_POINT('',#2728);
#2728 = CARTESIAN_POINT('',(-18.3417,3.3338,0.));
#2729 = CIRCLE('',#2730,1.);
#2730 = AXIS2_PLACEMENT_3D('',#2731,#2732,#2733);
#2731 = CARTESIAN_POINT('',(-18.3417,4.3338,0.));
#2732 = DIRECTION('',(-0.,0.,-1.));
#2733 = DIRECTION('',(-0.,-1.,0.));
#2734 = FACE_BOUND('',#2735,.F.);
#2735 = EDGE_LOOP('',(#2736));
#2736 = ORIENTED_EDGE('',*,*,#2737,.T.);
#2737 = EDGE_CURVE('',#2738,#2738,#2740,.T.);
#2738 = VERTEX_POINT('',#2739);
#2739 = CARTESIAN_POINT('',(-35.3417,6.4338,0.));
#2740 = CIRCLE('',#2741,0.4);
#2741 = AXIS2_PLACEMENT_3D('',#2742,#2743,#2744);
#2742 = CARTESIAN_POINT('',(-35.3417,6.8338,0.));
#2743 = DIRECTION('',(-0.,0.,-1.));
#2744 = DIRECTION('',(-0.,-1.,0.));
#2745 = FACE_BOUND('',#2746,.F.);
#2746 = EDGE_LOOP('',(#2747));
#2747 = ORIENTED_EDGE('',*,*,#2748,.T.);
#2748 = EDGE_CURVE('',#2749,#2749,#2751,.T.);
#2749 = VERTEX_POINT('',#2750);
#2750 = CARTESIAN_POINT('',(-28.3417,5.8338,0.));
#2751 = CIRCLE('',#2752,1.);
#2752 = AXIS2_PLACEMENT_3D('',#2753,#2754,#2755);
#2753 = CARTESIAN_POINT('',(-28.3417,6.8338,0.));
#2754 = DIRECTION('',(-0.,0.,-1.));
#2755 = DIRECTION('',(-0.,-1.,0.));
#2756 = FACE_BOUND('',#2757,.F.);
#2757 = EDGE_LOOP('',(#2758));
#2758 = ORIENTED_EDGE('',*,*,#2759,.T.);
#2759 = EDGE_CURVE('',#2760,#2760,#2762,.T.);
#2760 = VERTEX_POINT('',#2761);
#2761 = CARTESIAN_POINT('',(-25.3417,6.4338,0.));
#2762 = CIRCLE('',#2763,0.4);
#2763 = AXIS2_PLACEMENT_3D('',#2764,#2765,#2766);
#2764 = CARTESIAN_POINT('',(-25.3417,6.8338,0.));
#2765 = DIRECTION('',(-0.,0.,-1.));
#2766 = DIRECTION('',(8.881784197001E-15,-1.,-0.));
#2767 = FACE_BOUND('',#2768,.F.);
#2768 = EDGE_LOOP('',(#2769));
#2769 = ORIENTED_EDGE('',*,*,#2770,.T.);
#2770 = EDGE_CURVE('',#2771,#2771,#2773,.T.);
#2771 = VERTEX_POINT('',#2772);
#2772 = CARTESIAN_POINT('',(-21.3417,5.8338,0.));
#2773 = CIRCLE('',#2774,1.);
#2774 = AXIS2_PLACEMENT_3D('',#2775,#2776,#2777);
#2775 = CARTESIAN_POINT('',(-21.3417,6.8338,0.));
#2776 = DIRECTION('',(-0.,0.,-1.));
#2777 = DIRECTION('',(-0.,-1.,0.));
#2778 = FACE_BOUND('',#2779,.F.);
#2779 = EDGE_LOOP('',(#2780));
#2780 = ORIENTED_EDGE('',*,*,#2781,.T.);
#2781 = EDGE_CURVE('',#2782,#2782,#2784,.T.);
#2782 = VERTEX_POINT('',#2783);
#2783 = CARTESIAN_POINT('',(-55.3417,9.4338,0.));
#2784 = CIRCLE('',#2785,0.4);
#2785 = AXIS2_PLACEMENT_3D('',#2786,#2787,#2788);
#2786 = CARTESIAN_POINT('',(-55.3417,9.8338,0.));
#2787 = DIRECTION('',(-0.,0.,-1.));
#2788 = DIRECTION('',(-0.,-1.,0.));
#2789 = FACE_BOUND('',#2790,.F.);
#2790 = EDGE_LOOP('',(#2791));
#2791 = ORIENTED_EDGE('',*,*,#2792,.T.);
#2792 = EDGE_CURVE('',#2793,#2793,#2795,.T.);
#2793 = VERTEX_POINT('',#2794);
#2794 = CARTESIAN_POINT('',(-51.3417,8.8338,0.));
#2795 = CIRCLE('',#2796,1.);
#2796 = AXIS2_PLACEMENT_3D('',#2797,#2798,#2799);
#2797 = CARTESIAN_POINT('',(-51.3417,9.8338,0.));
#2798 = DIRECTION('',(-0.,0.,-1.));
#2799 = DIRECTION('',(-0.,-1.,0.));
#2800 = FACE_BOUND('',#2801,.F.);
#2801 = EDGE_LOOP('',(#2802));
#2802 = ORIENTED_EDGE('',*,*,#2803,.T.);
#2803 = EDGE_CURVE('',#2804,#2804,#2806,.T.);
#2804 = VERTEX_POINT('',#2805);
#2805 = CARTESIAN_POINT('',(-45.3417,9.4338,0.));
#2806 = CIRCLE('',#2807,0.4);
#2807 = AXIS2_PLACEMENT_3D('',#2808,#2809,#2810);
#2808 = CARTESIAN_POINT('',(-45.3417,9.8338,0.));
#2809 = DIRECTION('',(-0.,0.,-1.));
#2810 = DIRECTION('',(-0.,-1.,0.));
#2811 = FACE_BOUND('',#2812,.F.);
#2812 = EDGE_LOOP('',(#2813));
#2813 = ORIENTED_EDGE('',*,*,#2814,.T.);
#2814 = EDGE_CURVE('',#2815,#2815,#2817,.T.);
#2815 = VERTEX_POINT('',#2816);
#2816 = CARTESIAN_POINT('',(-59.3417,9.9838,0.));
#2817 = CIRCLE('',#2818,1.1);
#2818 = AXIS2_PLACEMENT_3D('',#2819,#2820,#2821);
#2819 = CARTESIAN_POINT('',(-59.3417,11.0838,0.));
#2820 = DIRECTION('',(-0.,0.,-1.));
#2821 = DIRECTION('',(-0.,-1.,0.));
#2822 = FACE_BOUND('',#2823,.F.);
#2823 = EDGE_LOOP('',(#2824));
#2824 = ORIENTED_EDGE('',*,*,#2825,.T.);
#2825 = EDGE_CURVE('',#2826,#2826,#2828,.T.);
#2826 = VERTEX_POINT('',#2827);
#2827 = CARTESIAN_POINT('',(-55.3417,11.9338,0.));
#2828 = CIRCLE('',#2829,0.4);
#2829 = AXIS2_PLACEMENT_3D('',#2830,#2831,#2832);
#2830 = CARTESIAN_POINT('',(-55.3417,12.3338,0.));
#2831 = DIRECTION('',(-0.,0.,-1.));
#2832 = DIRECTION('',(-0.,-1.,0.));
#2833 = FACE_BOUND('',#2834,.F.);
#2834 = EDGE_LOOP('',(#2835));
#2835 = ORIENTED_EDGE('',*,*,#2836,.T.);
#2836 = EDGE_CURVE('',#2837,#2837,#2839,.T.);
#2837 = VERTEX_POINT('',#2838);
#2838 = CARTESIAN_POINT('',(-48.3417,11.3338,0.));
#2839 = CIRCLE('',#2840,1.);
#2840 = AXIS2_PLACEMENT_3D('',#2841,#2842,#2843);
#2841 = CARTESIAN_POINT('',(-48.3417,12.3338,0.));
#2842 = DIRECTION('',(-0.,0.,-1.));
#2843 = DIRECTION('',(-0.,-1.,0.));
#2844 = FACE_BOUND('',#2845,.F.);
#2845 = EDGE_LOOP('',(#2846));
#2846 = ORIENTED_EDGE('',*,*,#2847,.T.);
#2847 = EDGE_CURVE('',#2848,#2848,#2850,.T.);
#2848 = VERTEX_POINT('',#2849);
#2849 = CARTESIAN_POINT('',(-45.3417,11.9338,0.));
#2850 = CIRCLE('',#2851,0.4);
#2851 = AXIS2_PLACEMENT_3D('',#2852,#2853,#2854);
#2852 = CARTESIAN_POINT('',(-45.3417,12.3338,0.));
#2853 = DIRECTION('',(-0.,0.,-1.));
#2854 = DIRECTION('',(-0.,-1.,0.));
#2855 = FACE_BOUND('',#2856,.F.);
#2856 = EDGE_LOOP('',(#2857));
#2857 = ORIENTED_EDGE('',*,*,#2858,.T.);
#2858 = EDGE_CURVE('',#2859,#2859,#2861,.T.);
#2859 = VERTEX_POINT('',#2860);
#2860 = CARTESIAN_POINT('',(-41.3417,11.3338,0.));
#2861 = CIRCLE('',#2862,1.);
#2862 = AXIS2_PLACEMENT_3D('',#2863,#2864,#2865);
#2863 = CARTESIAN_POINT('',(-41.3417,12.3338,0.));
#2864 = DIRECTION('',(-0.,0.,-1.));
#2865 = DIRECTION('',(-0.,-1.,0.));
#2866 = FACE_BOUND('',#2867,.F.);
#2867 = EDGE_LOOP('',(#2868));
#2868 = ORIENTED_EDGE('',*,*,#2869,.T.);
#2869 = EDGE_CURVE('',#2870,#2870,#2872,.T.);
#2870 = VERTEX_POINT('',#2871);
#2871 = CARTESIAN_POINT('',(-38.3417,8.8338,0.));
#2872 = CIRCLE('',#2873,1.);
#2873 = AXIS2_PLACEMENT_3D('',#2874,#2875,#2876);
#2874 = CARTESIAN_POINT('',(-38.3417,9.8338,0.));
#2875 = DIRECTION('',(-0.,0.,-1.));
#2876 = DIRECTION('',(-0.,-1.,0.));
#2877 = FACE_BOUND('',#2878,.F.);
#2878 = EDGE_LOOP('',(#2879));
#2879 = ORIENTED_EDGE('',*,*,#2880,.T.);
#2880 = EDGE_CURVE('',#2881,#2881,#2883,.T.);
#2881 = VERTEX_POINT('',#2882);
#2882 = CARTESIAN_POINT('',(-35.3417,9.4338,0.));
#2883 = CIRCLE('',#2884,0.4);
#2884 = AXIS2_PLACEMENT_3D('',#2885,#2886,#2887);
#2885 = CARTESIAN_POINT('',(-35.3417,9.8338,0.));
#2886 = DIRECTION('',(-0.,0.,-1.));
#2887 = DIRECTION('',(-0.,-1.,0.));
#2888 = FACE_BOUND('',#2889,.F.);
#2889 = EDGE_LOOP('',(#2890));
#2890 = ORIENTED_EDGE('',*,*,#2891,.T.);
#2891 = EDGE_CURVE('',#2892,#2892,#2894,.T.);
#2892 = VERTEX_POINT('',#2893);
#2893 = CARTESIAN_POINT('',(-31.3417,8.8338,0.));
#2894 = CIRCLE('',#2895,1.);
#2895 = AXIS2_PLACEMENT_3D('',#2896,#2897,#2898);
#2896 = CARTESIAN_POINT('',(-31.3417,9.8338,0.));
#2897 = DIRECTION('',(-0.,0.,-1.));
#2898 = DIRECTION('',(3.5527136788E-15,-1.,-0.));
#2899 = FACE_BOUND('',#2900,.F.);
#2900 = EDGE_LOOP('',(#2901));
#2901 = ORIENTED_EDGE('',*,*,#2902,.T.);
#2902 = EDGE_CURVE('',#2903,#2903,#2905,.T.);
#2903 = VERTEX_POINT('',#2904);
#2904 = CARTESIAN_POINT('',(-25.3417,9.4338,0.));
#2905 = CIRCLE('',#2906,0.4);
#2906 = AXIS2_PLACEMENT_3D('',#2907,#2908,#2909);
#2907 = CARTESIAN_POINT('',(-25.3417,9.8338,0.));
#2908 = DIRECTION('',(-0.,0.,-1.));
#2909 = DIRECTION('',(8.881784197001E-15,-1.,-0.));
#2910 = FACE_BOUND('',#2911,.F.);
#2911 = EDGE_LOOP('',(#2912));
#2912 = ORIENTED_EDGE('',*,*,#2913,.T.);
#2913 = EDGE_CURVE('',#2914,#2914,#2916,.T.);
#2914 = VERTEX_POINT('',#2915);
#2915 = CARTESIAN_POINT('',(-18.3417,8.8338,0.));
#2916 = CIRCLE('',#2917,1.);
#2917 = AXIS2_PLACEMENT_3D('',#2918,#2919,#2920);
#2918 = CARTESIAN_POINT('',(-18.3417,9.8338,0.));
#2919 = DIRECTION('',(-0.,0.,-1.));
#2920 = DIRECTION('',(-0.,-1.,0.));
#2921 = FACE_BOUND('',#2922,.F.);
#2922 = EDGE_LOOP('',(#2923));
#2923 = ORIENTED_EDGE('',*,*,#2924,.T.);
#2924 = EDGE_CURVE('',#2925,#2925,#2927,.T.);
#2925 = VERTEX_POINT('',#2926);
#2926 = CARTESIAN_POINT('',(-35.3417,11.9338,0.));
#2927 = CIRCLE('',#2928,0.4);
#2928 = AXIS2_PLACEMENT_3D('',#2929,#2930,#2931);
#2929 = CARTESIAN_POINT('',(-35.3417,12.3338,0.));
#2930 = DIRECTION('',(-0.,0.,-1.));
#2931 = DIRECTION('',(-0.,-1.,0.));
#2932 = FACE_BOUND('',#2933,.F.);
#2933 = EDGE_LOOP('',(#2934));
#2934 = ORIENTED_EDGE('',*,*,#2935,.T.);
#2935 = EDGE_CURVE('',#2936,#2936,#2938,.T.);
#2936 = VERTEX_POINT('',#2937);
#2937 = CARTESIAN_POINT('',(-28.3417,11.3338,0.));
#2938 = CIRCLE('',#2939,1.);
#2939 = AXIS2_PLACEMENT_3D('',#2940,#2941,#2942);
#2940 = CARTESIAN_POINT('',(-28.3417,12.3338,0.));
#2941 = DIRECTION('',(-0.,0.,-1.));
#2942 = DIRECTION('',(-0.,-1.,0.));
#2943 = FACE_BOUND('',#2944,.F.);
#2944 = EDGE_LOOP('',(#2945));
#2945 = ORIENTED_EDGE('',*,*,#2946,.T.);
#2946 = EDGE_CURVE('',#2947,#2947,#2949,.T.);
#2947 = VERTEX_POINT('',#2948);
#2948 = CARTESIAN_POINT('',(-25.3417,11.9338,0.));
#2949 = CIRCLE('',#2950,0.4);
#2950 = AXIS2_PLACEMENT_3D('',#2951,#2952,#2953);
#2951 = CARTESIAN_POINT('',(-25.3417,12.3338,0.));
#2952 = DIRECTION('',(-0.,0.,-1.));
#2953 = DIRECTION('',(8.881784197001E-15,-1.,-0.));
#2954 = FACE_BOUND('',#2955,.F.);
#2955 = EDGE_LOOP('',(#2956));
#2956 = ORIENTED_EDGE('',*,*,#2957,.T.);
#2957 = EDGE_CURVE('',#2958,#2958,#2960,.T.);
#2958 = VERTEX_POINT('',#2959);
#2959 = CARTESIAN_POINT('',(-21.3417,11.3338,0.));
#2960 = CIRCLE('',#2961,1.);
#2961 = AXIS2_PLACEMENT_3D('',#2962,#2963,#2964);
#2962 = CARTESIAN_POINT('',(-21.3417,12.3338,0.));
#2963 = DIRECTION('',(-0.,0.,-1.));
#2964 = DIRECTION('',(-0.,-1.,0.));
#2965 = PLANE('',#2966);
#2966 = AXIS2_PLACEMENT_3D('',#2967,#2968,#2969);
#2967 = CARTESIAN_POINT('',(0.,0.,0.));
#2968 = DIRECTION('',(0.,0.,1.));
#2969 = DIRECTION('',(1.,0.,-0.));
#2970 = ADVANCED_FACE('',(#2971,#3017,#3028,#3039,#3050,#3061,#3072,
    #3083,#3094,#3105,#3116,#3127,#3138,#3149,#3160,#3171,#3182,#3193,
    #3204,#3215,#3226,#3237,#3248,#3259,#3270,#3281,#3292,#3303,#3314,
    #3325,#3336,#3347,#3358,#3369,#3380),#3391,.T.);
#2971 = FACE_BOUND('',#2972,.T.);
#2972 = EDGE_LOOP('',(#2973,#2974,#2975,#2984,#2992,#3001,#3009,#3016));
#2973 = ORIENTED_EDGE('',*,*,#2454,.F.);
#2974 = ORIENTED_EDGE('',*,*,#2496,.F.);
#2975 = ORIENTED_EDGE('',*,*,#2976,.F.);
#2976 = EDGE_CURVE('',#2977,#2489,#2979,.T.);
#2977 = VERTEX_POINT('',#2978);
#2978 = CARTESIAN_POINT('',(-62.3417,13.3338,1.51));
#2979 = CIRCLE('',#2980,0.999999252925);
#2980 = AXIS2_PLACEMENT_3D('',#2981,#2982,#2983);
#2981 = CARTESIAN_POINT('',(-61.34170074707,13.333800747075,1.51));
#2982 = DIRECTION('',(0.,0.,-1.));
#2983 = DIRECTION('',(-1.,-7.470757314012E-07,-0.));
#2984 = ORIENTED_EDGE('',*,*,#2985,.F.);
#2985 = EDGE_CURVE('',#2986,#2977,#2988,.T.);
#2986 = VERTEX_POINT('',#2987);
#2987 = CARTESIAN_POINT('',(-62.3417,3.3338,1.51));
#2988 = LINE('',#2989,#2990);
#2989 = CARTESIAN_POINT('',(-62.3417,3.3338,1.51));
#2990 = VECTOR('',#2991,1.);
#2991 = DIRECTION('',(0.,1.,0.));
#2992 = ORIENTED_EDGE('',*,*,#2993,.F.);
#2993 = EDGE_CURVE('',#2994,#2986,#2996,.T.);
#2994 = VERTEX_POINT('',#2995);
#2995 = CARTESIAN_POINT('',(-61.3417,2.3338,1.51));
#2996 = CIRCLE('',#2997,0.999999252925);
#2997 = AXIS2_PLACEMENT_3D('',#2998,#2999,#3000);
#2998 = CARTESIAN_POINT('',(-61.34170074707,3.333799252925,1.51));
#2999 = DIRECTION('',(0.,0.,-1.));
#3000 = DIRECTION('',(7.470757278485E-07,-1.,0.));
#3001 = ORIENTED_EDGE('',*,*,#3002,.F.);
#3002 = EDGE_CURVE('',#3003,#2994,#3005,.T.);
#3003 = VERTEX_POINT('',#3004);
#3004 = CARTESIAN_POINT('',(-13.85175,2.3338,1.51));
#3005 = LINE('',#3006,#3007);
#3006 = CARTESIAN_POINT('',(-13.85175,2.3338,1.51));
#3007 = VECTOR('',#3008,1.);
#3008 = DIRECTION('',(-1.,0.,0.));
#3009 = ORIENTED_EDGE('',*,*,#3010,.F.);
#3010 = EDGE_CURVE('',#2519,#3003,#3011,.T.);
#3011 = CIRCLE('',#3012,1.00004932072);
#3012 = AXIS2_PLACEMENT_3D('',#3013,#3014,#3015);
#3013 = CARTESIAN_POINT('',(-13.84174932072,3.333799315143,1.51));
#3014 = DIRECTION('',(0.,0.,-1.));
#3015 = DIRECTION('',(1.,6.848228505642E-07,0.));
#3016 = ORIENTED_EDGE('',*,*,#2518,.F.);
#3017 = FACE_BOUND('',#3018,.T.);
#3018 = EDGE_LOOP('',(#3019));
#3019 = ORIENTED_EDGE('',*,*,#3020,.T.);
#3020 = EDGE_CURVE('',#3021,#3021,#3023,.T.);
#3021 = VERTEX_POINT('',#3022);
#3022 = CARTESIAN_POINT('',(-55.3417,3.9338,1.51));
#3023 = CIRCLE('',#3024,0.4);
#3024 = AXIS2_PLACEMENT_3D('',#3025,#3026,#3027);
#3025 = CARTESIAN_POINT('',(-55.3417,4.3338,1.51));
#3026 = DIRECTION('',(-0.,0.,-1.));
#3027 = DIRECTION('',(-0.,-1.,0.));
#3028 = FACE_BOUND('',#3029,.T.);
#3029 = EDGE_LOOP('',(#3030));
#3030 = ORIENTED_EDGE('',*,*,#3031,.T.);
#3031 = EDGE_CURVE('',#3032,#3032,#3034,.T.);
#3032 = VERTEX_POINT('',#3033);
#3033 = CARTESIAN_POINT('',(-51.3417,3.3338,1.51));
#3034 = CIRCLE('',#3035,1.);
#3035 = AXIS2_PLACEMENT_3D('',#3036,#3037,#3038);
#3036 = CARTESIAN_POINT('',(-51.3417,4.3338,1.51));
#3037 = DIRECTION('',(-0.,0.,-1.));
#3038 = DIRECTION('',(-0.,-1.,0.));
#3039 = FACE_BOUND('',#3040,.T.);
#3040 = EDGE_LOOP('',(#3041));
#3041 = ORIENTED_EDGE('',*,*,#3042,.T.);
#3042 = EDGE_CURVE('',#3043,#3043,#3045,.T.);
#3043 = VERTEX_POINT('',#3044);
#3044 = CARTESIAN_POINT('',(-59.3417,4.4838,1.51));
#3045 = CIRCLE('',#3046,1.1);
#3046 = AXIS2_PLACEMENT_3D('',#3047,#3048,#3049);
#3047 = CARTESIAN_POINT('',(-59.3417,5.5838,1.51));
#3048 = DIRECTION('',(-0.,0.,-1.));
#3049 = DIRECTION('',(-0.,-1.,0.));
#3050 = FACE_BOUND('',#3051,.T.);
#3051 = EDGE_LOOP('',(#3052));
#3052 = ORIENTED_EDGE('',*,*,#3053,.T.);
#3053 = EDGE_CURVE('',#3054,#3054,#3056,.T.);
#3054 = VERTEX_POINT('',#3055);
#3055 = CARTESIAN_POINT('',(-45.3417,3.9338,1.51));
#3056 = CIRCLE('',#3057,0.4);
#3057 = AXIS2_PLACEMENT_3D('',#3058,#3059,#3060);
#3058 = CARTESIAN_POINT('',(-45.3417,4.3338,1.51));
#3059 = DIRECTION('',(-0.,0.,-1.));
#3060 = DIRECTION('',(-0.,-1.,0.));
#3061 = FACE_BOUND('',#3062,.T.);
#3062 = EDGE_LOOP('',(#3063));
#3063 = ORIENTED_EDGE('',*,*,#3064,.T.);
#3064 = EDGE_CURVE('',#3065,#3065,#3067,.T.);
#3065 = VERTEX_POINT('',#3066);
#3066 = CARTESIAN_POINT('',(-55.3417,6.4338,1.51));
#3067 = CIRCLE('',#3068,0.4);
#3068 = AXIS2_PLACEMENT_3D('',#3069,#3070,#3071);
#3069 = CARTESIAN_POINT('',(-55.3417,6.8338,1.51));
#3070 = DIRECTION('',(-0.,0.,-1.));
#3071 = DIRECTION('',(-0.,-1.,0.));
#3072 = FACE_BOUND('',#3073,.T.);
#3073 = EDGE_LOOP('',(#3074));
#3074 = ORIENTED_EDGE('',*,*,#3075,.T.);
#3075 = EDGE_CURVE('',#3076,#3076,#3078,.T.);
#3076 = VERTEX_POINT('',#3077);
#3077 = CARTESIAN_POINT('',(-48.3417,5.8338,1.51));
#3078 = CIRCLE('',#3079,1.);
#3079 = AXIS2_PLACEMENT_3D('',#3080,#3081,#3082);
#3080 = CARTESIAN_POINT('',(-48.3417,6.8338,1.51));
#3081 = DIRECTION('',(-0.,0.,-1.));
#3082 = DIRECTION('',(-0.,-1.,0.));
#3083 = FACE_BOUND('',#3084,.T.);
#3084 = EDGE_LOOP('',(#3085));
#3085 = ORIENTED_EDGE('',*,*,#3086,.T.);
#3086 = EDGE_CURVE('',#3087,#3087,#3089,.T.);
#3087 = VERTEX_POINT('',#3088);
#3088 = CARTESIAN_POINT('',(-45.3417,6.4338,1.51));
#3089 = CIRCLE('',#3090,0.4);
#3090 = AXIS2_PLACEMENT_3D('',#3091,#3092,#3093);
#3091 = CARTESIAN_POINT('',(-45.3417,6.8338,1.51));
#3092 = DIRECTION('',(-0.,0.,-1.));
#3093 = DIRECTION('',(-0.,-1.,0.));
#3094 = FACE_BOUND('',#3095,.T.);
#3095 = EDGE_LOOP('',(#3096));
#3096 = ORIENTED_EDGE('',*,*,#3097,.T.);
#3097 = EDGE_CURVE('',#3098,#3098,#3100,.T.);
#3098 = VERTEX_POINT('',#3099);
#3099 = CARTESIAN_POINT('',(-41.3417,5.8338,1.51));
#3100 = CIRCLE('',#3101,1.);
#3101 = AXIS2_PLACEMENT_3D('',#3102,#3103,#3104);
#3102 = CARTESIAN_POINT('',(-41.3417,6.8338,1.51));
#3103 = DIRECTION('',(-0.,0.,-1.));
#3104 = DIRECTION('',(-0.,-1.,0.));
#3105 = FACE_BOUND('',#3106,.T.);
#3106 = EDGE_LOOP('',(#3107));
#3107 = ORIENTED_EDGE('',*,*,#3108,.T.);
#3108 = EDGE_CURVE('',#3109,#3109,#3111,.T.);
#3109 = VERTEX_POINT('',#3110);
#3110 = CARTESIAN_POINT('',(-38.3417,3.3338,1.51));
#3111 = CIRCLE('',#3112,1.);
#3112 = AXIS2_PLACEMENT_3D('',#3113,#3114,#3115);
#3113 = CARTESIAN_POINT('',(-38.3417,4.3338,1.51));
#3114 = DIRECTION('',(-0.,0.,-1.));
#3115 = DIRECTION('',(-0.,-1.,0.));
#3116 = FACE_BOUND('',#3117,.T.);
#3117 = EDGE_LOOP('',(#3118));
#3118 = ORIENTED_EDGE('',*,*,#3119,.T.);
#3119 = EDGE_CURVE('',#3120,#3120,#3122,.T.);
#3120 = VERTEX_POINT('',#3121);
#3121 = CARTESIAN_POINT('',(-35.3417,3.9338,1.51));
#3122 = CIRCLE('',#3123,0.4);
#3123 = AXIS2_PLACEMENT_3D('',#3124,#3125,#3126);
#3124 = CARTESIAN_POINT('',(-35.3417,4.3338,1.51));
#3125 = DIRECTION('',(-0.,0.,-1.));
#3126 = DIRECTION('',(-0.,-1.,0.));
#3127 = FACE_BOUND('',#3128,.T.);
#3128 = EDGE_LOOP('',(#3129));
#3129 = ORIENTED_EDGE('',*,*,#3130,.T.);
#3130 = EDGE_CURVE('',#3131,#3131,#3133,.T.);
#3131 = VERTEX_POINT('',#3132);
#3132 = CARTESIAN_POINT('',(-31.3417,3.3338,1.51));
#3133 = CIRCLE('',#3134,1.);
#3134 = AXIS2_PLACEMENT_3D('',#3135,#3136,#3137);
#3135 = CARTESIAN_POINT('',(-31.3417,4.3338,1.51));
#3136 = DIRECTION('',(-0.,0.,-1.));
#3137 = DIRECTION('',(3.5527136788E-15,-1.,-0.));
#3138 = FACE_BOUND('',#3139,.T.);
#3139 = EDGE_LOOP('',(#3140));
#3140 = ORIENTED_EDGE('',*,*,#3141,.T.);
#3141 = EDGE_CURVE('',#3142,#3142,#3144,.T.);
#3142 = VERTEX_POINT('',#3143);
#3143 = CARTESIAN_POINT('',(-25.3417,3.9338,1.51));
#3144 = CIRCLE('',#3145,0.4);
#3145 = AXIS2_PLACEMENT_3D('',#3146,#3147,#3148);
#3146 = CARTESIAN_POINT('',(-25.3417,4.3338,1.51));
#3147 = DIRECTION('',(-0.,0.,-1.));
#3148 = DIRECTION('',(8.881784197001E-15,-1.,-0.));
#3149 = FACE_BOUND('',#3150,.T.);
#3150 = EDGE_LOOP('',(#3151));
#3151 = ORIENTED_EDGE('',*,*,#3152,.T.);
#3152 = EDGE_CURVE('',#3153,#3153,#3155,.T.);
#3153 = VERTEX_POINT('',#3154);
#3154 = CARTESIAN_POINT('',(-18.3417,3.3338,1.51));
#3155 = CIRCLE('',#3156,1.);
#3156 = AXIS2_PLACEMENT_3D('',#3157,#3158,#3159);
#3157 = CARTESIAN_POINT('',(-18.3417,4.3338,1.51));
#3158 = DIRECTION('',(-0.,0.,-1.));
#3159 = DIRECTION('',(-0.,-1.,0.));
#3160 = FACE_BOUND('',#3161,.T.);
#3161 = EDGE_LOOP('',(#3162));
#3162 = ORIENTED_EDGE('',*,*,#3163,.T.);
#3163 = EDGE_CURVE('',#3164,#3164,#3166,.T.);
#3164 = VERTEX_POINT('',#3165);
#3165 = CARTESIAN_POINT('',(-35.3417,6.4338,1.51));
#3166 = CIRCLE('',#3167,0.4);
#3167 = AXIS2_PLACEMENT_3D('',#3168,#3169,#3170);
#3168 = CARTESIAN_POINT('',(-35.3417,6.8338,1.51));
#3169 = DIRECTION('',(-0.,0.,-1.));
#3170 = DIRECTION('',(-0.,-1.,0.));
#3171 = FACE_BOUND('',#3172,.T.);
#3172 = EDGE_LOOP('',(#3173));
#3173 = ORIENTED_EDGE('',*,*,#3174,.T.);
#3174 = EDGE_CURVE('',#3175,#3175,#3177,.T.);
#3175 = VERTEX_POINT('',#3176);
#3176 = CARTESIAN_POINT('',(-28.3417,5.8338,1.51));
#3177 = CIRCLE('',#3178,1.);
#3178 = AXIS2_PLACEMENT_3D('',#3179,#3180,#3181);
#3179 = CARTESIAN_POINT('',(-28.3417,6.8338,1.51));
#3180 = DIRECTION('',(-0.,0.,-1.));
#3181 = DIRECTION('',(-0.,-1.,0.));
#3182 = FACE_BOUND('',#3183,.T.);
#3183 = EDGE_LOOP('',(#3184));
#3184 = ORIENTED_EDGE('',*,*,#3185,.T.);
#3185 = EDGE_CURVE('',#3186,#3186,#3188,.T.);
#3186 = VERTEX_POINT('',#3187);
#3187 = CARTESIAN_POINT('',(-25.3417,6.4338,1.51));
#3188 = CIRCLE('',#3189,0.4);
#3189 = AXIS2_PLACEMENT_3D('',#3190,#3191,#3192);
#3190 = CARTESIAN_POINT('',(-25.3417,6.8338,1.51));
#3191 = DIRECTION('',(-0.,0.,-1.));
#3192 = DIRECTION('',(8.881784197001E-15,-1.,-0.));
#3193 = FACE_BOUND('',#3194,.T.);
#3194 = EDGE_LOOP('',(#3195));
#3195 = ORIENTED_EDGE('',*,*,#3196,.T.);
#3196 = EDGE_CURVE('',#3197,#3197,#3199,.T.);
#3197 = VERTEX_POINT('',#3198);
#3198 = CARTESIAN_POINT('',(-21.3417,5.8338,1.51));
#3199 = CIRCLE('',#3200,1.);
#3200 = AXIS2_PLACEMENT_3D('',#3201,#3202,#3203);
#3201 = CARTESIAN_POINT('',(-21.3417,6.8338,1.51));
#3202 = DIRECTION('',(-0.,0.,-1.));
#3203 = DIRECTION('',(-0.,-1.,0.));
#3204 = FACE_BOUND('',#3205,.T.);
#3205 = EDGE_LOOP('',(#3206));
#3206 = ORIENTED_EDGE('',*,*,#3207,.T.);
#3207 = EDGE_CURVE('',#3208,#3208,#3210,.T.);
#3208 = VERTEX_POINT('',#3209);
#3209 = CARTESIAN_POINT('',(-55.3417,9.4338,1.51));
#3210 = CIRCLE('',#3211,0.4);
#3211 = AXIS2_PLACEMENT_3D('',#3212,#3213,#3214);
#3212 = CARTESIAN_POINT('',(-55.3417,9.8338,1.51));
#3213 = DIRECTION('',(-0.,0.,-1.));
#3214 = DIRECTION('',(-0.,-1.,0.));
#3215 = FACE_BOUND('',#3216,.T.);
#3216 = EDGE_LOOP('',(#3217));
#3217 = ORIENTED_EDGE('',*,*,#3218,.T.);
#3218 = EDGE_CURVE('',#3219,#3219,#3221,.T.);
#3219 = VERTEX_POINT('',#3220);
#3220 = CARTESIAN_POINT('',(-51.3417,8.8338,1.51));
#3221 = CIRCLE('',#3222,1.);
#3222 = AXIS2_PLACEMENT_3D('',#3223,#3224,#3225);
#3223 = CARTESIAN_POINT('',(-51.3417,9.8338,1.51));
#3224 = DIRECTION('',(-0.,0.,-1.));
#3225 = DIRECTION('',(-0.,-1.,0.));
#3226 = FACE_BOUND('',#3227,.T.);
#3227 = EDGE_LOOP('',(#3228));
#3228 = ORIENTED_EDGE('',*,*,#3229,.T.);
#3229 = EDGE_CURVE('',#3230,#3230,#3232,.T.);
#3230 = VERTEX_POINT('',#3231);
#3231 = CARTESIAN_POINT('',(-45.3417,9.4338,1.51));
#3232 = CIRCLE('',#3233,0.4);
#3233 = AXIS2_PLACEMENT_3D('',#3234,#3235,#3236);
#3234 = CARTESIAN_POINT('',(-45.3417,9.8338,1.51));
#3235 = DIRECTION('',(-0.,0.,-1.));
#3236 = DIRECTION('',(-0.,-1.,0.));
#3237 = FACE_BOUND('',#3238,.T.);
#3238 = EDGE_LOOP('',(#3239));
#3239 = ORIENTED_EDGE('',*,*,#3240,.T.);
#3240 = EDGE_CURVE('',#3241,#3241,#3243,.T.);
#3241 = VERTEX_POINT('',#3242);
#3242 = CARTESIAN_POINT('',(-59.3417,9.9838,1.51));
#3243 = CIRCLE('',#3244,1.1);
#3244 = AXIS2_PLACEMENT_3D('',#3245,#3246,#3247);
#3245 = CARTESIAN_POINT('',(-59.3417,11.0838,1.51));
#3246 = DIRECTION('',(-0.,0.,-1.));
#3247 = DIRECTION('',(-0.,-1.,0.));
#3248 = FACE_BOUND('',#3249,.T.);
#3249 = EDGE_LOOP('',(#3250));
#3250 = ORIENTED_EDGE('',*,*,#3251,.T.);
#3251 = EDGE_CURVE('',#3252,#3252,#3254,.T.);
#3252 = VERTEX_POINT('',#3253);
#3253 = CARTESIAN_POINT('',(-55.3417,11.9338,1.51));
#3254 = CIRCLE('',#3255,0.4);
#3255 = AXIS2_PLACEMENT_3D('',#3256,#3257,#3258);
#3256 = CARTESIAN_POINT('',(-55.3417,12.3338,1.51));
#3257 = DIRECTION('',(-0.,0.,-1.));
#3258 = DIRECTION('',(-0.,-1.,0.));
#3259 = FACE_BOUND('',#3260,.T.);
#3260 = EDGE_LOOP('',(#3261));
#3261 = ORIENTED_EDGE('',*,*,#3262,.T.);
#3262 = EDGE_CURVE('',#3263,#3263,#3265,.T.);
#3263 = VERTEX_POINT('',#3264);
#3264 = CARTESIAN_POINT('',(-48.3417,11.3338,1.51));
#3265 = CIRCLE('',#3266,1.);
#3266 = AXIS2_PLACEMENT_3D('',#3267,#3268,#3269);
#3267 = CARTESIAN_POINT('',(-48.3417,12.3338,1.51));
#3268 = DIRECTION('',(-0.,0.,-1.));
#3269 = DIRECTION('',(-0.,-1.,0.));
#3270 = FACE_BOUND('',#3271,.T.);
#3271 = EDGE_LOOP('',(#3272));
#3272 = ORIENTED_EDGE('',*,*,#3273,.T.);
#3273 = EDGE_CURVE('',#3274,#3274,#3276,.T.);
#3274 = VERTEX_POINT('',#3275);
#3275 = CARTESIAN_POINT('',(-45.3417,11.9338,1.51));
#3276 = CIRCLE('',#3277,0.4);
#3277 = AXIS2_PLACEMENT_3D('',#3278,#3279,#3280);
#3278 = CARTESIAN_POINT('',(-45.3417,12.3338,1.51));
#3279 = DIRECTION('',(-0.,0.,-1.));
#3280 = DIRECTION('',(-0.,-1.,0.));
#3281 = FACE_BOUND('',#3282,.T.);
#3282 = EDGE_LOOP('',(#3283));
#3283 = ORIENTED_EDGE('',*,*,#3284,.T.);
#3284 = EDGE_CURVE('',#3285,#3285,#3287,.T.);
#3285 = VERTEX_POINT('',#3286);
#3286 = CARTESIAN_POINT('',(-41.3417,11.3338,1.51));
#3287 = CIRCLE('',#3288,1.);
#3288 = AXIS2_PLACEMENT_3D('',#3289,#3290,#3291);
#3289 = CARTESIAN_POINT('',(-41.3417,12.3338,1.51));
#3290 = DIRECTION('',(-0.,0.,-1.));
#3291 = DIRECTION('',(-0.,-1.,0.));
#3292 = FACE_BOUND('',#3293,.T.);
#3293 = EDGE_LOOP('',(#3294));
#3294 = ORIENTED_EDGE('',*,*,#3295,.T.);
#3295 = EDGE_CURVE('',#3296,#3296,#3298,.T.);
#3296 = VERTEX_POINT('',#3297);
#3297 = CARTESIAN_POINT('',(-38.3417,8.8338,1.51));
#3298 = CIRCLE('',#3299,1.);
#3299 = AXIS2_PLACEMENT_3D('',#3300,#3301,#3302);
#3300 = CARTESIAN_POINT('',(-38.3417,9.8338,1.51));
#3301 = DIRECTION('',(-0.,0.,-1.));
#3302 = DIRECTION('',(-0.,-1.,0.));
#3303 = FACE_BOUND('',#3304,.T.);
#3304 = EDGE_LOOP('',(#3305));
#3305 = ORIENTED_EDGE('',*,*,#3306,.T.);
#3306 = EDGE_CURVE('',#3307,#3307,#3309,.T.);
#3307 = VERTEX_POINT('',#3308);
#3308 = CARTESIAN_POINT('',(-35.3417,9.4338,1.51));
#3309 = CIRCLE('',#3310,0.4);
#3310 = AXIS2_PLACEMENT_3D('',#3311,#3312,#3313);
#3311 = CARTESIAN_POINT('',(-35.3417,9.8338,1.51));
#3312 = DIRECTION('',(-0.,0.,-1.));
#3313 = DIRECTION('',(-0.,-1.,0.));
#3314 = FACE_BOUND('',#3315,.T.);
#3315 = EDGE_LOOP('',(#3316));
#3316 = ORIENTED_EDGE('',*,*,#3317,.T.);
#3317 = EDGE_CURVE('',#3318,#3318,#3320,.T.);
#3318 = VERTEX_POINT('',#3319);
#3319 = CARTESIAN_POINT('',(-31.3417,8.8338,1.51));
#3320 = CIRCLE('',#3321,1.);
#3321 = AXIS2_PLACEMENT_3D('',#3322,#3323,#3324);
#3322 = CARTESIAN_POINT('',(-31.3417,9.8338,1.51));
#3323 = DIRECTION('',(-0.,0.,-1.));
#3324 = DIRECTION('',(3.5527136788E-15,-1.,-0.));
#3325 = FACE_BOUND('',#3326,.T.);
#3326 = EDGE_LOOP('',(#3327));
#3327 = ORIENTED_EDGE('',*,*,#3328,.T.);
#3328 = EDGE_CURVE('',#3329,#3329,#3331,.T.);
#3329 = VERTEX_POINT('',#3330);
#3330 = CARTESIAN_POINT('',(-25.3417,9.4338,1.51));
#3331 = CIRCLE('',#3332,0.4);
#3332 = AXIS2_PLACEMENT_3D('',#3333,#3334,#3335);
#3333 = CARTESIAN_POINT('',(-25.3417,9.8338,1.51));
#3334 = DIRECTION('',(-0.,0.,-1.));
#3335 = DIRECTION('',(8.881784197001E-15,-1.,-0.));
#3336 = FACE_BOUND('',#3337,.T.);
#3337 = EDGE_LOOP('',(#3338));
#3338 = ORIENTED_EDGE('',*,*,#3339,.T.);
#3339 = EDGE_CURVE('',#3340,#3340,#3342,.T.);
#3340 = VERTEX_POINT('',#3341);
#3341 = CARTESIAN_POINT('',(-18.3417,8.8338,1.51));
#3342 = CIRCLE('',#3343,1.);
#3343 = AXIS2_PLACEMENT_3D('',#3344,#3345,#3346);
#3344 = CARTESIAN_POINT('',(-18.3417,9.8338,1.51));
#3345 = DIRECTION('',(-0.,0.,-1.));
#3346 = DIRECTION('',(-0.,-1.,0.));
#3347 = FACE_BOUND('',#3348,.T.);
#3348 = EDGE_LOOP('',(#3349));
#3349 = ORIENTED_EDGE('',*,*,#3350,.T.);
#3350 = EDGE_CURVE('',#3351,#3351,#3353,.T.);
#3351 = VERTEX_POINT('',#3352);
#3352 = CARTESIAN_POINT('',(-35.3417,11.9338,1.51));
#3353 = CIRCLE('',#3354,0.4);
#3354 = AXIS2_PLACEMENT_3D('',#3355,#3356,#3357);
#3355 = CARTESIAN_POINT('',(-35.3417,12.3338,1.51));
#3356 = DIRECTION('',(-0.,0.,-1.));
#3357 = DIRECTION('',(-0.,-1.,0.));
#3358 = FACE_BOUND('',#3359,.T.);
#3359 = EDGE_LOOP('',(#3360));
#3360 = ORIENTED_EDGE('',*,*,#3361,.T.);
#3361 = EDGE_CURVE('',#3362,#3362,#3364,.T.);
#3362 = VERTEX_POINT('',#3363);
#3363 = CARTESIAN_POINT('',(-28.3417,11.3338,1.51));
#3364 = CIRCLE('',#3365,1.);
#3365 = AXIS2_PLACEMENT_3D('',#3366,#3367,#3368);
#3366 = CARTESIAN_POINT('',(-28.3417,12.3338,1.51));
#3367 = DIRECTION('',(-0.,0.,-1.));
#3368 = DIRECTION('',(-0.,-1.,0.));
#3369 = FACE_BOUND('',#3370,.T.);
#3370 = EDGE_LOOP('',(#3371));
#3371 = ORIENTED_EDGE('',*,*,#3372,.T.);
#3372 = EDGE_CURVE('',#3373,#3373,#3375,.T.);
#3373 = VERTEX_POINT('',#3374);
#3374 = CARTESIAN_POINT('',(-25.3417,11.9338,1.51));
#3375 = CIRCLE('',#3376,0.4);
#3376 = AXIS2_PLACEMENT_3D('',#3377,#3378,#3379);
#3377 = CARTESIAN_POINT('',(-25.3417,12.3338,1.51));
#3378 = DIRECTION('',(-0.,0.,-1.));
#3379 = DIRECTION('',(8.881784197001E-15,-1.,-0.));
#3380 = FACE_BOUND('',#3381,.T.);
#3381 = EDGE_LOOP('',(#3382));
#3382 = ORIENTED_EDGE('',*,*,#3383,.T.);
#3383 = EDGE_CURVE('',#3384,#3384,#3386,.T.);
#3384 = VERTEX_POINT('',#3385);
#3385 = CARTESIAN_POINT('',(-21.3417,11.3338,1.51));
#3386 = CIRCLE('',#3387,1.);
#3387 = AXIS2_PLACEMENT_3D('',#3388,#3389,#3390);
#3388 = CARTESIAN_POINT('',(-21.3417,12.3338,1.51));
#3389 = DIRECTION('',(-0.,0.,-1.));
#3390 = DIRECTION('',(-0.,-1.,0.));
#3391 = PLANE('',#3392);
#3392 = AXIS2_PLACEMENT_3D('',#3393,#3394,#3395);
#3393 = CARTESIAN_POINT('',(0.,0.,1.51));
#3394 = DIRECTION('',(0.,0.,1.));
#3395 = DIRECTION('',(1.,0.,-0.));
#3396 = ADVANCED_FACE('',(#3397),#3408,.T.);
#3397 = FACE_BOUND('',#3398,.T.);
#3398 = EDGE_LOOP('',(#3399,#3405,#3406,#3407));
#3399 = ORIENTED_EDGE('',*,*,#3400,.T.);
#3400 = EDGE_CURVE('',#2551,#2977,#3401,.T.);
#3401 = LINE('',#3402,#3403);
#3402 = CARTESIAN_POINT('',(-62.3417,13.3338,0.));
#3403 = VECTOR('',#3404,1.);
#3404 = DIRECTION('',(0.,0.,1.));
#3405 = ORIENTED_EDGE('',*,*,#2976,.T.);
#3406 = ORIENTED_EDGE('',*,*,#2486,.F.);
#3407 = ORIENTED_EDGE('',*,*,#2550,.F.);
#3408 = CYLINDRICAL_SURFACE('',#3409,0.999999252925);
#3409 = AXIS2_PLACEMENT_3D('',#3410,#3411,#3412);
#3410 = CARTESIAN_POINT('',(-61.34170074707,13.333800747075,0.));
#3411 = DIRECTION('',(0.,0.,-1.));
#3412 = DIRECTION('',(-1.,-7.470757314012E-07,-0.));
#3413 = ADVANCED_FACE('',(#3414),#3425,.T.);
#3414 = FACE_BOUND('',#3415,.T.);
#3415 = EDGE_LOOP('',(#3416,#3417,#3418,#3424));
#3416 = ORIENTED_EDGE('',*,*,#2526,.T.);
#3417 = ORIENTED_EDGE('',*,*,#3010,.T.);
#3418 = ORIENTED_EDGE('',*,*,#3419,.F.);
#3419 = EDGE_CURVE('',#2577,#3003,#3420,.T.);
#3420 = LINE('',#3421,#3422);
#3421 = CARTESIAN_POINT('',(-13.85175,2.3338,0.));
#3422 = VECTOR('',#3423,1.);
#3423 = DIRECTION('',(0.,0.,1.));
#3424 = ORIENTED_EDGE('',*,*,#2584,.F.);
#3425 = CYLINDRICAL_SURFACE('',#3426,1.00004932072);
#3426 = AXIS2_PLACEMENT_3D('',#3427,#3428,#3429);
#3427 = CARTESIAN_POINT('',(-13.84174932072,3.333799315143,0.));
#3428 = DIRECTION('',(0.,0.,-1.));
#3429 = DIRECTION('',(1.,6.848228505642E-07,0.));
#3430 = ADVANCED_FACE('',(#3431),#3442,.T.);
#3431 = FACE_BOUND('',#3432,.T.);
#3432 = EDGE_LOOP('',(#3433,#3439,#3440,#3441));
#3433 = ORIENTED_EDGE('',*,*,#3434,.T.);
#3434 = EDGE_CURVE('',#2560,#2986,#3435,.T.);
#3435 = LINE('',#3436,#3437);
#3436 = CARTESIAN_POINT('',(-62.3417,3.3338,0.));
#3437 = VECTOR('',#3438,1.);
#3438 = DIRECTION('',(0.,0.,1.));
#3439 = ORIENTED_EDGE('',*,*,#2985,.T.);
#3440 = ORIENTED_EDGE('',*,*,#3400,.F.);
#3441 = ORIENTED_EDGE('',*,*,#2559,.F.);
#3442 = PLANE('',#3443);
#3443 = AXIS2_PLACEMENT_3D('',#3444,#3445,#3446);
#3444 = CARTESIAN_POINT('',(-62.3417,3.3338,0.));
#3445 = DIRECTION('',(-1.,0.,0.));
#3446 = DIRECTION('',(0.,1.,0.));
#3447 = ADVANCED_FACE('',(#3448),#3459,.T.);
#3448 = FACE_BOUND('',#3449,.T.);
#3449 = EDGE_LOOP('',(#3450,#3451,#3452,#3458));
#3450 = ORIENTED_EDGE('',*,*,#3419,.T.);
#3451 = ORIENTED_EDGE('',*,*,#3002,.T.);
#3452 = ORIENTED_EDGE('',*,*,#3453,.F.);
#3453 = EDGE_CURVE('',#2568,#2994,#3454,.T.);
#3454 = LINE('',#3455,#3456);
#3455 = CARTESIAN_POINT('',(-61.3417,2.3338,0.));
#3456 = VECTOR('',#3457,1.);
#3457 = DIRECTION('',(0.,0.,1.));
#3458 = ORIENTED_EDGE('',*,*,#2576,.F.);
#3459 = PLANE('',#3460);
#3460 = AXIS2_PLACEMENT_3D('',#3461,#3462,#3463);
#3461 = CARTESIAN_POINT('',(-13.85175,2.3338,0.));
#3462 = DIRECTION('',(0.,-1.,0.));
#3463 = DIRECTION('',(-1.,0.,0.));
#3464 = ADVANCED_FACE('',(#3465),#3471,.T.);
#3465 = FACE_BOUND('',#3466,.T.);
#3466 = EDGE_LOOP('',(#3467,#3468,#3469,#3470));
#3467 = ORIENTED_EDGE('',*,*,#3453,.T.);
#3468 = ORIENTED_EDGE('',*,*,#2993,.T.);
#3469 = ORIENTED_EDGE('',*,*,#3434,.F.);
#3470 = ORIENTED_EDGE('',*,*,#2567,.F.);
#3471 = CYLINDRICAL_SURFACE('',#3472,0.999999252925);
#3472 = AXIS2_PLACEMENT_3D('',#3473,#3474,#3475);
#3473 = CARTESIAN_POINT('',(-61.34170074707,3.333799252925,0.));
#3474 = DIRECTION('',(0.,0.,-1.));
#3475 = DIRECTION('',(7.470757278485E-07,-1.,0.));
#3476 = ADVANCED_FACE('',(#3477),#3488,.F.);
#3477 = FACE_BOUND('',#3478,.T.);
#3478 = EDGE_LOOP('',(#3479,#3480,#3486,#3487));
#3479 = ORIENTED_EDGE('',*,*,#2594,.T.);
#3480 = ORIENTED_EDGE('',*,*,#3481,.T.);
#3481 = EDGE_CURVE('',#2595,#3021,#3482,.T.);
#3482 = LINE('',#3483,#3484);
#3483 = CARTESIAN_POINT('',(-55.3417,3.9338,-4.6E-02));
#3484 = VECTOR('',#3485,1.);
#3485 = DIRECTION('',(0.,0.,1.));
#3486 = ORIENTED_EDGE('',*,*,#3020,.F.);
#3487 = ORIENTED_EDGE('',*,*,#3481,.F.);
#3488 = CYLINDRICAL_SURFACE('',#3489,0.4);
#3489 = AXIS2_PLACEMENT_3D('',#3490,#3491,#3492);
#3490 = CARTESIAN_POINT('',(-55.3417,4.3338,-4.6E-02));
#3491 = DIRECTION('',(-0.,-0.,-1.));
#3492 = DIRECTION('',(-0.,-1.,0.));
#3493 = ADVANCED_FACE('',(#3494),#3505,.F.);
#3494 = FACE_BOUND('',#3495,.T.);
#3495 = EDGE_LOOP('',(#3496,#3497,#3503,#3504));
#3496 = ORIENTED_EDGE('',*,*,#2605,.T.);
#3497 = ORIENTED_EDGE('',*,*,#3498,.T.);
#3498 = EDGE_CURVE('',#2606,#3032,#3499,.T.);
#3499 = LINE('',#3500,#3501);
#3500 = CARTESIAN_POINT('',(-51.3417,3.3338,-4.6E-02));
#3501 = VECTOR('',#3502,1.);
#3502 = DIRECTION('',(0.,0.,1.));
#3503 = ORIENTED_EDGE('',*,*,#3031,.F.);
#3504 = ORIENTED_EDGE('',*,*,#3498,.F.);
#3505 = CYLINDRICAL_SURFACE('',#3506,1.);
#3506 = AXIS2_PLACEMENT_3D('',#3507,#3508,#3509);
#3507 = CARTESIAN_POINT('',(-51.3417,4.3338,-4.6E-02));
#3508 = DIRECTION('',(-0.,-0.,-1.));
#3509 = DIRECTION('',(-0.,-1.,0.));
#3510 = ADVANCED_FACE('',(#3511),#3522,.F.);
#3511 = FACE_BOUND('',#3512,.T.);
#3512 = EDGE_LOOP('',(#3513,#3514,#3520,#3521));
#3513 = ORIENTED_EDGE('',*,*,#2616,.T.);
#3514 = ORIENTED_EDGE('',*,*,#3515,.T.);
#3515 = EDGE_CURVE('',#2617,#3043,#3516,.T.);
#3516 = LINE('',#3517,#3518);
#3517 = CARTESIAN_POINT('',(-59.3417,4.4838,-4.6E-02));
#3518 = VECTOR('',#3519,1.);
#3519 = DIRECTION('',(0.,0.,1.));
#3520 = ORIENTED_EDGE('',*,*,#3042,.F.);
#3521 = ORIENTED_EDGE('',*,*,#3515,.F.);
#3522 = CYLINDRICAL_SURFACE('',#3523,1.1);
#3523 = AXIS2_PLACEMENT_3D('',#3524,#3525,#3526);
#3524 = CARTESIAN_POINT('',(-59.3417,5.5838,-4.6E-02));
#3525 = DIRECTION('',(-0.,-0.,-1.));
#3526 = DIRECTION('',(-0.,-1.,0.));
#3527 = ADVANCED_FACE('',(#3528),#3539,.F.);
#3528 = FACE_BOUND('',#3529,.T.);
#3529 = EDGE_LOOP('',(#3530,#3531,#3537,#3538));
#3530 = ORIENTED_EDGE('',*,*,#2627,.T.);
#3531 = ORIENTED_EDGE('',*,*,#3532,.T.);
#3532 = EDGE_CURVE('',#2628,#3054,#3533,.T.);
#3533 = LINE('',#3534,#3535);
#3534 = CARTESIAN_POINT('',(-45.3417,3.9338,-4.6E-02));
#3535 = VECTOR('',#3536,1.);
#3536 = DIRECTION('',(0.,0.,1.));
#3537 = ORIENTED_EDGE('',*,*,#3053,.F.);
#3538 = ORIENTED_EDGE('',*,*,#3532,.F.);
#3539 = CYLINDRICAL_SURFACE('',#3540,0.4);
#3540 = AXIS2_PLACEMENT_3D('',#3541,#3542,#3543);
#3541 = CARTESIAN_POINT('',(-45.3417,4.3338,-4.6E-02));
#3542 = DIRECTION('',(-0.,-0.,-1.));
#3543 = DIRECTION('',(-0.,-1.,0.));
#3544 = ADVANCED_FACE('',(#3545),#3556,.F.);
#3545 = FACE_BOUND('',#3546,.T.);
#3546 = EDGE_LOOP('',(#3547,#3548,#3554,#3555));
#3547 = ORIENTED_EDGE('',*,*,#2638,.T.);
#3548 = ORIENTED_EDGE('',*,*,#3549,.T.);
#3549 = EDGE_CURVE('',#2639,#3065,#3550,.T.);
#3550 = LINE('',#3551,#3552);
#3551 = CARTESIAN_POINT('',(-55.3417,6.4338,-4.6E-02));
#3552 = VECTOR('',#3553,1.);
#3553 = DIRECTION('',(0.,0.,1.));
#3554 = ORIENTED_EDGE('',*,*,#3064,.F.);
#3555 = ORIENTED_EDGE('',*,*,#3549,.F.);
#3556 = CYLINDRICAL_SURFACE('',#3557,0.4);
#3557 = AXIS2_PLACEMENT_3D('',#3558,#3559,#3560);
#3558 = CARTESIAN_POINT('',(-55.3417,6.8338,-4.6E-02));
#3559 = DIRECTION('',(-0.,-0.,-1.));
#3560 = DIRECTION('',(-0.,-1.,0.));
#3561 = ADVANCED_FACE('',(#3562),#3573,.F.);
#3562 = FACE_BOUND('',#3563,.T.);
#3563 = EDGE_LOOP('',(#3564,#3565,#3571,#3572));
#3564 = ORIENTED_EDGE('',*,*,#2649,.T.);
#3565 = ORIENTED_EDGE('',*,*,#3566,.T.);
#3566 = EDGE_CURVE('',#2650,#3076,#3567,.T.);
#3567 = LINE('',#3568,#3569);
#3568 = CARTESIAN_POINT('',(-48.3417,5.8338,-4.6E-02));
#3569 = VECTOR('',#3570,1.);
#3570 = DIRECTION('',(0.,0.,1.));
#3571 = ORIENTED_EDGE('',*,*,#3075,.F.);
#3572 = ORIENTED_EDGE('',*,*,#3566,.F.);
#3573 = CYLINDRICAL_SURFACE('',#3574,1.);
#3574 = AXIS2_PLACEMENT_3D('',#3575,#3576,#3577);
#3575 = CARTESIAN_POINT('',(-48.3417,6.8338,-4.6E-02));
#3576 = DIRECTION('',(-0.,-0.,-1.));
#3577 = DIRECTION('',(-0.,-1.,0.));
#3578 = ADVANCED_FACE('',(#3579),#3590,.F.);
#3579 = FACE_BOUND('',#3580,.T.);
#3580 = EDGE_LOOP('',(#3581,#3582,#3588,#3589));
#3581 = ORIENTED_EDGE('',*,*,#2660,.T.);
#3582 = ORIENTED_EDGE('',*,*,#3583,.T.);
#3583 = EDGE_CURVE('',#2661,#3087,#3584,.T.);
#3584 = LINE('',#3585,#3586);
#3585 = CARTESIAN_POINT('',(-45.3417,6.4338,-4.6E-02));
#3586 = VECTOR('',#3587,1.);
#3587 = DIRECTION('',(0.,0.,1.));
#3588 = ORIENTED_EDGE('',*,*,#3086,.F.);
#3589 = ORIENTED_EDGE('',*,*,#3583,.F.);
#3590 = CYLINDRICAL_SURFACE('',#3591,0.4);
#3591 = AXIS2_PLACEMENT_3D('',#3592,#3593,#3594);
#3592 = CARTESIAN_POINT('',(-45.3417,6.8338,-4.6E-02));
#3593 = DIRECTION('',(-0.,-0.,-1.));
#3594 = DIRECTION('',(-0.,-1.,0.));
#3595 = ADVANCED_FACE('',(#3596),#3607,.F.);
#3596 = FACE_BOUND('',#3597,.T.);
#3597 = EDGE_LOOP('',(#3598,#3599,#3605,#3606));
#3598 = ORIENTED_EDGE('',*,*,#2671,.T.);
#3599 = ORIENTED_EDGE('',*,*,#3600,.T.);
#3600 = EDGE_CURVE('',#2672,#3098,#3601,.T.);
#3601 = LINE('',#3602,#3603);
#3602 = CARTESIAN_POINT('',(-41.3417,5.8338,-4.6E-02));
#3603 = VECTOR('',#3604,1.);
#3604 = DIRECTION('',(0.,0.,1.));
#3605 = ORIENTED_EDGE('',*,*,#3097,.F.);
#3606 = ORIENTED_EDGE('',*,*,#3600,.F.);
#3607 = CYLINDRICAL_SURFACE('',#3608,1.);
#3608 = AXIS2_PLACEMENT_3D('',#3609,#3610,#3611);
#3609 = CARTESIAN_POINT('',(-41.3417,6.8338,-4.6E-02));
#3610 = DIRECTION('',(-0.,-0.,-1.));
#3611 = DIRECTION('',(-0.,-1.,0.));
#3612 = ADVANCED_FACE('',(#3613),#3624,.F.);
#3613 = FACE_BOUND('',#3614,.T.);
#3614 = EDGE_LOOP('',(#3615,#3616,#3622,#3623));
#3615 = ORIENTED_EDGE('',*,*,#2682,.T.);
#3616 = ORIENTED_EDGE('',*,*,#3617,.T.);
#3617 = EDGE_CURVE('',#2683,#3109,#3618,.T.);
#3618 = LINE('',#3619,#3620);
#3619 = CARTESIAN_POINT('',(-38.3417,3.3338,-4.6E-02));
#3620 = VECTOR('',#3621,1.);
#3621 = DIRECTION('',(0.,0.,1.));
#3622 = ORIENTED_EDGE('',*,*,#3108,.F.);
#3623 = ORIENTED_EDGE('',*,*,#3617,.F.);
#3624 = CYLINDRICAL_SURFACE('',#3625,1.);
#3625 = AXIS2_PLACEMENT_3D('',#3626,#3627,#3628);
#3626 = CARTESIAN_POINT('',(-38.3417,4.3338,-4.6E-02));
#3627 = DIRECTION('',(-0.,-0.,-1.));
#3628 = DIRECTION('',(-0.,-1.,0.));
#3629 = ADVANCED_FACE('',(#3630),#3641,.F.);
#3630 = FACE_BOUND('',#3631,.T.);
#3631 = EDGE_LOOP('',(#3632,#3633,#3639,#3640));
#3632 = ORIENTED_EDGE('',*,*,#2693,.T.);
#3633 = ORIENTED_EDGE('',*,*,#3634,.T.);
#3634 = EDGE_CURVE('',#2694,#3120,#3635,.T.);
#3635 = LINE('',#3636,#3637);
#3636 = CARTESIAN_POINT('',(-35.3417,3.9338,-4.6E-02));
#3637 = VECTOR('',#3638,1.);
#3638 = DIRECTION('',(0.,0.,1.));
#3639 = ORIENTED_EDGE('',*,*,#3119,.F.);
#3640 = ORIENTED_EDGE('',*,*,#3634,.F.);
#3641 = CYLINDRICAL_SURFACE('',#3642,0.4);
#3642 = AXIS2_PLACEMENT_3D('',#3643,#3644,#3645);
#3643 = CARTESIAN_POINT('',(-35.3417,4.3338,-4.6E-02));
#3644 = DIRECTION('',(-0.,-0.,-1.));
#3645 = DIRECTION('',(-0.,-1.,0.));
#3646 = ADVANCED_FACE('',(#3647),#3658,.F.);
#3647 = FACE_BOUND('',#3648,.T.);
#3648 = EDGE_LOOP('',(#3649,#3650,#3656,#3657));
#3649 = ORIENTED_EDGE('',*,*,#2704,.T.);
#3650 = ORIENTED_EDGE('',*,*,#3651,.T.);
#3651 = EDGE_CURVE('',#2705,#3131,#3652,.T.);
#3652 = LINE('',#3653,#3654);
#3653 = CARTESIAN_POINT('',(-31.3417,3.3338,-4.6E-02));
#3654 = VECTOR('',#3655,1.);
#3655 = DIRECTION('',(0.,0.,1.));
#3656 = ORIENTED_EDGE('',*,*,#3130,.F.);
#3657 = ORIENTED_EDGE('',*,*,#3651,.F.);
#3658 = CYLINDRICAL_SURFACE('',#3659,1.);
#3659 = AXIS2_PLACEMENT_3D('',#3660,#3661,#3662);
#3660 = CARTESIAN_POINT('',(-31.3417,4.3338,-4.6E-02));
#3661 = DIRECTION('',(-0.,0.,-1.));
#3662 = DIRECTION('',(3.5527136788E-15,-1.,-0.));
#3663 = ADVANCED_FACE('',(#3664),#3675,.F.);
#3664 = FACE_BOUND('',#3665,.T.);
#3665 = EDGE_LOOP('',(#3666,#3667,#3673,#3674));
#3666 = ORIENTED_EDGE('',*,*,#2715,.T.);
#3667 = ORIENTED_EDGE('',*,*,#3668,.T.);
#3668 = EDGE_CURVE('',#2716,#3142,#3669,.T.);
#3669 = LINE('',#3670,#3671);
#3670 = CARTESIAN_POINT('',(-25.3417,3.9338,-4.6E-02));
#3671 = VECTOR('',#3672,1.);
#3672 = DIRECTION('',(0.,0.,1.));
#3673 = ORIENTED_EDGE('',*,*,#3141,.F.);
#3674 = ORIENTED_EDGE('',*,*,#3668,.F.);
#3675 = CYLINDRICAL_SURFACE('',#3676,0.4);
#3676 = AXIS2_PLACEMENT_3D('',#3677,#3678,#3679);
#3677 = CARTESIAN_POINT('',(-25.3417,4.3338,-4.6E-02));
#3678 = DIRECTION('',(-0.,0.,-1.));
#3679 = DIRECTION('',(8.881784197001E-15,-1.,-0.));
#3680 = ADVANCED_FACE('',(#3681),#3692,.F.);
#3681 = FACE_BOUND('',#3682,.T.);
#3682 = EDGE_LOOP('',(#3683,#3684,#3690,#3691));
#3683 = ORIENTED_EDGE('',*,*,#2726,.T.);
#3684 = ORIENTED_EDGE('',*,*,#3685,.T.);
#3685 = EDGE_CURVE('',#2727,#3153,#3686,.T.);
#3686 = LINE('',#3687,#3688);
#3687 = CARTESIAN_POINT('',(-18.3417,3.3338,-4.6E-02));
#3688 = VECTOR('',#3689,1.);
#3689 = DIRECTION('',(0.,0.,1.));
#3690 = ORIENTED_EDGE('',*,*,#3152,.F.);
#3691 = ORIENTED_EDGE('',*,*,#3685,.F.);
#3692 = CYLINDRICAL_SURFACE('',#3693,1.);
#3693 = AXIS2_PLACEMENT_3D('',#3694,#3695,#3696);
#3694 = CARTESIAN_POINT('',(-18.3417,4.3338,-4.6E-02));
#3695 = DIRECTION('',(-0.,-0.,-1.));
#3696 = DIRECTION('',(-0.,-1.,0.));
#3697 = ADVANCED_FACE('',(#3698),#3709,.F.);
#3698 = FACE_BOUND('',#3699,.T.);
#3699 = EDGE_LOOP('',(#3700,#3701,#3707,#3708));
#3700 = ORIENTED_EDGE('',*,*,#2737,.T.);
#3701 = ORIENTED_EDGE('',*,*,#3702,.T.);
#3702 = EDGE_CURVE('',#2738,#3164,#3703,.T.);
#3703 = LINE('',#3704,#3705);
#3704 = CARTESIAN_POINT('',(-35.3417,6.4338,-4.6E-02));
#3705 = VECTOR('',#3706,1.);
#3706 = DIRECTION('',(0.,0.,1.));
#3707 = ORIENTED_EDGE('',*,*,#3163,.F.);
#3708 = ORIENTED_EDGE('',*,*,#3702,.F.);
#3709 = CYLINDRICAL_SURFACE('',#3710,0.4);
#3710 = AXIS2_PLACEMENT_3D('',#3711,#3712,#3713);
#3711 = CARTESIAN_POINT('',(-35.3417,6.8338,-4.6E-02));
#3712 = DIRECTION('',(-0.,-0.,-1.));
#3713 = DIRECTION('',(-0.,-1.,0.));
#3714 = ADVANCED_FACE('',(#3715),#3726,.F.);
#3715 = FACE_BOUND('',#3716,.T.);
#3716 = EDGE_LOOP('',(#3717,#3718,#3724,#3725));
#3717 = ORIENTED_EDGE('',*,*,#2748,.T.);
#3718 = ORIENTED_EDGE('',*,*,#3719,.T.);
#3719 = EDGE_CURVE('',#2749,#3175,#3720,.T.);
#3720 = LINE('',#3721,#3722);
#3721 = CARTESIAN_POINT('',(-28.3417,5.8338,-4.6E-02));
#3722 = VECTOR('',#3723,1.);
#3723 = DIRECTION('',(0.,0.,1.));
#3724 = ORIENTED_EDGE('',*,*,#3174,.F.);
#3725 = ORIENTED_EDGE('',*,*,#3719,.F.);
#3726 = CYLINDRICAL_SURFACE('',#3727,1.);
#3727 = AXIS2_PLACEMENT_3D('',#3728,#3729,#3730);
#3728 = CARTESIAN_POINT('',(-28.3417,6.8338,-4.6E-02));
#3729 = DIRECTION('',(-0.,-0.,-1.));
#3730 = DIRECTION('',(-0.,-1.,0.));
#3731 = ADVANCED_FACE('',(#3732),#3743,.F.);
#3732 = FACE_BOUND('',#3733,.T.);
#3733 = EDGE_LOOP('',(#3734,#3735,#3741,#3742));
#3734 = ORIENTED_EDGE('',*,*,#2759,.T.);
#3735 = ORIENTED_EDGE('',*,*,#3736,.T.);
#3736 = EDGE_CURVE('',#2760,#3186,#3737,.T.);
#3737 = LINE('',#3738,#3739);
#3738 = CARTESIAN_POINT('',(-25.3417,6.4338,-4.6E-02));
#3739 = VECTOR('',#3740,1.);
#3740 = DIRECTION('',(0.,0.,1.));
#3741 = ORIENTED_EDGE('',*,*,#3185,.F.);
#3742 = ORIENTED_EDGE('',*,*,#3736,.F.);
#3743 = CYLINDRICAL_SURFACE('',#3744,0.4);
#3744 = AXIS2_PLACEMENT_3D('',#3745,#3746,#3747);
#3745 = CARTESIAN_POINT('',(-25.3417,6.8338,-4.6E-02));
#3746 = DIRECTION('',(-0.,0.,-1.));
#3747 = DIRECTION('',(8.881784197001E-15,-1.,-0.));
#3748 = ADVANCED_FACE('',(#3749),#3760,.F.);
#3749 = FACE_BOUND('',#3750,.T.);
#3750 = EDGE_LOOP('',(#3751,#3752,#3758,#3759));
#3751 = ORIENTED_EDGE('',*,*,#2770,.T.);
#3752 = ORIENTED_EDGE('',*,*,#3753,.T.);
#3753 = EDGE_CURVE('',#2771,#3197,#3754,.T.);
#3754 = LINE('',#3755,#3756);
#3755 = CARTESIAN_POINT('',(-21.3417,5.8338,-4.6E-02));
#3756 = VECTOR('',#3757,1.);
#3757 = DIRECTION('',(0.,0.,1.));
#3758 = ORIENTED_EDGE('',*,*,#3196,.F.);
#3759 = ORIENTED_EDGE('',*,*,#3753,.F.);
#3760 = CYLINDRICAL_SURFACE('',#3761,1.);
#3761 = AXIS2_PLACEMENT_3D('',#3762,#3763,#3764);
#3762 = CARTESIAN_POINT('',(-21.3417,6.8338,-4.6E-02));
#3763 = DIRECTION('',(-0.,-0.,-1.));
#3764 = DIRECTION('',(-0.,-1.,0.));
#3765 = ADVANCED_FACE('',(#3766),#3777,.F.);
#3766 = FACE_BOUND('',#3767,.T.);
#3767 = EDGE_LOOP('',(#3768,#3769,#3775,#3776));
#3768 = ORIENTED_EDGE('',*,*,#2781,.T.);
#3769 = ORIENTED_EDGE('',*,*,#3770,.T.);
#3770 = EDGE_CURVE('',#2782,#3208,#3771,.T.);
#3771 = LINE('',#3772,#3773);
#3772 = CARTESIAN_POINT('',(-55.3417,9.4338,-4.6E-02));
#3773 = VECTOR('',#3774,1.);
#3774 = DIRECTION('',(0.,0.,1.));
#3775 = ORIENTED_EDGE('',*,*,#3207,.F.);
#3776 = ORIENTED_EDGE('',*,*,#3770,.F.);
#3777 = CYLINDRICAL_SURFACE('',#3778,0.4);
#3778 = AXIS2_PLACEMENT_3D('',#3779,#3780,#3781);
#3779 = CARTESIAN_POINT('',(-55.3417,9.8338,-4.6E-02));
#3780 = DIRECTION('',(-0.,-0.,-1.));
#3781 = DIRECTION('',(-0.,-1.,0.));
#3782 = ADVANCED_FACE('',(#3783),#3794,.F.);
#3783 = FACE_BOUND('',#3784,.T.);
#3784 = EDGE_LOOP('',(#3785,#3786,#3792,#3793));
#3785 = ORIENTED_EDGE('',*,*,#2792,.T.);
#3786 = ORIENTED_EDGE('',*,*,#3787,.T.);
#3787 = EDGE_CURVE('',#2793,#3219,#3788,.T.);
#3788 = LINE('',#3789,#3790);
#3789 = CARTESIAN_POINT('',(-51.3417,8.8338,-4.6E-02));
#3790 = VECTOR('',#3791,1.);
#3791 = DIRECTION('',(0.,0.,1.));
#3792 = ORIENTED_EDGE('',*,*,#3218,.F.);
#3793 = ORIENTED_EDGE('',*,*,#3787,.F.);
#3794 = CYLINDRICAL_SURFACE('',#3795,1.);
#3795 = AXIS2_PLACEMENT_3D('',#3796,#3797,#3798);
#3796 = CARTESIAN_POINT('',(-51.3417,9.8338,-4.6E-02));
#3797 = DIRECTION('',(-0.,-0.,-1.));
#3798 = DIRECTION('',(-0.,-1.,0.));
#3799 = ADVANCED_FACE('',(#3800),#3811,.F.);
#3800 = FACE_BOUND('',#3801,.T.);
#3801 = EDGE_LOOP('',(#3802,#3803,#3809,#3810));
#3802 = ORIENTED_EDGE('',*,*,#2803,.T.);
#3803 = ORIENTED_EDGE('',*,*,#3804,.T.);
#3804 = EDGE_CURVE('',#2804,#3230,#3805,.T.);
#3805 = LINE('',#3806,#3807);
#3806 = CARTESIAN_POINT('',(-45.3417,9.4338,-4.6E-02));
#3807 = VECTOR('',#3808,1.);
#3808 = DIRECTION('',(0.,0.,1.));
#3809 = ORIENTED_EDGE('',*,*,#3229,.F.);
#3810 = ORIENTED_EDGE('',*,*,#3804,.F.);
#3811 = CYLINDRICAL_SURFACE('',#3812,0.4);
#3812 = AXIS2_PLACEMENT_3D('',#3813,#3814,#3815);
#3813 = CARTESIAN_POINT('',(-45.3417,9.8338,-4.6E-02));
#3814 = DIRECTION('',(-0.,-0.,-1.));
#3815 = DIRECTION('',(-0.,-1.,0.));
#3816 = ADVANCED_FACE('',(#3817),#3828,.F.);
#3817 = FACE_BOUND('',#3818,.T.);
#3818 = EDGE_LOOP('',(#3819,#3820,#3826,#3827));
#3819 = ORIENTED_EDGE('',*,*,#2814,.T.);
#3820 = ORIENTED_EDGE('',*,*,#3821,.T.);
#3821 = EDGE_CURVE('',#2815,#3241,#3822,.T.);
#3822 = LINE('',#3823,#3824);
#3823 = CARTESIAN_POINT('',(-59.3417,9.9838,-4.6E-02));
#3824 = VECTOR('',#3825,1.);
#3825 = DIRECTION('',(0.,0.,1.));
#3826 = ORIENTED_EDGE('',*,*,#3240,.F.);
#3827 = ORIENTED_EDGE('',*,*,#3821,.F.);
#3828 = CYLINDRICAL_SURFACE('',#3829,1.1);
#3829 = AXIS2_PLACEMENT_3D('',#3830,#3831,#3832);
#3830 = CARTESIAN_POINT('',(-59.3417,11.0838,-4.6E-02));
#3831 = DIRECTION('',(-0.,-0.,-1.));
#3832 = DIRECTION('',(-0.,-1.,0.));
#3833 = ADVANCED_FACE('',(#3834),#3845,.F.);
#3834 = FACE_BOUND('',#3835,.T.);
#3835 = EDGE_LOOP('',(#3836,#3837,#3843,#3844));
#3836 = ORIENTED_EDGE('',*,*,#2825,.T.);
#3837 = ORIENTED_EDGE('',*,*,#3838,.T.);
#3838 = EDGE_CURVE('',#2826,#3252,#3839,.T.);
#3839 = LINE('',#3840,#3841);
#3840 = CARTESIAN_POINT('',(-55.3417,11.9338,-4.6E-02));
#3841 = VECTOR('',#3842,1.);
#3842 = DIRECTION('',(0.,0.,1.));
#3843 = ORIENTED_EDGE('',*,*,#3251,.F.);
#3844 = ORIENTED_EDGE('',*,*,#3838,.F.);
#3845 = CYLINDRICAL_SURFACE('',#3846,0.4);
#3846 = AXIS2_PLACEMENT_3D('',#3847,#3848,#3849);
#3847 = CARTESIAN_POINT('',(-55.3417,12.3338,-4.6E-02));
#3848 = DIRECTION('',(-0.,-0.,-1.));
#3849 = DIRECTION('',(-0.,-1.,0.));
#3850 = ADVANCED_FACE('',(#3851),#3862,.F.);
#3851 = FACE_BOUND('',#3852,.T.);
#3852 = EDGE_LOOP('',(#3853,#3854,#3860,#3861));
#3853 = ORIENTED_EDGE('',*,*,#2836,.T.);
#3854 = ORIENTED_EDGE('',*,*,#3855,.T.);
#3855 = EDGE_CURVE('',#2837,#3263,#3856,.T.);
#3856 = LINE('',#3857,#3858);
#3857 = CARTESIAN_POINT('',(-48.3417,11.3338,-4.6E-02));
#3858 = VECTOR('',#3859,1.);
#3859 = DIRECTION('',(0.,0.,1.));
#3860 = ORIENTED_EDGE('',*,*,#3262,.F.);
#3861 = ORIENTED_EDGE('',*,*,#3855,.F.);
#3862 = CYLINDRICAL_SURFACE('',#3863,1.);
#3863 = AXIS2_PLACEMENT_3D('',#3864,#3865,#3866);
#3864 = CARTESIAN_POINT('',(-48.3417,12.3338,-4.6E-02));
#3865 = DIRECTION('',(-0.,-0.,-1.));
#3866 = DIRECTION('',(-0.,-1.,0.));
#3867 = ADVANCED_FACE('',(#3868),#3879,.F.);
#3868 = FACE_BOUND('',#3869,.T.);
#3869 = EDGE_LOOP('',(#3870,#3871,#3877,#3878));
#3870 = ORIENTED_EDGE('',*,*,#2847,.T.);
#3871 = ORIENTED_EDGE('',*,*,#3872,.T.);
#3872 = EDGE_CURVE('',#2848,#3274,#3873,.T.);
#3873 = LINE('',#3874,#3875);
#3874 = CARTESIAN_POINT('',(-45.3417,11.9338,-4.6E-02));
#3875 = VECTOR('',#3876,1.);
#3876 = DIRECTION('',(0.,0.,1.));
#3877 = ORIENTED_EDGE('',*,*,#3273,.F.);
#3878 = ORIENTED_EDGE('',*,*,#3872,.F.);
#3879 = CYLINDRICAL_SURFACE('',#3880,0.4);
#3880 = AXIS2_PLACEMENT_3D('',#3881,#3882,#3883);
#3881 = CARTESIAN_POINT('',(-45.3417,12.3338,-4.6E-02));
#3882 = DIRECTION('',(-0.,-0.,-1.));
#3883 = DIRECTION('',(-0.,-1.,0.));
#3884 = ADVANCED_FACE('',(#3885),#3896,.F.);
#3885 = FACE_BOUND('',#3886,.T.);
#3886 = EDGE_LOOP('',(#3887,#3888,#3894,#3895));
#3887 = ORIENTED_EDGE('',*,*,#2858,.T.);
#3888 = ORIENTED_EDGE('',*,*,#3889,.T.);
#3889 = EDGE_CURVE('',#2859,#3285,#3890,.T.);
#3890 = LINE('',#3891,#3892);
#3891 = CARTESIAN_POINT('',(-41.3417,11.3338,-4.6E-02));
#3892 = VECTOR('',#3893,1.);
#3893 = DIRECTION('',(0.,0.,1.));
#3894 = ORIENTED_EDGE('',*,*,#3284,.F.);
#3895 = ORIENTED_EDGE('',*,*,#3889,.F.);
#3896 = CYLINDRICAL_SURFACE('',#3897,1.);
#3897 = AXIS2_PLACEMENT_3D('',#3898,#3899,#3900);
#3898 = CARTESIAN_POINT('',(-41.3417,12.3338,-4.6E-02));
#3899 = DIRECTION('',(-0.,-0.,-1.));
#3900 = DIRECTION('',(-0.,-1.,0.));
#3901 = ADVANCED_FACE('',(#3902),#3913,.F.);
#3902 = FACE_BOUND('',#3903,.T.);
#3903 = EDGE_LOOP('',(#3904,#3905,#3911,#3912));
#3904 = ORIENTED_EDGE('',*,*,#2869,.T.);
#3905 = ORIENTED_EDGE('',*,*,#3906,.T.);
#3906 = EDGE_CURVE('',#2870,#3296,#3907,.T.);
#3907 = LINE('',#3908,#3909);
#3908 = CARTESIAN_POINT('',(-38.3417,8.8338,-4.6E-02));
#3909 = VECTOR('',#3910,1.);
#3910 = DIRECTION('',(0.,0.,1.));
#3911 = ORIENTED_EDGE('',*,*,#3295,.F.);
#3912 = ORIENTED_EDGE('',*,*,#3906,.F.);
#3913 = CYLINDRICAL_SURFACE('',#3914,1.);
#3914 = AXIS2_PLACEMENT_3D('',#3915,#3916,#3917);
#3915 = CARTESIAN_POINT('',(-38.3417,9.8338,-4.6E-02));
#3916 = DIRECTION('',(-0.,-0.,-1.));
#3917 = DIRECTION('',(-0.,-1.,0.));
#3918 = ADVANCED_FACE('',(#3919),#3930,.F.);
#3919 = FACE_BOUND('',#3920,.T.);
#3920 = EDGE_LOOP('',(#3921,#3922,#3928,#3929));
#3921 = ORIENTED_EDGE('',*,*,#2880,.T.);
#3922 = ORIENTED_EDGE('',*,*,#3923,.T.);
#3923 = EDGE_CURVE('',#2881,#3307,#3924,.T.);
#3924 = LINE('',#3925,#3926);
#3925 = CARTESIAN_POINT('',(-35.3417,9.4338,-4.6E-02));
#3926 = VECTOR('',#3927,1.);
#3927 = DIRECTION('',(0.,0.,1.));
#3928 = ORIENTED_EDGE('',*,*,#3306,.F.);
#3929 = ORIENTED_EDGE('',*,*,#3923,.F.);
#3930 = CYLINDRICAL_SURFACE('',#3931,0.4);
#3931 = AXIS2_PLACEMENT_3D('',#3932,#3933,#3934);
#3932 = CARTESIAN_POINT('',(-35.3417,9.8338,-4.6E-02));
#3933 = DIRECTION('',(-0.,-0.,-1.));
#3934 = DIRECTION('',(-0.,-1.,0.));
#3935 = ADVANCED_FACE('',(#3936),#3947,.F.);
#3936 = FACE_BOUND('',#3937,.T.);
#3937 = EDGE_LOOP('',(#3938,#3939,#3945,#3946));
#3938 = ORIENTED_EDGE('',*,*,#2891,.T.);
#3939 = ORIENTED_EDGE('',*,*,#3940,.T.);
#3940 = EDGE_CURVE('',#2892,#3318,#3941,.T.);
#3941 = LINE('',#3942,#3943);
#3942 = CARTESIAN_POINT('',(-31.3417,8.8338,-4.6E-02));
#3943 = VECTOR('',#3944,1.);
#3944 = DIRECTION('',(0.,0.,1.));
#3945 = ORIENTED_EDGE('',*,*,#3317,.F.);
#3946 = ORIENTED_EDGE('',*,*,#3940,.F.);
#3947 = CYLINDRICAL_SURFACE('',#3948,1.);
#3948 = AXIS2_PLACEMENT_3D('',#3949,#3950,#3951);
#3949 = CARTESIAN_POINT('',(-31.3417,9.8338,-4.6E-02));
#3950 = DIRECTION('',(-0.,0.,-1.));
#3951 = DIRECTION('',(3.5527136788E-15,-1.,-0.));
#3952 = ADVANCED_FACE('',(#3953),#3964,.F.);
#3953 = FACE_BOUND('',#3954,.T.);
#3954 = EDGE_LOOP('',(#3955,#3956,#3962,#3963));
#3955 = ORIENTED_EDGE('',*,*,#2902,.T.);
#3956 = ORIENTED_EDGE('',*,*,#3957,.T.);
#3957 = EDGE_CURVE('',#2903,#3329,#3958,.T.);
#3958 = LINE('',#3959,#3960);
#3959 = CARTESIAN_POINT('',(-25.3417,9.4338,-4.6E-02));
#3960 = VECTOR('',#3961,1.);
#3961 = DIRECTION('',(0.,0.,1.));
#3962 = ORIENTED_EDGE('',*,*,#3328,.F.);
#3963 = ORIENTED_EDGE('',*,*,#3957,.F.);
#3964 = CYLINDRICAL_SURFACE('',#3965,0.4);
#3965 = AXIS2_PLACEMENT_3D('',#3966,#3967,#3968);
#3966 = CARTESIAN_POINT('',(-25.3417,9.8338,-4.6E-02));
#3967 = DIRECTION('',(-0.,0.,-1.));
#3968 = DIRECTION('',(8.881784197001E-15,-1.,-0.));
#3969 = ADVANCED_FACE('',(#3970),#3981,.F.);
#3970 = FACE_BOUND('',#3971,.T.);
#3971 = EDGE_LOOP('',(#3972,#3973,#3979,#3980));
#3972 = ORIENTED_EDGE('',*,*,#2913,.T.);
#3973 = ORIENTED_EDGE('',*,*,#3974,.T.);
#3974 = EDGE_CURVE('',#2914,#3340,#3975,.T.);
#3975 = LINE('',#3976,#3977);
#3976 = CARTESIAN_POINT('',(-18.3417,8.8338,-4.6E-02));
#3977 = VECTOR('',#3978,1.);
#3978 = DIRECTION('',(0.,0.,1.));
#3979 = ORIENTED_EDGE('',*,*,#3339,.F.);
#3980 = ORIENTED_EDGE('',*,*,#3974,.F.);
#3981 = CYLINDRICAL_SURFACE('',#3982,1.);
#3982 = AXIS2_PLACEMENT_3D('',#3983,#3984,#3985);
#3983 = CARTESIAN_POINT('',(-18.3417,9.8338,-4.6E-02));
#3984 = DIRECTION('',(-0.,-0.,-1.));
#3985 = DIRECTION('',(-0.,-1.,0.));
#3986 = ADVANCED_FACE('',(#3987),#3998,.F.);
#3987 = FACE_BOUND('',#3988,.T.);
#3988 = EDGE_LOOP('',(#3989,#3990,#3996,#3997));
#3989 = ORIENTED_EDGE('',*,*,#2924,.T.);
#3990 = ORIENTED_EDGE('',*,*,#3991,.T.);
#3991 = EDGE_CURVE('',#2925,#3351,#3992,.T.);
#3992 = LINE('',#3993,#3994);
#3993 = CARTESIAN_POINT('',(-35.3417,11.9338,-4.6E-02));
#3994 = VECTOR('',#3995,1.);
#3995 = DIRECTION('',(0.,0.,1.));
#3996 = ORIENTED_EDGE('',*,*,#3350,.F.);
#3997 = ORIENTED_EDGE('',*,*,#3991,.F.);
#3998 = CYLINDRICAL_SURFACE('',#3999,0.4);
#3999 = AXIS2_PLACEMENT_3D('',#4000,#4001,#4002);
#4000 = CARTESIAN_POINT('',(-35.3417,12.3338,-4.6E-02));
#4001 = DIRECTION('',(-0.,-0.,-1.));
#4002 = DIRECTION('',(-0.,-1.,0.));
#4003 = ADVANCED_FACE('',(#4004),#4015,.F.);
#4004 = FACE_BOUND('',#4005,.T.);
#4005 = EDGE_LOOP('',(#4006,#4007,#4013,#4014));
#4006 = ORIENTED_EDGE('',*,*,#2935,.T.);
#4007 = ORIENTED_EDGE('',*,*,#4008,.T.);
#4008 = EDGE_CURVE('',#2936,#3362,#4009,.T.);
#4009 = LINE('',#4010,#4011);
#4010 = CARTESIAN_POINT('',(-28.3417,11.3338,-4.6E-02));
#4011 = VECTOR('',#4012,1.);
#4012 = DIRECTION('',(0.,0.,1.));
#4013 = ORIENTED_EDGE('',*,*,#3361,.F.);
#4014 = ORIENTED_EDGE('',*,*,#4008,.F.);
#4015 = CYLINDRICAL_SURFACE('',#4016,1.);
#4016 = AXIS2_PLACEMENT_3D('',#4017,#4018,#4019);
#4017 = CARTESIAN_POINT('',(-28.3417,12.3338,-4.6E-02));
#4018 = DIRECTION('',(-0.,-0.,-1.));
#4019 = DIRECTION('',(-0.,-1.,0.));
#4020 = ADVANCED_FACE('',(#4021),#4032,.F.);
#4021 = FACE_BOUND('',#4022,.T.);
#4022 = EDGE_LOOP('',(#4023,#4024,#4030,#4031));
#4023 = ORIENTED_EDGE('',*,*,#2946,.T.);
#4024 = ORIENTED_EDGE('',*,*,#4025,.T.);
#4025 = EDGE_CURVE('',#2947,#3373,#4026,.T.);
#4026 = LINE('',#4027,#4028);
#4027 = CARTESIAN_POINT('',(-25.3417,11.9338,-4.6E-02));
#4028 = VECTOR('',#4029,1.);
#4029 = DIRECTION('',(0.,0.,1.));
#4030 = ORIENTED_EDGE('',*,*,#3372,.F.);
#4031 = ORIENTED_EDGE('',*,*,#4025,.F.);
#4032 = CYLINDRICAL_SURFACE('',#4033,0.4);
#4033 = AXIS2_PLACEMENT_3D('',#4034,#4035,#4036);
#4034 = CARTESIAN_POINT('',(-25.3417,12.3338,-4.6E-02));
#4035 = DIRECTION('',(-0.,0.,-1.));
#4036 = DIRECTION('',(8.881784197001E-15,-1.,-0.));
#4037 = ADVANCED_FACE('',(#4038),#4049,.F.);
#4038 = FACE_BOUND('',#4039,.T.);
#4039 = EDGE_LOOP('',(#4040,#4041,#4047,#4048));
#4040 = ORIENTED_EDGE('',*,*,#2957,.T.);
#4041 = ORIENTED_EDGE('',*,*,#4042,.T.);
#4042 = EDGE_CURVE('',#2958,#3384,#4043,.T.);
#4043 = LINE('',#4044,#4045);
#4044 = CARTESIAN_POINT('',(-21.3417,11.3338,-4.6E-02));
#4045 = VECTOR('',#4046,1.);
#4046 = DIRECTION('',(0.,0.,1.));
#4047 = ORIENTED_EDGE('',*,*,#3383,.F.);
#4048 = ORIENTED_EDGE('',*,*,#4042,.F.);
#4049 = CYLINDRICAL_SURFACE('',#4050,1.);
#4050 = AXIS2_PLACEMENT_3D('',#4051,#4052,#4053);
#4051 = CARTESIAN_POINT('',(-21.3417,12.3338,-4.6E-02));
#4052 = DIRECTION('',(-0.,-0.,-1.));
#4053 = DIRECTION('',(-0.,-1.,0.));
#4054 = ( GEOMETRIC_REPRESENTATION_CONTEXT(3) 
GLOBAL_UNCERTAINTY_ASSIGNED_CONTEXT((#4058)) 
GLOBAL_UNIT_ASSIGNED_CONTEXT((#4055,#4056,#4057)) REPRESENTATION_CONTEXT
('Context #1','3D Context with UNIT and UNCERTAINTY') );
#4055 = ( LENGTH_UNIT() NAMED_UNIT(*) SI_UNIT(.MILLI.,.METRE.) );
#4056 = ( NAMED_UNIT(*) PLANE_ANGLE_UNIT() SI_UNIT($,.RADIAN.) );
#4057 = ( NAMED_UNIT(*) SI_UNIT($,.STERADIAN.) SOLID_ANGLE_UNIT() );
#4058 = UNCERTAINTY_MEASURE_WITH_UNIT(LENGTH_MEASURE(1.E-07),#4055,
  'distance_accuracy_value','confusion accuracy');
#4059 = CONTEXT_DEPENDENT_SHAPE_REPRESENTATION(#4060,#4062);
#4060 = ( REPRESENTATION_RELATIONSHIP('','',#2437,#10) 
REPRESENTATION_RELATIONSHIP_WITH_TRANSFORMATION(#4061) 
SHAPE_REPRESENTATION_RELATIONSHIP() );
#4061 = ITEM_DEFINED_TRANSFORMATION('','',#11,#23);
#4062 = PRODUCT_DEFINITION_SHAPE('Placement','Placement of an item',
  #4063);
#4063 = NEXT_ASSEMBLY_USAGE_OCCURRENCE('5','=>[0:1:1:6]','',#5,#2432,$);
#4064 = PRODUCT_RELATED_PRODUCT_CATEGORY('part',$,(#2434));
#4065 = MECHANICAL_DESIGN_GEOMETRIC_PRESENTATION_REPRESENTATION('',(
    #4066,#4074,#4081,#4088,#4095,#4102,#4109,#4116,#4124,#4131,#4138,
    #4145,#4152,#4159,#4166,#4173,#4180,#4187,#4194,#4201,#4208,#4215,
    #4222,#4229,#4236,#4243,#4250,#4257,#4264,#4271,#4278,#4285,#4292,
    #4299,#4306,#4313,#4321,#4328,#4335,#4342,#4349,#4356,#4363,#4370,
    #4377,#4384,#4391,#4398,#4405,#4412),#1587);
#4066 = STYLED_ITEM('color',(#4067),#66);
#4067 = PRESENTATION_STYLE_ASSIGNMENT((#4068));
#4068 = SURFACE_STYLE_USAGE(.BOTH.,#4069);
#4069 = SURFACE_SIDE_STYLE('',(#4070));
#4070 = SURFACE_STYLE_FILL_AREA(#4071);
#4071 = FILL_AREA_STYLE('',(#4072));
#4072 = FILL_AREA_STYLE_COLOUR('',#4073);
#4073 = COLOUR_RGB('',0.894999966383,0.890999961016,0.813000030345);
#4074 = STYLED_ITEM('color',(#4075),#106);
#4075 = PRESENTATION_STYLE_ASSIGNMENT((#4076));
#4076 = SURFACE_STYLE_USAGE(.BOTH.,#4077);
#4077 = SURFACE_SIDE_STYLE('',(#4078));
#4078 = SURFACE_STYLE_FILL_AREA(#4079);
#4079 = FILL_AREA_STYLE('',(#4080));
#4080 = FILL_AREA_STYLE_COLOUR('',#4073);
#4081 = STYLED_ITEM('color',(#4082),#153);
#4082 = PRESENTATION_STYLE_ASSIGNMENT((#4083));
#4083 = SURFACE_STYLE_USAGE(.BOTH.,#4084);
#4084 = SURFACE_SIDE_STYLE('',(#4085));
#4085 = SURFACE_STYLE_FILL_AREA(#4086);
#4086 = FILL_AREA_STYLE('',(#4087));
#4087 = FILL_AREA_STYLE_COLOUR('',#4073);
#4088 = STYLED_ITEM('color',(#4089),#232);
#4089 = PRESENTATION_STYLE_ASSIGNMENT((#4090));
#4090 = SURFACE_STYLE_USAGE(.BOTH.,#4091);
#4091 = SURFACE_SIDE_STYLE('',(#4092));
#4092 = SURFACE_STYLE_FILL_AREA(#4093);
#4093 = FILL_AREA_STYLE('',(#4094));
#4094 = FILL_AREA_STYLE_COLOUR('',#4073);
#4095 = STYLED_ITEM('color',(#4096),#256);
#4096 = PRESENTATION_STYLE_ASSIGNMENT((#4097));
#4097 = SURFACE_STYLE_USAGE(.BOTH.,#4098);
#4098 = SURFACE_SIDE_STYLE('',(#4099));
#4099 = SURFACE_STYLE_FILL_AREA(#4100);
#4100 = FILL_AREA_STYLE('',(#4101));
#4101 = FILL_AREA_STYLE_COLOUR('',#4073);
#4102 = STYLED_ITEM('color',(#4103),#296);
#4103 = PRESENTATION_STYLE_ASSIGNMENT((#4104));
#4104 = SURFACE_STYLE_USAGE(.BOTH.,#4105);
#4105 = SURFACE_SIDE_STYLE('',(#4106));
#4106 = SURFACE_STYLE_FILL_AREA(#4107);
#4107 = FILL_AREA_STYLE('',(#4108));
#4108 = FILL_AREA_STYLE_COLOUR('',#4073);
#4109 = STYLED_ITEM('color',(#4110),#327);
#4110 = PRESENTATION_STYLE_ASSIGNMENT((#4111));
#4111 = SURFACE_STYLE_USAGE(.BOTH.,#4112);
#4112 = SURFACE_SIDE_STYLE('',(#4113));
#4113 = SURFACE_STYLE_FILL_AREA(#4114);
#4114 = FILL_AREA_STYLE('',(#4115));
#4115 = FILL_AREA_STYLE_COLOUR('',#4073);
#4116 = STYLED_ITEM('color',(#4117),#344);
#4117 = PRESENTATION_STYLE_ASSIGNMENT((#4118));
#4118 = SURFACE_STYLE_USAGE(.BOTH.,#4119);
#4119 = SURFACE_SIDE_STYLE('',(#4120));
#4120 = SURFACE_STYLE_FILL_AREA(#4121);
#4121 = FILL_AREA_STYLE('',(#4122));
#4122 = FILL_AREA_STYLE_COLOUR('',#4123);
#4123 = COLOUR_RGB('',0.859000020776,0.737999965183,0.495999988746);
#4124 = STYLED_ITEM('color',(#4125),#377);
#4125 = PRESENTATION_STYLE_ASSIGNMENT((#4126));
#4126 = SURFACE_STYLE_USAGE(.BOTH.,#4127);
#4127 = SURFACE_SIDE_STYLE('',(#4128));
#4128 = SURFACE_STYLE_FILL_AREA(#4129);
#4129 = FILL_AREA_STYLE('',(#4130));
#4130 = FILL_AREA_STYLE_COLOUR('',#4073);
#4131 = STYLED_ITEM('color',(#4132),#401);
#4132 = PRESENTATION_STYLE_ASSIGNMENT((#4133));
#4133 = SURFACE_STYLE_USAGE(.BOTH.,#4134);
#4134 = SURFACE_SIDE_STYLE('',(#4135));
#4135 = SURFACE_STYLE_FILL_AREA(#4136);
#4136 = FILL_AREA_STYLE('',(#4137));
#4137 = FILL_AREA_STYLE_COLOUR('',#4123);
#4138 = STYLED_ITEM('color',(#4139),#468);
#4139 = PRESENTATION_STYLE_ASSIGNMENT((#4140));
#4140 = SURFACE_STYLE_USAGE(.BOTH.,#4141);
#4141 = SURFACE_SIDE_STYLE('',(#4142));
#4142 = SURFACE_STYLE_FILL_AREA(#4143);
#4143 = FILL_AREA_STYLE('',(#4144));
#4144 = FILL_AREA_STYLE_COLOUR('',#4073);
#4145 = STYLED_ITEM('color',(#4146),#589);
#4146 = PRESENTATION_STYLE_ASSIGNMENT((#4147));
#4147 = SURFACE_STYLE_USAGE(.BOTH.,#4148);
#4148 = SURFACE_SIDE_STYLE('',(#4149));
#4149 = SURFACE_STYLE_FILL_AREA(#4150);
#4150 = FILL_AREA_STYLE('',(#4151));
#4151 = FILL_AREA_STYLE_COLOUR('',#4123);
#4152 = STYLED_ITEM('color',(#4153),#656);
#4153 = PRESENTATION_STYLE_ASSIGNMENT((#4154));
#4154 = SURFACE_STYLE_USAGE(.BOTH.,#4155);
#4155 = SURFACE_SIDE_STYLE('',(#4156));
#4156 = SURFACE_STYLE_FILL_AREA(#4157);
#4157 = FILL_AREA_STYLE('',(#4158));
#4158 = FILL_AREA_STYLE_COLOUR('',#4073);
#4159 = STYLED_ITEM('color',(#4160),#680);
#4160 = PRESENTATION_STYLE_ASSIGNMENT((#4161));
#4161 = SURFACE_STYLE_USAGE(.BOTH.,#4162);
#4162 = SURFACE_SIDE_STYLE('',(#4163));
#4163 = SURFACE_STYLE_FILL_AREA(#4164);
#4164 = FILL_AREA_STYLE('',(#4165));
#4165 = FILL_AREA_STYLE_COLOUR('',#4073);
#4166 = STYLED_ITEM('color',(#4167),#711);
#4167 = PRESENTATION_STYLE_ASSIGNMENT((#4168));
#4168 = SURFACE_STYLE_USAGE(.BOTH.,#4169);
#4169 = SURFACE_SIDE_STYLE('',(#4170));
#4170 = SURFACE_STYLE_FILL_AREA(#4171);
#4171 = FILL_AREA_STYLE('',(#4172));
#4172 = FILL_AREA_STYLE_COLOUR('',#4123);
#4173 = STYLED_ITEM('color',(#4174),#744);
#4174 = PRESENTATION_STYLE_ASSIGNMENT((#4175));
#4175 = SURFACE_STYLE_USAGE(.BOTH.,#4176);
#4176 = SURFACE_SIDE_STYLE('',(#4177));
#4177 = SURFACE_STYLE_FILL_AREA(#4178);
#4178 = FILL_AREA_STYLE('',(#4179));
#4179 = FILL_AREA_STYLE_COLOUR('',#4073);
#4180 = STYLED_ITEM('color',(#4181),#800);
#4181 = PRESENTATION_STYLE_ASSIGNMENT((#4182));
#4182 = SURFACE_STYLE_USAGE(.BOTH.,#4183);
#4183 = SURFACE_SIDE_STYLE('',(#4184));
#4184 = SURFACE_STYLE_FILL_AREA(#4185);
#4185 = FILL_AREA_STYLE('',(#4186));
#4186 = FILL_AREA_STYLE_COLOUR('',#4123);
#4187 = STYLED_ITEM('color',(#4188),#824);
#4188 = PRESENTATION_STYLE_ASSIGNMENT((#4189));
#4189 = SURFACE_STYLE_USAGE(.BOTH.,#4190);
#4190 = SURFACE_SIDE_STYLE('',(#4191));
#4191 = SURFACE_STYLE_FILL_AREA(#4192);
#4192 = FILL_AREA_STYLE('',(#4193));
#4193 = FILL_AREA_STYLE_COLOUR('',#4123);
#4194 = STYLED_ITEM('color',(#4195),#848);
#4195 = PRESENTATION_STYLE_ASSIGNMENT((#4196));
#4196 = SURFACE_STYLE_USAGE(.BOTH.,#4197);
#4197 = SURFACE_SIDE_STYLE('',(#4198));
#4198 = SURFACE_STYLE_FILL_AREA(#4199);
#4199 = FILL_AREA_STYLE('',(#4200));
#4200 = FILL_AREA_STYLE_COLOUR('',#4123);
#4201 = STYLED_ITEM('color',(#4202),#872);
#4202 = PRESENTATION_STYLE_ASSIGNMENT((#4203));
#4203 = SURFACE_STYLE_USAGE(.BOTH.,#4204);
#4204 = SURFACE_SIDE_STYLE('',(#4205));
#4205 = SURFACE_STYLE_FILL_AREA(#4206);
#4206 = FILL_AREA_STYLE('',(#4207));
#4207 = FILL_AREA_STYLE_COLOUR('',#4123);
#4208 = STYLED_ITEM('color',(#4209),#905);
#4209 = PRESENTATION_STYLE_ASSIGNMENT((#4210));
#4210 = SURFACE_STYLE_USAGE(.BOTH.,#4211);
#4211 = SURFACE_SIDE_STYLE('',(#4212));
#4212 = SURFACE_STYLE_FILL_AREA(#4213);
#4213 = FILL_AREA_STYLE('',(#4214));
#4214 = FILL_AREA_STYLE_COLOUR('',#4123);
#4215 = STYLED_ITEM('color',(#4216),#917);
#4216 = PRESENTATION_STYLE_ASSIGNMENT((#4217));
#4217 = SURFACE_STYLE_USAGE(.BOTH.,#4218);
#4218 = SURFACE_SIDE_STYLE('',(#4219));
#4219 = SURFACE_STYLE_FILL_AREA(#4220);
#4220 = FILL_AREA_STYLE('',(#4221));
#4221 = FILL_AREA_STYLE_COLOUR('',#4123);
#4222 = STYLED_ITEM('color',(#4223),#980);
#4223 = PRESENTATION_STYLE_ASSIGNMENT((#4224));
#4224 = SURFACE_STYLE_USAGE(.BOTH.,#4225);
#4225 = SURFACE_SIDE_STYLE('',(#4226));
#4226 = SURFACE_STYLE_FILL_AREA(#4227);
#4227 = FILL_AREA_STYLE('',(#4228));
#4228 = FILL_AREA_STYLE_COLOUR('',#4123);
#4229 = STYLED_ITEM('color',(#4230),#1005);
#4230 = PRESENTATION_STYLE_ASSIGNMENT((#4231));
#4231 = SURFACE_STYLE_USAGE(.BOTH.,#4232);
#4232 = SURFACE_SIDE_STYLE('',(#4233));
#4233 = SURFACE_STYLE_FILL_AREA(#4234);
#4234 = FILL_AREA_STYLE('',(#4235));
#4235 = FILL_AREA_STYLE_COLOUR('',#4123);
#4236 = STYLED_ITEM('color',(#4237),#1022);
#4237 = PRESENTATION_STYLE_ASSIGNMENT((#4238));
#4238 = SURFACE_STYLE_USAGE(.BOTH.,#4239);
#4239 = SURFACE_SIDE_STYLE('',(#4240));
#4240 = SURFACE_STYLE_FILL_AREA(#4241);
#4241 = FILL_AREA_STYLE('',(#4242));
#4242 = FILL_AREA_STYLE_COLOUR('',#4123);
#4243 = STYLED_ITEM('color',(#4244),#1046);
#4244 = PRESENTATION_STYLE_ASSIGNMENT((#4245));
#4245 = SURFACE_STYLE_USAGE(.BOTH.,#4246);
#4246 = SURFACE_SIDE_STYLE('',(#4247));
#4247 = SURFACE_STYLE_FILL_AREA(#4248);
#4248 = FILL_AREA_STYLE('',(#4249));
#4249 = FILL_AREA_STYLE_COLOUR('',#4123);
#4250 = STYLED_ITEM('color',(#4251),#1064);
#4251 = PRESENTATION_STYLE_ASSIGNMENT((#4252));
#4252 = SURFACE_STYLE_USAGE(.BOTH.,#4253);
#4253 = SURFACE_SIDE_STYLE('',(#4254));
#4254 = SURFACE_STYLE_FILL_AREA(#4255);
#4255 = FILL_AREA_STYLE('',(#4256));
#4256 = FILL_AREA_STYLE_COLOUR('',#4123);
#4257 = STYLED_ITEM('color',(#4258),#1082);
#4258 = PRESENTATION_STYLE_ASSIGNMENT((#4259));
#4259 = SURFACE_STYLE_USAGE(.BOTH.,#4260);
#4260 = SURFACE_SIDE_STYLE('',(#4261));
#4261 = SURFACE_STYLE_FILL_AREA(#4262);
#4262 = FILL_AREA_STYLE('',(#4263));
#4263 = FILL_AREA_STYLE_COLOUR('',#4123);
#4264 = STYLED_ITEM('color',(#4265),#1100);
#4265 = PRESENTATION_STYLE_ASSIGNMENT((#4266));
#4266 = SURFACE_STYLE_USAGE(.BOTH.,#4267);
#4267 = SURFACE_SIDE_STYLE('',(#4268));
#4268 = SURFACE_STYLE_FILL_AREA(#4269);
#4269 = FILL_AREA_STYLE('',(#4270));
#4270 = FILL_AREA_STYLE_COLOUR('',#4123);
#4271 = STYLED_ITEM('color',(#4272),#1117);
#4272 = PRESENTATION_STYLE_ASSIGNMENT((#4273));
#4273 = SURFACE_STYLE_USAGE(.BOTH.,#4274);
#4274 = SURFACE_SIDE_STYLE('',(#4275));
#4275 = SURFACE_STYLE_FILL_AREA(#4276);
#4276 = FILL_AREA_STYLE('',(#4277));
#4277 = FILL_AREA_STYLE_COLOUR('',#4123);
#4278 = STYLED_ITEM('color',(#4279),#1134);
#4279 = PRESENTATION_STYLE_ASSIGNMENT((#4280));
#4280 = SURFACE_STYLE_USAGE(.BOTH.,#4281);
#4281 = SURFACE_SIDE_STYLE('',(#4282));
#4282 = SURFACE_STYLE_FILL_AREA(#4283);
#4283 = FILL_AREA_STYLE('',(#4284));
#4284 = FILL_AREA_STYLE_COLOUR('',#4123);
#4285 = STYLED_ITEM('color',(#4286),#1165);
#4286 = PRESENTATION_STYLE_ASSIGNMENT((#4287));
#4287 = SURFACE_STYLE_USAGE(.BOTH.,#4288);
#4288 = SURFACE_SIDE_STYLE('',(#4289));
#4289 = SURFACE_STYLE_FILL_AREA(#4290);
#4290 = FILL_AREA_STYLE('',(#4291));
#4291 = FILL_AREA_STYLE_COLOUR('',#4123);
#4292 = STYLED_ITEM('color',(#4293),#1190);
#4293 = PRESENTATION_STYLE_ASSIGNMENT((#4294));
#4294 = SURFACE_STYLE_USAGE(.BOTH.,#4295);
#4295 = SURFACE_SIDE_STYLE('',(#4296));
#4296 = SURFACE_STYLE_FILL_AREA(#4297);
#4297 = FILL_AREA_STYLE('',(#4298));
#4298 = FILL_AREA_STYLE_COLOUR('',#4123);
#4299 = STYLED_ITEM('color',(#4300),#1215);
#4300 = PRESENTATION_STYLE_ASSIGNMENT((#4301));
#4301 = SURFACE_STYLE_USAGE(.BOTH.,#4302);
#4302 = SURFACE_SIDE_STYLE('',(#4303));
#4303 = SURFACE_STYLE_FILL_AREA(#4304);
#4304 = FILL_AREA_STYLE('',(#4305));
#4305 = FILL_AREA_STYLE_COLOUR('',#4123);
#4306 = STYLED_ITEM('color',(#4307),#1239);
#4307 = PRESENTATION_STYLE_ASSIGNMENT((#4308));
#4308 = SURFACE_STYLE_USAGE(.BOTH.,#4309);
#4309 = SURFACE_SIDE_STYLE('',(#4310));
#4310 = SURFACE_STYLE_FILL_AREA(#4311);
#4311 = FILL_AREA_STYLE('',(#4312));
#4312 = FILL_AREA_STYLE_COLOUR('',#4123);
#4313 = STYLED_ITEM('color',(#4314),#1256);
#4314 = PRESENTATION_STYLE_ASSIGNMENT((#4315));
#4315 = SURFACE_STYLE_USAGE(.BOTH.,#4316);
#4316 = SURFACE_SIDE_STYLE('',(#4317));
#4317 = SURFACE_STYLE_FILL_AREA(#4318);
#4318 = FILL_AREA_STYLE('',(#4319));
#4319 = FILL_AREA_STYLE_COLOUR('',#4320);
#4320 = COLOUR_RGB('',0.340000006699,0.68000001254,0.444999988852);
#4321 = STYLED_ITEM('color',(#4322),#1287);
#4322 = PRESENTATION_STYLE_ASSIGNMENT((#4323));
#4323 = SURFACE_STYLE_USAGE(.BOTH.,#4324);
#4324 = SURFACE_SIDE_STYLE('',(#4325));
#4325 = SURFACE_STYLE_FILL_AREA(#4326);
#4326 = FILL_AREA_STYLE('',(#4327));
#4327 = FILL_AREA_STYLE_COLOUR('',#4320);
#4328 = STYLED_ITEM('color',(#4329),#1311);
#4329 = PRESENTATION_STYLE_ASSIGNMENT((#4330));
#4330 = SURFACE_STYLE_USAGE(.BOTH.,#4331);
#4331 = SURFACE_SIDE_STYLE('',(#4332));
#4332 = SURFACE_STYLE_FILL_AREA(#4333);
#4333 = FILL_AREA_STYLE('',(#4334));
#4334 = FILL_AREA_STYLE_COLOUR('',#4320);
#4335 = STYLED_ITEM('color',(#4336),#1328);
#4336 = PRESENTATION_STYLE_ASSIGNMENT((#4337));
#4337 = SURFACE_STYLE_USAGE(.BOTH.,#4338);
#4338 = SURFACE_SIDE_STYLE('',(#4339));
#4339 = SURFACE_STYLE_FILL_AREA(#4340);
#4340 = FILL_AREA_STYLE('',(#4341));
#4341 = FILL_AREA_STYLE_COLOUR('',#4123);
#4342 = STYLED_ITEM('color',(#4343),#1356);
#4343 = PRESENTATION_STYLE_ASSIGNMENT((#4344));
#4344 = SURFACE_STYLE_USAGE(.BOTH.,#4345);
#4345 = SURFACE_SIDE_STYLE('',(#4346));
#4346 = SURFACE_STYLE_FILL_AREA(#4347);
#4347 = FILL_AREA_STYLE('',(#4348));
#4348 = FILL_AREA_STYLE_COLOUR('',#4123);
#4349 = STYLED_ITEM('color',(#4350),#1381);
#4350 = PRESENTATION_STYLE_ASSIGNMENT((#4351));
#4351 = SURFACE_STYLE_USAGE(.BOTH.,#4352);
#4352 = SURFACE_SIDE_STYLE('',(#4353));
#4353 = SURFACE_STYLE_FILL_AREA(#4354);
#4354 = FILL_AREA_STYLE('',(#4355));
#4355 = FILL_AREA_STYLE_COLOUR('',#4123);
#4356 = STYLED_ITEM('color',(#4357),#1405);
#4357 = PRESENTATION_STYLE_ASSIGNMENT((#4358));
#4358 = SURFACE_STYLE_USAGE(.BOTH.,#4359);
#4359 = SURFACE_SIDE_STYLE('',(#4360));
#4360 = SURFACE_STYLE_FILL_AREA(#4361);
#4361 = FILL_AREA_STYLE('',(#4362));
#4362 = FILL_AREA_STYLE_COLOUR('',#4123);
#4363 = STYLED_ITEM('color',(#4364),#1430);
#4364 = PRESENTATION_STYLE_ASSIGNMENT((#4365));
#4365 = SURFACE_STYLE_USAGE(.BOTH.,#4366);
#4366 = SURFACE_SIDE_STYLE('',(#4367));
#4367 = SURFACE_STYLE_FILL_AREA(#4368);
#4368 = FILL_AREA_STYLE('',(#4369));
#4369 = FILL_AREA_STYLE_COLOUR('',#4123);
#4370 = STYLED_ITEM('color',(#4371),#1477);
#4371 = PRESENTATION_STYLE_ASSIGNMENT((#4372));
#4372 = SURFACE_STYLE_USAGE(.BOTH.,#4373);
#4373 = SURFACE_SIDE_STYLE('',(#4374));
#4374 = SURFACE_STYLE_FILL_AREA(#4375);
#4375 = FILL_AREA_STYLE('',(#4376));
#4376 = FILL_AREA_STYLE_COLOUR('',#4123);
#4377 = STYLED_ITEM('color',(#4378),#1494);
#4378 = PRESENTATION_STYLE_ASSIGNMENT((#4379));
#4379 = SURFACE_STYLE_USAGE(.BOTH.,#4380);
#4380 = SURFACE_SIDE_STYLE('',(#4381));
#4381 = SURFACE_STYLE_FILL_AREA(#4382);
#4382 = FILL_AREA_STYLE('',(#4383));
#4383 = FILL_AREA_STYLE_COLOUR('',#4123);
#4384 = STYLED_ITEM('color',(#4385),#1506);
#4385 = PRESENTATION_STYLE_ASSIGNMENT((#4386));
#4386 = SURFACE_STYLE_USAGE(.BOTH.,#4387);
#4387 = SURFACE_SIDE_STYLE('',(#4388));
#4388 = SURFACE_STYLE_FILL_AREA(#4389);
#4389 = FILL_AREA_STYLE('',(#4390));
#4390 = FILL_AREA_STYLE_COLOUR('',#4123);
#4391 = STYLED_ITEM('color',(#4392),#1528);
#4392 = PRESENTATION_STYLE_ASSIGNMENT((#4393));
#4393 = SURFACE_STYLE_USAGE(.BOTH.,#4394);
#4394 = SURFACE_SIDE_STYLE('',(#4395));
#4395 = SURFACE_STYLE_FILL_AREA(#4396);
#4396 = FILL_AREA_STYLE('',(#4397));
#4397 = FILL_AREA_STYLE_COLOUR('',#4123);
#4398 = STYLED_ITEM('color',(#4399),#1540);
#4399 = PRESENTATION_STYLE_ASSIGNMENT((#4400));
#4400 = SURFACE_STYLE_USAGE(.BOTH.,#4401);
#4401 = SURFACE_SIDE_STYLE('',(#4402));
#4402 = SURFACE_STYLE_FILL_AREA(#4403);
#4403 = FILL_AREA_STYLE('',(#4404));
#4404 = FILL_AREA_STYLE_COLOUR('',#4123);
#4405 = STYLED_ITEM('color',(#4406),#1558);
#4406 = PRESENTATION_STYLE_ASSIGNMENT((#4407));
#4407 = SURFACE_STYLE_USAGE(.BOTH.,#4408);
#4408 = SURFACE_SIDE_STYLE('',(#4409));
#4409 = SURFACE_STYLE_FILL_AREA(#4410);
#4410 = FILL_AREA_STYLE('',(#4411));
#4411 = FILL_AREA_STYLE_COLOUR('',#4123);
#4412 = STYLED_ITEM('color',(#4413),#1576);
#4413 = PRESENTATION_STYLE_ASSIGNMENT((#4414));
#4414 = SURFACE_STYLE_USAGE(.BOTH.,#4415);
#4415 = SURFACE_SIDE_STYLE('',(#4416));
#4416 = SURFACE_STYLE_FILL_AREA(#4417);
#4417 = FILL_AREA_STYLE('',(#4418));
#4418 = FILL_AREA_STYLE_COLOUR('',#4320);
#4419 = MECHANICAL_DESIGN_GEOMETRIC_PRESENTATION_REPRESENTATION('',(
    #4420,#4428,#4435,#4442,#4449,#4456,#4463,#4470,#4477,#4484,#4491,
    #4498,#4505,#4512,#4520,#4527,#4534,#4541,#4548,#4555,#4562,#4569,
    #4576,#4583,#4590,#4597),#2419);
#4420 = STYLED_ITEM('color',(#4421),#1631);
#4421 = PRESENTATION_STYLE_ASSIGNMENT((#4422));
#4422 = SURFACE_STYLE_USAGE(.BOTH.,#4423);
#4423 = SURFACE_SIDE_STYLE('',(#4424));
#4424 = SURFACE_STYLE_FILL_AREA(#4425);
#4425 = FILL_AREA_STYLE('',(#4426));
#4426 = FILL_AREA_STYLE_COLOUR('',#4427);
#4427 = COLOUR_RGB('',0.823999987314,0.819999987296,0.781000009244);
#4428 = STYLED_ITEM('color',(#4429),#1671);
#4429 = PRESENTATION_STYLE_ASSIGNMENT((#4430));
#4430 = SURFACE_STYLE_USAGE(.BOTH.,#4431);
#4431 = SURFACE_SIDE_STYLE('',(#4432));
#4432 = SURFACE_STYLE_FILL_AREA(#4433);
#4433 = FILL_AREA_STYLE('',(#4434));
#4434 = FILL_AREA_STYLE_COLOUR('',#4427);
#4435 = STYLED_ITEM('color',(#4436),#1754);
#4436 = PRESENTATION_STYLE_ASSIGNMENT((#4437));
#4437 = SURFACE_STYLE_USAGE(.BOTH.,#4438);
#4438 = SURFACE_SIDE_STYLE('',(#4439));
#4439 = SURFACE_STYLE_FILL_AREA(#4440);
#4440 = FILL_AREA_STYLE('',(#4441));
#4441 = FILL_AREA_STYLE_COLOUR('',#4427);
#4442 = STYLED_ITEM('color',(#4443),#1779);
#4443 = PRESENTATION_STYLE_ASSIGNMENT((#4444));
#4444 = SURFACE_STYLE_USAGE(.BOTH.,#4445);
#4445 = SURFACE_SIDE_STYLE('',(#4446));
#4446 = SURFACE_STYLE_FILL_AREA(#4447);
#4447 = FILL_AREA_STYLE('',(#4448));
#4448 = FILL_AREA_STYLE_COLOUR('',#4427);
#4449 = STYLED_ITEM('color',(#4450),#1804);
#4450 = PRESENTATION_STYLE_ASSIGNMENT((#4451));
#4451 = SURFACE_STYLE_USAGE(.BOTH.,#4452);
#4452 = SURFACE_SIDE_STYLE('',(#4453));
#4453 = SURFACE_STYLE_FILL_AREA(#4454);
#4454 = FILL_AREA_STYLE('',(#4455));
#4455 = FILL_AREA_STYLE_COLOUR('',#4427);
#4456 = STYLED_ITEM('color',(#4457),#1871);
#4457 = PRESENTATION_STYLE_ASSIGNMENT((#4458));
#4458 = SURFACE_STYLE_USAGE(.BOTH.,#4459);
#4459 = SURFACE_SIDE_STYLE('',(#4460));
#4460 = SURFACE_STYLE_FILL_AREA(#4461);
#4461 = FILL_AREA_STYLE('',(#4462));
#4462 = FILL_AREA_STYLE_COLOUR('',#4427);
#4463 = STYLED_ITEM('color',(#4464),#1888);
#4464 = PRESENTATION_STYLE_ASSIGNMENT((#4465));
#4465 = SURFACE_STYLE_USAGE(.BOTH.,#4466);
#4466 = SURFACE_SIDE_STYLE('',(#4467));
#4467 = SURFACE_STYLE_FILL_AREA(#4468);
#4468 = FILL_AREA_STYLE('',(#4469));
#4469 = FILL_AREA_STYLE_COLOUR('',#4427);
#4470 = STYLED_ITEM('color',(#4471),#1905);
#4471 = PRESENTATION_STYLE_ASSIGNMENT((#4472));
#4472 = SURFACE_STYLE_USAGE(.BOTH.,#4473);
#4473 = SURFACE_SIDE_STYLE('',(#4474));
#4474 = SURFACE_STYLE_FILL_AREA(#4475);
#4475 = FILL_AREA_STYLE('',(#4476));
#4476 = FILL_AREA_STYLE_COLOUR('',#4073);
#4477 = STYLED_ITEM('color',(#4478),#1954);
#4478 = PRESENTATION_STYLE_ASSIGNMENT((#4479));
#4479 = SURFACE_STYLE_USAGE(.BOTH.,#4480);
#4480 = SURFACE_SIDE_STYLE('',(#4481));
#4481 = SURFACE_STYLE_FILL_AREA(#4482);
#4482 = FILL_AREA_STYLE('',(#4483));
#4483 = FILL_AREA_STYLE_COLOUR('',#4427);
#4484 = STYLED_ITEM('color',(#4485),#1971);
#4485 = PRESENTATION_STYLE_ASSIGNMENT((#4486));
#4486 = SURFACE_STYLE_USAGE(.BOTH.,#4487);
#4487 = SURFACE_SIDE_STYLE('',(#4488));
#4488 = SURFACE_STYLE_FILL_AREA(#4489);
#4489 = FILL_AREA_STYLE('',(#4490));
#4490 = FILL_AREA_STYLE_COLOUR('',#4427);
#4491 = STYLED_ITEM('color',(#4492),#1988);
#4492 = PRESENTATION_STYLE_ASSIGNMENT((#4493));
#4493 = SURFACE_STYLE_USAGE(.BOTH.,#4494);
#4494 = SURFACE_SIDE_STYLE('',(#4495));
#4495 = SURFACE_STYLE_FILL_AREA(#4496);
#4496 = FILL_AREA_STYLE('',(#4497));
#4497 = FILL_AREA_STYLE_COLOUR('',#4073);
#4498 = STYLED_ITEM('color',(#4499),#2037);
#4499 = PRESENTATION_STYLE_ASSIGNMENT((#4500));
#4500 = SURFACE_STYLE_USAGE(.BOTH.,#4501);
#4501 = SURFACE_SIDE_STYLE('',(#4502));
#4502 = SURFACE_STYLE_FILL_AREA(#4503);
#4503 = FILL_AREA_STYLE('',(#4504));
#4504 = FILL_AREA_STYLE_COLOUR('',#4073);
#4505 = STYLED_ITEM('color',(#4506),#2054);
#4506 = PRESENTATION_STYLE_ASSIGNMENT((#4507));
#4507 = SURFACE_STYLE_USAGE(.BOTH.,#4508);
#4508 = SURFACE_SIDE_STYLE('',(#4509));
#4509 = SURFACE_STYLE_FILL_AREA(#4510);
#4510 = FILL_AREA_STYLE('',(#4511));
#4511 = FILL_AREA_STYLE_COLOUR('',#4427);
#4512 = STYLED_ITEM('color',(#4513),#2123);
#4513 = PRESENTATION_STYLE_ASSIGNMENT((#4514));
#4514 = SURFACE_STYLE_USAGE(.BOTH.,#4515);
#4515 = SURFACE_SIDE_STYLE('',(#4516));
#4516 = SURFACE_STYLE_FILL_AREA(#4517);
#4517 = FILL_AREA_STYLE('',(#4518));
#4518 = FILL_AREA_STYLE_COLOUR('',#4519);
#4519 = COLOUR_RGB('',8.200000279077E-02,8.600000121357E-02,
  9.399999706163E-02);
#4520 = STYLED_ITEM('color',(#4521),#2154);
#4521 = PRESENTATION_STYLE_ASSIGNMENT((#4522));
#4522 = SURFACE_STYLE_USAGE(.BOTH.,#4523);
#4523 = SURFACE_SIDE_STYLE('',(#4524));
#4524 = SURFACE_STYLE_FILL_AREA(#4525);
#4525 = FILL_AREA_STYLE('',(#4526));
#4526 = FILL_AREA_STYLE_COLOUR('',#4519);
#4527 = STYLED_ITEM('color',(#4528),#2178);
#4528 = PRESENTATION_STYLE_ASSIGNMENT((#4529));
#4529 = SURFACE_STYLE_USAGE(.BOTH.,#4530);
#4530 = SURFACE_SIDE_STYLE('',(#4531));
#4531 = SURFACE_STYLE_FILL_AREA(#4532);
#4532 = FILL_AREA_STYLE('',(#4533));
#4533 = FILL_AREA_STYLE_COLOUR('',#4427);
#4534 = STYLED_ITEM('color',(#4535),#2247);
#4535 = PRESENTATION_STYLE_ASSIGNMENT((#4536));
#4536 = SURFACE_STYLE_USAGE(.BOTH.,#4537);
#4537 = SURFACE_SIDE_STYLE('',(#4538));
#4538 = SURFACE_STYLE_FILL_AREA(#4539);
#4539 = FILL_AREA_STYLE('',(#4540));
#4540 = FILL_AREA_STYLE_COLOUR('',#4519);
#4541 = STYLED_ITEM('color',(#4542),#2271);
#4542 = PRESENTATION_STYLE_ASSIGNMENT((#4543));
#4543 = SURFACE_STYLE_USAGE(.BOTH.,#4544);
#4544 = SURFACE_SIDE_STYLE('',(#4545));
#4545 = SURFACE_STYLE_FILL_AREA(#4546);
#4546 = FILL_AREA_STYLE('',(#4547));
#4547 = FILL_AREA_STYLE_COLOUR('',#4427);
#4548 = STYLED_ITEM('color',(#4549),#2288);
#4549 = PRESENTATION_STYLE_ASSIGNMENT((#4550));
#4550 = SURFACE_STYLE_USAGE(.BOTH.,#4551);
#4551 = SURFACE_SIDE_STYLE('',(#4552));
#4552 = SURFACE_STYLE_FILL_AREA(#4553);
#4553 = FILL_AREA_STYLE('',(#4554));
#4554 = FILL_AREA_STYLE_COLOUR('',#4427);
#4555 = STYLED_ITEM('color',(#4556),#2305);
#4556 = PRESENTATION_STYLE_ASSIGNMENT((#4557));
#4557 = SURFACE_STYLE_USAGE(.BOTH.,#4558);
#4558 = SURFACE_SIDE_STYLE('',(#4559));
#4559 = SURFACE_STYLE_FILL_AREA(#4560);
#4560 = FILL_AREA_STYLE('',(#4561));
#4561 = FILL_AREA_STYLE_COLOUR('',#4427);
#4562 = STYLED_ITEM('color',(#4563),#2322);
#4563 = PRESENTATION_STYLE_ASSIGNMENT((#4564));
#4564 = SURFACE_STYLE_USAGE(.BOTH.,#4565);
#4565 = SURFACE_SIDE_STYLE('',(#4566));
#4566 = SURFACE_STYLE_FILL_AREA(#4567);
#4567 = FILL_AREA_STYLE('',(#4568));
#4568 = FILL_AREA_STYLE_COLOUR('',#4427);
#4569 = STYLED_ITEM('color',(#4570),#2339);
#4570 = PRESENTATION_STYLE_ASSIGNMENT((#4571));
#4571 = SURFACE_STYLE_USAGE(.BOTH.,#4572);
#4572 = SURFACE_SIDE_STYLE('',(#4573));
#4573 = SURFACE_STYLE_FILL_AREA(#4574);
#4574 = FILL_AREA_STYLE('',(#4575));
#4575 = FILL_AREA_STYLE_COLOUR('',#4427);
#4576 = STYLED_ITEM('color',(#4577),#2356);
#4577 = PRESENTATION_STYLE_ASSIGNMENT((#4578));
#4578 = SURFACE_STYLE_USAGE(.BOTH.,#4579);
#4579 = SURFACE_SIDE_STYLE('',(#4580));
#4580 = SURFACE_STYLE_FILL_AREA(#4581);
#4581 = FILL_AREA_STYLE('',(#4582));
#4582 = FILL_AREA_STYLE_COLOUR('',#4427);
#4583 = STYLED_ITEM('color',(#4584),#2373);
#4584 = PRESENTATION_STYLE_ASSIGNMENT((#4585));
#4585 = SURFACE_STYLE_USAGE(.BOTH.,#4586);
#4586 = SURFACE_SIDE_STYLE('',(#4587));
#4587 = SURFACE_STYLE_FILL_AREA(#4588);
#4588 = FILL_AREA_STYLE('',(#4589));
#4589 = FILL_AREA_STYLE_COLOUR('',#4427);
#4590 = STYLED_ITEM('color',(#4591),#2390);
#4591 = PRESENTATION_STYLE_ASSIGNMENT((#4592));
#4592 = SURFACE_STYLE_USAGE(.BOTH.,#4593);
#4593 = SURFACE_SIDE_STYLE('',(#4594));
#4594 = SURFACE_STYLE_FILL_AREA(#4595);
#4595 = FILL_AREA_STYLE('',(#4596));
#4596 = FILL_AREA_STYLE_COLOUR('',#4519);
#4597 = STYLED_ITEM('color',(#4598),#2407);
#4598 = PRESENTATION_STYLE_ASSIGNMENT((#4599));
#4599 = SURFACE_STYLE_USAGE(.BOTH.,#4600);
#4600 = SURFACE_SIDE_STYLE('',(#4601));
#4601 = SURFACE_STYLE_FILL_AREA(#4602);
#4602 = FILL_AREA_STYLE('',(#4603));
#4603 = FILL_AREA_STYLE_COLOUR('',#4519);
#4604 = MECHANICAL_DESIGN_GEOMETRIC_PRESENTATION_REPRESENTATION('',(
    #4605),#4054);
#4605 = STYLED_ITEM('color',(#4606),#2438);
#4606 = PRESENTATION_STYLE_ASSIGNMENT((#4607));
#4607 = SURFACE_STYLE_USAGE(.BOTH.,#4608);
#4608 = SURFACE_SIDE_STYLE('',(#4609));
#4609 = SURFACE_STYLE_FILL_AREA(#4610);
#4610 = FILL_AREA_STYLE('',(#4611));
#4611 = FILL_AREA_STYLE_COLOUR('',#4612);
#4612 = COLOUR_RGB('',0.313304153717,0.484529207832,0.410020903123);
ENDSEC;
END-ISO-10303-21;
