ISO-10303-21;
HEADER;
FILE_DESCRIPTION(('KiCad electronic assembly'),'2;1');
FILE_NAME('.step','2026-09-02T10:22:49',('Pcbnew'),('Kicad'),
  'Open CASCADE STEP processor 7.9','KiCad to STEP converter','Unknown'
  );
FILE_SCHEMA(('AUTOMOTIVE_DESIGN { 1 0 10303 214 1 1 1 1 }'));
ENDSEC;
DATA;
#1 = APPLICATION_PROTOCOL_DEFINITION('international standard',
  'automotive_design',2000,#2);
#2 = APPLICATION_CONTEXT(
  'core data for automotive mechanical design processes');
#3 = SHAPE_DEFINITION_REPRESENTATION(#4,#10);
#4 = PRODUCT_DEFINITION_SHAPE('','',#5);
#5 = PRODUCT_DEFINITION('design','',#6,#9);
#6 = PRODUCT_DEFINITION_FORMATION('','',#7);
#7 = PRODUCT('.step 1','.step 1','',(#8));
#8 = PRODUCT_CONTEXT('',#2,'mechanical');
#9 = PRODUCT_DEFINITION_CONTEXT('part definition',#2,'design');
#10 = SHAPE_REPRESENTATION('',(#11,#15,#19,#23,#27,#31,#35,#39,#43,#47),
  #51);
#11 = AXIS2_PLACEMENT_3D('',#12,#13,#14);
#12 = CARTESIAN_POINT('',(0.,0.,0.));
#13 = DIRECTION('',(0.,0.,1.));
#14 = DIRECTION('',(1.,0.,-0.));
#15 = AXIS2_PLACEMENT_3D('',#16,#17,#18);
#16 = CARTESIAN_POINT('',(-16.3,11.0638,1.595));
#17 = DIRECTION('',(0.,0.,1.));
#18 = DIRECTION('',(1.,0.,0.));
#19 = AXIS2_PLACEMENT_3D('',#20,#21,#22);
#20 = CARTESIAN_POINT('',(-10.9,11.0638,1.595));
#21 = DIRECTION('',(0.,0.,1.));
#22 = DIRECTION('',(1.,0.,0.));
#23 = AXIS2_PLACEMENT_3D('',#24,#25,#26);
#24 = CARTESIAN_POINT('',(-42.94,0.6238,1.595));
#25 = DIRECTION('',(0.,0.,1.));
#26 = DIRECTION('',(-1.,1.224646799147E-16,0.));
#27 = AXIS2_PLACEMENT_3D('',#28,#29,#30);
#28 = CARTESIAN_POINT('',(-49.5566,0.6052,1.595));
#29 = DIRECTION('',(0.,0.,1.));
#30 = DIRECTION('',(1.,0.,0.));
#31 = AXIS2_PLACEMENT_3D('',#32,#33,#34);
#32 = CARTESIAN_POINT('',(-45.7438,-3.6753,-8.5E-02));
#33 = DIRECTION('',(0.,-1.224646799147E-16,-1.));
#34 = DIRECTION('',(1.,0.,0.));
#35 = AXIS2_PLACEMENT_3D('',#36,#37,#38);
#36 = CARTESIAN_POINT('',(-40.4098,-7.5562,-8.5E-02));
#37 = DIRECTION('',(1.224646799147E-16,-1.359631073447E-32,-1.));
#38 = DIRECTION('',(1.110223024625E-16,1.,0.));
#39 = AXIS2_PLACEMENT_3D('',#40,#41,#42);
#40 = CARTESIAN_POINT('',(3.6,-10.75,-8.5E-02));
#41 = DIRECTION('',(1.499759782662E-32,1.224646799147E-16,-1.));
#42 = DIRECTION('',(-1.,1.224646799147E-16,0.));
#43 = AXIS2_PLACEMENT_3D('',#44,#45,#46);
#44 = CARTESIAN_POINT('',(3.6,9.85,-8.5E-02));
#45 = DIRECTION('',(0.,-1.224646799147E-16,-1.));
#46 = DIRECTION('',(1.,0.,0.));
#47 = AXIS2_PLACEMENT_3D('',#48,#49,#50);
#48 = CARTESIAN_POINT('',(0.,0.,0.));
#49 = DIRECTION('',(0.,0.,1.));
#50 = DIRECTION('',(1.,0.,-0.));
#51 = ( GEOMETRIC_REPRESENTATION_CONTEXT(3) 
GLOBAL_UNCERTAINTY_ASSIGNED_CONTEXT((#55)) GLOBAL_UNIT_ASSIGNED_CONTEXT(
(#52,#53,#54)) REPRESENTATION_CONTEXT('Context #1',
  '3D Context with UNIT and UNCERTAINTY') );
#52 = ( LENGTH_UNIT() NAMED_UNIT(*) SI_UNIT(.MILLI.,.METRE.) );
#53 = ( NAMED_UNIT(*) PLANE_ANGLE_UNIT() SI_UNIT($,.RADIAN.) );
#54 = ( NAMED_UNIT(*) SI_UNIT($,.STERADIAN.) SOLID_ANGLE_UNIT() );
#55 = UNCERTAINTY_MEASURE_WITH_UNIT(LENGTH_MEASURE(1.E-07),#52,
  'distance_accuracy_value','confusion accuracy');
#56 = PRODUCT_RELATED_PRODUCT_CATEGORY('part',$,(#7));
#57 = SHAPE_DEFINITION_REPRESENTATION(#58,#64);
#58 = PRODUCT_DEFINITION_SHAPE('','',#59);
#59 = PRODUCT_DEFINITION('design','',#60,#63);
#60 = PRODUCT_DEFINITION_FORMATION('','',#61);
#61 = PRODUCT('R_0402_1005Metric','R_0402_1005Metric','',(#62));
#62 = PRODUCT_CONTEXT('',#2,'mechanical');
#63 = PRODUCT_DEFINITION_CONTEXT('part definition',#2,'design');
#64 = SHAPE_REPRESENTATION('',(#11,#65),#69);
#65 = AXIS2_PLACEMENT_3D('',#66,#67,#68);
#66 = CARTESIAN_POINT('',(0.,0.,0.));
#67 = DIRECTION('',(0.,0.,1.));
#68 = DIRECTION('',(1.,0.,-0.));
#69 = ( GEOMETRIC_REPRESENTATION_CONTEXT(3) 
GLOBAL_UNCERTAINTY_ASSIGNED_CONTEXT((#73)) GLOBAL_UNIT_ASSIGNED_CONTEXT(
(#70,#71,#72)) REPRESENTATION_CONTEXT('Context #1',
  '3D Context with UNIT and UNCERTAINTY') );
#70 = ( LENGTH_UNIT() NAMED_UNIT(*) SI_UNIT(.MILLI.,.METRE.) );
#71 = ( NAMED_UNIT(*) PLANE_ANGLE_UNIT() SI_UNIT($,.RADIAN.) );
#72 = ( NAMED_UNIT(*) SI_UNIT($,.STERADIAN.) SOLID_ANGLE_UNIT() );
#73 = UNCERTAINTY_MEASURE_WITH_UNIT(LENGTH_MEASURE(1.E-07),#70,
  'distance_accuracy_value','confusion accuracy');
#74 = CONTEXT_DEPENDENT_SHAPE_REPRESENTATION(#75,#77);
#75 = ( REPRESENTATION_RELATIONSHIP('','',#64,#10) 
REPRESENTATION_RELATIONSHIP_WITH_TRANSFORMATION(#76) 
SHAPE_REPRESENTATION_RELATIONSHIP() );
#76 = ITEM_DEFINED_TRANSFORMATION('','',#11,#15);
#77 = PRODUCT_DEFINITION_SHAPE('Placement','Placement of an item',#78);
#78 = NEXT_ASSEMBLY_USAGE_OCCURRENCE('2','R1','',#5,#59,$);
#79 = PRODUCT_RELATED_PRODUCT_CATEGORY('part',$,(#61));
#80 = SHAPE_DEFINITION_REPRESENTATION(#81,#87);
#81 = PRODUCT_DEFINITION_SHAPE('','',#82);
#82 = PRODUCT_DEFINITION('design','',#83,#86);
#83 = PRODUCT_DEFINITION_FORMATION('','',#84);
#84 = PRODUCT('R_0402_1005Metric','R_0402_1005Metric','',(#85));
#85 = PRODUCT_CONTEXT('',#2,'mechanical');
#86 = PRODUCT_DEFINITION_CONTEXT('part definition',#2,'design');
#87 = ADVANCED_BREP_SHAPE_REPRESENTATION('',(#11,#88),#878);
#88 = MANIFOLD_SOLID_BREP('',#89);
#89 = CLOSED_SHELL('',(#90,#130,#213,#238,#263,#330,#347,#364,#413,#430,
    #447,#496,#513,#582,#613,#637,#706,#730,#747,#764,#781,#798,#815,
    #832,#849,#866));
#90 = ADVANCED_FACE('',(#91),#125,.F.);
#91 = FACE_BOUND('',#92,.F.);
#92 = EDGE_LOOP('',(#93,#103,#111,#119));
#93 = ORIENTED_EDGE('',*,*,#94,.F.);
#94 = EDGE_CURVE('',#95,#97,#99,.T.);
#95 = VERTEX_POINT('',#96);
#96 = CARTESIAN_POINT('',(-0.5,-0.25,3.5E-02));
#97 = VERTEX_POINT('',#98);
#98 = CARTESIAN_POINT('',(-0.5,-0.25,0.315));
#99 = LINE('',#100,#101);
#100 = CARTESIAN_POINT('',(-0.5,-0.25,0.));
#101 = VECTOR('',#102,1.);
#102 = DIRECTION('',(0.,0.,1.));
#103 = ORIENTED_EDGE('',*,*,#104,.T.);
#104 = EDGE_CURVE('',#95,#105,#107,.T.);
#105 = VERTEX_POINT('',#106);
#106 = CARTESIAN_POINT('',(-0.5,0.25,3.5E-02));
#107 = LINE('',#108,#109);
#108 = CARTESIAN_POINT('',(-0.5,-0.25,3.5E-02));
#109 = VECTOR('',#110,1.);
#110 = DIRECTION('',(0.,1.,0.));
#111 = ORIENTED_EDGE('',*,*,#112,.T.);
#112 = EDGE_CURVE('',#105,#113,#115,.T.);
#113 = VERTEX_POINT('',#114);
#114 = CARTESIAN_POINT('',(-0.5,0.25,0.315));
#115 = LINE('',#116,#117);
#116 = CARTESIAN_POINT('',(-0.5,0.25,0.));
#117 = VECTOR('',#118,1.);
#118 = DIRECTION('',(0.,0.,1.));
#119 = ORIENTED_EDGE('',*,*,#120,.F.);
#120 = EDGE_CURVE('',#97,#113,#121,.T.);
#121 = LINE('',#122,#123);
#122 = CARTESIAN_POINT('',(-0.5,-0.25,0.315));
#123 = VECTOR('',#124,1.);
#124 = DIRECTION('',(0.,1.,0.));
#125 = PLANE('',#126);
#126 = AXIS2_PLACEMENT_3D('',#127,#128,#129);
#127 = CARTESIAN_POINT('',(-0.5,-0.25,0.));
#128 = DIRECTION('',(1.,0.,0.));
#129 = DIRECTION('',(0.,0.,1.));
#130 = ADVANCED_FACE('',(#131),#208,.F.);
#131 = FACE_BOUND('',#132,.F.);
#132 = EDGE_LOOP('',(#133,#143,#150,#151,#160,#168,#177,#185,#193,#201)
  );
#133 = ORIENTED_EDGE('',*,*,#134,.F.);
#134 = EDGE_CURVE('',#135,#137,#139,.T.);
#135 = VERTEX_POINT('',#136);
#136 = CARTESIAN_POINT('',(-0.465,-0.25,-2.775557561563E-17));
#137 = VERTEX_POINT('',#138);
#138 = CARTESIAN_POINT('',(-0.335,-0.25,-2.775557561563E-17));
#139 = LINE('',#140,#141);
#140 = CARTESIAN_POINT('',(-0.5,-0.25,0.));
#141 = VECTOR('',#142,1.);
#142 = DIRECTION('',(1.,0.,0.));
#143 = ORIENTED_EDGE('',*,*,#144,.F.);
#144 = EDGE_CURVE('',#95,#135,#145,.T.);
#145 = CIRCLE('',#146,3.5E-02);
#146 = AXIS2_PLACEMENT_3D('',#147,#148,#149);
#147 = CARTESIAN_POINT('',(-0.465,-0.25,3.5E-02));
#148 = DIRECTION('',(0.,-1.,0.));
#149 = DIRECTION('',(0.,0.,1.));
#150 = ORIENTED_EDGE('',*,*,#94,.T.);
#151 = ORIENTED_EDGE('',*,*,#152,.T.);
#152 = EDGE_CURVE('',#97,#153,#155,.T.);
#153 = VERTEX_POINT('',#154);
#154 = CARTESIAN_POINT('',(-0.465,-0.25,0.35));
#155 = CIRCLE('',#156,3.5E-02);
#156 = AXIS2_PLACEMENT_3D('',#157,#158,#159);
#157 = CARTESIAN_POINT('',(-0.465,-0.25,0.315));
#158 = DIRECTION('',(0.,1.,0.));
#159 = DIRECTION('',(0.,-0.,1.));
#160 = ORIENTED_EDGE('',*,*,#161,.T.);
#161 = EDGE_CURVE('',#153,#162,#164,.T.);
#162 = VERTEX_POINT('',#163);
#163 = CARTESIAN_POINT('',(-0.335,-0.25,0.35));
#164 = LINE('',#165,#166);
#165 = CARTESIAN_POINT('',(-0.5,-0.25,0.35));
#166 = VECTOR('',#167,1.);
#167 = DIRECTION('',(1.,0.,0.));
#168 = ORIENTED_EDGE('',*,*,#169,.F.);
#169 = EDGE_CURVE('',#170,#162,#172,.T.);
#170 = VERTEX_POINT('',#171);
#171 = CARTESIAN_POINT('',(-0.3,-0.25,0.315));
#172 = CIRCLE('',#173,3.5E-02);
#173 = AXIS2_PLACEMENT_3D('',#174,#175,#176);
#174 = CARTESIAN_POINT('',(-0.335,-0.25,0.315));
#175 = DIRECTION('',(0.,-1.,0.));
#176 = DIRECTION('',(0.,0.,1.));
#177 = ORIENTED_EDGE('',*,*,#178,.F.);
#178 = EDGE_CURVE('',#179,#170,#181,.T.);
#179 = VERTEX_POINT('',#180);
#180 = CARTESIAN_POINT('',(-0.465,-0.25,0.315));
#181 = LINE('',#182,#183);
#182 = CARTESIAN_POINT('',(-0.465,-0.25,0.315));
#183 = VECTOR('',#184,1.);
#184 = DIRECTION('',(1.,0.,0.));
#185 = ORIENTED_EDGE('',*,*,#186,.F.);
#186 = EDGE_CURVE('',#187,#179,#189,.T.);
#187 = VERTEX_POINT('',#188);
#188 = CARTESIAN_POINT('',(-0.465,-0.25,3.5E-02));
#189 = LINE('',#190,#191);
#190 = CARTESIAN_POINT('',(-0.465,-0.25,3.5E-02));
#191 = VECTOR('',#192,1.);
#192 = DIRECTION('',(0.,0.,1.));
#193 = ORIENTED_EDGE('',*,*,#194,.T.);
#194 = EDGE_CURVE('',#187,#195,#197,.T.);
#195 = VERTEX_POINT('',#196);
#196 = CARTESIAN_POINT('',(-0.3,-0.25,3.5E-02));
#197 = LINE('',#198,#199);
#198 = CARTESIAN_POINT('',(-0.465,-0.25,3.5E-02));
#199 = VECTOR('',#200,1.);
#200 = DIRECTION('',(1.,0.,0.));
#201 = ORIENTED_EDGE('',*,*,#202,.T.);
#202 = EDGE_CURVE('',#195,#137,#203,.T.);
#203 = CIRCLE('',#204,3.5E-02);
#204 = AXIS2_PLACEMENT_3D('',#205,#206,#207);
#205 = CARTESIAN_POINT('',(-0.335,-0.25,3.5E-02));
#206 = DIRECTION('',(0.,1.,0.));
#207 = DIRECTION('',(0.,-0.,1.));
#208 = PLANE('',#209);
#209 = AXIS2_PLACEMENT_3D('',#210,#211,#212);
#210 = CARTESIAN_POINT('',(-0.5,-0.25,0.));
#211 = DIRECTION('',(0.,1.,0.));
#212 = DIRECTION('',(0.,-0.,1.));
#213 = ADVANCED_FACE('',(#214),#233,.T.);
#214 = FACE_BOUND('',#215,.T.);
#215 = EDGE_LOOP('',(#216,#217,#226,#232));
#216 = ORIENTED_EDGE('',*,*,#104,.T.);
#217 = ORIENTED_EDGE('',*,*,#218,.T.);
#218 = EDGE_CURVE('',#105,#219,#221,.T.);
#219 = VERTEX_POINT('',#220);
#220 = CARTESIAN_POINT('',(-0.465,0.25,-2.775557561563E-17));
#221 = CIRCLE('',#222,3.5E-02);
#222 = AXIS2_PLACEMENT_3D('',#223,#224,#225);
#223 = CARTESIAN_POINT('',(-0.465,0.25,3.5E-02));
#224 = DIRECTION('',(0.,-1.,0.));
#225 = DIRECTION('',(0.,0.,1.));
#226 = ORIENTED_EDGE('',*,*,#227,.F.);
#227 = EDGE_CURVE('',#135,#219,#228,.T.);
#228 = LINE('',#229,#230);
#229 = CARTESIAN_POINT('',(-0.465,-0.25,-2.775557561563E-17));
#230 = VECTOR('',#231,1.);
#231 = DIRECTION('',(0.,1.,0.));
#232 = ORIENTED_EDGE('',*,*,#144,.F.);
#233 = CYLINDRICAL_SURFACE('',#234,3.5E-02);
#234 = AXIS2_PLACEMENT_3D('',#235,#236,#237);
#235 = CARTESIAN_POINT('',(-0.465,-0.25,3.5E-02));
#236 = DIRECTION('',(0.,1.,0.));
#237 = DIRECTION('',(-1.,0.,0.));
#238 = ADVANCED_FACE('',(#239),#258,.T.);
#239 = FACE_BOUND('',#240,.T.);
#240 = EDGE_LOOP('',(#241,#242,#250,#257));
#241 = ORIENTED_EDGE('',*,*,#152,.T.);
#242 = ORIENTED_EDGE('',*,*,#243,.T.);
#243 = EDGE_CURVE('',#153,#244,#246,.T.);
#244 = VERTEX_POINT('',#245);
#245 = CARTESIAN_POINT('',(-0.465,0.25,0.35));
#246 = LINE('',#247,#248);
#247 = CARTESIAN_POINT('',(-0.465,-0.25,0.35));
#248 = VECTOR('',#249,1.);
#249 = DIRECTION('',(0.,1.,0.));
#250 = ORIENTED_EDGE('',*,*,#251,.F.);
#251 = EDGE_CURVE('',#113,#244,#252,.T.);
#252 = CIRCLE('',#253,3.5E-02);
#253 = AXIS2_PLACEMENT_3D('',#254,#255,#256);
#254 = CARTESIAN_POINT('',(-0.465,0.25,0.315));
#255 = DIRECTION('',(0.,1.,0.));
#256 = DIRECTION('',(0.,-0.,1.));
#257 = ORIENTED_EDGE('',*,*,#120,.F.);
#258 = CYLINDRICAL_SURFACE('',#259,3.5E-02);
#259 = AXIS2_PLACEMENT_3D('',#260,#261,#262);
#260 = CARTESIAN_POINT('',(-0.465,-0.25,0.315));
#261 = DIRECTION('',(0.,1.,0.));
#262 = DIRECTION('',(-1.,0.,0.));
#263 = ADVANCED_FACE('',(#264),#325,.T.);
#264 = FACE_BOUND('',#265,.T.);
#265 = EDGE_LOOP('',(#266,#274,#275,#276,#277,#285,#294,#302,#310,#318)
  );
#266 = ORIENTED_EDGE('',*,*,#267,.F.);
#267 = EDGE_CURVE('',#219,#268,#270,.T.);
#268 = VERTEX_POINT('',#269);
#269 = CARTESIAN_POINT('',(-0.335,0.25,-2.775557561563E-17));
#270 = LINE('',#271,#272);
#271 = CARTESIAN_POINT('',(-0.5,0.25,0.));
#272 = VECTOR('',#273,1.);
#273 = DIRECTION('',(1.,0.,0.));
#274 = ORIENTED_EDGE('',*,*,#218,.F.);
#275 = ORIENTED_EDGE('',*,*,#112,.T.);
#276 = ORIENTED_EDGE('',*,*,#251,.T.);
#277 = ORIENTED_EDGE('',*,*,#278,.T.);
#278 = EDGE_CURVE('',#244,#279,#281,.T.);
#279 = VERTEX_POINT('',#280);
#280 = CARTESIAN_POINT('',(-0.335,0.25,0.35));
#281 = LINE('',#282,#283);
#282 = CARTESIAN_POINT('',(-0.5,0.25,0.35));
#283 = VECTOR('',#284,1.);
#284 = DIRECTION('',(1.,0.,0.));
#285 = ORIENTED_EDGE('',*,*,#286,.F.);
#286 = EDGE_CURVE('',#287,#279,#289,.T.);
#287 = VERTEX_POINT('',#288);
#288 = CARTESIAN_POINT('',(-0.3,0.25,0.315));
#289 = CIRCLE('',#290,3.5E-02);
#290 = AXIS2_PLACEMENT_3D('',#291,#292,#293);
#291 = CARTESIAN_POINT('',(-0.335,0.25,0.315));
#292 = DIRECTION('',(0.,-1.,0.));
#293 = DIRECTION('',(0.,0.,1.));
#294 = ORIENTED_EDGE('',*,*,#295,.F.);
#295 = EDGE_CURVE('',#296,#287,#298,.T.);
#296 = VERTEX_POINT('',#297);
#297 = CARTESIAN_POINT('',(-0.465,0.25,0.315));
#298 = LINE('',#299,#300);
#299 = CARTESIAN_POINT('',(-0.465,0.25,0.315));
#300 = VECTOR('',#301,1.);
#301 = DIRECTION('',(1.,0.,0.));
#302 = ORIENTED_EDGE('',*,*,#303,.F.);
#303 = EDGE_CURVE('',#304,#296,#306,.T.);
#304 = VERTEX_POINT('',#305);
#305 = CARTESIAN_POINT('',(-0.465,0.25,3.5E-02));
#306 = LINE('',#307,#308);
#307 = CARTESIAN_POINT('',(-0.465,0.25,3.5E-02));
#308 = VECTOR('',#309,1.);
#309 = DIRECTION('',(0.,0.,1.));
#310 = ORIENTED_EDGE('',*,*,#311,.T.);
#311 = EDGE_CURVE('',#304,#312,#314,.T.);
#312 = VERTEX_POINT('',#313);
#313 = CARTESIAN_POINT('',(-0.3,0.25,3.5E-02));
#314 = LINE('',#315,#316);
#315 = CARTESIAN_POINT('',(-0.465,0.25,3.5E-02));
#316 = VECTOR('',#317,1.);
#317 = DIRECTION('',(1.,0.,0.));
#318 = ORIENTED_EDGE('',*,*,#319,.T.);
#319 = EDGE_CURVE('',#312,#268,#320,.T.);
#320 = CIRCLE('',#321,3.5E-02);
#321 = AXIS2_PLACEMENT_3D('',#322,#323,#324);
#322 = CARTESIAN_POINT('',(-0.335,0.25,3.5E-02));
#323 = DIRECTION('',(0.,1.,0.));
#324 = DIRECTION('',(0.,-0.,1.));
#325 = PLANE('',#326);
#326 = AXIS2_PLACEMENT_3D('',#327,#328,#329);
#327 = CARTESIAN_POINT('',(-0.5,0.25,0.));
#328 = DIRECTION('',(0.,1.,0.));
#329 = DIRECTION('',(0.,-0.,1.));
#330 = ADVANCED_FACE('',(#331),#342,.F.);
#331 = FACE_BOUND('',#332,.F.);
#332 = EDGE_LOOP('',(#333,#334,#335,#336));
#333 = ORIENTED_EDGE('',*,*,#267,.F.);
#334 = ORIENTED_EDGE('',*,*,#227,.F.);
#335 = ORIENTED_EDGE('',*,*,#134,.T.);
#336 = ORIENTED_EDGE('',*,*,#337,.T.);
#337 = EDGE_CURVE('',#137,#268,#338,.T.);
#338 = LINE('',#339,#340);
#339 = CARTESIAN_POINT('',(-0.335,-0.25,-2.775557561563E-17));
#340 = VECTOR('',#341,1.);
#341 = DIRECTION('',(0.,1.,0.));
#342 = PLANE('',#343);
#343 = AXIS2_PLACEMENT_3D('',#344,#345,#346);
#344 = CARTESIAN_POINT('',(-0.5,-0.25,0.));
#345 = DIRECTION('',(0.,0.,1.));
#346 = DIRECTION('',(1.,0.,-0.));
#347 = ADVANCED_FACE('',(#348),#359,.T.);
#348 = FACE_BOUND('',#349,.T.);
#349 = EDGE_LOOP('',(#350,#351,#352,#353));
#350 = ORIENTED_EDGE('',*,*,#202,.T.);
#351 = ORIENTED_EDGE('',*,*,#337,.T.);
#352 = ORIENTED_EDGE('',*,*,#319,.F.);
#353 = ORIENTED_EDGE('',*,*,#354,.F.);
#354 = EDGE_CURVE('',#195,#312,#355,.T.);
#355 = LINE('',#356,#357);
#356 = CARTESIAN_POINT('',(-0.3,-0.25,3.5E-02));
#357 = VECTOR('',#358,1.);
#358 = DIRECTION('',(0.,1.,0.));
#359 = CYLINDRICAL_SURFACE('',#360,3.5E-02);
#360 = AXIS2_PLACEMENT_3D('',#361,#362,#363);
#361 = CARTESIAN_POINT('',(-0.335,-0.25,3.5E-02));
#362 = DIRECTION('',(0.,1.,0.));
#363 = DIRECTION('',(1.,0.,0.));
#364 = ADVANCED_FACE('',(#365),#408,.F.);
#365 = FACE_BOUND('',#366,.F.);
#366 = EDGE_LOOP('',(#367,#368,#369,#370,#378,#386,#394,#402));
#367 = ORIENTED_EDGE('',*,*,#194,.F.);
#368 = ORIENTED_EDGE('',*,*,#186,.T.);
#369 = ORIENTED_EDGE('',*,*,#178,.T.);
#370 = ORIENTED_EDGE('',*,*,#371,.T.);
#371 = EDGE_CURVE('',#170,#372,#374,.T.);
#372 = VERTEX_POINT('',#373);
#373 = CARTESIAN_POINT('',(0.3,-0.25,0.315));
#374 = LINE('',#375,#376);
#375 = CARTESIAN_POINT('',(-0.3,-0.25,0.315));
#376 = VECTOR('',#377,1.);
#377 = DIRECTION('',(1.,0.,0.));
#378 = ORIENTED_EDGE('',*,*,#379,.T.);
#379 = EDGE_CURVE('',#372,#380,#382,.T.);
#380 = VERTEX_POINT('',#381);
#381 = CARTESIAN_POINT('',(0.465,-0.25,0.315));
#382 = LINE('',#383,#384);
#383 = CARTESIAN_POINT('',(-0.465,-0.25,0.315));
#384 = VECTOR('',#385,1.);
#385 = DIRECTION('',(1.,0.,0.));
#386 = ORIENTED_EDGE('',*,*,#387,.F.);
#387 = EDGE_CURVE('',#388,#380,#390,.T.);
#388 = VERTEX_POINT('',#389);
#389 = CARTESIAN_POINT('',(0.465,-0.25,3.5E-02));
#390 = LINE('',#391,#392);
#391 = CARTESIAN_POINT('',(0.465,-0.25,3.5E-02));
#392 = VECTOR('',#393,1.);
#393 = DIRECTION('',(0.,0.,1.));
#394 = ORIENTED_EDGE('',*,*,#395,.F.);
#395 = EDGE_CURVE('',#396,#388,#398,.T.);
#396 = VERTEX_POINT('',#397);
#397 = CARTESIAN_POINT('',(0.3,-0.25,3.5E-02));
#398 = LINE('',#399,#400);
#399 = CARTESIAN_POINT('',(-0.465,-0.25,3.5E-02));
#400 = VECTOR('',#401,1.);
#401 = DIRECTION('',(1.,0.,0.));
#402 = ORIENTED_EDGE('',*,*,#403,.F.);
#403 = EDGE_CURVE('',#195,#396,#404,.T.);
#404 = LINE('',#405,#406);
#405 = CARTESIAN_POINT('',(-0.465,-0.25,3.5E-02));
#406 = VECTOR('',#407,1.);
#407 = DIRECTION('',(1.,0.,0.));
#408 = PLANE('',#409);
#409 = AXIS2_PLACEMENT_3D('',#410,#411,#412);
#410 = CARTESIAN_POINT('',(-0.465,-0.25,3.5E-02));
#411 = DIRECTION('',(0.,1.,0.));
#412 = DIRECTION('',(0.,-0.,1.));
#413 = ADVANCED_FACE('',(#414),#425,.T.);
#414 = FACE_BOUND('',#415,.T.);
#415 = EDGE_LOOP('',(#416,#417,#418,#419));
#416 = ORIENTED_EDGE('',*,*,#278,.F.);
#417 = ORIENTED_EDGE('',*,*,#243,.F.);
#418 = ORIENTED_EDGE('',*,*,#161,.T.);
#419 = ORIENTED_EDGE('',*,*,#420,.T.);
#420 = EDGE_CURVE('',#162,#279,#421,.T.);
#421 = LINE('',#422,#423);
#422 = CARTESIAN_POINT('',(-0.335,-0.25,0.35));
#423 = VECTOR('',#424,1.);
#424 = DIRECTION('',(0.,1.,0.));
#425 = PLANE('',#426);
#426 = AXIS2_PLACEMENT_3D('',#427,#428,#429);
#427 = CARTESIAN_POINT('',(-0.5,-0.25,0.35));
#428 = DIRECTION('',(0.,0.,1.));
#429 = DIRECTION('',(1.,0.,-0.));
#430 = ADVANCED_FACE('',(#431),#442,.T.);
#431 = FACE_BOUND('',#432,.T.);
#432 = EDGE_LOOP('',(#433,#439,#440,#441));
#433 = ORIENTED_EDGE('',*,*,#434,.T.);
#434 = EDGE_CURVE('',#170,#287,#435,.T.);
#435 = LINE('',#436,#437);
#436 = CARTESIAN_POINT('',(-0.3,-0.25,0.315));
#437 = VECTOR('',#438,1.);
#438 = DIRECTION('',(0.,1.,0.));
#439 = ORIENTED_EDGE('',*,*,#286,.T.);
#440 = ORIENTED_EDGE('',*,*,#420,.F.);
#441 = ORIENTED_EDGE('',*,*,#169,.F.);
#442 = CYLINDRICAL_SURFACE('',#443,3.5E-02);
#443 = AXIS2_PLACEMENT_3D('',#444,#445,#446);
#444 = CARTESIAN_POINT('',(-0.335,-0.25,0.315));
#445 = DIRECTION('',(0.,1.,0.));
#446 = DIRECTION('',(1.,0.,0.));
#447 = ADVANCED_FACE('',(#448),#491,.T.);
#448 = FACE_BOUND('',#449,.T.);
#449 = EDGE_LOOP('',(#450,#451,#452,#453,#461,#469,#477,#485));
#450 = ORIENTED_EDGE('',*,*,#311,.F.);
#451 = ORIENTED_EDGE('',*,*,#303,.T.);
#452 = ORIENTED_EDGE('',*,*,#295,.T.);
#453 = ORIENTED_EDGE('',*,*,#454,.T.);
#454 = EDGE_CURVE('',#287,#455,#457,.T.);
#455 = VERTEX_POINT('',#456);
#456 = CARTESIAN_POINT('',(0.3,0.25,0.315));
#457 = LINE('',#458,#459);
#458 = CARTESIAN_POINT('',(-0.3,0.25,0.315));
#459 = VECTOR('',#460,1.);
#460 = DIRECTION('',(1.,0.,0.));
#461 = ORIENTED_EDGE('',*,*,#462,.T.);
#462 = EDGE_CURVE('',#455,#463,#465,.T.);
#463 = VERTEX_POINT('',#464);
#464 = CARTESIAN_POINT('',(0.465,0.25,0.315));
#465 = LINE('',#466,#467);
#466 = CARTESIAN_POINT('',(-0.465,0.25,0.315));
#467 = VECTOR('',#468,1.);
#468 = DIRECTION('',(1.,0.,0.));
#469 = ORIENTED_EDGE('',*,*,#470,.F.);
#470 = EDGE_CURVE('',#471,#463,#473,.T.);
#471 = VERTEX_POINT('',#472);
#472 = CARTESIAN_POINT('',(0.465,0.25,3.5E-02));
#473 = LINE('',#474,#475);
#474 = CARTESIAN_POINT('',(0.465,0.25,3.5E-02));
#475 = VECTOR('',#476,1.);
#476 = DIRECTION('',(0.,0.,1.));
#477 = ORIENTED_EDGE('',*,*,#478,.F.);
#478 = EDGE_CURVE('',#479,#471,#481,.T.);
#479 = VERTEX_POINT('',#480);
#480 = CARTESIAN_POINT('',(0.3,0.25,3.5E-02));
#481 = LINE('',#482,#483);
#482 = CARTESIAN_POINT('',(-0.465,0.25,3.5E-02));
#483 = VECTOR('',#484,1.);
#484 = DIRECTION('',(1.,0.,0.));
#485 = ORIENTED_EDGE('',*,*,#486,.F.);
#486 = EDGE_CURVE('',#312,#479,#487,.T.);
#487 = LINE('',#488,#489);
#488 = CARTESIAN_POINT('',(-0.465,0.25,3.5E-02));
#489 = VECTOR('',#490,1.);
#490 = DIRECTION('',(1.,0.,0.));
#491 = PLANE('',#492);
#492 = AXIS2_PLACEMENT_3D('',#493,#494,#495);
#493 = CARTESIAN_POINT('',(-0.465,0.25,3.5E-02));
#494 = DIRECTION('',(0.,1.,0.));
#495 = DIRECTION('',(0.,-0.,1.));
#496 = ADVANCED_FACE('',(#497),#508,.F.);
#497 = FACE_BOUND('',#498,.F.);
#498 = EDGE_LOOP('',(#499,#500,#501,#507));
#499 = ORIENTED_EDGE('',*,*,#354,.F.);
#500 = ORIENTED_EDGE('',*,*,#403,.T.);
#501 = ORIENTED_EDGE('',*,*,#502,.T.);
#502 = EDGE_CURVE('',#396,#479,#503,.T.);
#503 = LINE('',#504,#505);
#504 = CARTESIAN_POINT('',(0.3,-0.25,3.5E-02));
#505 = VECTOR('',#506,1.);
#506 = DIRECTION('',(0.,1.,0.));
#507 = ORIENTED_EDGE('',*,*,#486,.F.);
#508 = PLANE('',#509);
#509 = AXIS2_PLACEMENT_3D('',#510,#511,#512);
#510 = CARTESIAN_POINT('',(-0.465,-0.25,3.5E-02));
#511 = DIRECTION('',(0.,0.,1.));
#512 = DIRECTION('',(1.,0.,-0.));
#513 = ADVANCED_FACE('',(#514),#577,.F.);
#514 = FACE_BOUND('',#515,.F.);
#515 = EDGE_LOOP('',(#516,#526,#533,#534,#535,#536,#545,#553,#562,#570)
  );
#516 = ORIENTED_EDGE('',*,*,#517,.F.);
#517 = EDGE_CURVE('',#518,#520,#522,.T.);
#518 = VERTEX_POINT('',#519);
#519 = CARTESIAN_POINT('',(0.335,-0.25,-2.775557561563E-17));
#520 = VERTEX_POINT('',#521);
#521 = CARTESIAN_POINT('',(0.465,-0.25,-2.775557561563E-17));
#522 = LINE('',#523,#524);
#523 = CARTESIAN_POINT('',(0.3,-0.25,0.));
#524 = VECTOR('',#525,1.);
#525 = DIRECTION('',(1.,0.,0.));
#526 = ORIENTED_EDGE('',*,*,#527,.F.);
#527 = EDGE_CURVE('',#396,#518,#528,.T.);
#528 = CIRCLE('',#529,3.5E-02);
#529 = AXIS2_PLACEMENT_3D('',#530,#531,#532);
#530 = CARTESIAN_POINT('',(0.335,-0.25,3.5E-02));
#531 = DIRECTION('',(0.,-1.,0.));
#532 = DIRECTION('',(0.,0.,1.));
#533 = ORIENTED_EDGE('',*,*,#395,.T.);
#534 = ORIENTED_EDGE('',*,*,#387,.T.);
#535 = ORIENTED_EDGE('',*,*,#379,.F.);
#536 = ORIENTED_EDGE('',*,*,#537,.T.);
#537 = EDGE_CURVE('',#372,#538,#540,.T.);
#538 = VERTEX_POINT('',#539);
#539 = CARTESIAN_POINT('',(0.335,-0.25,0.35));
#540 = CIRCLE('',#541,3.5E-02);
#541 = AXIS2_PLACEMENT_3D('',#542,#543,#544);
#542 = CARTESIAN_POINT('',(0.335,-0.25,0.315));
#543 = DIRECTION('',(0.,1.,0.));
#544 = DIRECTION('',(0.,-0.,1.));
#545 = ORIENTED_EDGE('',*,*,#546,.T.);
#546 = EDGE_CURVE('',#538,#547,#549,.T.);
#547 = VERTEX_POINT('',#548);
#548 = CARTESIAN_POINT('',(0.465,-0.25,0.35));
#549 = LINE('',#550,#551);
#550 = CARTESIAN_POINT('',(0.3,-0.25,0.35));
#551 = VECTOR('',#552,1.);
#552 = DIRECTION('',(1.,0.,0.));
#553 = ORIENTED_EDGE('',*,*,#554,.F.);
#554 = EDGE_CURVE('',#555,#547,#557,.T.);
#555 = VERTEX_POINT('',#556);
#556 = CARTESIAN_POINT('',(0.5,-0.25,0.315));
#557 = CIRCLE('',#558,3.5E-02);
#558 = AXIS2_PLACEMENT_3D('',#559,#560,#561);
#559 = CARTESIAN_POINT('',(0.465,-0.25,0.315));
#560 = DIRECTION('',(0.,-1.,0.));
#561 = DIRECTION('',(0.,0.,1.));
#562 = ORIENTED_EDGE('',*,*,#563,.F.);
#563 = EDGE_CURVE('',#564,#555,#566,.T.);
#564 = VERTEX_POINT('',#565);
#565 = CARTESIAN_POINT('',(0.5,-0.25,3.5E-02));
#566 = LINE('',#567,#568);
#567 = CARTESIAN_POINT('',(0.5,-0.25,0.));
#568 = VECTOR('',#569,1.);
#569 = DIRECTION('',(0.,0.,1.));
#570 = ORIENTED_EDGE('',*,*,#571,.T.);
#571 = EDGE_CURVE('',#564,#520,#572,.T.);
#572 = CIRCLE('',#573,3.5E-02);
#573 = AXIS2_PLACEMENT_3D('',#574,#575,#576);
#574 = CARTESIAN_POINT('',(0.465,-0.25,3.5E-02));
#575 = DIRECTION('',(0.,1.,0.));
#576 = DIRECTION('',(0.,-0.,1.));
#577 = PLANE('',#578);
#578 = AXIS2_PLACEMENT_3D('',#579,#580,#581);
#579 = CARTESIAN_POINT('',(0.3,-0.25,0.));
#580 = DIRECTION('',(0.,1.,0.));
#581 = DIRECTION('',(0.,-0.,1.));
#582 = ADVANCED_FACE('',(#583),#608,.F.);
#583 = FACE_BOUND('',#584,.F.);
#584 = EDGE_LOOP('',(#585,#586,#594,#602));
#585 = ORIENTED_EDGE('',*,*,#371,.F.);
#586 = ORIENTED_EDGE('',*,*,#587,.T.);
#587 = EDGE_CURVE('',#170,#588,#590,.T.);
#588 = VERTEX_POINT('',#589);
#589 = CARTESIAN_POINT('',(-0.3,-0.25,0.35));
#590 = LINE('',#591,#592);
#591 = CARTESIAN_POINT('',(-0.3,-0.25,0.315));
#592 = VECTOR('',#593,1.);
#593 = DIRECTION('',(0.,0.,1.));
#594 = ORIENTED_EDGE('',*,*,#595,.T.);
#595 = EDGE_CURVE('',#588,#596,#598,.T.);
#596 = VERTEX_POINT('',#597);
#597 = CARTESIAN_POINT('',(0.3,-0.25,0.35));
#598 = LINE('',#599,#600);
#599 = CARTESIAN_POINT('',(-0.3,-0.25,0.35));
#600 = VECTOR('',#601,1.);
#601 = DIRECTION('',(1.,0.,0.));
#602 = ORIENTED_EDGE('',*,*,#603,.F.);
#603 = EDGE_CURVE('',#372,#596,#604,.T.);
#604 = LINE('',#605,#606);
#605 = CARTESIAN_POINT('',(0.3,-0.25,0.315));
#606 = VECTOR('',#607,1.);
#607 = DIRECTION('',(0.,0.,1.));
#608 = PLANE('',#609);
#609 = AXIS2_PLACEMENT_3D('',#610,#611,#612);
#610 = CARTESIAN_POINT('',(-0.3,-0.25,0.315));
#611 = DIRECTION('',(0.,1.,0.));
#612 = DIRECTION('',(0.,-0.,1.));
#613 = ADVANCED_FACE('',(#614),#632,.F.);
#614 = FACE_BOUND('',#615,.F.);
#615 = EDGE_LOOP('',(#616,#617,#618,#626));
#616 = ORIENTED_EDGE('',*,*,#587,.F.);
#617 = ORIENTED_EDGE('',*,*,#434,.T.);
#618 = ORIENTED_EDGE('',*,*,#619,.T.);
#619 = EDGE_CURVE('',#287,#620,#622,.T.);
#620 = VERTEX_POINT('',#621);
#621 = CARTESIAN_POINT('',(-0.3,0.25,0.35));
#622 = LINE('',#623,#624);
#623 = CARTESIAN_POINT('',(-0.3,0.25,0.315));
#624 = VECTOR('',#625,1.);
#625 = DIRECTION('',(0.,0.,1.));
#626 = ORIENTED_EDGE('',*,*,#627,.F.);
#627 = EDGE_CURVE('',#588,#620,#628,.T.);
#628 = LINE('',#629,#630);
#629 = CARTESIAN_POINT('',(-0.3,-0.25,0.35));
#630 = VECTOR('',#631,1.);
#631 = DIRECTION('',(0.,1.,0.));
#632 = PLANE('',#633);
#633 = AXIS2_PLACEMENT_3D('',#634,#635,#636);
#634 = CARTESIAN_POINT('',(-0.3,-0.25,0.315));
#635 = DIRECTION('',(1.,0.,0.));
#636 = DIRECTION('',(0.,0.,1.));
#637 = ADVANCED_FACE('',(#638),#701,.T.);
#638 = FACE_BOUND('',#639,.T.);
#639 = EDGE_LOOP('',(#640,#650,#657,#658,#659,#660,#669,#677,#686,#694)
  );
#640 = ORIENTED_EDGE('',*,*,#641,.F.);
#641 = EDGE_CURVE('',#642,#644,#646,.T.);
#642 = VERTEX_POINT('',#643);
#643 = CARTESIAN_POINT('',(0.335,0.25,-2.775557561563E-17));
#644 = VERTEX_POINT('',#645);
#645 = CARTESIAN_POINT('',(0.465,0.25,-2.775557561563E-17));
#646 = LINE('',#647,#648);
#647 = CARTESIAN_POINT('',(0.3,0.25,0.));
#648 = VECTOR('',#649,1.);
#649 = DIRECTION('',(1.,0.,0.));
#650 = ORIENTED_EDGE('',*,*,#651,.F.);
#651 = EDGE_CURVE('',#479,#642,#652,.T.);
#652 = CIRCLE('',#653,3.5E-02);
#653 = AXIS2_PLACEMENT_3D('',#654,#655,#656);
#654 = CARTESIAN_POINT('',(0.335,0.25,3.5E-02));
#655 = DIRECTION('',(0.,-1.,0.));
#656 = DIRECTION('',(0.,0.,1.));
#657 = ORIENTED_EDGE('',*,*,#478,.T.);
#658 = ORIENTED_EDGE('',*,*,#470,.T.);
#659 = ORIENTED_EDGE('',*,*,#462,.F.);
#660 = ORIENTED_EDGE('',*,*,#661,.T.);
#661 = EDGE_CURVE('',#455,#662,#664,.T.);
#662 = VERTEX_POINT('',#663);
#663 = CARTESIAN_POINT('',(0.335,0.25,0.35));
#664 = CIRCLE('',#665,3.5E-02);
#665 = AXIS2_PLACEMENT_3D('',#666,#667,#668);
#666 = CARTESIAN_POINT('',(0.335,0.25,0.315));
#667 = DIRECTION('',(0.,1.,0.));
#668 = DIRECTION('',(0.,-0.,1.));
#669 = ORIENTED_EDGE('',*,*,#670,.T.);
#670 = EDGE_CURVE('',#662,#671,#673,.T.);
#671 = VERTEX_POINT('',#672);
#672 = CARTESIAN_POINT('',(0.465,0.25,0.35));
#673 = LINE('',#674,#675);
#674 = CARTESIAN_POINT('',(0.3,0.25,0.35));
#675 = VECTOR('',#676,1.);
#676 = DIRECTION('',(1.,0.,0.));
#677 = ORIENTED_EDGE('',*,*,#678,.F.);
#678 = EDGE_CURVE('',#679,#671,#681,.T.);
#679 = VERTEX_POINT('',#680);
#680 = CARTESIAN_POINT('',(0.5,0.25,0.315));
#681 = CIRCLE('',#682,3.5E-02);
#682 = AXIS2_PLACEMENT_3D('',#683,#684,#685);
#683 = CARTESIAN_POINT('',(0.465,0.25,0.315));
#684 = DIRECTION('',(0.,-1.,0.));
#685 = DIRECTION('',(0.,0.,1.));
#686 = ORIENTED_EDGE('',*,*,#687,.F.);
#687 = EDGE_CURVE('',#688,#679,#690,.T.);
#688 = VERTEX_POINT('',#689);
#689 = CARTESIAN_POINT('',(0.5,0.25,3.5E-02));
#690 = LINE('',#691,#692);
#691 = CARTESIAN_POINT('',(0.5,0.25,0.));
#692 = VECTOR('',#693,1.);
#693 = DIRECTION('',(0.,0.,1.));
#694 = ORIENTED_EDGE('',*,*,#695,.T.);
#695 = EDGE_CURVE('',#688,#644,#696,.T.);
#696 = CIRCLE('',#697,3.5E-02);
#697 = AXIS2_PLACEMENT_3D('',#698,#699,#700);
#698 = CARTESIAN_POINT('',(0.465,0.25,3.5E-02));
#699 = DIRECTION('',(0.,1.,0.));
#700 = DIRECTION('',(0.,-0.,1.));
#701 = PLANE('',#702);
#702 = AXIS2_PLACEMENT_3D('',#703,#704,#705);
#703 = CARTESIAN_POINT('',(0.3,0.25,0.));
#704 = DIRECTION('',(0.,1.,0.));
#705 = DIRECTION('',(0.,-0.,1.));
#706 = ADVANCED_FACE('',(#707),#725,.T.);
#707 = FACE_BOUND('',#708,.T.);
#708 = EDGE_LOOP('',(#709,#710,#711,#719));
#709 = ORIENTED_EDGE('',*,*,#454,.F.);
#710 = ORIENTED_EDGE('',*,*,#619,.T.);
#711 = ORIENTED_EDGE('',*,*,#712,.T.);
#712 = EDGE_CURVE('',#620,#713,#715,.T.);
#713 = VERTEX_POINT('',#714);
#714 = CARTESIAN_POINT('',(0.3,0.25,0.35));
#715 = LINE('',#716,#717);
#716 = CARTESIAN_POINT('',(-0.3,0.25,0.35));
#717 = VECTOR('',#718,1.);
#718 = DIRECTION('',(1.,0.,0.));
#719 = ORIENTED_EDGE('',*,*,#720,.F.);
#720 = EDGE_CURVE('',#455,#713,#721,.T.);
#721 = LINE('',#722,#723);
#722 = CARTESIAN_POINT('',(0.3,0.25,0.315));
#723 = VECTOR('',#724,1.);
#724 = DIRECTION('',(0.,0.,1.));
#725 = PLANE('',#726);
#726 = AXIS2_PLACEMENT_3D('',#727,#728,#729);
#727 = CARTESIAN_POINT('',(-0.3,0.25,0.315));
#728 = DIRECTION('',(0.,1.,0.));
#729 = DIRECTION('',(0.,-0.,1.));
#730 = ADVANCED_FACE('',(#731),#742,.T.);
#731 = FACE_BOUND('',#732,.T.);
#732 = EDGE_LOOP('',(#733,#734,#735,#741));
#733 = ORIENTED_EDGE('',*,*,#502,.T.);
#734 = ORIENTED_EDGE('',*,*,#651,.T.);
#735 = ORIENTED_EDGE('',*,*,#736,.F.);
#736 = EDGE_CURVE('',#518,#642,#737,.T.);
#737 = LINE('',#738,#739);
#738 = CARTESIAN_POINT('',(0.335,-0.25,-2.775557561563E-17));
#739 = VECTOR('',#740,1.);
#740 = DIRECTION('',(0.,1.,0.));
#741 = ORIENTED_EDGE('',*,*,#527,.F.);
#742 = CYLINDRICAL_SURFACE('',#743,3.5E-02);
#743 = AXIS2_PLACEMENT_3D('',#744,#745,#746);
#744 = CARTESIAN_POINT('',(0.335,-0.25,3.5E-02));
#745 = DIRECTION('',(0.,1.,0.));
#746 = DIRECTION('',(-1.,0.,0.));
#747 = ADVANCED_FACE('',(#748),#759,.F.);
#748 = FACE_BOUND('',#749,.F.);
#749 = EDGE_LOOP('',(#750,#751,#752,#753));
#750 = ORIENTED_EDGE('',*,*,#641,.F.);
#751 = ORIENTED_EDGE('',*,*,#736,.F.);
#752 = ORIENTED_EDGE('',*,*,#517,.T.);
#753 = ORIENTED_EDGE('',*,*,#754,.T.);
#754 = EDGE_CURVE('',#520,#644,#755,.T.);
#755 = LINE('',#756,#757);
#756 = CARTESIAN_POINT('',(0.465,-0.25,-2.775557561563E-17));
#757 = VECTOR('',#758,1.);
#758 = DIRECTION('',(0.,1.,0.));
#759 = PLANE('',#760);
#760 = AXIS2_PLACEMENT_3D('',#761,#762,#763);
#761 = CARTESIAN_POINT('',(0.3,-0.25,0.));
#762 = DIRECTION('',(0.,0.,1.));
#763 = DIRECTION('',(1.,0.,-0.));
#764 = ADVANCED_FACE('',(#765),#776,.T.);
#765 = FACE_BOUND('',#766,.T.);
#766 = EDGE_LOOP('',(#767,#768,#769,#770));
#767 = ORIENTED_EDGE('',*,*,#571,.T.);
#768 = ORIENTED_EDGE('',*,*,#754,.T.);
#769 = ORIENTED_EDGE('',*,*,#695,.F.);
#770 = ORIENTED_EDGE('',*,*,#771,.F.);
#771 = EDGE_CURVE('',#564,#688,#772,.T.);
#772 = LINE('',#773,#774);
#773 = CARTESIAN_POINT('',(0.5,-0.25,3.5E-02));
#774 = VECTOR('',#775,1.);
#775 = DIRECTION('',(0.,1.,0.));
#776 = CYLINDRICAL_SURFACE('',#777,3.5E-02);
#777 = AXIS2_PLACEMENT_3D('',#778,#779,#780);
#778 = CARTESIAN_POINT('',(0.465,-0.25,3.5E-02));
#779 = DIRECTION('',(0.,1.,0.));
#780 = DIRECTION('',(1.,0.,0.));
#781 = ADVANCED_FACE('',(#782),#793,.T.);
#782 = FACE_BOUND('',#783,.T.);
#783 = EDGE_LOOP('',(#784,#785,#786,#787));
#784 = ORIENTED_EDGE('',*,*,#563,.F.);
#785 = ORIENTED_EDGE('',*,*,#771,.T.);
#786 = ORIENTED_EDGE('',*,*,#687,.T.);
#787 = ORIENTED_EDGE('',*,*,#788,.F.);
#788 = EDGE_CURVE('',#555,#679,#789,.T.);
#789 = LINE('',#790,#791);
#790 = CARTESIAN_POINT('',(0.5,-0.25,0.315));
#791 = VECTOR('',#792,1.);
#792 = DIRECTION('',(0.,1.,0.));
#793 = PLANE('',#794);
#794 = AXIS2_PLACEMENT_3D('',#795,#796,#797);
#795 = CARTESIAN_POINT('',(0.5,-0.25,0.));
#796 = DIRECTION('',(1.,0.,0.));
#797 = DIRECTION('',(0.,0.,1.));
#798 = ADVANCED_FACE('',(#799),#810,.T.);
#799 = FACE_BOUND('',#800,.T.);
#800 = EDGE_LOOP('',(#801,#802,#803,#809));
#801 = ORIENTED_EDGE('',*,*,#788,.T.);
#802 = ORIENTED_EDGE('',*,*,#678,.T.);
#803 = ORIENTED_EDGE('',*,*,#804,.F.);
#804 = EDGE_CURVE('',#547,#671,#805,.T.);
#805 = LINE('',#806,#807);
#806 = CARTESIAN_POINT('',(0.465,-0.25,0.35));
#807 = VECTOR('',#808,1.);
#808 = DIRECTION('',(0.,1.,0.));
#809 = ORIENTED_EDGE('',*,*,#554,.F.);
#810 = CYLINDRICAL_SURFACE('',#811,3.5E-02);
#811 = AXIS2_PLACEMENT_3D('',#812,#813,#814);
#812 = CARTESIAN_POINT('',(0.465,-0.25,0.315));
#813 = DIRECTION('',(0.,1.,0.));
#814 = DIRECTION('',(1.,0.,0.));
#815 = ADVANCED_FACE('',(#816),#827,.T.);
#816 = FACE_BOUND('',#817,.T.);
#817 = EDGE_LOOP('',(#818,#819,#825,#826));
#818 = ORIENTED_EDGE('',*,*,#670,.F.);
#819 = ORIENTED_EDGE('',*,*,#820,.F.);
#820 = EDGE_CURVE('',#538,#662,#821,.T.);
#821 = LINE('',#822,#823);
#822 = CARTESIAN_POINT('',(0.335,-0.25,0.35));
#823 = VECTOR('',#824,1.);
#824 = DIRECTION('',(0.,1.,0.));
#825 = ORIENTED_EDGE('',*,*,#546,.T.);
#826 = ORIENTED_EDGE('',*,*,#804,.T.);
#827 = PLANE('',#828);
#828 = AXIS2_PLACEMENT_3D('',#829,#830,#831);
#829 = CARTESIAN_POINT('',(0.3,-0.25,0.35));
#830 = DIRECTION('',(0.,0.,1.));
#831 = DIRECTION('',(1.,0.,-0.));
#832 = ADVANCED_FACE('',(#833),#844,.T.);
#833 = FACE_BOUND('',#834,.T.);
#834 = EDGE_LOOP('',(#835,#836,#837,#838));
#835 = ORIENTED_EDGE('',*,*,#537,.T.);
#836 = ORIENTED_EDGE('',*,*,#820,.T.);
#837 = ORIENTED_EDGE('',*,*,#661,.F.);
#838 = ORIENTED_EDGE('',*,*,#839,.F.);
#839 = EDGE_CURVE('',#372,#455,#840,.T.);
#840 = LINE('',#841,#842);
#841 = CARTESIAN_POINT('',(0.3,-0.25,0.315));
#842 = VECTOR('',#843,1.);
#843 = DIRECTION('',(0.,1.,0.));
#844 = CYLINDRICAL_SURFACE('',#845,3.5E-02);
#845 = AXIS2_PLACEMENT_3D('',#846,#847,#848);
#846 = CARTESIAN_POINT('',(0.335,-0.25,0.315));
#847 = DIRECTION('',(0.,1.,0.));
#848 = DIRECTION('',(-1.,0.,0.));
#849 = ADVANCED_FACE('',(#850),#861,.T.);
#850 = FACE_BOUND('',#851,.T.);
#851 = EDGE_LOOP('',(#852,#853,#854,#855));
#852 = ORIENTED_EDGE('',*,*,#603,.F.);
#853 = ORIENTED_EDGE('',*,*,#839,.T.);
#854 = ORIENTED_EDGE('',*,*,#720,.T.);
#855 = ORIENTED_EDGE('',*,*,#856,.F.);
#856 = EDGE_CURVE('',#596,#713,#857,.T.);
#857 = LINE('',#858,#859);
#858 = CARTESIAN_POINT('',(0.3,-0.25,0.35));
#859 = VECTOR('',#860,1.);
#860 = DIRECTION('',(0.,1.,0.));
#861 = PLANE('',#862);
#862 = AXIS2_PLACEMENT_3D('',#863,#864,#865);
#863 = CARTESIAN_POINT('',(0.3,-0.25,0.315));
#864 = DIRECTION('',(1.,0.,0.));
#865 = DIRECTION('',(0.,0.,1.));
#866 = ADVANCED_FACE('',(#867),#873,.T.);
#867 = FACE_BOUND('',#868,.T.);
#868 = EDGE_LOOP('',(#869,#870,#871,#872));
#869 = ORIENTED_EDGE('',*,*,#627,.F.);
#870 = ORIENTED_EDGE('',*,*,#595,.T.);
#871 = ORIENTED_EDGE('',*,*,#856,.T.);
#872 = ORIENTED_EDGE('',*,*,#712,.F.);
#873 = PLANE('',#874);
#874 = AXIS2_PLACEMENT_3D('',#875,#876,#877);
#875 = CARTESIAN_POINT('',(-0.3,-0.25,0.35));
#876 = DIRECTION('',(0.,0.,1.));
#877 = DIRECTION('',(1.,0.,-0.));
#878 = ( GEOMETRIC_REPRESENTATION_CONTEXT(3) 
GLOBAL_UNCERTAINTY_ASSIGNED_CONTEXT((#882)) GLOBAL_UNIT_ASSIGNED_CONTEXT
((#879,#880,#881)) REPRESENTATION_CONTEXT('Context #1',
  '3D Context with UNIT and UNCERTAINTY') );
#879 = ( LENGTH_UNIT() NAMED_UNIT(*) SI_UNIT(.MILLI.,.METRE.) );
#880 = ( NAMED_UNIT(*) PLANE_ANGLE_UNIT() SI_UNIT($,.RADIAN.) );
#881 = ( NAMED_UNIT(*) SI_UNIT($,.STERADIAN.) SOLID_ANGLE_UNIT() );
#882 = UNCERTAINTY_MEASURE_WITH_UNIT(LENGTH_MEASURE(1.E-07),#879,
  'distance_accuracy_value','confusion accuracy');
#883 = CONTEXT_DEPENDENT_SHAPE_REPRESENTATION(#884,#886);
#884 = ( REPRESENTATION_RELATIONSHIP('','',#87,#64) 
REPRESENTATION_RELATIONSHIP_WITH_TRANSFORMATION(#885) 
SHAPE_REPRESENTATION_RELATIONSHIP() );
#885 = ITEM_DEFINED_TRANSFORMATION('','',#11,#65);
#886 = PRODUCT_DEFINITION_SHAPE('Placement','Placement of an item',#887
  );
#887 = NEXT_ASSEMBLY_USAGE_OCCURRENCE('1','=>[0:1:1:3]','',#59,#82,$);
#888 = PRODUCT_RELATED_PRODUCT_CATEGORY('part',$,(#84));
#889 = CONTEXT_DEPENDENT_SHAPE_REPRESENTATION(#890,#892);
#890 = ( REPRESENTATION_RELATIONSHIP('','',#64,#10) 
REPRESENTATION_RELATIONSHIP_WITH_TRANSFORMATION(#891) 
SHAPE_REPRESENTATION_RELATIONSHIP() );
#891 = ITEM_DEFINED_TRANSFORMATION('','',#11,#19);
#892 = PRODUCT_DEFINITION_SHAPE('Placement','Placement of an item',#893
  );
#893 = NEXT_ASSEMBLY_USAGE_OCCURRENCE('3','R2','',#5,#59,$);
#894 = SHAPE_DEFINITION_REPRESENTATION(#895,#901);
#895 = PRODUCT_DEFINITION_SHAPE('','',#896);
#896 = PRODUCT_DEFINITION('design','',#897,#900);
#897 = PRODUCT_DEFINITION_FORMATION('','',#898);
#898 = PRODUCT('R_0603_1608Metric','R_0603_1608Metric','',(#899));
#899 = PRODUCT_CONTEXT('',#2,'mechanical');
#900 = PRODUCT_DEFINITION_CONTEXT('part definition',#2,'design');
#901 = SHAPE_REPRESENTATION('',(#11,#902),#906);
#902 = AXIS2_PLACEMENT_3D('',#903,#904,#905);
#903 = CARTESIAN_POINT('',(0.,0.,0.));
#904 = DIRECTION('',(0.,0.,1.));
#905 = DIRECTION('',(1.,0.,-0.));
#906 = ( GEOMETRIC_REPRESENTATION_CONTEXT(3) 
GLOBAL_UNCERTAINTY_ASSIGNED_CONTEXT((#910)) GLOBAL_UNIT_ASSIGNED_CONTEXT
((#907,#908,#909)) REPRESENTATION_CONTEXT('Context #1',
  '3D Context with UNIT and UNCERTAINTY') );
#907 = ( LENGTH_UNIT() NAMED_UNIT(*) SI_UNIT(.MILLI.,.METRE.) );
#908 = ( NAMED_UNIT(*) PLANE_ANGLE_UNIT() SI_UNIT($,.RADIAN.) );
#909 = ( NAMED_UNIT(*) SI_UNIT($,.STERADIAN.) SOLID_ANGLE_UNIT() );
#910 = UNCERTAINTY_MEASURE_WITH_UNIT(LENGTH_MEASURE(1.E-07),#907,
  'distance_accuracy_value','confusion accuracy');
#911 = CONTEXT_DEPENDENT_SHAPE_REPRESENTATION(#912,#914);
#912 = ( REPRESENTATION_RELATIONSHIP('','',#901,#10) 
REPRESENTATION_RELATIONSHIP_WITH_TRANSFORMATION(#913) 
SHAPE_REPRESENTATION_RELATIONSHIP() );
#913 = ITEM_DEFINED_TRANSFORMATION('','',#11,#23);
#914 = PRODUCT_DEFINITION_SHAPE('Placement','Placement of an item',#915
  );
#915 = NEXT_ASSEMBLY_USAGE_OCCURRENCE('5','R4','',#5,#896,$);
#916 = PRODUCT_RELATED_PRODUCT_CATEGORY('part',$,(#898));
#917 = SHAPE_DEFINITION_REPRESENTATION(#918,#924);
#918 = PRODUCT_DEFINITION_SHAPE('','',#919);
#919 = PRODUCT_DEFINITION('design','',#920,#923);
#920 = PRODUCT_DEFINITION_FORMATION('','',#921);
#921 = PRODUCT('R_0603_1608Metric','R_0603_1608Metric','',(#922));
#922 = PRODUCT_CONTEXT('',#2,'mechanical');
#923 = PRODUCT_DEFINITION_CONTEXT('part definition',#2,'design');
#924 = ADVANCED_BREP_SHAPE_REPRESENTATION('',(#11,#925),#1715);
#925 = MANIFOLD_SOLID_BREP('',#926);
#926 = CLOSED_SHELL('',(#927,#967,#1050,#1075,#1100,#1167,#1184,#1201,
    #1250,#1267,#1284,#1333,#1350,#1419,#1450,#1474,#1543,#1567,#1584,
    #1601,#1618,#1635,#1652,#1669,#1686,#1703));
#927 = ADVANCED_FACE('',(#928),#962,.F.);
#928 = FACE_BOUND('',#929,.F.);
#929 = EDGE_LOOP('',(#930,#940,#948,#956));
#930 = ORIENTED_EDGE('',*,*,#931,.F.);
#931 = EDGE_CURVE('',#932,#934,#936,.T.);
#932 = VERTEX_POINT('',#933);
#933 = CARTESIAN_POINT('',(-0.8,-0.4,4.5E-02));
#934 = VERTEX_POINT('',#935);
#935 = CARTESIAN_POINT('',(-0.8,-0.4,0.405));
#936 = LINE('',#937,#938);
#937 = CARTESIAN_POINT('',(-0.8,-0.4,0.));
#938 = VECTOR('',#939,1.);
#939 = DIRECTION('',(0.,0.,1.));
#940 = ORIENTED_EDGE('',*,*,#941,.T.);
#941 = EDGE_CURVE('',#932,#942,#944,.T.);
#942 = VERTEX_POINT('',#943);
#943 = CARTESIAN_POINT('',(-0.8,0.4,4.5E-02));
#944 = LINE('',#945,#946);
#945 = CARTESIAN_POINT('',(-0.8,-0.4,4.5E-02));
#946 = VECTOR('',#947,1.);
#947 = DIRECTION('',(0.,1.,0.));
#948 = ORIENTED_EDGE('',*,*,#949,.T.);
#949 = EDGE_CURVE('',#942,#950,#952,.T.);
#950 = VERTEX_POINT('',#951);
#951 = CARTESIAN_POINT('',(-0.8,0.4,0.405));
#952 = LINE('',#953,#954);
#953 = CARTESIAN_POINT('',(-0.8,0.4,0.));
#954 = VECTOR('',#955,1.);
#955 = DIRECTION('',(0.,0.,1.));
#956 = ORIENTED_EDGE('',*,*,#957,.F.);
#957 = EDGE_CURVE('',#934,#950,#958,.T.);
#958 = LINE('',#959,#960);
#959 = CARTESIAN_POINT('',(-0.8,-0.4,0.405));
#960 = VECTOR('',#961,1.);
#961 = DIRECTION('',(0.,1.,0.));
#962 = PLANE('',#963);
#963 = AXIS2_PLACEMENT_3D('',#964,#965,#966);
#964 = CARTESIAN_POINT('',(-0.8,-0.4,0.));
#965 = DIRECTION('',(1.,0.,0.));
#966 = DIRECTION('',(0.,0.,1.));
#967 = ADVANCED_FACE('',(#968),#1045,.F.);
#968 = FACE_BOUND('',#969,.F.);
#969 = EDGE_LOOP('',(#970,#980,#987,#988,#997,#1005,#1014,#1022,#1030,
    #1038));
#970 = ORIENTED_EDGE('',*,*,#971,.F.);
#971 = EDGE_CURVE('',#972,#974,#976,.T.);
#972 = VERTEX_POINT('',#973);
#973 = CARTESIAN_POINT('',(-0.755,-0.4,-2.775557561563E-17));
#974 = VERTEX_POINT('',#975);
#975 = CARTESIAN_POINT('',(-0.545,-0.4,-2.775557561563E-17));
#976 = LINE('',#977,#978);
#977 = CARTESIAN_POINT('',(-0.8,-0.4,0.));
#978 = VECTOR('',#979,1.);
#979 = DIRECTION('',(1.,0.,0.));
#980 = ORIENTED_EDGE('',*,*,#981,.F.);
#981 = EDGE_CURVE('',#932,#972,#982,.T.);
#982 = CIRCLE('',#983,4.5E-02);
#983 = AXIS2_PLACEMENT_3D('',#984,#985,#986);
#984 = CARTESIAN_POINT('',(-0.755,-0.4,4.5E-02));
#985 = DIRECTION('',(0.,-1.,0.));
#986 = DIRECTION('',(0.,0.,1.));
#987 = ORIENTED_EDGE('',*,*,#931,.T.);
#988 = ORIENTED_EDGE('',*,*,#989,.T.);
#989 = EDGE_CURVE('',#934,#990,#992,.T.);
#990 = VERTEX_POINT('',#991);
#991 = CARTESIAN_POINT('',(-0.755,-0.4,0.45));
#992 = CIRCLE('',#993,4.5E-02);
#993 = AXIS2_PLACEMENT_3D('',#994,#995,#996);
#994 = CARTESIAN_POINT('',(-0.755,-0.4,0.405));
#995 = DIRECTION('',(0.,1.,0.));
#996 = DIRECTION('',(0.,-0.,1.));
#997 = ORIENTED_EDGE('',*,*,#998,.T.);
#998 = EDGE_CURVE('',#990,#999,#1001,.T.);
#999 = VERTEX_POINT('',#1000);
#1000 = CARTESIAN_POINT('',(-0.545,-0.4,0.45));
#1001 = LINE('',#1002,#1003);
#1002 = CARTESIAN_POINT('',(-0.8,-0.4,0.45));
#1003 = VECTOR('',#1004,1.);
#1004 = DIRECTION('',(1.,0.,0.));
#1005 = ORIENTED_EDGE('',*,*,#1006,.F.);
#1006 = EDGE_CURVE('',#1007,#999,#1009,.T.);
#1007 = VERTEX_POINT('',#1008);
#1008 = CARTESIAN_POINT('',(-0.5,-0.4,0.405));
#1009 = CIRCLE('',#1010,4.5E-02);
#1010 = AXIS2_PLACEMENT_3D('',#1011,#1012,#1013);
#1011 = CARTESIAN_POINT('',(-0.545,-0.4,0.405));
#1012 = DIRECTION('',(0.,-1.,0.));
#1013 = DIRECTION('',(0.,0.,1.));
#1014 = ORIENTED_EDGE('',*,*,#1015,.F.);
#1015 = EDGE_CURVE('',#1016,#1007,#1018,.T.);
#1016 = VERTEX_POINT('',#1017);
#1017 = CARTESIAN_POINT('',(-0.755,-0.4,0.405));
#1018 = LINE('',#1019,#1020);
#1019 = CARTESIAN_POINT('',(-0.755,-0.4,0.405));
#1020 = VECTOR('',#1021,1.);
#1021 = DIRECTION('',(1.,0.,0.));
#1022 = ORIENTED_EDGE('',*,*,#1023,.F.);
#1023 = EDGE_CURVE('',#1024,#1016,#1026,.T.);
#1024 = VERTEX_POINT('',#1025);
#1025 = CARTESIAN_POINT('',(-0.755,-0.4,4.5E-02));
#1026 = LINE('',#1027,#1028);
#1027 = CARTESIAN_POINT('',(-0.755,-0.4,4.5E-02));
#1028 = VECTOR('',#1029,1.);
#1029 = DIRECTION('',(0.,0.,1.));
#1030 = ORIENTED_EDGE('',*,*,#1031,.T.);
#1031 = EDGE_CURVE('',#1024,#1032,#1034,.T.);
#1032 = VERTEX_POINT('',#1033);
#1033 = CARTESIAN_POINT('',(-0.5,-0.4,4.5E-02));
#1034 = LINE('',#1035,#1036);
#1035 = CARTESIAN_POINT('',(-0.755,-0.4,4.5E-02));
#1036 = VECTOR('',#1037,1.);
#1037 = DIRECTION('',(1.,0.,0.));
#1038 = ORIENTED_EDGE('',*,*,#1039,.T.);
#1039 = EDGE_CURVE('',#1032,#974,#1040,.T.);
#1040 = CIRCLE('',#1041,4.5E-02);
#1041 = AXIS2_PLACEMENT_3D('',#1042,#1043,#1044);
#1042 = CARTESIAN_POINT('',(-0.545,-0.4,4.5E-02));
#1043 = DIRECTION('',(0.,1.,0.));
#1044 = DIRECTION('',(0.,-0.,1.));
#1045 = PLANE('',#1046);
#1046 = AXIS2_PLACEMENT_3D('',#1047,#1048,#1049);
#1047 = CARTESIAN_POINT('',(-0.8,-0.4,0.));
#1048 = DIRECTION('',(0.,1.,0.));
#1049 = DIRECTION('',(0.,-0.,1.));
#1050 = ADVANCED_FACE('',(#1051),#1070,.T.);
#1051 = FACE_BOUND('',#1052,.T.);
#1052 = EDGE_LOOP('',(#1053,#1054,#1063,#1069));
#1053 = ORIENTED_EDGE('',*,*,#941,.T.);
#1054 = ORIENTED_EDGE('',*,*,#1055,.T.);
#1055 = EDGE_CURVE('',#942,#1056,#1058,.T.);
#1056 = VERTEX_POINT('',#1057);
#1057 = CARTESIAN_POINT('',(-0.755,0.4,-2.775557561563E-17));
#1058 = CIRCLE('',#1059,4.5E-02);
#1059 = AXIS2_PLACEMENT_3D('',#1060,#1061,#1062);
#1060 = CARTESIAN_POINT('',(-0.755,0.4,4.5E-02));
#1061 = DIRECTION('',(0.,-1.,0.));
#1062 = DIRECTION('',(0.,0.,1.));
#1063 = ORIENTED_EDGE('',*,*,#1064,.F.);
#1064 = EDGE_CURVE('',#972,#1056,#1065,.T.);
#1065 = LINE('',#1066,#1067);
#1066 = CARTESIAN_POINT('',(-0.755,-0.4,-2.775557561563E-17));
#1067 = VECTOR('',#1068,1.);
#1068 = DIRECTION('',(0.,1.,0.));
#1069 = ORIENTED_EDGE('',*,*,#981,.F.);
#1070 = CYLINDRICAL_SURFACE('',#1071,4.5E-02);
#1071 = AXIS2_PLACEMENT_3D('',#1072,#1073,#1074);
#1072 = CARTESIAN_POINT('',(-0.755,-0.4,4.5E-02));
#1073 = DIRECTION('',(0.,1.,0.));
#1074 = DIRECTION('',(-1.,0.,0.));
#1075 = ADVANCED_FACE('',(#1076),#1095,.T.);
#1076 = FACE_BOUND('',#1077,.T.);
#1077 = EDGE_LOOP('',(#1078,#1079,#1087,#1094));
#1078 = ORIENTED_EDGE('',*,*,#989,.T.);
#1079 = ORIENTED_EDGE('',*,*,#1080,.T.);
#1080 = EDGE_CURVE('',#990,#1081,#1083,.T.);
#1081 = VERTEX_POINT('',#1082);
#1082 = CARTESIAN_POINT('',(-0.755,0.4,0.45));
#1083 = LINE('',#1084,#1085);
#1084 = CARTESIAN_POINT('',(-0.755,-0.4,0.45));
#1085 = VECTOR('',#1086,1.);
#1086 = DIRECTION('',(0.,1.,0.));
#1087 = ORIENTED_EDGE('',*,*,#1088,.F.);
#1088 = EDGE_CURVE('',#950,#1081,#1089,.T.);
#1089 = CIRCLE('',#1090,4.5E-02);
#1090 = AXIS2_PLACEMENT_3D('',#1091,#1092,#1093);
#1091 = CARTESIAN_POINT('',(-0.755,0.4,0.405));
#1092 = DIRECTION('',(0.,1.,0.));
#1093 = DIRECTION('',(0.,-0.,1.));
#1094 = ORIENTED_EDGE('',*,*,#957,.F.);
#1095 = CYLINDRICAL_SURFACE('',#1096,4.5E-02);
#1096 = AXIS2_PLACEMENT_3D('',#1097,#1098,#1099);
#1097 = CARTESIAN_POINT('',(-0.755,-0.4,0.405));
#1098 = DIRECTION('',(0.,1.,0.));
#1099 = DIRECTION('',(-1.,0.,0.));
#1100 = ADVANCED_FACE('',(#1101),#1162,.T.);
#1101 = FACE_BOUND('',#1102,.T.);
#1102 = EDGE_LOOP('',(#1103,#1111,#1112,#1113,#1114,#1122,#1131,#1139,
    #1147,#1155));
#1103 = ORIENTED_EDGE('',*,*,#1104,.F.);
#1104 = EDGE_CURVE('',#1056,#1105,#1107,.T.);
#1105 = VERTEX_POINT('',#1106);
#1106 = CARTESIAN_POINT('',(-0.545,0.4,-2.775557561563E-17));
#1107 = LINE('',#1108,#1109);
#1108 = CARTESIAN_POINT('',(-0.8,0.4,0.));
#1109 = VECTOR('',#1110,1.);
#1110 = DIRECTION('',(1.,0.,0.));
#1111 = ORIENTED_EDGE('',*,*,#1055,.F.);
#1112 = ORIENTED_EDGE('',*,*,#949,.T.);
#1113 = ORIENTED_EDGE('',*,*,#1088,.T.);
#1114 = ORIENTED_EDGE('',*,*,#1115,.T.);
#1115 = EDGE_CURVE('',#1081,#1116,#1118,.T.);
#1116 = VERTEX_POINT('',#1117);
#1117 = CARTESIAN_POINT('',(-0.545,0.4,0.45));
#1118 = LINE('',#1119,#1120);
#1119 = CARTESIAN_POINT('',(-0.8,0.4,0.45));
#1120 = VECTOR('',#1121,1.);
#1121 = DIRECTION('',(1.,0.,0.));
#1122 = ORIENTED_EDGE('',*,*,#1123,.F.);
#1123 = EDGE_CURVE('',#1124,#1116,#1126,.T.);
#1124 = VERTEX_POINT('',#1125);
#1125 = CARTESIAN_POINT('',(-0.5,0.4,0.405));
#1126 = CIRCLE('',#1127,4.5E-02);
#1127 = AXIS2_PLACEMENT_3D('',#1128,#1129,#1130);
#1128 = CARTESIAN_POINT('',(-0.545,0.4,0.405));
#1129 = DIRECTION('',(0.,-1.,0.));
#1130 = DIRECTION('',(0.,0.,1.));
#1131 = ORIENTED_EDGE('',*,*,#1132,.F.);
#1132 = EDGE_CURVE('',#1133,#1124,#1135,.T.);
#1133 = VERTEX_POINT('',#1134);
#1134 = CARTESIAN_POINT('',(-0.755,0.4,0.405));
#1135 = LINE('',#1136,#1137);
#1136 = CARTESIAN_POINT('',(-0.755,0.4,0.405));
#1137 = VECTOR('',#1138,1.);
#1138 = DIRECTION('',(1.,0.,0.));
#1139 = ORIENTED_EDGE('',*,*,#1140,.F.);
#1140 = EDGE_CURVE('',#1141,#1133,#1143,.T.);
#1141 = VERTEX_POINT('',#1142);
#1142 = CARTESIAN_POINT('',(-0.755,0.4,4.5E-02));
#1143 = LINE('',#1144,#1145);
#1144 = CARTESIAN_POINT('',(-0.755,0.4,4.5E-02));
#1145 = VECTOR('',#1146,1.);
#1146 = DIRECTION('',(0.,0.,1.));
#1147 = ORIENTED_EDGE('',*,*,#1148,.T.);
#1148 = EDGE_CURVE('',#1141,#1149,#1151,.T.);
#1149 = VERTEX_POINT('',#1150);
#1150 = CARTESIAN_POINT('',(-0.5,0.4,4.5E-02));
#1151 = LINE('',#1152,#1153);
#1152 = CARTESIAN_POINT('',(-0.755,0.4,4.5E-02));
#1153 = VECTOR('',#1154,1.);
#1154 = DIRECTION('',(1.,0.,0.));
#1155 = ORIENTED_EDGE('',*,*,#1156,.T.);
#1156 = EDGE_CURVE('',#1149,#1105,#1157,.T.);
#1157 = CIRCLE('',#1158,4.5E-02);
#1158 = AXIS2_PLACEMENT_3D('',#1159,#1160,#1161);
#1159 = CARTESIAN_POINT('',(-0.545,0.4,4.5E-02));
#1160 = DIRECTION('',(0.,1.,0.));
#1161 = DIRECTION('',(0.,-0.,1.));
#1162 = PLANE('',#1163);
#1163 = AXIS2_PLACEMENT_3D('',#1164,#1165,#1166);
#1164 = CARTESIAN_POINT('',(-0.8,0.4,0.));
#1165 = DIRECTION('',(0.,1.,0.));
#1166 = DIRECTION('',(0.,-0.,1.));
#1167 = ADVANCED_FACE('',(#1168),#1179,.F.);
#1168 = FACE_BOUND('',#1169,.F.);
#1169 = EDGE_LOOP('',(#1170,#1171,#1172,#1173));
#1170 = ORIENTED_EDGE('',*,*,#1104,.F.);
#1171 = ORIENTED_EDGE('',*,*,#1064,.F.);
#1172 = ORIENTED_EDGE('',*,*,#971,.T.);
#1173 = ORIENTED_EDGE('',*,*,#1174,.T.);
#1174 = EDGE_CURVE('',#974,#1105,#1175,.T.);
#1175 = LINE('',#1176,#1177);
#1176 = CARTESIAN_POINT('',(-0.545,-0.4,-2.775557561563E-17));
#1177 = VECTOR('',#1178,1.);
#1178 = DIRECTION('',(0.,1.,0.));
#1179 = PLANE('',#1180);
#1180 = AXIS2_PLACEMENT_3D('',#1181,#1182,#1183);
#1181 = CARTESIAN_POINT('',(-0.8,-0.4,0.));
#1182 = DIRECTION('',(0.,0.,1.));
#1183 = DIRECTION('',(1.,0.,-0.));
#1184 = ADVANCED_FACE('',(#1185),#1196,.T.);
#1185 = FACE_BOUND('',#1186,.T.);
#1186 = EDGE_LOOP('',(#1187,#1188,#1189,#1190));
#1187 = ORIENTED_EDGE('',*,*,#1039,.T.);
#1188 = ORIENTED_EDGE('',*,*,#1174,.T.);
#1189 = ORIENTED_EDGE('',*,*,#1156,.F.);
#1190 = ORIENTED_EDGE('',*,*,#1191,.F.);
#1191 = EDGE_CURVE('',#1032,#1149,#1192,.T.);
#1192 = LINE('',#1193,#1194);
#1193 = CARTESIAN_POINT('',(-0.5,-0.4,4.5E-02));
#1194 = VECTOR('',#1195,1.);
#1195 = DIRECTION('',(0.,1.,0.));
#1196 = CYLINDRICAL_SURFACE('',#1197,4.5E-02);
#1197 = AXIS2_PLACEMENT_3D('',#1198,#1199,#1200);
#1198 = CARTESIAN_POINT('',(-0.545,-0.4,4.5E-02));
#1199 = DIRECTION('',(0.,1.,0.));
#1200 = DIRECTION('',(1.,0.,0.));
#1201 = ADVANCED_FACE('',(#1202),#1245,.F.);
#1202 = FACE_BOUND('',#1203,.F.);
#1203 = EDGE_LOOP('',(#1204,#1205,#1206,#1207,#1215,#1223,#1231,#1239));
#1204 = ORIENTED_EDGE('',*,*,#1031,.F.);
#1205 = ORIENTED_EDGE('',*,*,#1023,.T.);
#1206 = ORIENTED_EDGE('',*,*,#1015,.T.);
#1207 = ORIENTED_EDGE('',*,*,#1208,.T.);
#1208 = EDGE_CURVE('',#1007,#1209,#1211,.T.);
#1209 = VERTEX_POINT('',#1210);
#1210 = CARTESIAN_POINT('',(0.5,-0.4,0.405));
#1211 = LINE('',#1212,#1213);
#1212 = CARTESIAN_POINT('',(-0.5,-0.4,0.405));
#1213 = VECTOR('',#1214,1.);
#1214 = DIRECTION('',(1.,0.,0.));
#1215 = ORIENTED_EDGE('',*,*,#1216,.T.);
#1216 = EDGE_CURVE('',#1209,#1217,#1219,.T.);
#1217 = VERTEX_POINT('',#1218);
#1218 = CARTESIAN_POINT('',(0.755,-0.4,0.405));
#1219 = LINE('',#1220,#1221);
#1220 = CARTESIAN_POINT('',(-0.755,-0.4,0.405));
#1221 = VECTOR('',#1222,1.);
#1222 = DIRECTION('',(1.,0.,0.));
#1223 = ORIENTED_EDGE('',*,*,#1224,.F.);
#1224 = EDGE_CURVE('',#1225,#1217,#1227,.T.);
#1225 = VERTEX_POINT('',#1226);
#1226 = CARTESIAN_POINT('',(0.755,-0.4,4.5E-02));
#1227 = LINE('',#1228,#1229);
#1228 = CARTESIAN_POINT('',(0.755,-0.4,4.5E-02));
#1229 = VECTOR('',#1230,1.);
#1230 = DIRECTION('',(0.,0.,1.));
#1231 = ORIENTED_EDGE('',*,*,#1232,.F.);
#1232 = EDGE_CURVE('',#1233,#1225,#1235,.T.);
#1233 = VERTEX_POINT('',#1234);
#1234 = CARTESIAN_POINT('',(0.5,-0.4,4.5E-02));
#1235 = LINE('',#1236,#1237);
#1236 = CARTESIAN_POINT('',(-0.755,-0.4,4.5E-02));
#1237 = VECTOR('',#1238,1.);
#1238 = DIRECTION('',(1.,0.,0.));
#1239 = ORIENTED_EDGE('',*,*,#1240,.F.);
#1240 = EDGE_CURVE('',#1032,#1233,#1241,.T.);
#1241 = LINE('',#1242,#1243);
#1242 = CARTESIAN_POINT('',(-0.755,-0.4,4.5E-02));
#1243 = VECTOR('',#1244,1.);
#1244 = DIRECTION('',(1.,0.,0.));
#1245 = PLANE('',#1246);
#1246 = AXIS2_PLACEMENT_3D('',#1247,#1248,#1249);
#1247 = CARTESIAN_POINT('',(-0.755,-0.4,4.5E-02));
#1248 = DIRECTION('',(0.,1.,0.));
#1249 = DIRECTION('',(0.,-0.,1.));
#1250 = ADVANCED_FACE('',(#1251),#1262,.T.);
#1251 = FACE_BOUND('',#1252,.T.);
#1252 = EDGE_LOOP('',(#1253,#1254,#1255,#1256));
#1253 = ORIENTED_EDGE('',*,*,#1115,.F.);
#1254 = ORIENTED_EDGE('',*,*,#1080,.F.);
#1255 = ORIENTED_EDGE('',*,*,#998,.T.);
#1256 = ORIENTED_EDGE('',*,*,#1257,.T.);
#1257 = EDGE_CURVE('',#999,#1116,#1258,.T.);
#1258 = LINE('',#1259,#1260);
#1259 = CARTESIAN_POINT('',(-0.545,-0.4,0.45));
#1260 = VECTOR('',#1261,1.);
#1261 = DIRECTION('',(0.,1.,0.));
#1262 = PLANE('',#1263);
#1263 = AXIS2_PLACEMENT_3D('',#1264,#1265,#1266);
#1264 = CARTESIAN_POINT('',(-0.8,-0.4,0.45));
#1265 = DIRECTION('',(0.,0.,1.));
#1266 = DIRECTION('',(1.,0.,-0.));
#1267 = ADVANCED_FACE('',(#1268),#1279,.T.);
#1268 = FACE_BOUND('',#1269,.T.);
#1269 = EDGE_LOOP('',(#1270,#1276,#1277,#1278));
#1270 = ORIENTED_EDGE('',*,*,#1271,.T.);
#1271 = EDGE_CURVE('',#1007,#1124,#1272,.T.);
#1272 = LINE('',#1273,#1274);
#1273 = CARTESIAN_POINT('',(-0.5,-0.4,0.405));
#1274 = VECTOR('',#1275,1.);
#1275 = DIRECTION('',(0.,1.,0.));
#1276 = ORIENTED_EDGE('',*,*,#1123,.T.);
#1277 = ORIENTED_EDGE('',*,*,#1257,.F.);
#1278 = ORIENTED_EDGE('',*,*,#1006,.F.);
#1279 = CYLINDRICAL_SURFACE('',#1280,4.5E-02);
#1280 = AXIS2_PLACEMENT_3D('',#1281,#1282,#1283);
#1281 = CARTESIAN_POINT('',(-0.545,-0.4,0.405));
#1282 = DIRECTION('',(0.,1.,0.));
#1283 = DIRECTION('',(1.,0.,0.));
#1284 = ADVANCED_FACE('',(#1285),#1328,.T.);
#1285 = FACE_BOUND('',#1286,.T.);
#1286 = EDGE_LOOP('',(#1287,#1288,#1289,#1290,#1298,#1306,#1314,#1322));
#1287 = ORIENTED_EDGE('',*,*,#1148,.F.);
#1288 = ORIENTED_EDGE('',*,*,#1140,.T.);
#1289 = ORIENTED_EDGE('',*,*,#1132,.T.);
#1290 = ORIENTED_EDGE('',*,*,#1291,.T.);
#1291 = EDGE_CURVE('',#1124,#1292,#1294,.T.);
#1292 = VERTEX_POINT('',#1293);
#1293 = CARTESIAN_POINT('',(0.5,0.4,0.405));
#1294 = LINE('',#1295,#1296);
#1295 = CARTESIAN_POINT('',(-0.5,0.4,0.405));
#1296 = VECTOR('',#1297,1.);
#1297 = DIRECTION('',(1.,0.,0.));
#1298 = ORIENTED_EDGE('',*,*,#1299,.T.);
#1299 = EDGE_CURVE('',#1292,#1300,#1302,.T.);
#1300 = VERTEX_POINT('',#1301);
#1301 = CARTESIAN_POINT('',(0.755,0.4,0.405));
#1302 = LINE('',#1303,#1304);
#1303 = CARTESIAN_POINT('',(-0.755,0.4,0.405));
#1304 = VECTOR('',#1305,1.);
#1305 = DIRECTION('',(1.,0.,0.));
#1306 = ORIENTED_EDGE('',*,*,#1307,.F.);
#1307 = EDGE_CURVE('',#1308,#1300,#1310,.T.);
#1308 = VERTEX_POINT('',#1309);
#1309 = CARTESIAN_POINT('',(0.755,0.4,4.5E-02));
#1310 = LINE('',#1311,#1312);
#1311 = CARTESIAN_POINT('',(0.755,0.4,4.5E-02));
#1312 = VECTOR('',#1313,1.);
#1313 = DIRECTION('',(0.,0.,1.));
#1314 = ORIENTED_EDGE('',*,*,#1315,.F.);
#1315 = EDGE_CURVE('',#1316,#1308,#1318,.T.);
#1316 = VERTEX_POINT('',#1317);
#1317 = CARTESIAN_POINT('',(0.5,0.4,4.5E-02));
#1318 = LINE('',#1319,#1320);
#1319 = CARTESIAN_POINT('',(-0.755,0.4,4.5E-02));
#1320 = VECTOR('',#1321,1.);
#1321 = DIRECTION('',(1.,0.,0.));
#1322 = ORIENTED_EDGE('',*,*,#1323,.F.);
#1323 = EDGE_CURVE('',#1149,#1316,#1324,.T.);
#1324 = LINE('',#1325,#1326);
#1325 = CARTESIAN_POINT('',(-0.755,0.4,4.5E-02));
#1326 = VECTOR('',#1327,1.);
#1327 = DIRECTION('',(1.,0.,0.));
#1328 = PLANE('',#1329);
#1329 = AXIS2_PLACEMENT_3D('',#1330,#1331,#1332);
#1330 = CARTESIAN_POINT('',(-0.755,0.4,4.5E-02));
#1331 = DIRECTION('',(0.,1.,0.));
#1332 = DIRECTION('',(0.,-0.,1.));
#1333 = ADVANCED_FACE('',(#1334),#1345,.F.);
#1334 = FACE_BOUND('',#1335,.F.);
#1335 = EDGE_LOOP('',(#1336,#1337,#1338,#1344));
#1336 = ORIENTED_EDGE('',*,*,#1191,.F.);
#1337 = ORIENTED_EDGE('',*,*,#1240,.T.);
#1338 = ORIENTED_EDGE('',*,*,#1339,.T.);
#1339 = EDGE_CURVE('',#1233,#1316,#1340,.T.);
#1340 = LINE('',#1341,#1342);
#1341 = CARTESIAN_POINT('',(0.5,-0.4,4.5E-02));
#1342 = VECTOR('',#1343,1.);
#1343 = DIRECTION('',(0.,1.,0.));
#1344 = ORIENTED_EDGE('',*,*,#1323,.F.);
#1345 = PLANE('',#1346);
#1346 = AXIS2_PLACEMENT_3D('',#1347,#1348,#1349);
#1347 = CARTESIAN_POINT('',(-0.755,-0.4,4.5E-02));
#1348 = DIRECTION('',(0.,0.,1.));
#1349 = DIRECTION('',(1.,0.,-0.));
#1350 = ADVANCED_FACE('',(#1351),#1414,.F.);
#1351 = FACE_BOUND('',#1352,.F.);
#1352 = EDGE_LOOP('',(#1353,#1363,#1370,#1371,#1372,#1373,#1382,#1390,
    #1399,#1407));
#1353 = ORIENTED_EDGE('',*,*,#1354,.F.);
#1354 = EDGE_CURVE('',#1355,#1357,#1359,.T.);
#1355 = VERTEX_POINT('',#1356);
#1356 = CARTESIAN_POINT('',(0.545,-0.4,-2.775557561563E-17));
#1357 = VERTEX_POINT('',#1358);
#1358 = CARTESIAN_POINT('',(0.755,-0.4,-2.775557561563E-17));
#1359 = LINE('',#1360,#1361);
#1360 = CARTESIAN_POINT('',(0.5,-0.4,0.));
#1361 = VECTOR('',#1362,1.);
#1362 = DIRECTION('',(1.,0.,0.));
#1363 = ORIENTED_EDGE('',*,*,#1364,.F.);
#1364 = EDGE_CURVE('',#1233,#1355,#1365,.T.);
#1365 = CIRCLE('',#1366,4.5E-02);
#1366 = AXIS2_PLACEMENT_3D('',#1367,#1368,#1369);
#1367 = CARTESIAN_POINT('',(0.545,-0.4,4.5E-02));
#1368 = DIRECTION('',(0.,-1.,0.));
#1369 = DIRECTION('',(0.,0.,1.));
#1370 = ORIENTED_EDGE('',*,*,#1232,.T.);
#1371 = ORIENTED_EDGE('',*,*,#1224,.T.);
#1372 = ORIENTED_EDGE('',*,*,#1216,.F.);
#1373 = ORIENTED_EDGE('',*,*,#1374,.T.);
#1374 = EDGE_CURVE('',#1209,#1375,#1377,.T.);
#1375 = VERTEX_POINT('',#1376);
#1376 = CARTESIAN_POINT('',(0.545,-0.4,0.45));
#1377 = CIRCLE('',#1378,4.5E-02);
#1378 = AXIS2_PLACEMENT_3D('',#1379,#1380,#1381);
#1379 = CARTESIAN_POINT('',(0.545,-0.4,0.405));
#1380 = DIRECTION('',(0.,1.,0.));
#1381 = DIRECTION('',(0.,-0.,1.));
#1382 = ORIENTED_EDGE('',*,*,#1383,.T.);
#1383 = EDGE_CURVE('',#1375,#1384,#1386,.T.);
#1384 = VERTEX_POINT('',#1385);
#1385 = CARTESIAN_POINT('',(0.755,-0.4,0.45));
#1386 = LINE('',#1387,#1388);
#1387 = CARTESIAN_POINT('',(0.5,-0.4,0.45));
#1388 = VECTOR('',#1389,1.);
#1389 = DIRECTION('',(1.,0.,0.));
#1390 = ORIENTED_EDGE('',*,*,#1391,.F.);
#1391 = EDGE_CURVE('',#1392,#1384,#1394,.T.);
#1392 = VERTEX_POINT('',#1393);
#1393 = CARTESIAN_POINT('',(0.8,-0.4,0.405));
#1394 = CIRCLE('',#1395,4.5E-02);
#1395 = AXIS2_PLACEMENT_3D('',#1396,#1397,#1398);
#1396 = CARTESIAN_POINT('',(0.755,-0.4,0.405));
#1397 = DIRECTION('',(0.,-1.,0.));
#1398 = DIRECTION('',(0.,0.,1.));
#1399 = ORIENTED_EDGE('',*,*,#1400,.F.);
#1400 = EDGE_CURVE('',#1401,#1392,#1403,.T.);
#1401 = VERTEX_POINT('',#1402);
#1402 = CARTESIAN_POINT('',(0.8,-0.4,4.5E-02));
#1403 = LINE('',#1404,#1405);
#1404 = CARTESIAN_POINT('',(0.8,-0.4,0.));
#1405 = VECTOR('',#1406,1.);
#1406 = DIRECTION('',(0.,0.,1.));
#1407 = ORIENTED_EDGE('',*,*,#1408,.T.);
#1408 = EDGE_CURVE('',#1401,#1357,#1409,.T.);
#1409 = CIRCLE('',#1410,4.5E-02);
#1410 = AXIS2_PLACEMENT_3D('',#1411,#1412,#1413);
#1411 = CARTESIAN_POINT('',(0.755,-0.4,4.5E-02));
#1412 = DIRECTION('',(0.,1.,0.));
#1413 = DIRECTION('',(0.,-0.,1.));
#1414 = PLANE('',#1415);
#1415 = AXIS2_PLACEMENT_3D('',#1416,#1417,#1418);
#1416 = CARTESIAN_POINT('',(0.5,-0.4,0.));
#1417 = DIRECTION('',(0.,1.,0.));
#1418 = DIRECTION('',(0.,-0.,1.));
#1419 = ADVANCED_FACE('',(#1420),#1445,.F.);
#1420 = FACE_BOUND('',#1421,.F.);
#1421 = EDGE_LOOP('',(#1422,#1423,#1431,#1439));
#1422 = ORIENTED_EDGE('',*,*,#1208,.F.);
#1423 = ORIENTED_EDGE('',*,*,#1424,.T.);
#1424 = EDGE_CURVE('',#1007,#1425,#1427,.T.);
#1425 = VERTEX_POINT('',#1426);
#1426 = CARTESIAN_POINT('',(-0.5,-0.4,0.45));
#1427 = LINE('',#1428,#1429);
#1428 = CARTESIAN_POINT('',(-0.5,-0.4,0.405));
#1429 = VECTOR('',#1430,1.);
#1430 = DIRECTION('',(0.,0.,1.));
#1431 = ORIENTED_EDGE('',*,*,#1432,.T.);
#1432 = EDGE_CURVE('',#1425,#1433,#1435,.T.);
#1433 = VERTEX_POINT('',#1434);
#1434 = CARTESIAN_POINT('',(0.5,-0.4,0.45));
#1435 = LINE('',#1436,#1437);
#1436 = CARTESIAN_POINT('',(-0.5,-0.4,0.45));
#1437 = VECTOR('',#1438,1.);
#1438 = DIRECTION('',(1.,0.,0.));
#1439 = ORIENTED_EDGE('',*,*,#1440,.F.);
#1440 = EDGE_CURVE('',#1209,#1433,#1441,.T.);
#1441 = LINE('',#1442,#1443);
#1442 = CARTESIAN_POINT('',(0.5,-0.4,0.405));
#1443 = VECTOR('',#1444,1.);
#1444 = DIRECTION('',(0.,0.,1.));
#1445 = PLANE('',#1446);
#1446 = AXIS2_PLACEMENT_3D('',#1447,#1448,#1449);
#1447 = CARTESIAN_POINT('',(-0.5,-0.4,0.405));
#1448 = DIRECTION('',(0.,1.,0.));
#1449 = DIRECTION('',(0.,-0.,1.));
#1450 = ADVANCED_FACE('',(#1451),#1469,.F.);
#1451 = FACE_BOUND('',#1452,.F.);
#1452 = EDGE_LOOP('',(#1453,#1454,#1455,#1463));
#1453 = ORIENTED_EDGE('',*,*,#1424,.F.);
#1454 = ORIENTED_EDGE('',*,*,#1271,.T.);
#1455 = ORIENTED_EDGE('',*,*,#1456,.T.);
#1456 = EDGE_CURVE('',#1124,#1457,#1459,.T.);
#1457 = VERTEX_POINT('',#1458);
#1458 = CARTESIAN_POINT('',(-0.5,0.4,0.45));
#1459 = LINE('',#1460,#1461);
#1460 = CARTESIAN_POINT('',(-0.5,0.4,0.405));
#1461 = VECTOR('',#1462,1.);
#1462 = DIRECTION('',(0.,0.,1.));
#1463 = ORIENTED_EDGE('',*,*,#1464,.F.);
#1464 = EDGE_CURVE('',#1425,#1457,#1465,.T.);
#1465 = LINE('',#1466,#1467);
#1466 = CARTESIAN_POINT('',(-0.5,-0.4,0.45));
#1467 = VECTOR('',#1468,1.);
#1468 = DIRECTION('',(0.,1.,0.));
#1469 = PLANE('',#1470);
#1470 = AXIS2_PLACEMENT_3D('',#1471,#1472,#1473);
#1471 = CARTESIAN_POINT('',(-0.5,-0.4,0.405));
#1472 = DIRECTION('',(1.,0.,0.));
#1473 = DIRECTION('',(0.,0.,1.));
#1474 = ADVANCED_FACE('',(#1475),#1538,.T.);
#1475 = FACE_BOUND('',#1476,.T.);
#1476 = EDGE_LOOP('',(#1477,#1487,#1494,#1495,#1496,#1497,#1506,#1514,
    #1523,#1531));
#1477 = ORIENTED_EDGE('',*,*,#1478,.F.);
#1478 = EDGE_CURVE('',#1479,#1481,#1483,.T.);
#1479 = VERTEX_POINT('',#1480);
#1480 = CARTESIAN_POINT('',(0.545,0.4,-2.775557561563E-17));
#1481 = VERTEX_POINT('',#1482);
#1482 = CARTESIAN_POINT('',(0.755,0.4,-2.775557561563E-17));
#1483 = LINE('',#1484,#1485);
#1484 = CARTESIAN_POINT('',(0.5,0.4,0.));
#1485 = VECTOR('',#1486,1.);
#1486 = DIRECTION('',(1.,0.,0.));
#1487 = ORIENTED_EDGE('',*,*,#1488,.F.);
#1488 = EDGE_CURVE('',#1316,#1479,#1489,.T.);
#1489 = CIRCLE('',#1490,4.5E-02);
#1490 = AXIS2_PLACEMENT_3D('',#1491,#1492,#1493);
#1491 = CARTESIAN_POINT('',(0.545,0.4,4.5E-02));
#1492 = DIRECTION('',(0.,-1.,0.));
#1493 = DIRECTION('',(0.,0.,1.));
#1494 = ORIENTED_EDGE('',*,*,#1315,.T.);
#1495 = ORIENTED_EDGE('',*,*,#1307,.T.);
#1496 = ORIENTED_EDGE('',*,*,#1299,.F.);
#1497 = ORIENTED_EDGE('',*,*,#1498,.T.);
#1498 = EDGE_CURVE('',#1292,#1499,#1501,.T.);
#1499 = VERTEX_POINT('',#1500);
#1500 = CARTESIAN_POINT('',(0.545,0.4,0.45));
#1501 = CIRCLE('',#1502,4.5E-02);
#1502 = AXIS2_PLACEMENT_3D('',#1503,#1504,#1505);
#1503 = CARTESIAN_POINT('',(0.545,0.4,0.405));
#1504 = DIRECTION('',(0.,1.,0.));
#1505 = DIRECTION('',(0.,-0.,1.));
#1506 = ORIENTED_EDGE('',*,*,#1507,.T.);
#1507 = EDGE_CURVE('',#1499,#1508,#1510,.T.);
#1508 = VERTEX_POINT('',#1509);
#1509 = CARTESIAN_POINT('',(0.755,0.4,0.45));
#1510 = LINE('',#1511,#1512);
#1511 = CARTESIAN_POINT('',(0.5,0.4,0.45));
#1512 = VECTOR('',#1513,1.);
#1513 = DIRECTION('',(1.,0.,0.));
#1514 = ORIENTED_EDGE('',*,*,#1515,.F.);
#1515 = EDGE_CURVE('',#1516,#1508,#1518,.T.);
#1516 = VERTEX_POINT('',#1517);
#1517 = CARTESIAN_POINT('',(0.8,0.4,0.405));
#1518 = CIRCLE('',#1519,4.5E-02);
#1519 = AXIS2_PLACEMENT_3D('',#1520,#1521,#1522);
#1520 = CARTESIAN_POINT('',(0.755,0.4,0.405));
#1521 = DIRECTION('',(0.,-1.,0.));
#1522 = DIRECTION('',(0.,0.,1.));
#1523 = ORIENTED_EDGE('',*,*,#1524,.F.);
#1524 = EDGE_CURVE('',#1525,#1516,#1527,.T.);
#1525 = VERTEX_POINT('',#1526);
#1526 = CARTESIAN_POINT('',(0.8,0.4,4.5E-02));
#1527 = LINE('',#1528,#1529);
#1528 = CARTESIAN_POINT('',(0.8,0.4,0.));
#1529 = VECTOR('',#1530,1.);
#1530 = DIRECTION('',(0.,0.,1.));
#1531 = ORIENTED_EDGE('',*,*,#1532,.T.);
#1532 = EDGE_CURVE('',#1525,#1481,#1533,.T.);
#1533 = CIRCLE('',#1534,4.5E-02);
#1534 = AXIS2_PLACEMENT_3D('',#1535,#1536,#1537);
#1535 = CARTESIAN_POINT('',(0.755,0.4,4.5E-02));
#1536 = DIRECTION('',(0.,1.,0.));
#1537 = DIRECTION('',(0.,-0.,1.));
#1538 = PLANE('',#1539);
#1539 = AXIS2_PLACEMENT_3D('',#1540,#1541,#1542);
#1540 = CARTESIAN_POINT('',(0.5,0.4,0.));
#1541 = DIRECTION('',(0.,1.,0.));
#1542 = DIRECTION('',(0.,-0.,1.));
#1543 = ADVANCED_FACE('',(#1544),#1562,.T.);
#1544 = FACE_BOUND('',#1545,.T.);
#1545 = EDGE_LOOP('',(#1546,#1547,#1548,#1556));
#1546 = ORIENTED_EDGE('',*,*,#1291,.F.);
#1547 = ORIENTED_EDGE('',*,*,#1456,.T.);
#1548 = ORIENTED_EDGE('',*,*,#1549,.T.);
#1549 = EDGE_CURVE('',#1457,#1550,#1552,.T.);
#1550 = VERTEX_POINT('',#1551);
#1551 = CARTESIAN_POINT('',(0.5,0.4,0.45));
#1552 = LINE('',#1553,#1554);
#1553 = CARTESIAN_POINT('',(-0.5,0.4,0.45));
#1554 = VECTOR('',#1555,1.);
#1555 = DIRECTION('',(1.,0.,0.));
#1556 = ORIENTED_EDGE('',*,*,#1557,.F.);
#1557 = EDGE_CURVE('',#1292,#1550,#1558,.T.);
#1558 = LINE('',#1559,#1560);
#1559 = CARTESIAN_POINT('',(0.5,0.4,0.405));
#1560 = VECTOR('',#1561,1.);
#1561 = DIRECTION('',(0.,0.,1.));
#1562 = PLANE('',#1563);
#1563 = AXIS2_PLACEMENT_3D('',#1564,#1565,#1566);
#1564 = CARTESIAN_POINT('',(-0.5,0.4,0.405));
#1565 = DIRECTION('',(0.,1.,0.));
#1566 = DIRECTION('',(0.,-0.,1.));
#1567 = ADVANCED_FACE('',(#1568),#1579,.T.);
#1568 = FACE_BOUND('',#1569,.T.);
#1569 = EDGE_LOOP('',(#1570,#1571,#1572,#1578));
#1570 = ORIENTED_EDGE('',*,*,#1339,.T.);
#1571 = ORIENTED_EDGE('',*,*,#1488,.T.);
#1572 = ORIENTED_EDGE('',*,*,#1573,.F.);
#1573 = EDGE_CURVE('',#1355,#1479,#1574,.T.);
#1574 = LINE('',#1575,#1576);
#1575 = CARTESIAN_POINT('',(0.545,-0.4,-2.775557561563E-17));
#1576 = VECTOR('',#1577,1.);
#1577 = DIRECTION('',(0.,1.,0.));
#1578 = ORIENTED_EDGE('',*,*,#1364,.F.);
#1579 = CYLINDRICAL_SURFACE('',#1580,4.5E-02);
#1580 = AXIS2_PLACEMENT_3D('',#1581,#1582,#1583);
#1581 = CARTESIAN_POINT('',(0.545,-0.4,4.5E-02));
#1582 = DIRECTION('',(0.,1.,0.));
#1583 = DIRECTION('',(-1.,0.,0.));
#1584 = ADVANCED_FACE('',(#1585),#1596,.F.);
#1585 = FACE_BOUND('',#1586,.F.);
#1586 = EDGE_LOOP('',(#1587,#1588,#1589,#1590));
#1587 = ORIENTED_EDGE('',*,*,#1478,.F.);
#1588 = ORIENTED_EDGE('',*,*,#1573,.F.);
#1589 = ORIENTED_EDGE('',*,*,#1354,.T.);
#1590 = ORIENTED_EDGE('',*,*,#1591,.T.);
#1591 = EDGE_CURVE('',#1357,#1481,#1592,.T.);
#1592 = LINE('',#1593,#1594);
#1593 = CARTESIAN_POINT('',(0.755,-0.4,-2.775557561563E-17));
#1594 = VECTOR('',#1595,1.);
#1595 = DIRECTION('',(0.,1.,0.));
#1596 = PLANE('',#1597);
#1597 = AXIS2_PLACEMENT_3D('',#1598,#1599,#1600);
#1598 = CARTESIAN_POINT('',(0.5,-0.4,0.));
#1599 = DIRECTION('',(0.,0.,1.));
#1600 = DIRECTION('',(1.,0.,-0.));
#1601 = ADVANCED_FACE('',(#1602),#1613,.T.);
#1602 = FACE_BOUND('',#1603,.T.);
#1603 = EDGE_LOOP('',(#1604,#1605,#1606,#1607));
#1604 = ORIENTED_EDGE('',*,*,#1408,.T.);
#1605 = ORIENTED_EDGE('',*,*,#1591,.T.);
#1606 = ORIENTED_EDGE('',*,*,#1532,.F.);
#1607 = ORIENTED_EDGE('',*,*,#1608,.F.);
#1608 = EDGE_CURVE('',#1401,#1525,#1609,.T.);
#1609 = LINE('',#1610,#1611);
#1610 = CARTESIAN_POINT('',(0.8,-0.4,4.5E-02));
#1611 = VECTOR('',#1612,1.);
#1612 = DIRECTION('',(0.,1.,0.));
#1613 = CYLINDRICAL_SURFACE('',#1614,4.5E-02);
#1614 = AXIS2_PLACEMENT_3D('',#1615,#1616,#1617);
#1615 = CARTESIAN_POINT('',(0.755,-0.4,4.5E-02));
#1616 = DIRECTION('',(0.,1.,0.));
#1617 = DIRECTION('',(1.,0.,0.));
#1618 = ADVANCED_FACE('',(#1619),#1630,.T.);
#1619 = FACE_BOUND('',#1620,.T.);
#1620 = EDGE_LOOP('',(#1621,#1622,#1623,#1624));
#1621 = ORIENTED_EDGE('',*,*,#1400,.F.);
#1622 = ORIENTED_EDGE('',*,*,#1608,.T.);
#1623 = ORIENTED_EDGE('',*,*,#1524,.T.);
#1624 = ORIENTED_EDGE('',*,*,#1625,.F.);
#1625 = EDGE_CURVE('',#1392,#1516,#1626,.T.);
#1626 = LINE('',#1627,#1628);
#1627 = CARTESIAN_POINT('',(0.8,-0.4,0.405));
#1628 = VECTOR('',#1629,1.);
#1629 = DIRECTION('',(0.,1.,0.));
#1630 = PLANE('',#1631);
#1631 = AXIS2_PLACEMENT_3D('',#1632,#1633,#1634);
#1632 = CARTESIAN_POINT('',(0.8,-0.4,0.));
#1633 = DIRECTION('',(1.,0.,0.));
#1634 = DIRECTION('',(0.,0.,1.));
#1635 = ADVANCED_FACE('',(#1636),#1647,.T.);
#1636 = FACE_BOUND('',#1637,.T.);
#1637 = EDGE_LOOP('',(#1638,#1639,#1640,#1646));
#1638 = ORIENTED_EDGE('',*,*,#1625,.T.);
#1639 = ORIENTED_EDGE('',*,*,#1515,.T.);
#1640 = ORIENTED_EDGE('',*,*,#1641,.F.);
#1641 = EDGE_CURVE('',#1384,#1508,#1642,.T.);
#1642 = LINE('',#1643,#1644);
#1643 = CARTESIAN_POINT('',(0.755,-0.4,0.45));
#1644 = VECTOR('',#1645,1.);
#1645 = DIRECTION('',(0.,1.,0.));
#1646 = ORIENTED_EDGE('',*,*,#1391,.F.);
#1647 = CYLINDRICAL_SURFACE('',#1648,4.5E-02);
#1648 = AXIS2_PLACEMENT_3D('',#1649,#1650,#1651);
#1649 = CARTESIAN_POINT('',(0.755,-0.4,0.405));
#1650 = DIRECTION('',(0.,1.,0.));
#1651 = DIRECTION('',(1.,0.,0.));
#1652 = ADVANCED_FACE('',(#1653),#1664,.T.);
#1653 = FACE_BOUND('',#1654,.T.);
#1654 = EDGE_LOOP('',(#1655,#1656,#1662,#1663));
#1655 = ORIENTED_EDGE('',*,*,#1507,.F.);
#1656 = ORIENTED_EDGE('',*,*,#1657,.F.);
#1657 = EDGE_CURVE('',#1375,#1499,#1658,.T.);
#1658 = LINE('',#1659,#1660);
#1659 = CARTESIAN_POINT('',(0.545,-0.4,0.45));
#1660 = VECTOR('',#1661,1.);
#1661 = DIRECTION('',(0.,1.,0.));
#1662 = ORIENTED_EDGE('',*,*,#1383,.T.);
#1663 = ORIENTED_EDGE('',*,*,#1641,.T.);
#1664 = PLANE('',#1665);
#1665 = AXIS2_PLACEMENT_3D('',#1666,#1667,#1668);
#1666 = CARTESIAN_POINT('',(0.5,-0.4,0.45));
#1667 = DIRECTION('',(0.,0.,1.));
#1668 = DIRECTION('',(1.,0.,-0.));
#1669 = ADVANCED_FACE('',(#1670),#1681,.T.);
#1670 = FACE_BOUND('',#1671,.T.);
#1671 = EDGE_LOOP('',(#1672,#1673,#1674,#1675));
#1672 = ORIENTED_EDGE('',*,*,#1374,.T.);
#1673 = ORIENTED_EDGE('',*,*,#1657,.T.);
#1674 = ORIENTED_EDGE('',*,*,#1498,.F.);
#1675 = ORIENTED_EDGE('',*,*,#1676,.F.);
#1676 = EDGE_CURVE('',#1209,#1292,#1677,.T.);
#1677 = LINE('',#1678,#1679);
#1678 = CARTESIAN_POINT('',(0.5,-0.4,0.405));
#1679 = VECTOR('',#1680,1.);
#1680 = DIRECTION('',(0.,1.,0.));
#1681 = CYLINDRICAL_SURFACE('',#1682,4.5E-02);
#1682 = AXIS2_PLACEMENT_3D('',#1683,#1684,#1685);
#1683 = CARTESIAN_POINT('',(0.545,-0.4,0.405));
#1684 = DIRECTION('',(0.,1.,0.));
#1685 = DIRECTION('',(-1.,0.,0.));
#1686 = ADVANCED_FACE('',(#1687),#1698,.T.);
#1687 = FACE_BOUND('',#1688,.T.);
#1688 = EDGE_LOOP('',(#1689,#1690,#1691,#1692));
#1689 = ORIENTED_EDGE('',*,*,#1440,.F.);
#1690 = ORIENTED_EDGE('',*,*,#1676,.T.);
#1691 = ORIENTED_EDGE('',*,*,#1557,.T.);
#1692 = ORIENTED_EDGE('',*,*,#1693,.F.);
#1693 = EDGE_CURVE('',#1433,#1550,#1694,.T.);
#1694 = LINE('',#1695,#1696);
#1695 = CARTESIAN_POINT('',(0.5,-0.4,0.45));
#1696 = VECTOR('',#1697,1.);
#1697 = DIRECTION('',(0.,1.,0.));
#1698 = PLANE('',#1699);
#1699 = AXIS2_PLACEMENT_3D('',#1700,#1701,#1702);
#1700 = CARTESIAN_POINT('',(0.5,-0.4,0.405));
#1701 = DIRECTION('',(1.,0.,0.));
#1702 = DIRECTION('',(0.,0.,1.));
#1703 = ADVANCED_FACE('',(#1704),#1710,.T.);
#1704 = FACE_BOUND('',#1705,.T.);
#1705 = EDGE_LOOP('',(#1706,#1707,#1708,#1709));
#1706 = ORIENTED_EDGE('',*,*,#1464,.F.);
#1707 = ORIENTED_EDGE('',*,*,#1432,.T.);
#1708 = ORIENTED_EDGE('',*,*,#1693,.T.);
#1709 = ORIENTED_EDGE('',*,*,#1549,.F.);
#1710 = PLANE('',#1711);
#1711 = AXIS2_PLACEMENT_3D('',#1712,#1713,#1714);
#1712 = CARTESIAN_POINT('',(-0.5,-0.4,0.45));
#1713 = DIRECTION('',(0.,0.,1.));
#1714 = DIRECTION('',(1.,0.,-0.));
#1715 = ( GEOMETRIC_REPRESENTATION_CONTEXT(3) 
GLOBAL_UNCERTAINTY_ASSIGNED_CONTEXT((#1719)) 
GLOBAL_UNIT_ASSIGNED_CONTEXT((#1716,#1717,#1718)) REPRESENTATION_CONTEXT
('Context #1','3D Context with UNIT and UNCERTAINTY') );
#1716 = ( LENGTH_UNIT() NAMED_UNIT(*) SI_UNIT(.MILLI.,.METRE.) );
#1717 = ( NAMED_UNIT(*) PLANE_ANGLE_UNIT() SI_UNIT($,.RADIAN.) );
#1718 = ( NAMED_UNIT(*) SI_UNIT($,.STERADIAN.) SOLID_ANGLE_UNIT() );
#1719 = UNCERTAINTY_MEASURE_WITH_UNIT(LENGTH_MEASURE(1.E-07),#1716,
  'distance_accuracy_value','confusion accuracy');
#1720 = CONTEXT_DEPENDENT_SHAPE_REPRESENTATION(#1721,#1723);
#1721 = ( REPRESENTATION_RELATIONSHIP('','',#924,#901) 
REPRESENTATION_RELATIONSHIP_WITH_TRANSFORMATION(#1722) 
SHAPE_REPRESENTATION_RELATIONSHIP() );
#1722 = ITEM_DEFINED_TRANSFORMATION('','',#11,#902);
#1723 = PRODUCT_DEFINITION_SHAPE('Placement','Placement of an item',
  #1724);
#1724 = NEXT_ASSEMBLY_USAGE_OCCURRENCE('4','=>[0:1:1:5]','',#896,#919,$
  );
#1725 = PRODUCT_RELATED_PRODUCT_CATEGORY('part',$,(#921));
#1726 = SHAPE_DEFINITION_REPRESENTATION(#1727,#1733);
#1727 = PRODUCT_DEFINITION_SHAPE('','',#1728);
#1728 = PRODUCT_DEFINITION('design','',#1729,#1732);
#1729 = PRODUCT_DEFINITION_FORMATION('','',#1730);
#1730 = PRODUCT('LED_0402_1005Metric','LED_0402_1005Metric','',(#1731));
#1731 = PRODUCT_CONTEXT('',#2,'mechanical');
#1732 = PRODUCT_DEFINITION_CONTEXT('part definition',#2,'design');
#1733 = SHAPE_REPRESENTATION('',(#11,#1734),#1738);
#1734 = AXIS2_PLACEMENT_3D('',#1735,#1736,#1737);
#1735 = CARTESIAN_POINT('',(0.,0.,0.));
#1736 = DIRECTION('',(0.,0.,1.));
#1737 = DIRECTION('',(1.,0.,-0.));
#1738 = ( GEOMETRIC_REPRESENTATION_CONTEXT(3) 
GLOBAL_UNCERTAINTY_ASSIGNED_CONTEXT((#1742)) 
GLOBAL_UNIT_ASSIGNED_CONTEXT((#1739,#1740,#1741)) REPRESENTATION_CONTEXT
('Context #1','3D Context with UNIT and UNCERTAINTY') );
#1739 = ( LENGTH_UNIT() NAMED_UNIT(*) SI_UNIT(.MILLI.,.METRE.) );
#1740 = ( NAMED_UNIT(*) PLANE_ANGLE_UNIT() SI_UNIT($,.RADIAN.) );
#1741 = ( NAMED_UNIT(*) SI_UNIT($,.STERADIAN.) SOLID_ANGLE_UNIT() );
#1742 = UNCERTAINTY_MEASURE_WITH_UNIT(LENGTH_MEASURE(1.E-07),#1739,
  'distance_accuracy_value','confusion accuracy');
#1743 = CONTEXT_DEPENDENT_SHAPE_REPRESENTATION(#1744,#1746);
#1744 = ( REPRESENTATION_RELATIONSHIP('','',#1733,#10) 
REPRESENTATION_RELATIONSHIP_WITH_TRANSFORMATION(#1745) 
SHAPE_REPRESENTATION_RELATIONSHIP() );
#1745 = ITEM_DEFINED_TRANSFORMATION('','',#11,#27);
#1746 = PRODUCT_DEFINITION_SHAPE('Placement','Placement of an item',
  #1747);
#1747 = NEXT_ASSEMBLY_USAGE_OCCURRENCE('7','D1','',#5,#1728,$);
#1748 = PRODUCT_RELATED_PRODUCT_CATEGORY('part',$,(#1730));
#1749 = SHAPE_DEFINITION_REPRESENTATION(#1750,#1756);
#1750 = PRODUCT_DEFINITION_SHAPE('','',#1751);
#1751 = PRODUCT_DEFINITION('design','',#1752,#1755);
#1752 = PRODUCT_DEFINITION_FORMATION('','',#1753);
#1753 = PRODUCT('LED_0402_1005Metric','LED_0402_1005Metric','',(#1754));
#1754 = PRODUCT_CONTEXT('',#2,'mechanical');
#1755 = PRODUCT_DEFINITION_CONTEXT('part definition',#2,'design');
#1756 = ADVANCED_BREP_SHAPE_REPRESENTATION('',(#11,#1757),#3280);
#1757 = MANIFOLD_SOLID_BREP('',#1758);
#1758 = CLOSED_SHELL('',(#1759,#1799,#1846,#1925,#1949,#1989,#2020,#2037
    ,#2070,#2094,#2161,#2282,#2349,#2373,#2404,#2437,#2493,#2517,#2541,
    #2565,#2598,#2610,#2673,#2698,#2715,#2739,#2757,#2775,#2793,#2810,
    #2827,#2858,#2883,#2908,#2932,#2949,#2980,#3004,#3021,#3049,#3074,
    #3098,#3123,#3170,#3187,#3199,#3221,#3233,#3251,#3269));
#1759 = ADVANCED_FACE('',(#1760),#1794,.F.);
#1760 = FACE_BOUND('',#1761,.F.);
#1761 = EDGE_LOOP('',(#1762,#1772,#1780,#1788));
#1762 = ORIENTED_EDGE('',*,*,#1763,.T.);
#1763 = EDGE_CURVE('',#1764,#1766,#1768,.T.);
#1764 = VERTEX_POINT('',#1765);
#1765 = CARTESIAN_POINT('',(-0.35,-0.25,0.185));
#1766 = VERTEX_POINT('',#1767);
#1767 = CARTESIAN_POINT('',(-0.315,-0.25,0.5));
#1768 = LINE('',#1769,#1770);
#1769 = CARTESIAN_POINT('',(-0.35,-0.25,0.185));
#1770 = VECTOR('',#1771,1.);
#1771 = DIRECTION('',(0.110431526075,0.,0.993883734674));
#1772 = ORIENTED_EDGE('',*,*,#1773,.T.);
#1773 = EDGE_CURVE('',#1766,#1774,#1776,.T.);
#1774 = VERTEX_POINT('',#1775);
#1775 = CARTESIAN_POINT('',(0.315,-0.25,0.5));
#1776 = LINE('',#1777,#1778);
#1777 = CARTESIAN_POINT('',(-0.315,-0.25,0.5));
#1778 = VECTOR('',#1779,1.);
#1779 = DIRECTION('',(1.,0.,0.));
#1780 = ORIENTED_EDGE('',*,*,#1781,.T.);
#1781 = EDGE_CURVE('',#1774,#1782,#1784,.T.);
#1782 = VERTEX_POINT('',#1783);
#1783 = CARTESIAN_POINT('',(0.35,-0.25,0.185));
#1784 = LINE('',#1785,#1786);
#1785 = CARTESIAN_POINT('',(0.315,-0.25,0.5));
#1786 = VECTOR('',#1787,1.);
#1787 = DIRECTION('',(0.110431526075,0.,-0.993883734674));
#1788 = ORIENTED_EDGE('',*,*,#1789,.T.);
#1789 = EDGE_CURVE('',#1782,#1764,#1790,.T.);
#1790 = LINE('',#1791,#1792);
#1791 = CARTESIAN_POINT('',(0.35,-0.25,0.185));
#1792 = VECTOR('',#1793,1.);
#1793 = DIRECTION('',(-1.,0.,0.));
#1794 = PLANE('',#1795);
#1795 = AXIS2_PLACEMENT_3D('',#1796,#1797,#1798);
#1796 = CARTESIAN_POINT('',(0.,-0.25,0.336886104513));
#1797 = DIRECTION('',(0.,1.,0.));
#1798 = DIRECTION('',(0.,-0.,1.));
#1799 = ADVANCED_FACE('',(#1800),#1841,.T.);
#1800 = FACE_BOUND('',#1801,.T.);
#1801 = EDGE_LOOP('',(#1802,#1812,#1820,#1826,#1827,#1835));
#1802 = ORIENTED_EDGE('',*,*,#1803,.T.);
#1803 = EDGE_CURVE('',#1804,#1806,#1808,.T.);
#1804 = VERTEX_POINT('',#1805);
#1805 = CARTESIAN_POINT('',(-0.35,0.25,0.185));
#1806 = VERTEX_POINT('',#1807);
#1807 = CARTESIAN_POINT('',(-0.35,0.1875,0.185));
#1808 = LINE('',#1809,#1810);
#1809 = CARTESIAN_POINT('',(-0.35,0.25,0.185));
#1810 = VECTOR('',#1811,1.);
#1811 = DIRECTION('',(0.,-1.,0.));
#1812 = ORIENTED_EDGE('',*,*,#1813,.F.);
#1813 = EDGE_CURVE('',#1814,#1806,#1816,.T.);
#1814 = VERTEX_POINT('',#1815);
#1815 = CARTESIAN_POINT('',(-0.35,-0.1875,0.185));
#1816 = LINE('',#1817,#1818);
#1817 = CARTESIAN_POINT('',(-0.35,-0.25,0.185));
#1818 = VECTOR('',#1819,1.);
#1819 = DIRECTION('',(0.,1.,0.));
#1820 = ORIENTED_EDGE('',*,*,#1821,.T.);
#1821 = EDGE_CURVE('',#1814,#1764,#1822,.T.);
#1822 = LINE('',#1823,#1824);
#1823 = CARTESIAN_POINT('',(-0.35,0.25,0.185));
#1824 = VECTOR('',#1825,1.);
#1825 = DIRECTION('',(0.,-1.,0.));
#1826 = ORIENTED_EDGE('',*,*,#1763,.T.);
#1827 = ORIENTED_EDGE('',*,*,#1828,.F.);
#1828 = EDGE_CURVE('',#1829,#1766,#1831,.T.);
#1829 = VERTEX_POINT('',#1830);
#1830 = CARTESIAN_POINT('',(-0.315,0.25,0.5));
#1831 = LINE('',#1832,#1833);
#1832 = CARTESIAN_POINT('',(-0.315,0.25,0.5));
#1833 = VECTOR('',#1834,1.);
#1834 = DIRECTION('',(0.,-1.,0.));
#1835 = ORIENTED_EDGE('',*,*,#1836,.F.);
#1836 = EDGE_CURVE('',#1804,#1829,#1837,.T.);
#1837 = LINE('',#1838,#1839);
#1838 = CARTESIAN_POINT('',(-0.35,0.25,0.185));
#1839 = VECTOR('',#1840,1.);
#1840 = DIRECTION('',(0.110431526075,0.,0.993883734674));
#1841 = PLANE('',#1842);
#1842 = AXIS2_PLACEMENT_3D('',#1843,#1844,#1845);
#1843 = CARTESIAN_POINT('',(-0.35,0.25,0.185));
#1844 = DIRECTION('',(-0.993883734674,0.,0.110431526075));
#1845 = DIRECTION('',(0.110431526075,0.,0.993883734674));
#1846 = ADVANCED_FACE('',(#1847),#1920,.F.);
#1847 = FACE_BOUND('',#1848,.F.);
#1848 = EDGE_LOOP('',(#1849,#1859,#1867,#1875,#1881,#1882,#1890,#1898,
    #1906,#1914));
#1849 = ORIENTED_EDGE('',*,*,#1850,.F.);
#1850 = EDGE_CURVE('',#1851,#1853,#1855,.T.);
#1851 = VERTEX_POINT('',#1852);
#1852 = CARTESIAN_POINT('',(-0.485,-0.25,1.5E-02));
#1853 = VERTEX_POINT('',#1854);
#1854 = CARTESIAN_POINT('',(-0.4625,-0.25,1.5E-02));
#1855 = LINE('',#1856,#1857);
#1856 = CARTESIAN_POINT('',(-0.485,-0.25,1.5E-02));
#1857 = VECTOR('',#1858,1.);
#1858 = DIRECTION('',(1.,0.,0.));
#1859 = ORIENTED_EDGE('',*,*,#1860,.T.);
#1860 = EDGE_CURVE('',#1851,#1861,#1863,.T.);
#1861 = VERTEX_POINT('',#1862);
#1862 = CARTESIAN_POINT('',(-0.485,-0.25,0.185));
#1863 = LINE('',#1864,#1865);
#1864 = CARTESIAN_POINT('',(-0.485,-0.25,1.5E-02));
#1865 = VECTOR('',#1866,1.);
#1866 = DIRECTION('',(0.,0.,1.));
#1867 = ORIENTED_EDGE('',*,*,#1868,.T.);
#1868 = EDGE_CURVE('',#1861,#1869,#1871,.T.);
#1869 = VERTEX_POINT('',#1870);
#1870 = CARTESIAN_POINT('',(-0.4625,-0.25,0.185));
#1871 = LINE('',#1872,#1873);
#1872 = CARTESIAN_POINT('',(-0.485,-0.25,0.185));
#1873 = VECTOR('',#1874,1.);
#1874 = DIRECTION('',(1.,0.,0.));
#1875 = ORIENTED_EDGE('',*,*,#1876,.T.);
#1876 = EDGE_CURVE('',#1869,#1764,#1877,.T.);
#1877 = LINE('',#1878,#1879);
#1878 = CARTESIAN_POINT('',(-0.485,-0.25,0.185));
#1879 = VECTOR('',#1880,1.);
#1880 = DIRECTION('',(1.,0.,0.));
#1881 = ORIENTED_EDGE('',*,*,#1789,.F.);
#1882 = ORIENTED_EDGE('',*,*,#1883,.T.);
#1883 = EDGE_CURVE('',#1782,#1884,#1886,.T.);
#1884 = VERTEX_POINT('',#1885);
#1885 = CARTESIAN_POINT('',(0.4625,-0.25,0.185));
#1886 = LINE('',#1887,#1888);
#1887 = CARTESIAN_POINT('',(-0.485,-0.25,0.185));
#1888 = VECTOR('',#1889,1.);
#1889 = DIRECTION('',(1.,0.,0.));
#1890 = ORIENTED_EDGE('',*,*,#1891,.T.);
#1891 = EDGE_CURVE('',#1884,#1892,#1894,.T.);
#1892 = VERTEX_POINT('',#1893);
#1893 = CARTESIAN_POINT('',(0.485,-0.25,0.185));
#1894 = LINE('',#1895,#1896);
#1895 = CARTESIAN_POINT('',(-0.485,-0.25,0.185));
#1896 = VECTOR('',#1897,1.);
#1897 = DIRECTION('',(1.,0.,0.));
#1898 = ORIENTED_EDGE('',*,*,#1899,.F.);
#1899 = EDGE_CURVE('',#1900,#1892,#1902,.T.);
#1900 = VERTEX_POINT('',#1901);
#1901 = CARTESIAN_POINT('',(0.485,-0.25,1.5E-02));
#1902 = LINE('',#1903,#1904);
#1903 = CARTESIAN_POINT('',(0.485,-0.25,1.5E-02));
#1904 = VECTOR('',#1905,1.);
#1905 = DIRECTION('',(0.,0.,1.));
#1906 = ORIENTED_EDGE('',*,*,#1907,.F.);
#1907 = EDGE_CURVE('',#1908,#1900,#1910,.T.);
#1908 = VERTEX_POINT('',#1909);
#1909 = CARTESIAN_POINT('',(0.4625,-0.25,1.5E-02));
#1910 = LINE('',#1911,#1912);
#1911 = CARTESIAN_POINT('',(-0.485,-0.25,1.5E-02));
#1912 = VECTOR('',#1913,1.);
#1913 = DIRECTION('',(1.,0.,0.));
#1914 = ORIENTED_EDGE('',*,*,#1915,.F.);
#1915 = EDGE_CURVE('',#1853,#1908,#1916,.T.);
#1916 = LINE('',#1917,#1918);
#1917 = CARTESIAN_POINT('',(-0.485,-0.25,1.5E-02));
#1918 = VECTOR('',#1919,1.);
#1919 = DIRECTION('',(1.,0.,0.));
#1920 = PLANE('',#1921);
#1921 = AXIS2_PLACEMENT_3D('',#1922,#1923,#1924);
#1922 = CARTESIAN_POINT('',(-0.485,-0.25,1.5E-02));
#1923 = DIRECTION('',(0.,1.,0.));
#1924 = DIRECTION('',(0.,-0.,1.));
#1925 = ADVANCED_FACE('',(#1926),#1944,.T.);
#1926 = FACE_BOUND('',#1927,.T.);
#1927 = EDGE_LOOP('',(#1928,#1929,#1930,#1938));
#1928 = ORIENTED_EDGE('',*,*,#1828,.T.);
#1929 = ORIENTED_EDGE('',*,*,#1773,.T.);
#1930 = ORIENTED_EDGE('',*,*,#1931,.F.);
#1931 = EDGE_CURVE('',#1932,#1774,#1934,.T.);
#1932 = VERTEX_POINT('',#1933);
#1933 = CARTESIAN_POINT('',(0.315,0.25,0.5));
#1934 = LINE('',#1935,#1936);
#1935 = CARTESIAN_POINT('',(0.315,0.25,0.5));
#1936 = VECTOR('',#1937,1.);
#1937 = DIRECTION('',(0.,-1.,0.));
#1938 = ORIENTED_EDGE('',*,*,#1939,.F.);
#1939 = EDGE_CURVE('',#1829,#1932,#1940,.T.);
#1940 = LINE('',#1941,#1942);
#1941 = CARTESIAN_POINT('',(-0.315,0.25,0.5));
#1942 = VECTOR('',#1943,1.);
#1943 = DIRECTION('',(1.,0.,0.));
#1944 = PLANE('',#1945);
#1945 = AXIS2_PLACEMENT_3D('',#1946,#1947,#1948);
#1946 = CARTESIAN_POINT('',(-0.315,0.25,0.5));
#1947 = DIRECTION('',(0.,0.,1.));
#1948 = DIRECTION('',(1.,0.,-0.));
#1949 = ADVANCED_FACE('',(#1950),#1984,.T.);
#1950 = FACE_BOUND('',#1951,.T.);
#1951 = EDGE_LOOP('',(#1952,#1953,#1954,#1962,#1970,#1978));
#1952 = ORIENTED_EDGE('',*,*,#1931,.T.);
#1953 = ORIENTED_EDGE('',*,*,#1781,.T.);
#1954 = ORIENTED_EDGE('',*,*,#1955,.F.);
#1955 = EDGE_CURVE('',#1956,#1782,#1958,.T.);
#1956 = VERTEX_POINT('',#1957);
#1957 = CARTESIAN_POINT('',(0.35,-0.1875,0.185));
#1958 = LINE('',#1959,#1960);
#1959 = CARTESIAN_POINT('',(0.35,0.25,0.185));
#1960 = VECTOR('',#1961,1.);
#1961 = DIRECTION('',(0.,-1.,0.));
#1962 = ORIENTED_EDGE('',*,*,#1963,.T.);
#1963 = EDGE_CURVE('',#1956,#1964,#1966,.T.);
#1964 = VERTEX_POINT('',#1965);
#1965 = CARTESIAN_POINT('',(0.35,0.1875,0.185));
#1966 = LINE('',#1967,#1968);
#1967 = CARTESIAN_POINT('',(0.35,-0.25,0.185));
#1968 = VECTOR('',#1969,1.);
#1969 = DIRECTION('',(0.,1.,0.));
#1970 = ORIENTED_EDGE('',*,*,#1971,.F.);
#1971 = EDGE_CURVE('',#1972,#1964,#1974,.T.);
#1972 = VERTEX_POINT('',#1973);
#1973 = CARTESIAN_POINT('',(0.35,0.25,0.185));
#1974 = LINE('',#1975,#1976);
#1975 = CARTESIAN_POINT('',(0.35,0.25,0.185));
#1976 = VECTOR('',#1977,1.);
#1977 = DIRECTION('',(0.,-1.,0.));
#1978 = ORIENTED_EDGE('',*,*,#1979,.F.);
#1979 = EDGE_CURVE('',#1932,#1972,#1980,.T.);
#1980 = LINE('',#1981,#1982);
#1981 = CARTESIAN_POINT('',(0.315,0.25,0.5));
#1982 = VECTOR('',#1983,1.);
#1983 = DIRECTION('',(0.110431526075,0.,-0.993883734674));
#1984 = PLANE('',#1985);
#1985 = AXIS2_PLACEMENT_3D('',#1986,#1987,#1988);
#1986 = CARTESIAN_POINT('',(0.315,0.25,0.5));
#1987 = DIRECTION('',(0.993883734674,0.,0.110431526075));
#1988 = DIRECTION('',(0.110431526075,0.,-0.993883734674));
#1989 = ADVANCED_FACE('',(#1990),#2015,.T.);
#1990 = FACE_BOUND('',#1991,.T.);
#1991 = EDGE_LOOP('',(#1992,#2000,#2008,#2014));
#1992 = ORIENTED_EDGE('',*,*,#1993,.F.);
#1993 = EDGE_CURVE('',#1994,#1804,#1996,.T.);
#1994 = VERTEX_POINT('',#1995);
#1995 = CARTESIAN_POINT('',(-0.4625,0.25,0.185));
#1996 = LINE('',#1997,#1998);
#1997 = CARTESIAN_POINT('',(-0.485,0.25,0.185));
#1998 = VECTOR('',#1999,1.);
#1999 = DIRECTION('',(1.,0.,0.));
#2000 = ORIENTED_EDGE('',*,*,#2001,.F.);
#2001 = EDGE_CURVE('',#2002,#1994,#2004,.T.);
#2002 = VERTEX_POINT('',#2003);
#2003 = CARTESIAN_POINT('',(-0.4625,0.1875,0.185));
#2004 = LINE('',#2005,#2006);
#2005 = CARTESIAN_POINT('',(-0.4625,3.125E-02,0.185));
#2006 = VECTOR('',#2007,1.);
#2007 = DIRECTION('',(0.,1.,0.));
#2008 = ORIENTED_EDGE('',*,*,#2009,.F.);
#2009 = EDGE_CURVE('',#1806,#2002,#2010,.T.);
#2010 = LINE('',#2011,#2012);
#2011 = CARTESIAN_POINT('',(-0.47375,0.1875,0.185));
#2012 = VECTOR('',#2013,1.);
#2013 = DIRECTION('',(-1.,0.,0.));
#2014 = ORIENTED_EDGE('',*,*,#1803,.F.);
#2015 = PLANE('',#2016);
#2016 = AXIS2_PLACEMENT_3D('',#2017,#2018,#2019);
#2017 = CARTESIAN_POINT('',(-0.485,-0.25,0.185));
#2018 = DIRECTION('',(0.,0.,1.));
#2019 = DIRECTION('',(1.,0.,-0.));
#2020 = ADVANCED_FACE('',(#2021),#2032,.T.);
#2021 = FACE_BOUND('',#2022,.T.);
#2022 = EDGE_LOOP('',(#2023,#2024,#2025,#2026));
#2023 = ORIENTED_EDGE('',*,*,#1836,.T.);
#2024 = ORIENTED_EDGE('',*,*,#1939,.T.);
#2025 = ORIENTED_EDGE('',*,*,#1979,.T.);
#2026 = ORIENTED_EDGE('',*,*,#2027,.T.);
#2027 = EDGE_CURVE('',#1972,#1804,#2028,.T.);
#2028 = LINE('',#2029,#2030);
#2029 = CARTESIAN_POINT('',(0.35,0.25,0.185));
#2030 = VECTOR('',#2031,1.);
#2031 = DIRECTION('',(-1.,0.,0.));
#2032 = PLANE('',#2033);
#2033 = AXIS2_PLACEMENT_3D('',#2034,#2035,#2036);
#2034 = CARTESIAN_POINT('',(0.,0.25,0.336886104513));
#2035 = DIRECTION('',(0.,1.,0.));
#2036 = DIRECTION('',(0.,-0.,1.));
#2037 = ADVANCED_FACE('',(#2038),#2065,.T.);
#2038 = FACE_BOUND('',#2039,.T.);
#2039 = EDGE_LOOP('',(#2040,#2049,#2057,#2064));
#2040 = ORIENTED_EDGE('',*,*,#2041,.F.);
#2041 = EDGE_CURVE('',#2042,#1806,#2044,.T.);
#2042 = VERTEX_POINT('',#2043);
#2043 = CARTESIAN_POINT('',(-0.365,0.1875,0.2));
#2044 = CIRCLE('',#2045,1.5E-02);
#2045 = AXIS2_PLACEMENT_3D('',#2046,#2047,#2048);
#2046 = CARTESIAN_POINT('',(-0.365,0.1875,0.185));
#2047 = DIRECTION('',(-0.,1.,0.));
#2048 = DIRECTION('',(1.,0.,0.));
#2049 = ORIENTED_EDGE('',*,*,#2050,.F.);
#2050 = EDGE_CURVE('',#2051,#2042,#2053,.T.);
#2051 = VERTEX_POINT('',#2052);
#2052 = CARTESIAN_POINT('',(-0.365,-0.1875,0.2));
#2053 = LINE('',#2054,#2055);
#2054 = CARTESIAN_POINT('',(-0.365,-0.25,0.2));
#2055 = VECTOR('',#2056,1.);
#2056 = DIRECTION('',(0.,1.,0.));
#2057 = ORIENTED_EDGE('',*,*,#2058,.T.);
#2058 = EDGE_CURVE('',#2051,#1814,#2059,.T.);
#2059 = CIRCLE('',#2060,1.5E-02);
#2060 = AXIS2_PLACEMENT_3D('',#2061,#2062,#2063);
#2061 = CARTESIAN_POINT('',(-0.365,-0.1875,0.185));
#2062 = DIRECTION('',(-0.,1.,0.));
#2063 = DIRECTION('',(1.,0.,0.));
#2064 = ORIENTED_EDGE('',*,*,#1813,.T.);
#2065 = CYLINDRICAL_SURFACE('',#2066,1.5E-02);
#2066 = AXIS2_PLACEMENT_3D('',#2067,#2068,#2069);
#2067 = CARTESIAN_POINT('',(-0.365,-0.25,0.185));
#2068 = DIRECTION('',(0.,1.,0.));
#2069 = DIRECTION('',(1.,0.,0.));
#2070 = ADVANCED_FACE('',(#2071),#2089,.T.);
#2071 = FACE_BOUND('',#2072,.T.);
#2072 = EDGE_LOOP('',(#2073,#2081,#2082,#2083));
#2073 = ORIENTED_EDGE('',*,*,#2074,.F.);
#2074 = EDGE_CURVE('',#1869,#2075,#2077,.T.);
#2075 = VERTEX_POINT('',#2076);
#2076 = CARTESIAN_POINT('',(-0.4625,-0.1875,0.185));
#2077 = LINE('',#2078,#2079);
#2078 = CARTESIAN_POINT('',(-0.4625,-0.21875,0.185));
#2079 = VECTOR('',#2080,1.);
#2080 = DIRECTION('',(0.,1.,0.));
#2081 = ORIENTED_EDGE('',*,*,#1876,.T.);
#2082 = ORIENTED_EDGE('',*,*,#1821,.F.);
#2083 = ORIENTED_EDGE('',*,*,#2084,.F.);
#2084 = EDGE_CURVE('',#2075,#1814,#2085,.T.);
#2085 = LINE('',#2086,#2087);
#2086 = CARTESIAN_POINT('',(-1.125E-02,-0.1875,0.185));
#2087 = VECTOR('',#2088,1.);
#2088 = DIRECTION('',(1.,0.,0.));
#2089 = PLANE('',#2090);
#2090 = AXIS2_PLACEMENT_3D('',#2091,#2092,#2093);
#2091 = CARTESIAN_POINT('',(-0.485,-0.25,0.185));
#2092 = DIRECTION('',(0.,0.,1.));
#2093 = DIRECTION('',(1.,0.,-0.));
#2094 = ADVANCED_FACE('',(#2095),#2156,.F.);
#2095 = FACE_BOUND('',#2096,.F.);
#2096 = EDGE_LOOP('',(#2097,#2107,#2116,#2124,#2133,#2141,#2147,#2148,
    #2149,#2150));
#2097 = ORIENTED_EDGE('',*,*,#2098,.F.);
#2098 = EDGE_CURVE('',#2099,#2101,#2103,.T.);
#2099 = VERTEX_POINT('',#2100);
#2100 = CARTESIAN_POINT('',(-0.485,-0.25,-1.734723475977E-18));
#2101 = VERTEX_POINT('',#2102);
#2102 = CARTESIAN_POINT('',(-0.4625,-0.25,0.));
#2103 = LINE('',#2104,#2105);
#2104 = CARTESIAN_POINT('',(-0.5,-0.25,0.));
#2105 = VECTOR('',#2106,1.);
#2106 = DIRECTION('',(1.,0.,0.));
#2107 = ORIENTED_EDGE('',*,*,#2108,.F.);
#2108 = EDGE_CURVE('',#2109,#2099,#2111,.T.);
#2109 = VERTEX_POINT('',#2110);
#2110 = CARTESIAN_POINT('',(-0.5,-0.25,1.5E-02));
#2111 = CIRCLE('',#2112,1.5E-02);
#2112 = AXIS2_PLACEMENT_3D('',#2113,#2114,#2115);
#2113 = CARTESIAN_POINT('',(-0.485,-0.25,1.5E-02));
#2114 = DIRECTION('',(0.,-1.,0.));
#2115 = DIRECTION('',(0.,0.,1.));
#2116 = ORIENTED_EDGE('',*,*,#2117,.T.);
#2117 = EDGE_CURVE('',#2109,#2118,#2120,.T.);
#2118 = VERTEX_POINT('',#2119);
#2119 = CARTESIAN_POINT('',(-0.5,-0.25,0.185));
#2120 = LINE('',#2121,#2122);
#2121 = CARTESIAN_POINT('',(-0.5,-0.25,0.));
#2122 = VECTOR('',#2123,1.);
#2123 = DIRECTION('',(0.,0.,1.));
#2124 = ORIENTED_EDGE('',*,*,#2125,.T.);
#2125 = EDGE_CURVE('',#2118,#2126,#2128,.T.);
#2126 = VERTEX_POINT('',#2127);
#2127 = CARTESIAN_POINT('',(-0.485,-0.25,0.2));
#2128 = CIRCLE('',#2129,1.5E-02);
#2129 = AXIS2_PLACEMENT_3D('',#2130,#2131,#2132);
#2130 = CARTESIAN_POINT('',(-0.485,-0.25,0.185));
#2131 = DIRECTION('',(0.,1.,0.));
#2132 = DIRECTION('',(0.,-0.,1.));
#2133 = ORIENTED_EDGE('',*,*,#2134,.T.);
#2134 = EDGE_CURVE('',#2126,#2135,#2137,.T.);
#2135 = VERTEX_POINT('',#2136);
#2136 = CARTESIAN_POINT('',(-0.4625,-0.25,0.2));
#2137 = LINE('',#2138,#2139);
#2138 = CARTESIAN_POINT('',(-0.5,-0.25,0.2));
#2139 = VECTOR('',#2140,1.);
#2140 = DIRECTION('',(1.,0.,0.));
#2141 = ORIENTED_EDGE('',*,*,#2142,.F.);
#2142 = EDGE_CURVE('',#1869,#2135,#2143,.T.);
#2143 = LINE('',#2144,#2145);
#2144 = CARTESIAN_POINT('',(-0.4625,-0.25,0.15));
#2145 = VECTOR('',#2146,1.);
#2146 = DIRECTION('',(0.,0.,1.));
#2147 = ORIENTED_EDGE('',*,*,#1868,.F.);
#2148 = ORIENTED_EDGE('',*,*,#1860,.F.);
#2149 = ORIENTED_EDGE('',*,*,#1850,.T.);
#2150 = ORIENTED_EDGE('',*,*,#2151,.F.);
#2151 = EDGE_CURVE('',#2101,#1853,#2152,.T.);
#2152 = LINE('',#2153,#2154);
#2153 = CARTESIAN_POINT('',(-0.4625,-0.25,0.15));
#2154 = VECTOR('',#2155,1.);
#2155 = DIRECTION('',(0.,0.,1.));
#2156 = PLANE('',#2157);
#2157 = AXIS2_PLACEMENT_3D('',#2158,#2159,#2160);
#2158 = CARTESIAN_POINT('',(-0.5,-0.25,0.));
#2159 = DIRECTION('',(0.,1.,0.));
#2160 = DIRECTION('',(0.,-0.,1.));
#2161 = ADVANCED_FACE('',(#2162,#2251),#2277,.F.);
#2162 = FACE_BOUND('',#2163,.F.);
#2163 = EDGE_LOOP('',(#2164,#2172,#2173,#2181,#2189,#2197,#2205,#2213,
    #2221,#2229,#2237,#2245));
#2164 = ORIENTED_EDGE('',*,*,#2165,.F.);
#2165 = EDGE_CURVE('',#1853,#2166,#2168,.T.);
#2166 = VERTEX_POINT('',#2167);
#2167 = CARTESIAN_POINT('',(-0.4625,-0.1875,1.5E-02));
#2168 = LINE('',#2169,#2170);
#2169 = CARTESIAN_POINT('',(-0.4625,-0.21875,1.5E-02));
#2170 = VECTOR('',#2171,1.);
#2171 = DIRECTION('',(0.,1.,0.));
#2172 = ORIENTED_EDGE('',*,*,#1915,.T.);
#2173 = ORIENTED_EDGE('',*,*,#2174,.F.);
#2174 = EDGE_CURVE('',#2175,#1908,#2177,.T.);
#2175 = VERTEX_POINT('',#2176);
#2176 = CARTESIAN_POINT('',(0.4625,-0.1875,1.5E-02));
#2177 = LINE('',#2178,#2179);
#2178 = CARTESIAN_POINT('',(0.4625,-0.28125,1.5E-02));
#2179 = VECTOR('',#2180,1.);
#2180 = DIRECTION('',(0.,-1.,0.));
#2181 = ORIENTED_EDGE('',*,*,#2182,.F.);
#2182 = EDGE_CURVE('',#2183,#2175,#2185,.T.);
#2183 = VERTEX_POINT('',#2184);
#2184 = CARTESIAN_POINT('',(0.35,-0.1875,1.5E-02));
#2185 = LINE('',#2186,#2187);
#2186 = CARTESIAN_POINT('',(-1.125E-02,-0.1875,1.5E-02));
#2187 = VECTOR('',#2188,1.);
#2188 = DIRECTION('',(1.,0.,0.));
#2189 = ORIENTED_EDGE('',*,*,#2190,.T.);
#2190 = EDGE_CURVE('',#2183,#2191,#2193,.T.);
#2191 = VERTEX_POINT('',#2192);
#2192 = CARTESIAN_POINT('',(0.35,0.1875,1.5E-02));
#2193 = LINE('',#2194,#2195);
#2194 = CARTESIAN_POINT('',(0.35,-0.25,1.5E-02));
#2195 = VECTOR('',#2196,1.);
#2196 = DIRECTION('',(0.,1.,0.));
#2197 = ORIENTED_EDGE('',*,*,#2198,.F.);
#2198 = EDGE_CURVE('',#2199,#2191,#2201,.T.);
#2199 = VERTEX_POINT('',#2200);
#2200 = CARTESIAN_POINT('',(0.4625,0.1875,1.5E-02));
#2201 = LINE('',#2202,#2203);
#2202 = CARTESIAN_POINT('',(-0.47375,0.1875,1.5E-02));
#2203 = VECTOR('',#2204,1.);
#2204 = DIRECTION('',(-1.,0.,0.));
#2205 = ORIENTED_EDGE('',*,*,#2206,.F.);
#2206 = EDGE_CURVE('',#2207,#2199,#2209,.T.);
#2207 = VERTEX_POINT('',#2208);
#2208 = CARTESIAN_POINT('',(0.4625,0.25,1.5E-02));
#2209 = LINE('',#2210,#2211);
#2210 = CARTESIAN_POINT('',(0.4625,-3.125E-02,1.5E-02));
#2211 = VECTOR('',#2212,1.);
#2212 = DIRECTION('',(0.,-1.,0.));
#2213 = ORIENTED_EDGE('',*,*,#2214,.F.);
#2214 = EDGE_CURVE('',#2215,#2207,#2217,.T.);
#2215 = VERTEX_POINT('',#2216);
#2216 = CARTESIAN_POINT('',(-0.4625,0.25,1.5E-02));
#2217 = LINE('',#2218,#2219);
#2218 = CARTESIAN_POINT('',(-0.485,0.25,1.5E-02));
#2219 = VECTOR('',#2220,1.);
#2220 = DIRECTION('',(1.,0.,0.));
#2221 = ORIENTED_EDGE('',*,*,#2222,.F.);
#2222 = EDGE_CURVE('',#2223,#2215,#2225,.T.);
#2223 = VERTEX_POINT('',#2224);
#2224 = CARTESIAN_POINT('',(-0.4625,0.1875,1.5E-02));
#2225 = LINE('',#2226,#2227);
#2226 = CARTESIAN_POINT('',(-0.4625,3.125E-02,1.5E-02));
#2227 = VECTOR('',#2228,1.);
#2228 = DIRECTION('',(0.,1.,0.));
#2229 = ORIENTED_EDGE('',*,*,#2230,.F.);
#2230 = EDGE_CURVE('',#2231,#2223,#2233,.T.);
#2231 = VERTEX_POINT('',#2232);
#2232 = CARTESIAN_POINT('',(-0.35,0.1875,1.5E-02));
#2233 = LINE('',#2234,#2235);
#2234 = CARTESIAN_POINT('',(-0.47375,0.1875,1.5E-02));
#2235 = VECTOR('',#2236,1.);
#2236 = DIRECTION('',(-1.,0.,0.));
#2237 = ORIENTED_EDGE('',*,*,#2238,.F.);
#2238 = EDGE_CURVE('',#2239,#2231,#2241,.T.);
#2239 = VERTEX_POINT('',#2240);
#2240 = CARTESIAN_POINT('',(-0.35,-0.1875,1.5E-02));
#2241 = LINE('',#2242,#2243);
#2242 = CARTESIAN_POINT('',(-0.35,-0.25,1.5E-02));
#2243 = VECTOR('',#2244,1.);
#2244 = DIRECTION('',(0.,1.,0.));
#2245 = ORIENTED_EDGE('',*,*,#2246,.F.);
#2246 = EDGE_CURVE('',#2166,#2239,#2247,.T.);
#2247 = LINE('',#2248,#2249);
#2248 = CARTESIAN_POINT('',(-1.125E-02,-0.1875,1.5E-02));
#2249 = VECTOR('',#2250,1.);
#2250 = DIRECTION('',(1.,0.,0.));
#2251 = FACE_BOUND('',#2252,.F.);
#2252 = EDGE_LOOP('',(#2253,#2263,#2271));
#2253 = ORIENTED_EDGE('',*,*,#2254,.T.);
#2254 = EDGE_CURVE('',#2255,#2257,#2259,.T.);
#2255 = VERTEX_POINT('',#2256);
#2256 = CARTESIAN_POINT('',(0.173205080757,0.2,1.5E-02));
#2257 = VERTEX_POINT('',#2258);
#2258 = CARTESIAN_POINT('',(0.173205080757,-0.2,1.5E-02));
#2259 = LINE('',#2260,#2261);
#2260 = CARTESIAN_POINT('',(0.173205080757,0.2,1.5E-02));
#2261 = VECTOR('',#2262,1.);
#2262 = DIRECTION('',(0.,-1.,0.));
#2263 = ORIENTED_EDGE('',*,*,#2264,.T.);
#2264 = EDGE_CURVE('',#2257,#2265,#2267,.T.);
#2265 = VERTEX_POINT('',#2266);
#2266 = CARTESIAN_POINT('',(-0.173205080757,0.,1.5E-02));
#2267 = LINE('',#2268,#2269);
#2268 = CARTESIAN_POINT('',(0.173205080757,-0.2,1.5E-02));
#2269 = VECTOR('',#2270,1.);
#2270 = DIRECTION('',(-0.866025403784,0.5,0.));
#2271 = ORIENTED_EDGE('',*,*,#2272,.T.);
#2272 = EDGE_CURVE('',#2265,#2255,#2273,.T.);
#2273 = LINE('',#2274,#2275);
#2274 = CARTESIAN_POINT('',(-0.173205080757,0.,1.5E-02));
#2275 = VECTOR('',#2276,1.);
#2276 = DIRECTION('',(0.866025403784,0.5,0.));
#2277 = PLANE('',#2278);
#2278 = AXIS2_PLACEMENT_3D('',#2279,#2280,#2281);
#2279 = CARTESIAN_POINT('',(-0.485,-0.25,1.5E-02));
#2280 = DIRECTION('',(0.,0.,1.));
#2281 = DIRECTION('',(1.,0.,-0.));
#2282 = ADVANCED_FACE('',(#2283),#2344,.F.);
#2283 = FACE_BOUND('',#2284,.F.);
#2284 = EDGE_LOOP('',(#2285,#2295,#2301,#2302,#2303,#2304,#2312,#2320,
    #2329,#2337));
#2285 = ORIENTED_EDGE('',*,*,#2286,.F.);
#2286 = EDGE_CURVE('',#2287,#2289,#2291,.T.);
#2287 = VERTEX_POINT('',#2288);
#2288 = CARTESIAN_POINT('',(0.4625,-0.25,0.));
#2289 = VERTEX_POINT('',#2290);
#2290 = CARTESIAN_POINT('',(0.485,-0.25,-1.734723475977E-18));
#2291 = LINE('',#2292,#2293);
#2292 = CARTESIAN_POINT('',(0.35,-0.25,0.));
#2293 = VECTOR('',#2294,1.);
#2294 = DIRECTION('',(1.,0.,0.));
#2295 = ORIENTED_EDGE('',*,*,#2296,.F.);
#2296 = EDGE_CURVE('',#1908,#2287,#2297,.T.);
#2297 = LINE('',#2298,#2299);
#2298 = CARTESIAN_POINT('',(0.4625,-0.25,0.15));
#2299 = VECTOR('',#2300,1.);
#2300 = DIRECTION('',(0.,0.,-1.));
#2301 = ORIENTED_EDGE('',*,*,#1907,.T.);
#2302 = ORIENTED_EDGE('',*,*,#1899,.T.);
#2303 = ORIENTED_EDGE('',*,*,#1891,.F.);
#2304 = ORIENTED_EDGE('',*,*,#2305,.F.);
#2305 = EDGE_CURVE('',#2306,#1884,#2308,.T.);
#2306 = VERTEX_POINT('',#2307);
#2307 = CARTESIAN_POINT('',(0.4625,-0.25,0.2));
#2308 = LINE('',#2309,#2310);
#2309 = CARTESIAN_POINT('',(0.4625,-0.25,0.15));
#2310 = VECTOR('',#2311,1.);
#2311 = DIRECTION('',(0.,0.,-1.));
#2312 = ORIENTED_EDGE('',*,*,#2313,.T.);
#2313 = EDGE_CURVE('',#2306,#2314,#2316,.T.);
#2314 = VERTEX_POINT('',#2315);
#2315 = CARTESIAN_POINT('',(0.485,-0.25,0.2));
#2316 = LINE('',#2317,#2318);
#2317 = CARTESIAN_POINT('',(0.35,-0.25,0.2));
#2318 = VECTOR('',#2319,1.);
#2319 = DIRECTION('',(1.,0.,0.));
#2320 = ORIENTED_EDGE('',*,*,#2321,.F.);
#2321 = EDGE_CURVE('',#2322,#2314,#2324,.T.);
#2322 = VERTEX_POINT('',#2323);
#2323 = CARTESIAN_POINT('',(0.5,-0.25,0.185));
#2324 = CIRCLE('',#2325,1.5E-02);
#2325 = AXIS2_PLACEMENT_3D('',#2326,#2327,#2328);
#2326 = CARTESIAN_POINT('',(0.485,-0.25,0.185));
#2327 = DIRECTION('',(0.,-1.,0.));
#2328 = DIRECTION('',(0.,0.,1.));
#2329 = ORIENTED_EDGE('',*,*,#2330,.F.);
#2330 = EDGE_CURVE('',#2331,#2322,#2333,.T.);
#2331 = VERTEX_POINT('',#2332);
#2332 = CARTESIAN_POINT('',(0.5,-0.25,1.5E-02));
#2333 = LINE('',#2334,#2335);
#2334 = CARTESIAN_POINT('',(0.5,-0.25,0.));
#2335 = VECTOR('',#2336,1.);
#2336 = DIRECTION('',(0.,0.,1.));
#2337 = ORIENTED_EDGE('',*,*,#2338,.T.);
#2338 = EDGE_CURVE('',#2331,#2289,#2339,.T.);
#2339 = CIRCLE('',#2340,1.5E-02);
#2340 = AXIS2_PLACEMENT_3D('',#2341,#2342,#2343);
#2341 = CARTESIAN_POINT('',(0.485,-0.25,1.5E-02));
#2342 = DIRECTION('',(0.,1.,0.));
#2343 = DIRECTION('',(0.,-0.,1.));
#2344 = PLANE('',#2345);
#2345 = AXIS2_PLACEMENT_3D('',#2346,#2347,#2348);
#2346 = CARTESIAN_POINT('',(0.35,-0.25,0.));
#2347 = DIRECTION('',(0.,1.,0.));
#2348 = DIRECTION('',(0.,-0.,1.));
#2349 = ADVANCED_FACE('',(#2350),#2368,.T.);
#2350 = FACE_BOUND('',#2351,.T.);
#2351 = EDGE_LOOP('',(#2352,#2360,#2361,#2362));
#2352 = ORIENTED_EDGE('',*,*,#2353,.F.);
#2353 = EDGE_CURVE('',#1956,#2354,#2356,.T.);
#2354 = VERTEX_POINT('',#2355);
#2355 = CARTESIAN_POINT('',(0.4625,-0.1875,0.185));
#2356 = LINE('',#2357,#2358);
#2357 = CARTESIAN_POINT('',(-1.125E-02,-0.1875,0.185));
#2358 = VECTOR('',#2359,1.);
#2359 = DIRECTION('',(1.,0.,0.));
#2360 = ORIENTED_EDGE('',*,*,#1955,.T.);
#2361 = ORIENTED_EDGE('',*,*,#1883,.T.);
#2362 = ORIENTED_EDGE('',*,*,#2363,.F.);
#2363 = EDGE_CURVE('',#2354,#1884,#2364,.T.);
#2364 = LINE('',#2365,#2366);
#2365 = CARTESIAN_POINT('',(0.4625,-0.28125,0.185));
#2366 = VECTOR('',#2367,1.);
#2367 = DIRECTION('',(0.,-1.,0.));
#2368 = PLANE('',#2369);
#2369 = AXIS2_PLACEMENT_3D('',#2370,#2371,#2372);
#2370 = CARTESIAN_POINT('',(-0.485,-0.25,0.185));
#2371 = DIRECTION('',(0.,0.,1.));
#2372 = DIRECTION('',(1.,0.,-0.));
#2373 = ADVANCED_FACE('',(#2374),#2399,.T.);
#2374 = FACE_BOUND('',#2375,.T.);
#2375 = EDGE_LOOP('',(#2376,#2384,#2385,#2393));
#2376 = ORIENTED_EDGE('',*,*,#2377,.F.);
#2377 = EDGE_CURVE('',#1972,#2378,#2380,.T.);
#2378 = VERTEX_POINT('',#2379);
#2379 = CARTESIAN_POINT('',(0.4625,0.25,0.185));
#2380 = LINE('',#2381,#2382);
#2381 = CARTESIAN_POINT('',(-0.485,0.25,0.185));
#2382 = VECTOR('',#2383,1.);
#2383 = DIRECTION('',(1.,0.,0.));
#2384 = ORIENTED_EDGE('',*,*,#1971,.T.);
#2385 = ORIENTED_EDGE('',*,*,#2386,.F.);
#2386 = EDGE_CURVE('',#2387,#1964,#2389,.T.);
#2387 = VERTEX_POINT('',#2388);
#2388 = CARTESIAN_POINT('',(0.4625,0.1875,0.185));
#2389 = LINE('',#2390,#2391);
#2390 = CARTESIAN_POINT('',(-0.47375,0.1875,0.185));
#2391 = VECTOR('',#2392,1.);
#2392 = DIRECTION('',(-1.,0.,0.));
#2393 = ORIENTED_EDGE('',*,*,#2394,.F.);
#2394 = EDGE_CURVE('',#2378,#2387,#2395,.T.);
#2395 = LINE('',#2396,#2397);
#2396 = CARTESIAN_POINT('',(0.4625,-3.125E-02,0.185));
#2397 = VECTOR('',#2398,1.);
#2398 = DIRECTION('',(0.,-1.,0.));
#2399 = PLANE('',#2400);
#2400 = AXIS2_PLACEMENT_3D('',#2401,#2402,#2403);
#2401 = CARTESIAN_POINT('',(-0.485,-0.25,0.185));
#2402 = DIRECTION('',(0.,0.,1.));
#2403 = DIRECTION('',(1.,0.,-0.));
#2404 = ADVANCED_FACE('',(#2405),#2432,.T.);
#2405 = FACE_BOUND('',#2406,.T.);
#2406 = EDGE_LOOP('',(#2407,#2408,#2417,#2425));
#2407 = ORIENTED_EDGE('',*,*,#1963,.F.);
#2408 = ORIENTED_EDGE('',*,*,#2409,.T.);
#2409 = EDGE_CURVE('',#1956,#2410,#2412,.T.);
#2410 = VERTEX_POINT('',#2411);
#2411 = CARTESIAN_POINT('',(0.365,-0.1875,0.2));
#2412 = CIRCLE('',#2413,1.5E-02);
#2413 = AXIS2_PLACEMENT_3D('',#2414,#2415,#2416);
#2414 = CARTESIAN_POINT('',(0.365,-0.1875,0.185));
#2415 = DIRECTION('',(0.,1.,-0.));
#2416 = DIRECTION('',(-1.,0.,0.));
#2417 = ORIENTED_EDGE('',*,*,#2418,.T.);
#2418 = EDGE_CURVE('',#2410,#2419,#2421,.T.);
#2419 = VERTEX_POINT('',#2420);
#2420 = CARTESIAN_POINT('',(0.365,0.1875,0.2));
#2421 = LINE('',#2422,#2423);
#2422 = CARTESIAN_POINT('',(0.365,-0.25,0.2));
#2423 = VECTOR('',#2424,1.);
#2424 = DIRECTION('',(0.,1.,0.));
#2425 = ORIENTED_EDGE('',*,*,#2426,.F.);
#2426 = EDGE_CURVE('',#1964,#2419,#2427,.T.);
#2427 = CIRCLE('',#2428,1.5E-02);
#2428 = AXIS2_PLACEMENT_3D('',#2429,#2430,#2431);
#2429 = CARTESIAN_POINT('',(0.365,0.1875,0.185));
#2430 = DIRECTION('',(0.,1.,-0.));
#2431 = DIRECTION('',(-1.,0.,0.));
#2432 = CYLINDRICAL_SURFACE('',#2433,1.5E-02);
#2433 = AXIS2_PLACEMENT_3D('',#2434,#2435,#2436);
#2434 = CARTESIAN_POINT('',(0.365,-0.25,0.185));
#2435 = DIRECTION('',(0.,1.,0.));
#2436 = DIRECTION('',(-1.,0.,0.));
#2437 = ADVANCED_FACE('',(#2438),#2488,.T.);
#2438 = FACE_BOUND('',#2439,.T.);
#2439 = EDGE_LOOP('',(#2440,#2448,#2456,#2462,#2463,#2464,#2465,#2473,
    #2481,#2487));
#2440 = ORIENTED_EDGE('',*,*,#2441,.F.);
#2441 = EDGE_CURVE('',#2442,#2215,#2444,.T.);
#2442 = VERTEX_POINT('',#2443);
#2443 = CARTESIAN_POINT('',(-0.485,0.25,1.5E-02));
#2444 = LINE('',#2445,#2446);
#2445 = CARTESIAN_POINT('',(-0.485,0.25,1.5E-02));
#2446 = VECTOR('',#2447,1.);
#2447 = DIRECTION('',(1.,0.,0.));
#2448 = ORIENTED_EDGE('',*,*,#2449,.T.);
#2449 = EDGE_CURVE('',#2442,#2450,#2452,.T.);
#2450 = VERTEX_POINT('',#2451);
#2451 = CARTESIAN_POINT('',(-0.485,0.25,0.185));
#2452 = LINE('',#2453,#2454);
#2453 = CARTESIAN_POINT('',(-0.485,0.25,1.5E-02));
#2454 = VECTOR('',#2455,1.);
#2455 = DIRECTION('',(0.,0.,1.));
#2456 = ORIENTED_EDGE('',*,*,#2457,.T.);
#2457 = EDGE_CURVE('',#2450,#1994,#2458,.T.);
#2458 = LINE('',#2459,#2460);
#2459 = CARTESIAN_POINT('',(-0.485,0.25,0.185));
#2460 = VECTOR('',#2461,1.);
#2461 = DIRECTION('',(1.,0.,0.));
#2462 = ORIENTED_EDGE('',*,*,#1993,.T.);
#2463 = ORIENTED_EDGE('',*,*,#2027,.F.);
#2464 = ORIENTED_EDGE('',*,*,#2377,.T.);
#2465 = ORIENTED_EDGE('',*,*,#2466,.T.);
#2466 = EDGE_CURVE('',#2378,#2467,#2469,.T.);
#2467 = VERTEX_POINT('',#2468);
#2468 = CARTESIAN_POINT('',(0.485,0.25,0.185));
#2469 = LINE('',#2470,#2471);
#2470 = CARTESIAN_POINT('',(-0.485,0.25,0.185));
#2471 = VECTOR('',#2472,1.);
#2472 = DIRECTION('',(1.,0.,0.));
#2473 = ORIENTED_EDGE('',*,*,#2474,.F.);
#2474 = EDGE_CURVE('',#2475,#2467,#2477,.T.);
#2475 = VERTEX_POINT('',#2476);
#2476 = CARTESIAN_POINT('',(0.485,0.25,1.5E-02));
#2477 = LINE('',#2478,#2479);
#2478 = CARTESIAN_POINT('',(0.485,0.25,1.5E-02));
#2479 = VECTOR('',#2480,1.);
#2480 = DIRECTION('',(0.,0.,1.));
#2481 = ORIENTED_EDGE('',*,*,#2482,.F.);
#2482 = EDGE_CURVE('',#2207,#2475,#2483,.T.);
#2483 = LINE('',#2484,#2485);
#2484 = CARTESIAN_POINT('',(-0.485,0.25,1.5E-02));
#2485 = VECTOR('',#2486,1.);
#2486 = DIRECTION('',(1.,0.,0.));
#2487 = ORIENTED_EDGE('',*,*,#2214,.F.);
#2488 = PLANE('',#2489);
#2489 = AXIS2_PLACEMENT_3D('',#2490,#2491,#2492);
#2490 = CARTESIAN_POINT('',(-0.485,0.25,1.5E-02));
#2491 = DIRECTION('',(0.,1.,0.));
#2492 = DIRECTION('',(0.,-0.,1.));
#2493 = ADVANCED_FACE('',(#2494),#2512,.F.);
#2494 = FACE_BOUND('',#2495,.F.);
#2495 = EDGE_LOOP('',(#2496,#2504,#2510,#2511));
#2496 = ORIENTED_EDGE('',*,*,#2497,.F.);
#2497 = EDGE_CURVE('',#2498,#2042,#2500,.T.);
#2498 = VERTEX_POINT('',#2499);
#2499 = CARTESIAN_POINT('',(-0.4625,0.1875,0.2));
#2500 = LINE('',#2501,#2502);
#2501 = CARTESIAN_POINT('',(-0.48125,0.1875,0.2));
#2502 = VECTOR('',#2503,1.);
#2503 = DIRECTION('',(1.,0.,0.));
#2504 = ORIENTED_EDGE('',*,*,#2505,.T.);
#2505 = EDGE_CURVE('',#2498,#2002,#2506,.T.);
#2506 = LINE('',#2507,#2508);
#2507 = CARTESIAN_POINT('',(-0.4625,0.1875,0.3));
#2508 = VECTOR('',#2509,1.);
#2509 = DIRECTION('',(-0.,-0.,-1.));
#2510 = ORIENTED_EDGE('',*,*,#2009,.F.);
#2511 = ORIENTED_EDGE('',*,*,#2041,.F.);
#2512 = PLANE('',#2513);
#2513 = AXIS2_PLACEMENT_3D('',#2514,#2515,#2516);
#2514 = CARTESIAN_POINT('',(-0.4625,0.1875,0.3));
#2515 = DIRECTION('',(0.,-1.,0.));
#2516 = DIRECTION('',(1.,0.,0.));
#2517 = ADVANCED_FACE('',(#2518),#2536,.F.);
#2518 = FACE_BOUND('',#2519,.F.);
#2519 = EDGE_LOOP('',(#2520,#2521,#2529,#2535));
#2520 = ORIENTED_EDGE('',*,*,#2505,.F.);
#2521 = ORIENTED_EDGE('',*,*,#2522,.F.);
#2522 = EDGE_CURVE('',#2523,#2498,#2525,.T.);
#2523 = VERTEX_POINT('',#2524);
#2524 = CARTESIAN_POINT('',(-0.4625,0.25,0.2));
#2525 = LINE('',#2526,#2527);
#2526 = CARTESIAN_POINT('',(-0.4625,3.125E-02,0.2));
#2527 = VECTOR('',#2528,1.);
#2528 = DIRECTION('',(0.,-1.,0.));
#2529 = ORIENTED_EDGE('',*,*,#2530,.F.);
#2530 = EDGE_CURVE('',#1994,#2523,#2531,.T.);
#2531 = LINE('',#2532,#2533);
#2532 = CARTESIAN_POINT('',(-0.4625,0.25,0.15));
#2533 = VECTOR('',#2534,1.);
#2534 = DIRECTION('',(0.,0.,1.));
#2535 = ORIENTED_EDGE('',*,*,#2001,.F.);
#2536 = PLANE('',#2537);
#2537 = AXIS2_PLACEMENT_3D('',#2538,#2539,#2540);
#2538 = CARTESIAN_POINT('',(-0.4625,0.3125,0.3));
#2539 = DIRECTION('',(-1.,0.,0.));
#2540 = DIRECTION('',(0.,-1.,0.));
#2541 = ADVANCED_FACE('',(#2542),#2560,.F.);
#2542 = FACE_BOUND('',#2543,.F.);
#2543 = EDGE_LOOP('',(#2544,#2552,#2558,#2559));
#2544 = ORIENTED_EDGE('',*,*,#2545,.F.);
#2545 = EDGE_CURVE('',#2546,#2075,#2548,.T.);
#2546 = VERTEX_POINT('',#2547);
#2547 = CARTESIAN_POINT('',(-0.4625,-0.1875,0.2));
#2548 = LINE('',#2549,#2550);
#2549 = CARTESIAN_POINT('',(-0.4625,-0.1875,0.3));
#2550 = VECTOR('',#2551,1.);
#2551 = DIRECTION('',(-0.,-0.,-1.));
#2552 = ORIENTED_EDGE('',*,*,#2553,.F.);
#2553 = EDGE_CURVE('',#2051,#2546,#2554,.T.);
#2554 = LINE('',#2555,#2556);
#2555 = CARTESIAN_POINT('',(-1.875E-02,-0.1875,0.2));
#2556 = VECTOR('',#2557,1.);
#2557 = DIRECTION('',(-1.,0.,0.));
#2558 = ORIENTED_EDGE('',*,*,#2058,.T.);
#2559 = ORIENTED_EDGE('',*,*,#2084,.F.);
#2560 = PLANE('',#2561);
#2561 = AXIS2_PLACEMENT_3D('',#2562,#2563,#2564);
#2562 = CARTESIAN_POINT('',(0.4625,-0.1875,0.3));
#2563 = DIRECTION('',(0.,1.,0.));
#2564 = DIRECTION('',(-1.,0.,0.));
#2565 = ADVANCED_FACE('',(#2566),#2593,.T.);
#2566 = FACE_BOUND('',#2567,.T.);
#2567 = EDGE_LOOP('',(#2568,#2576,#2582,#2583,#2589,#2590,#2591,#2592));
#2568 = ORIENTED_EDGE('',*,*,#2569,.F.);
#2569 = EDGE_CURVE('',#2570,#2523,#2572,.T.);
#2570 = VERTEX_POINT('',#2571);
#2571 = CARTESIAN_POINT('',(-0.485,0.25,0.2));
#2572 = LINE('',#2573,#2574);
#2573 = CARTESIAN_POINT('',(-0.5,0.25,0.2));
#2574 = VECTOR('',#2575,1.);
#2575 = DIRECTION('',(1.,0.,0.));
#2576 = ORIENTED_EDGE('',*,*,#2577,.F.);
#2577 = EDGE_CURVE('',#2126,#2570,#2578,.T.);
#2578 = LINE('',#2579,#2580);
#2579 = CARTESIAN_POINT('',(-0.485,-0.25,0.2));
#2580 = VECTOR('',#2581,1.);
#2581 = DIRECTION('',(0.,1.,0.));
#2582 = ORIENTED_EDGE('',*,*,#2134,.T.);
#2583 = ORIENTED_EDGE('',*,*,#2584,.F.);
#2584 = EDGE_CURVE('',#2546,#2135,#2585,.T.);
#2585 = LINE('',#2586,#2587);
#2586 = CARTESIAN_POINT('',(-0.4625,-0.21875,0.2));
#2587 = VECTOR('',#2588,1.);
#2588 = DIRECTION('',(0.,-1.,0.));
#2589 = ORIENTED_EDGE('',*,*,#2553,.F.);
#2590 = ORIENTED_EDGE('',*,*,#2050,.T.);
#2591 = ORIENTED_EDGE('',*,*,#2497,.F.);
#2592 = ORIENTED_EDGE('',*,*,#2522,.F.);
#2593 = PLANE('',#2594);
#2594 = AXIS2_PLACEMENT_3D('',#2595,#2596,#2597);
#2595 = CARTESIAN_POINT('',(-0.5,-0.25,0.2));
#2596 = DIRECTION('',(0.,0.,1.));
#2597 = DIRECTION('',(1.,0.,-0.));
#2598 = ADVANCED_FACE('',(#2599),#2605,.F.);
#2599 = FACE_BOUND('',#2600,.F.);
#2600 = EDGE_LOOP('',(#2601,#2602,#2603,#2604));
#2601 = ORIENTED_EDGE('',*,*,#2584,.F.);
#2602 = ORIENTED_EDGE('',*,*,#2545,.T.);
#2603 = ORIENTED_EDGE('',*,*,#2074,.F.);
#2604 = ORIENTED_EDGE('',*,*,#2142,.T.);
#2605 = PLANE('',#2606);
#2606 = AXIS2_PLACEMENT_3D('',#2607,#2608,#2609);
#2607 = CARTESIAN_POINT('',(-0.4625,-0.1875,0.3));
#2608 = DIRECTION('',(-1.,0.,0.));
#2609 = DIRECTION('',(0.,-1.,0.));
#2610 = ADVANCED_FACE('',(#2611),#2668,.F.);
#2611 = FACE_BOUND('',#2612,.F.);
#2612 = EDGE_LOOP('',(#2613,#2623,#2629,#2630,#2638,#2646,#2654,#2662));
#2613 = ORIENTED_EDGE('',*,*,#2614,.F.);
#2614 = EDGE_CURVE('',#2615,#2617,#2619,.T.);
#2615 = VERTEX_POINT('',#2616);
#2616 = CARTESIAN_POINT('',(-0.485,0.25,-1.734723475977E-18));
#2617 = VERTEX_POINT('',#2618);
#2618 = CARTESIAN_POINT('',(-0.4625,0.25,0.));
#2619 = LINE('',#2620,#2621);
#2620 = CARTESIAN_POINT('',(-0.5,0.25,0.));
#2621 = VECTOR('',#2622,1.);
#2622 = DIRECTION('',(1.,0.,0.));
#2623 = ORIENTED_EDGE('',*,*,#2624,.F.);
#2624 = EDGE_CURVE('',#2099,#2615,#2625,.T.);
#2625 = LINE('',#2626,#2627);
#2626 = CARTESIAN_POINT('',(-0.485,-0.25,-1.734723475977E-18));
#2627 = VECTOR('',#2628,1.);
#2628 = DIRECTION('',(0.,1.,0.));
#2629 = ORIENTED_EDGE('',*,*,#2098,.T.);
#2630 = ORIENTED_EDGE('',*,*,#2631,.F.);
#2631 = EDGE_CURVE('',#2632,#2101,#2634,.T.);
#2632 = VERTEX_POINT('',#2633);
#2633 = CARTESIAN_POINT('',(-0.4625,-0.1875,0.));
#2634 = LINE('',#2635,#2636);
#2635 = CARTESIAN_POINT('',(-0.4625,-0.21875,0.));
#2636 = VECTOR('',#2637,1.);
#2637 = DIRECTION('',(0.,-1.,0.));
#2638 = ORIENTED_EDGE('',*,*,#2639,.F.);
#2639 = EDGE_CURVE('',#2640,#2632,#2642,.T.);
#2640 = VERTEX_POINT('',#2641);
#2641 = CARTESIAN_POINT('',(-0.365,-0.1875,-1.734723475977E-18));
#2642 = LINE('',#2643,#2644);
#2643 = CARTESIAN_POINT('',(-1.875E-02,-0.1875,0.));
#2644 = VECTOR('',#2645,1.);
#2645 = DIRECTION('',(-1.,0.,0.));
#2646 = ORIENTED_EDGE('',*,*,#2647,.T.);
#2647 = EDGE_CURVE('',#2640,#2648,#2650,.T.);
#2648 = VERTEX_POINT('',#2649);
#2649 = CARTESIAN_POINT('',(-0.365,0.1875,-1.734723475977E-18));
#2650 = LINE('',#2651,#2652);
#2651 = CARTESIAN_POINT('',(-0.365,-0.25,-1.734723475977E-18));
#2652 = VECTOR('',#2653,1.);
#2653 = DIRECTION('',(0.,1.,0.));
#2654 = ORIENTED_EDGE('',*,*,#2655,.F.);
#2655 = EDGE_CURVE('',#2656,#2648,#2658,.T.);
#2656 = VERTEX_POINT('',#2657);
#2657 = CARTESIAN_POINT('',(-0.4625,0.1875,0.));
#2658 = LINE('',#2659,#2660);
#2659 = CARTESIAN_POINT('',(-0.48125,0.1875,0.));
#2660 = VECTOR('',#2661,1.);
#2661 = DIRECTION('',(1.,0.,0.));
#2662 = ORIENTED_EDGE('',*,*,#2663,.F.);
#2663 = EDGE_CURVE('',#2617,#2656,#2664,.T.);
#2664 = LINE('',#2665,#2666);
#2665 = CARTESIAN_POINT('',(-0.4625,3.125E-02,0.));
#2666 = VECTOR('',#2667,1.);
#2667 = DIRECTION('',(0.,-1.,0.));
#2668 = PLANE('',#2669);
#2669 = AXIS2_PLACEMENT_3D('',#2670,#2671,#2672);
#2670 = CARTESIAN_POINT('',(-0.5,-0.25,0.));
#2671 = DIRECTION('',(0.,0.,1.));
#2672 = DIRECTION('',(1.,0.,-0.));
#2673 = ADVANCED_FACE('',(#2674),#2693,.T.);
#2674 = FACE_BOUND('',#2675,.T.);
#2675 = EDGE_LOOP('',(#2676,#2684,#2691,#2692));
#2676 = ORIENTED_EDGE('',*,*,#2677,.T.);
#2677 = EDGE_CURVE('',#2109,#2678,#2680,.T.);
#2678 = VERTEX_POINT('',#2679);
#2679 = CARTESIAN_POINT('',(-0.5,0.25,1.5E-02));
#2680 = LINE('',#2681,#2682);
#2681 = CARTESIAN_POINT('',(-0.5,-0.25,1.5E-02));
#2682 = VECTOR('',#2683,1.);
#2683 = DIRECTION('',(0.,1.,0.));
#2684 = ORIENTED_EDGE('',*,*,#2685,.T.);
#2685 = EDGE_CURVE('',#2678,#2615,#2686,.T.);
#2686 = CIRCLE('',#2687,1.5E-02);
#2687 = AXIS2_PLACEMENT_3D('',#2688,#2689,#2690);
#2688 = CARTESIAN_POINT('',(-0.485,0.25,1.5E-02));
#2689 = DIRECTION('',(0.,-1.,0.));
#2690 = DIRECTION('',(0.,0.,1.));
#2691 = ORIENTED_EDGE('',*,*,#2624,.F.);
#2692 = ORIENTED_EDGE('',*,*,#2108,.F.);
#2693 = CYLINDRICAL_SURFACE('',#2694,1.5E-02);
#2694 = AXIS2_PLACEMENT_3D('',#2695,#2696,#2697);
#2695 = CARTESIAN_POINT('',(-0.485,-0.25,1.5E-02));
#2696 = DIRECTION('',(0.,1.,0.));
#2697 = DIRECTION('',(-1.,0.,0.));
#2698 = ADVANCED_FACE('',(#2699),#2710,.F.);
#2699 = FACE_BOUND('',#2700,.F.);
#2700 = EDGE_LOOP('',(#2701,#2702,#2708,#2709));
#2701 = ORIENTED_EDGE('',*,*,#2165,.T.);
#2702 = ORIENTED_EDGE('',*,*,#2703,.T.);
#2703 = EDGE_CURVE('',#2166,#2632,#2704,.T.);
#2704 = LINE('',#2705,#2706);
#2705 = CARTESIAN_POINT('',(-0.4625,-0.1875,0.3));
#2706 = VECTOR('',#2707,1.);
#2707 = DIRECTION('',(-0.,-0.,-1.));
#2708 = ORIENTED_EDGE('',*,*,#2631,.T.);
#2709 = ORIENTED_EDGE('',*,*,#2151,.T.);
#2710 = PLANE('',#2711);
#2711 = AXIS2_PLACEMENT_3D('',#2712,#2713,#2714);
#2712 = CARTESIAN_POINT('',(-0.4625,-0.1875,0.3));
#2713 = DIRECTION('',(-1.,0.,0.));
#2714 = DIRECTION('',(0.,-1.,0.));
#2715 = ADVANCED_FACE('',(#2716),#2734,.F.);
#2716 = FACE_BOUND('',#2717,.F.);
#2717 = EDGE_LOOP('',(#2718,#2719,#2720,#2728));
#2718 = ORIENTED_EDGE('',*,*,#2117,.F.);
#2719 = ORIENTED_EDGE('',*,*,#2677,.T.);
#2720 = ORIENTED_EDGE('',*,*,#2721,.T.);
#2721 = EDGE_CURVE('',#2678,#2722,#2724,.T.);
#2722 = VERTEX_POINT('',#2723);
#2723 = CARTESIAN_POINT('',(-0.5,0.25,0.185));
#2724 = LINE('',#2725,#2726);
#2725 = CARTESIAN_POINT('',(-0.5,0.25,0.));
#2726 = VECTOR('',#2727,1.);
#2727 = DIRECTION('',(0.,0.,1.));
#2728 = ORIENTED_EDGE('',*,*,#2729,.F.);
#2729 = EDGE_CURVE('',#2118,#2722,#2730,.T.);
#2730 = LINE('',#2731,#2732);
#2731 = CARTESIAN_POINT('',(-0.5,-0.25,0.185));
#2732 = VECTOR('',#2733,1.);
#2733 = DIRECTION('',(0.,1.,0.));
#2734 = PLANE('',#2735);
#2735 = AXIS2_PLACEMENT_3D('',#2736,#2737,#2738);
#2736 = CARTESIAN_POINT('',(-0.5,-0.25,0.));
#2737 = DIRECTION('',(1.,0.,0.));
#2738 = DIRECTION('',(0.,0.,1.));
#2739 = ADVANCED_FACE('',(#2740),#2752,.T.);
#2740 = FACE_BOUND('',#2741,.T.);
#2741 = EDGE_LOOP('',(#2742,#2743,#2744,#2751));
#2742 = ORIENTED_EDGE('',*,*,#2125,.T.);
#2743 = ORIENTED_EDGE('',*,*,#2577,.T.);
#2744 = ORIENTED_EDGE('',*,*,#2745,.F.);
#2745 = EDGE_CURVE('',#2722,#2570,#2746,.T.);
#2746 = CIRCLE('',#2747,1.5E-02);
#2747 = AXIS2_PLACEMENT_3D('',#2748,#2749,#2750);
#2748 = CARTESIAN_POINT('',(-0.485,0.25,0.185));
#2749 = DIRECTION('',(0.,1.,0.));
#2750 = DIRECTION('',(0.,-0.,1.));
#2751 = ORIENTED_EDGE('',*,*,#2729,.F.);
#2752 = CYLINDRICAL_SURFACE('',#2753,1.5E-02);
#2753 = AXIS2_PLACEMENT_3D('',#2754,#2755,#2756);
#2754 = CARTESIAN_POINT('',(-0.485,-0.25,0.185));
#2755 = DIRECTION('',(0.,1.,0.));
#2756 = DIRECTION('',(-1.,0.,0.));
#2757 = ADVANCED_FACE('',(#2758),#2770,.F.);
#2758 = FACE_BOUND('',#2759,.F.);
#2759 = EDGE_LOOP('',(#2760,#2761,#2762,#2769));
#2760 = ORIENTED_EDGE('',*,*,#2703,.F.);
#2761 = ORIENTED_EDGE('',*,*,#2246,.T.);
#2762 = ORIENTED_EDGE('',*,*,#2763,.T.);
#2763 = EDGE_CURVE('',#2239,#2640,#2764,.T.);
#2764 = CIRCLE('',#2765,1.5E-02);
#2765 = AXIS2_PLACEMENT_3D('',#2766,#2767,#2768);
#2766 = CARTESIAN_POINT('',(-0.365,-0.1875,1.5E-02));
#2767 = DIRECTION('',(-0.,1.,0.));
#2768 = DIRECTION('',(1.,0.,0.));
#2769 = ORIENTED_EDGE('',*,*,#2639,.T.);
#2770 = PLANE('',#2771);
#2771 = AXIS2_PLACEMENT_3D('',#2772,#2773,#2774);
#2772 = CARTESIAN_POINT('',(0.4625,-0.1875,0.3));
#2773 = DIRECTION('',(0.,1.,0.));
#2774 = DIRECTION('',(-1.,0.,0.));
#2775 = ADVANCED_FACE('',(#2776),#2788,.T.);
#2776 = FACE_BOUND('',#2777,.T.);
#2777 = EDGE_LOOP('',(#2778,#2779,#2780,#2781));
#2778 = ORIENTED_EDGE('',*,*,#2238,.F.);
#2779 = ORIENTED_EDGE('',*,*,#2763,.T.);
#2780 = ORIENTED_EDGE('',*,*,#2647,.T.);
#2781 = ORIENTED_EDGE('',*,*,#2782,.F.);
#2782 = EDGE_CURVE('',#2231,#2648,#2783,.T.);
#2783 = CIRCLE('',#2784,1.5E-02);
#2784 = AXIS2_PLACEMENT_3D('',#2785,#2786,#2787);
#2785 = CARTESIAN_POINT('',(-0.365,0.1875,1.5E-02));
#2786 = DIRECTION('',(-0.,1.,0.));
#2787 = DIRECTION('',(1.,0.,0.));
#2788 = CYLINDRICAL_SURFACE('',#2789,1.5E-02);
#2789 = AXIS2_PLACEMENT_3D('',#2790,#2791,#2792);
#2790 = CARTESIAN_POINT('',(-0.365,-0.25,1.5E-02));
#2791 = DIRECTION('',(0.,1.,0.));
#2792 = DIRECTION('',(1.,0.,0.));
#2793 = ADVANCED_FACE('',(#2794),#2805,.F.);
#2794 = FACE_BOUND('',#2795,.F.);
#2795 = EDGE_LOOP('',(#2796,#2797,#2803,#2804));
#2796 = ORIENTED_EDGE('',*,*,#2230,.T.);
#2797 = ORIENTED_EDGE('',*,*,#2798,.T.);
#2798 = EDGE_CURVE('',#2223,#2656,#2799,.T.);
#2799 = LINE('',#2800,#2801);
#2800 = CARTESIAN_POINT('',(-0.4625,0.1875,0.3));
#2801 = VECTOR('',#2802,1.);
#2802 = DIRECTION('',(-0.,-0.,-1.));
#2803 = ORIENTED_EDGE('',*,*,#2655,.T.);
#2804 = ORIENTED_EDGE('',*,*,#2782,.F.);
#2805 = PLANE('',#2806);
#2806 = AXIS2_PLACEMENT_3D('',#2807,#2808,#2809);
#2807 = CARTESIAN_POINT('',(-0.4625,0.1875,0.3));
#2808 = DIRECTION('',(0.,-1.,0.));
#2809 = DIRECTION('',(1.,0.,0.));
#2810 = ADVANCED_FACE('',(#2811),#2822,.F.);
#2811 = FACE_BOUND('',#2812,.F.);
#2812 = EDGE_LOOP('',(#2813,#2814,#2815,#2821));
#2813 = ORIENTED_EDGE('',*,*,#2798,.F.);
#2814 = ORIENTED_EDGE('',*,*,#2222,.T.);
#2815 = ORIENTED_EDGE('',*,*,#2816,.F.);
#2816 = EDGE_CURVE('',#2617,#2215,#2817,.T.);
#2817 = LINE('',#2818,#2819);
#2818 = CARTESIAN_POINT('',(-0.4625,0.25,0.15));
#2819 = VECTOR('',#2820,1.);
#2820 = DIRECTION('',(0.,0.,1.));
#2821 = ORIENTED_EDGE('',*,*,#2663,.T.);
#2822 = PLANE('',#2823);
#2823 = AXIS2_PLACEMENT_3D('',#2824,#2825,#2826);
#2824 = CARTESIAN_POINT('',(-0.4625,0.3125,0.3));
#2825 = DIRECTION('',(-1.,0.,0.));
#2826 = DIRECTION('',(0.,-1.,0.));
#2827 = ADVANCED_FACE('',(#2828),#2853,.F.);
#2828 = FACE_BOUND('',#2829,.F.);
#2829 = EDGE_LOOP('',(#2830,#2831,#2839,#2847));
#2830 = ORIENTED_EDGE('',*,*,#2206,.T.);
#2831 = ORIENTED_EDGE('',*,*,#2832,.T.);
#2832 = EDGE_CURVE('',#2199,#2833,#2835,.T.);
#2833 = VERTEX_POINT('',#2834);
#2834 = CARTESIAN_POINT('',(0.4625,0.1875,0.));
#2835 = LINE('',#2836,#2837);
#2836 = CARTESIAN_POINT('',(0.4625,0.1875,0.3));
#2837 = VECTOR('',#2838,1.);
#2838 = DIRECTION('',(-0.,-0.,-1.));
#2839 = ORIENTED_EDGE('',*,*,#2840,.T.);
#2840 = EDGE_CURVE('',#2833,#2841,#2843,.T.);
#2841 = VERTEX_POINT('',#2842);
#2842 = CARTESIAN_POINT('',(0.4625,0.25,0.));
#2843 = LINE('',#2844,#2845);
#2844 = CARTESIAN_POINT('',(0.4625,-3.125E-02,0.));
#2845 = VECTOR('',#2846,1.);
#2846 = DIRECTION('',(0.,1.,0.));
#2847 = ORIENTED_EDGE('',*,*,#2848,.F.);
#2848 = EDGE_CURVE('',#2207,#2841,#2849,.T.);
#2849 = LINE('',#2850,#2851);
#2850 = CARTESIAN_POINT('',(0.4625,0.25,0.15));
#2851 = VECTOR('',#2852,1.);
#2852 = DIRECTION('',(0.,0.,-1.));
#2853 = PLANE('',#2854);
#2854 = AXIS2_PLACEMENT_3D('',#2855,#2856,#2857);
#2855 = CARTESIAN_POINT('',(0.4625,0.1875,0.3));
#2856 = DIRECTION('',(1.,0.,0.));
#2857 = DIRECTION('',(-0.,1.,0.));
#2858 = ADVANCED_FACE('',(#2859),#2878,.F.);
#2859 = FACE_BOUND('',#2860,.F.);
#2860 = EDGE_LOOP('',(#2861,#2862,#2863,#2872));
#2861 = ORIENTED_EDGE('',*,*,#2832,.F.);
#2862 = ORIENTED_EDGE('',*,*,#2198,.T.);
#2863 = ORIENTED_EDGE('',*,*,#2864,.F.);
#2864 = EDGE_CURVE('',#2865,#2191,#2867,.T.);
#2865 = VERTEX_POINT('',#2866);
#2866 = CARTESIAN_POINT('',(0.365,0.1875,-1.734723475977E-18));
#2867 = CIRCLE('',#2868,1.5E-02);
#2868 = AXIS2_PLACEMENT_3D('',#2869,#2870,#2871);
#2869 = CARTESIAN_POINT('',(0.365,0.1875,1.5E-02));
#2870 = DIRECTION('',(0.,1.,-0.));
#2871 = DIRECTION('',(-1.,0.,0.));
#2872 = ORIENTED_EDGE('',*,*,#2873,.T.);
#2873 = EDGE_CURVE('',#2865,#2833,#2874,.T.);
#2874 = LINE('',#2875,#2876);
#2875 = CARTESIAN_POINT('',(-5.625E-02,0.1875,0.));
#2876 = VECTOR('',#2877,1.);
#2877 = DIRECTION('',(1.,0.,0.));
#2878 = PLANE('',#2879);
#2879 = AXIS2_PLACEMENT_3D('',#2880,#2881,#2882);
#2880 = CARTESIAN_POINT('',(-0.4625,0.1875,0.3));
#2881 = DIRECTION('',(0.,-1.,0.));
#2882 = DIRECTION('',(1.,0.,0.));
#2883 = ADVANCED_FACE('',(#2884),#2903,.T.);
#2884 = FACE_BOUND('',#2885,.T.);
#2885 = EDGE_LOOP('',(#2886,#2887,#2895,#2902));
#2886 = ORIENTED_EDGE('',*,*,#2864,.F.);
#2887 = ORIENTED_EDGE('',*,*,#2888,.F.);
#2888 = EDGE_CURVE('',#2889,#2865,#2891,.T.);
#2889 = VERTEX_POINT('',#2890);
#2890 = CARTESIAN_POINT('',(0.365,-0.1875,-1.734723475977E-18));
#2891 = LINE('',#2892,#2893);
#2892 = CARTESIAN_POINT('',(0.365,-0.25,-1.734723475977E-18));
#2893 = VECTOR('',#2894,1.);
#2894 = DIRECTION('',(0.,1.,0.));
#2895 = ORIENTED_EDGE('',*,*,#2896,.T.);
#2896 = EDGE_CURVE('',#2889,#2183,#2897,.T.);
#2897 = CIRCLE('',#2898,1.5E-02);
#2898 = AXIS2_PLACEMENT_3D('',#2899,#2900,#2901);
#2899 = CARTESIAN_POINT('',(0.365,-0.1875,1.5E-02));
#2900 = DIRECTION('',(0.,1.,-0.));
#2901 = DIRECTION('',(-1.,0.,0.));
#2902 = ORIENTED_EDGE('',*,*,#2190,.T.);
#2903 = CYLINDRICAL_SURFACE('',#2904,1.5E-02);
#2904 = AXIS2_PLACEMENT_3D('',#2905,#2906,#2907);
#2905 = CARTESIAN_POINT('',(0.365,-0.25,1.5E-02));
#2906 = DIRECTION('',(0.,1.,0.));
#2907 = DIRECTION('',(-1.,0.,0.));
#2908 = ADVANCED_FACE('',(#2909),#2927,.F.);
#2909 = FACE_BOUND('',#2910,.F.);
#2910 = EDGE_LOOP('',(#2911,#2912,#2920,#2926));
#2911 = ORIENTED_EDGE('',*,*,#2182,.T.);
#2912 = ORIENTED_EDGE('',*,*,#2913,.T.);
#2913 = EDGE_CURVE('',#2175,#2914,#2916,.T.);
#2914 = VERTEX_POINT('',#2915);
#2915 = CARTESIAN_POINT('',(0.4625,-0.1875,0.));
#2916 = LINE('',#2917,#2918);
#2917 = CARTESIAN_POINT('',(0.4625,-0.1875,0.3));
#2918 = VECTOR('',#2919,1.);
#2919 = DIRECTION('',(-0.,-0.,-1.));
#2920 = ORIENTED_EDGE('',*,*,#2921,.T.);
#2921 = EDGE_CURVE('',#2914,#2889,#2922,.T.);
#2922 = LINE('',#2923,#2924);
#2923 = CARTESIAN_POINT('',(0.40625,-0.1875,0.));
#2924 = VECTOR('',#2925,1.);
#2925 = DIRECTION('',(-1.,0.,0.));
#2926 = ORIENTED_EDGE('',*,*,#2896,.T.);
#2927 = PLANE('',#2928);
#2928 = AXIS2_PLACEMENT_3D('',#2929,#2930,#2931);
#2929 = CARTESIAN_POINT('',(0.4625,-0.1875,0.3));
#2930 = DIRECTION('',(0.,1.,0.));
#2931 = DIRECTION('',(-1.,0.,0.));
#2932 = ADVANCED_FACE('',(#2933),#2944,.F.);
#2933 = FACE_BOUND('',#2934,.F.);
#2934 = EDGE_LOOP('',(#2935,#2936,#2937,#2938));
#2935 = ORIENTED_EDGE('',*,*,#2913,.F.);
#2936 = ORIENTED_EDGE('',*,*,#2174,.T.);
#2937 = ORIENTED_EDGE('',*,*,#2296,.T.);
#2938 = ORIENTED_EDGE('',*,*,#2939,.T.);
#2939 = EDGE_CURVE('',#2287,#2914,#2940,.T.);
#2940 = LINE('',#2941,#2942);
#2941 = CARTESIAN_POINT('',(0.4625,-0.28125,0.));
#2942 = VECTOR('',#2943,1.);
#2943 = DIRECTION('',(0.,1.,0.));
#2944 = PLANE('',#2945);
#2945 = AXIS2_PLACEMENT_3D('',#2946,#2947,#2948);
#2946 = CARTESIAN_POINT('',(0.4625,-0.3125,0.3));
#2947 = DIRECTION('',(1.,0.,0.));
#2948 = DIRECTION('',(-0.,1.,0.));
#2949 = ADVANCED_FACE('',(#2950),#2975,.T.);
#2950 = FACE_BOUND('',#2951,.T.);
#2951 = EDGE_LOOP('',(#2952,#2960,#2961,#2969));
#2952 = ORIENTED_EDGE('',*,*,#2953,.T.);
#2953 = EDGE_CURVE('',#2954,#2255,#2956,.T.);
#2954 = VERTEX_POINT('',#2955);
#2955 = CARTESIAN_POINT('',(0.173205080757,0.2,7.5E-03));
#2956 = LINE('',#2957,#2958);
#2957 = CARTESIAN_POINT('',(0.173205080757,0.2,7.5E-03));
#2958 = VECTOR('',#2959,1.);
#2959 = DIRECTION('',(0.,0.,1.));
#2960 = ORIENTED_EDGE('',*,*,#2254,.T.);
#2961 = ORIENTED_EDGE('',*,*,#2962,.F.);
#2962 = EDGE_CURVE('',#2963,#2257,#2965,.T.);
#2963 = VERTEX_POINT('',#2964);
#2964 = CARTESIAN_POINT('',(0.173205080757,-0.2,7.5E-03));
#2965 = LINE('',#2966,#2967);
#2966 = CARTESIAN_POINT('',(0.173205080757,-0.2,7.5E-03));
#2967 = VECTOR('',#2968,1.);
#2968 = DIRECTION('',(0.,0.,1.));
#2969 = ORIENTED_EDGE('',*,*,#2970,.F.);
#2970 = EDGE_CURVE('',#2954,#2963,#2971,.T.);
#2971 = LINE('',#2972,#2973);
#2972 = CARTESIAN_POINT('',(0.173205080757,0.2,7.5E-03));
#2973 = VECTOR('',#2974,1.);
#2974 = DIRECTION('',(0.,-1.,0.));
#2975 = PLANE('',#2976);
#2976 = AXIS2_PLACEMENT_3D('',#2977,#2978,#2979);
#2977 = CARTESIAN_POINT('',(0.173205080757,0.2,7.5E-03));
#2978 = DIRECTION('',(1.,0.,0.));
#2979 = DIRECTION('',(0.,-1.,0.));
#2980 = ADVANCED_FACE('',(#2981),#2999,.T.);
#2981 = FACE_BOUND('',#2982,.T.);
#2982 = EDGE_LOOP('',(#2983,#2991,#2992,#2993));
#2983 = ORIENTED_EDGE('',*,*,#2984,.T.);
#2984 = EDGE_CURVE('',#2985,#2265,#2987,.T.);
#2985 = VERTEX_POINT('',#2986);
#2986 = CARTESIAN_POINT('',(-0.173205080757,0.,7.5E-03));
#2987 = LINE('',#2988,#2989);
#2988 = CARTESIAN_POINT('',(-0.173205080757,0.,7.5E-03));
#2989 = VECTOR('',#2990,1.);
#2990 = DIRECTION('',(0.,0.,1.));
#2991 = ORIENTED_EDGE('',*,*,#2272,.T.);
#2992 = ORIENTED_EDGE('',*,*,#2953,.F.);
#2993 = ORIENTED_EDGE('',*,*,#2994,.F.);
#2994 = EDGE_CURVE('',#2985,#2954,#2995,.T.);
#2995 = LINE('',#2996,#2997);
#2996 = CARTESIAN_POINT('',(-0.173205080757,0.,7.5E-03));
#2997 = VECTOR('',#2998,1.);
#2998 = DIRECTION('',(0.866025403784,0.5,0.));
#2999 = PLANE('',#3000);
#3000 = AXIS2_PLACEMENT_3D('',#3001,#3002,#3003);
#3001 = CARTESIAN_POINT('',(-0.173205080757,0.,7.5E-03));
#3002 = DIRECTION('',(-0.5,0.866025403784,0.));
#3003 = DIRECTION('',(0.866025403784,0.5,0.));
#3004 = ADVANCED_FACE('',(#3005),#3016,.T.);
#3005 = FACE_BOUND('',#3006,.T.);
#3006 = EDGE_LOOP('',(#3007,#3008,#3009,#3010));
#3007 = ORIENTED_EDGE('',*,*,#2962,.T.);
#3008 = ORIENTED_EDGE('',*,*,#2264,.T.);
#3009 = ORIENTED_EDGE('',*,*,#2984,.F.);
#3010 = ORIENTED_EDGE('',*,*,#3011,.F.);
#3011 = EDGE_CURVE('',#2963,#2985,#3012,.T.);
#3012 = LINE('',#3013,#3014);
#3013 = CARTESIAN_POINT('',(0.173205080757,-0.2,7.5E-03));
#3014 = VECTOR('',#3015,1.);
#3015 = DIRECTION('',(-0.866025403784,0.5,0.));
#3016 = PLANE('',#3017);
#3017 = AXIS2_PLACEMENT_3D('',#3018,#3019,#3020);
#3018 = CARTESIAN_POINT('',(0.173205080757,-0.2,7.5E-03));
#3019 = DIRECTION('',(-0.5,-0.866025403784,0.));
#3020 = DIRECTION('',(-0.866025403784,0.5,0.));
#3021 = ADVANCED_FACE('',(#3022),#3044,.F.);
#3022 = FACE_BOUND('',#3023,.F.);
#3023 = EDGE_LOOP('',(#3024,#3032,#3033,#3034,#3035,#3036,#3037,#3038));
#3024 = ORIENTED_EDGE('',*,*,#3025,.F.);
#3025 = EDGE_CURVE('',#2841,#3026,#3028,.T.);
#3026 = VERTEX_POINT('',#3027);
#3027 = CARTESIAN_POINT('',(0.485,0.25,-1.734723475977E-18));
#3028 = LINE('',#3029,#3030);
#3029 = CARTESIAN_POINT('',(0.35,0.25,0.));
#3030 = VECTOR('',#3031,1.);
#3031 = DIRECTION('',(1.,0.,0.));
#3032 = ORIENTED_EDGE('',*,*,#2840,.F.);
#3033 = ORIENTED_EDGE('',*,*,#2873,.F.);
#3034 = ORIENTED_EDGE('',*,*,#2888,.F.);
#3035 = ORIENTED_EDGE('',*,*,#2921,.F.);
#3036 = ORIENTED_EDGE('',*,*,#2939,.F.);
#3037 = ORIENTED_EDGE('',*,*,#2286,.T.);
#3038 = ORIENTED_EDGE('',*,*,#3039,.T.);
#3039 = EDGE_CURVE('',#2289,#3026,#3040,.T.);
#3040 = LINE('',#3041,#3042);
#3041 = CARTESIAN_POINT('',(0.485,-0.25,-1.734723475977E-18));
#3042 = VECTOR('',#3043,1.);
#3043 = DIRECTION('',(0.,1.,0.));
#3044 = PLANE('',#3045);
#3045 = AXIS2_PLACEMENT_3D('',#3046,#3047,#3048);
#3046 = CARTESIAN_POINT('',(0.35,-0.25,0.));
#3047 = DIRECTION('',(0.,0.,1.));
#3048 = DIRECTION('',(1.,0.,-0.));
#3049 = ADVANCED_FACE('',(#3050),#3069,.T.);
#3050 = FACE_BOUND('',#3051,.T.);
#3051 = EDGE_LOOP('',(#3052,#3053,#3054,#3063));
#3052 = ORIENTED_EDGE('',*,*,#2338,.T.);
#3053 = ORIENTED_EDGE('',*,*,#3039,.T.);
#3054 = ORIENTED_EDGE('',*,*,#3055,.F.);
#3055 = EDGE_CURVE('',#3056,#3026,#3058,.T.);
#3056 = VERTEX_POINT('',#3057);
#3057 = CARTESIAN_POINT('',(0.5,0.25,1.5E-02));
#3058 = CIRCLE('',#3059,1.5E-02);
#3059 = AXIS2_PLACEMENT_3D('',#3060,#3061,#3062);
#3060 = CARTESIAN_POINT('',(0.485,0.25,1.5E-02));
#3061 = DIRECTION('',(0.,1.,0.));
#3062 = DIRECTION('',(0.,-0.,1.));
#3063 = ORIENTED_EDGE('',*,*,#3064,.F.);
#3064 = EDGE_CURVE('',#2331,#3056,#3065,.T.);
#3065 = LINE('',#3066,#3067);
#3066 = CARTESIAN_POINT('',(0.5,-0.25,1.5E-02));
#3067 = VECTOR('',#3068,1.);
#3068 = DIRECTION('',(0.,1.,0.));
#3069 = CYLINDRICAL_SURFACE('',#3070,1.5E-02);
#3070 = AXIS2_PLACEMENT_3D('',#3071,#3072,#3073);
#3071 = CARTESIAN_POINT('',(0.485,-0.25,1.5E-02));
#3072 = DIRECTION('',(0.,1.,0.));
#3073 = DIRECTION('',(1.,0.,0.));
#3074 = ADVANCED_FACE('',(#3075),#3093,.T.);
#3075 = FACE_BOUND('',#3076,.T.);
#3076 = EDGE_LOOP('',(#3077,#3078,#3079,#3087));
#3077 = ORIENTED_EDGE('',*,*,#2330,.F.);
#3078 = ORIENTED_EDGE('',*,*,#3064,.T.);
#3079 = ORIENTED_EDGE('',*,*,#3080,.T.);
#3080 = EDGE_CURVE('',#3056,#3081,#3083,.T.);
#3081 = VERTEX_POINT('',#3082);
#3082 = CARTESIAN_POINT('',(0.5,0.25,0.185));
#3083 = LINE('',#3084,#3085);
#3084 = CARTESIAN_POINT('',(0.5,0.25,0.));
#3085 = VECTOR('',#3086,1.);
#3086 = DIRECTION('',(0.,0.,1.));
#3087 = ORIENTED_EDGE('',*,*,#3088,.F.);
#3088 = EDGE_CURVE('',#2322,#3081,#3089,.T.);
#3089 = LINE('',#3090,#3091);
#3090 = CARTESIAN_POINT('',(0.5,-0.25,0.185));
#3091 = VECTOR('',#3092,1.);
#3092 = DIRECTION('',(0.,1.,0.));
#3093 = PLANE('',#3094);
#3094 = AXIS2_PLACEMENT_3D('',#3095,#3096,#3097);
#3095 = CARTESIAN_POINT('',(0.5,-0.25,0.));
#3096 = DIRECTION('',(1.,0.,0.));
#3097 = DIRECTION('',(0.,0.,1.));
#3098 = ADVANCED_FACE('',(#3099),#3118,.T.);
#3099 = FACE_BOUND('',#3100,.T.);
#3100 = EDGE_LOOP('',(#3101,#3102,#3111,#3117));
#3101 = ORIENTED_EDGE('',*,*,#3088,.T.);
#3102 = ORIENTED_EDGE('',*,*,#3103,.T.);
#3103 = EDGE_CURVE('',#3081,#3104,#3106,.T.);
#3104 = VERTEX_POINT('',#3105);
#3105 = CARTESIAN_POINT('',(0.485,0.25,0.2));
#3106 = CIRCLE('',#3107,1.5E-02);
#3107 = AXIS2_PLACEMENT_3D('',#3108,#3109,#3110);
#3108 = CARTESIAN_POINT('',(0.485,0.25,0.185));
#3109 = DIRECTION('',(0.,-1.,0.));
#3110 = DIRECTION('',(0.,0.,1.));
#3111 = ORIENTED_EDGE('',*,*,#3112,.F.);
#3112 = EDGE_CURVE('',#2314,#3104,#3113,.T.);
#3113 = LINE('',#3114,#3115);
#3114 = CARTESIAN_POINT('',(0.485,-0.25,0.2));
#3115 = VECTOR('',#3116,1.);
#3116 = DIRECTION('',(0.,1.,0.));
#3117 = ORIENTED_EDGE('',*,*,#2321,.F.);
#3118 = CYLINDRICAL_SURFACE('',#3119,1.5E-02);
#3119 = AXIS2_PLACEMENT_3D('',#3120,#3121,#3122);
#3120 = CARTESIAN_POINT('',(0.485,-0.25,0.185));
#3121 = DIRECTION('',(0.,1.,0.));
#3122 = DIRECTION('',(1.,0.,0.));
#3123 = ADVANCED_FACE('',(#3124),#3165,.T.);
#3124 = FACE_BOUND('',#3125,.T.);
#3125 = EDGE_LOOP('',(#3126,#3134,#3142,#3148,#3149,#3157,#3163,#3164));
#3126 = ORIENTED_EDGE('',*,*,#3127,.F.);
#3127 = EDGE_CURVE('',#3128,#3104,#3130,.T.);
#3128 = VERTEX_POINT('',#3129);
#3129 = CARTESIAN_POINT('',(0.4625,0.25,0.2));
#3130 = LINE('',#3131,#3132);
#3131 = CARTESIAN_POINT('',(0.35,0.25,0.2));
#3132 = VECTOR('',#3133,1.);
#3133 = DIRECTION('',(1.,0.,0.));
#3134 = ORIENTED_EDGE('',*,*,#3135,.F.);
#3135 = EDGE_CURVE('',#3136,#3128,#3138,.T.);
#3136 = VERTEX_POINT('',#3137);
#3137 = CARTESIAN_POINT('',(0.4625,0.1875,0.2));
#3138 = LINE('',#3139,#3140);
#3139 = CARTESIAN_POINT('',(0.4625,-3.125E-02,0.2));
#3140 = VECTOR('',#3141,1.);
#3141 = DIRECTION('',(0.,1.,0.));
#3142 = ORIENTED_EDGE('',*,*,#3143,.F.);
#3143 = EDGE_CURVE('',#2419,#3136,#3144,.T.);
#3144 = LINE('',#3145,#3146);
#3145 = CARTESIAN_POINT('',(-5.625E-02,0.1875,0.2));
#3146 = VECTOR('',#3147,1.);
#3147 = DIRECTION('',(1.,0.,0.));
#3148 = ORIENTED_EDGE('',*,*,#2418,.F.);
#3149 = ORIENTED_EDGE('',*,*,#3150,.F.);
#3150 = EDGE_CURVE('',#3151,#2410,#3153,.T.);
#3151 = VERTEX_POINT('',#3152);
#3152 = CARTESIAN_POINT('',(0.4625,-0.1875,0.2));
#3153 = LINE('',#3154,#3155);
#3154 = CARTESIAN_POINT('',(0.40625,-0.1875,0.2));
#3155 = VECTOR('',#3156,1.);
#3156 = DIRECTION('',(-1.,0.,0.));
#3157 = ORIENTED_EDGE('',*,*,#3158,.F.);
#3158 = EDGE_CURVE('',#2306,#3151,#3159,.T.);
#3159 = LINE('',#3160,#3161);
#3160 = CARTESIAN_POINT('',(0.4625,-0.28125,0.2));
#3161 = VECTOR('',#3162,1.);
#3162 = DIRECTION('',(0.,1.,0.));
#3163 = ORIENTED_EDGE('',*,*,#2313,.T.);
#3164 = ORIENTED_EDGE('',*,*,#3112,.T.);
#3165 = PLANE('',#3166);
#3166 = AXIS2_PLACEMENT_3D('',#3167,#3168,#3169);
#3167 = CARTESIAN_POINT('',(0.35,-0.25,0.2));
#3168 = DIRECTION('',(0.,0.,1.));
#3169 = DIRECTION('',(1.,0.,-0.));
#3170 = ADVANCED_FACE('',(#3171),#3182,.F.);
#3171 = FACE_BOUND('',#3172,.F.);
#3172 = EDGE_LOOP('',(#3173,#3179,#3180,#3181));
#3173 = ORIENTED_EDGE('',*,*,#3174,.F.);
#3174 = EDGE_CURVE('',#3151,#2354,#3175,.T.);
#3175 = LINE('',#3176,#3177);
#3176 = CARTESIAN_POINT('',(0.4625,-0.1875,0.3));
#3177 = VECTOR('',#3178,1.);
#3178 = DIRECTION('',(-0.,-0.,-1.));
#3179 = ORIENTED_EDGE('',*,*,#3158,.F.);
#3180 = ORIENTED_EDGE('',*,*,#2305,.T.);
#3181 = ORIENTED_EDGE('',*,*,#2363,.F.);
#3182 = PLANE('',#3183);
#3183 = AXIS2_PLACEMENT_3D('',#3184,#3185,#3186);
#3184 = CARTESIAN_POINT('',(0.4625,-0.3125,0.3));
#3185 = DIRECTION('',(1.,0.,0.));
#3186 = DIRECTION('',(-0.,1.,0.));
#3187 = ADVANCED_FACE('',(#3188),#3194,.F.);
#3188 = FACE_BOUND('',#3189,.F.);
#3189 = EDGE_LOOP('',(#3190,#3191,#3192,#3193));
#3190 = ORIENTED_EDGE('',*,*,#3150,.F.);
#3191 = ORIENTED_EDGE('',*,*,#3174,.T.);
#3192 = ORIENTED_EDGE('',*,*,#2353,.F.);
#3193 = ORIENTED_EDGE('',*,*,#2409,.T.);
#3194 = PLANE('',#3195);
#3195 = AXIS2_PLACEMENT_3D('',#3196,#3197,#3198);
#3196 = CARTESIAN_POINT('',(0.4625,-0.1875,0.3));
#3197 = DIRECTION('',(0.,1.,0.));
#3198 = DIRECTION('',(-1.,0.,0.));
#3199 = ADVANCED_FACE('',(#3200),#3216,.F.);
#3200 = FACE_BOUND('',#3201,.F.);
#3201 = EDGE_LOOP('',(#3202,#3203,#3209,#3210));
#3202 = ORIENTED_EDGE('',*,*,#3135,.F.);
#3203 = ORIENTED_EDGE('',*,*,#3204,.T.);
#3204 = EDGE_CURVE('',#3136,#2387,#3205,.T.);
#3205 = LINE('',#3206,#3207);
#3206 = CARTESIAN_POINT('',(0.4625,0.1875,0.3));
#3207 = VECTOR('',#3208,1.);
#3208 = DIRECTION('',(-0.,-0.,-1.));
#3209 = ORIENTED_EDGE('',*,*,#2394,.F.);
#3210 = ORIENTED_EDGE('',*,*,#3211,.F.);
#3211 = EDGE_CURVE('',#3128,#2378,#3212,.T.);
#3212 = LINE('',#3213,#3214);
#3213 = CARTESIAN_POINT('',(0.4625,0.25,0.15));
#3214 = VECTOR('',#3215,1.);
#3215 = DIRECTION('',(0.,0.,-1.));
#3216 = PLANE('',#3217);
#3217 = AXIS2_PLACEMENT_3D('',#3218,#3219,#3220);
#3218 = CARTESIAN_POINT('',(0.4625,0.1875,0.3));
#3219 = DIRECTION('',(1.,0.,0.));
#3220 = DIRECTION('',(-0.,1.,0.));
#3221 = ADVANCED_FACE('',(#3222),#3228,.F.);
#3222 = FACE_BOUND('',#3223,.F.);
#3223 = EDGE_LOOP('',(#3224,#3225,#3226,#3227));
#3224 = ORIENTED_EDGE('',*,*,#3204,.F.);
#3225 = ORIENTED_EDGE('',*,*,#3143,.F.);
#3226 = ORIENTED_EDGE('',*,*,#2426,.F.);
#3227 = ORIENTED_EDGE('',*,*,#2386,.F.);
#3228 = PLANE('',#3229);
#3229 = AXIS2_PLACEMENT_3D('',#3230,#3231,#3232);
#3230 = CARTESIAN_POINT('',(-0.4625,0.1875,0.3));
#3231 = DIRECTION('',(0.,-1.,0.));
#3232 = DIRECTION('',(1.,0.,0.));
#3233 = ADVANCED_FACE('',(#3234),#3246,.T.);
#3234 = FACE_BOUND('',#3235,.T.);
#3235 = EDGE_LOOP('',(#3236,#3237,#3238,#3239,#3240,#3241,#3242,#3243,
    #3244,#3245));
#3236 = ORIENTED_EDGE('',*,*,#2614,.F.);
#3237 = ORIENTED_EDGE('',*,*,#2685,.F.);
#3238 = ORIENTED_EDGE('',*,*,#2721,.T.);
#3239 = ORIENTED_EDGE('',*,*,#2745,.T.);
#3240 = ORIENTED_EDGE('',*,*,#2569,.T.);
#3241 = ORIENTED_EDGE('',*,*,#2530,.F.);
#3242 = ORIENTED_EDGE('',*,*,#2457,.F.);
#3243 = ORIENTED_EDGE('',*,*,#2449,.F.);
#3244 = ORIENTED_EDGE('',*,*,#2441,.T.);
#3245 = ORIENTED_EDGE('',*,*,#2816,.F.);
#3246 = PLANE('',#3247);
#3247 = AXIS2_PLACEMENT_3D('',#3248,#3249,#3250);
#3248 = CARTESIAN_POINT('',(-0.5,0.25,0.));
#3249 = DIRECTION('',(0.,1.,0.));
#3250 = DIRECTION('',(0.,-0.,1.));
#3251 = ADVANCED_FACE('',(#3252),#3264,.T.);
#3252 = FACE_BOUND('',#3253,.T.);
#3253 = EDGE_LOOP('',(#3254,#3255,#3256,#3257,#3258,#3259,#3260,#3261,
    #3262,#3263));
#3254 = ORIENTED_EDGE('',*,*,#3025,.F.);
#3255 = ORIENTED_EDGE('',*,*,#2848,.F.);
#3256 = ORIENTED_EDGE('',*,*,#2482,.T.);
#3257 = ORIENTED_EDGE('',*,*,#2474,.T.);
#3258 = ORIENTED_EDGE('',*,*,#2466,.F.);
#3259 = ORIENTED_EDGE('',*,*,#3211,.F.);
#3260 = ORIENTED_EDGE('',*,*,#3127,.T.);
#3261 = ORIENTED_EDGE('',*,*,#3103,.F.);
#3262 = ORIENTED_EDGE('',*,*,#3080,.F.);
#3263 = ORIENTED_EDGE('',*,*,#3055,.T.);
#3264 = PLANE('',#3265);
#3265 = AXIS2_PLACEMENT_3D('',#3266,#3267,#3268);
#3266 = CARTESIAN_POINT('',(0.35,0.25,0.));
#3267 = DIRECTION('',(0.,1.,0.));
#3268 = DIRECTION('',(0.,-0.,1.));
#3269 = ADVANCED_FACE('',(#3270),#3275,.T.);
#3270 = FACE_BOUND('',#3271,.T.);
#3271 = EDGE_LOOP('',(#3272,#3273,#3274));
#3272 = ORIENTED_EDGE('',*,*,#2994,.T.);
#3273 = ORIENTED_EDGE('',*,*,#2970,.T.);
#3274 = ORIENTED_EDGE('',*,*,#3011,.T.);
#3275 = PLANE('',#3276);
#3276 = AXIS2_PLACEMENT_3D('',#3277,#3278,#3279);
#3277 = CARTESIAN_POINT('',(5.773502691896E-02,0.,7.5E-03));
#3278 = DIRECTION('',(-0.,-0.,-1.));
#3279 = DIRECTION('',(-1.,0.,0.));
#3280 = ( GEOMETRIC_REPRESENTATION_CONTEXT(3) 
GLOBAL_UNCERTAINTY_ASSIGNED_CONTEXT((#3284)) 
GLOBAL_UNIT_ASSIGNED_CONTEXT((#3281,#3282,#3283)) REPRESENTATION_CONTEXT
('Context #1','3D Context with UNIT and UNCERTAINTY') );
#3281 = ( LENGTH_UNIT() NAMED_UNIT(*) SI_UNIT(.MILLI.,.METRE.) );
#3282 = ( NAMED_UNIT(*) PLANE_ANGLE_UNIT() SI_UNIT($,.RADIAN.) );
#3283 = ( NAMED_UNIT(*) SI_UNIT($,.STERADIAN.) SOLID_ANGLE_UNIT() );
#3284 = UNCERTAINTY_MEASURE_WITH_UNIT(LENGTH_MEASURE(1.E-07),#3281,
  'distance_accuracy_value','confusion accuracy');
#3285 = CONTEXT_DEPENDENT_SHAPE_REPRESENTATION(#3286,#3288);
#3286 = ( REPRESENTATION_RELATIONSHIP('','',#1756,#1733) 
REPRESENTATION_RELATIONSHIP_WITH_TRANSFORMATION(#3287) 
SHAPE_REPRESENTATION_RELATIONSHIP() );
#3287 = ITEM_DEFINED_TRANSFORMATION('','',#11,#1734);
#3288 = PRODUCT_DEFINITION_SHAPE('Placement','Placement of an item',
  #3289);
#3289 = NEXT_ASSEMBLY_USAGE_OCCURRENCE('6','=>[0:1:1:7]','',#1728,#1751,
  $);
#3290 = PRODUCT_RELATED_PRODUCT_CATEGORY('part',$,(#1753));
#3291 = SHAPE_DEFINITION_REPRESENTATION(#3292,#3298);
#3292 = PRODUCT_DEFINITION_SHAPE('','',#3293);
#3293 = PRODUCT_DEFINITION('design','',#3294,#3297);
#3294 = PRODUCT_DEFINITION_FORMATION('','',#3295);
#3295 = PRODUCT('C_1206_3216Metric','C_1206_3216Metric','',(#3296));
#3296 = PRODUCT_CONTEXT('',#2,'mechanical');
#3297 = PRODUCT_DEFINITION_CONTEXT('part definition',#2,'design');
#3298 = SHAPE_REPRESENTATION('',(#11,#3299),#3303);
#3299 = AXIS2_PLACEMENT_3D('',#3300,#3301,#3302);
#3300 = CARTESIAN_POINT('',(0.,0.,0.));
#3301 = DIRECTION('',(0.,0.,1.));
#3302 = DIRECTION('',(1.,0.,-0.));
#3303 = ( GEOMETRIC_REPRESENTATION_CONTEXT(3) 
GLOBAL_UNCERTAINTY_ASSIGNED_CONTEXT((#3307)) 
GLOBAL_UNIT_ASSIGNED_CONTEXT((#3304,#3305,#3306)) REPRESENTATION_CONTEXT
('Context #1','3D Context with UNIT and UNCERTAINTY') );
#3304 = ( LENGTH_UNIT() NAMED_UNIT(*) SI_UNIT(.MILLI.,.METRE.) );
#3305 = ( NAMED_UNIT(*) PLANE_ANGLE_UNIT() SI_UNIT($,.RADIAN.) );
#3306 = ( NAMED_UNIT(*) SI_UNIT($,.STERADIAN.) SOLID_ANGLE_UNIT() );
#3307 = UNCERTAINTY_MEASURE_WITH_UNIT(LENGTH_MEASURE(1.E-07),#3304,
  'distance_accuracy_value','confusion accuracy');
#3308 = CONTEXT_DEPENDENT_SHAPE_REPRESENTATION(#3309,#3311);
#3309 = ( REPRESENTATION_RELATIONSHIP('','',#3298,#10) 
REPRESENTATION_RELATIONSHIP_WITH_TRANSFORMATION(#3310) 
SHAPE_REPRESENTATION_RELATIONSHIP() );
#3310 = ITEM_DEFINED_TRANSFORMATION('','',#11,#31);
#3311 = PRODUCT_DEFINITION_SHAPE('Placement','Placement of an item',
  #3312);
#3312 = NEXT_ASSEMBLY_USAGE_OCCURRENCE('9','C4','',#5,#3293,$);
#3313 = PRODUCT_RELATED_PRODUCT_CATEGORY('part',$,(#3295));
#3314 = SHAPE_DEFINITION_REPRESENTATION(#3315,#3321);
#3315 = PRODUCT_DEFINITION_SHAPE('','',#3316);
#3316 = PRODUCT_DEFINITION('design','',#3317,#3320);
#3317 = PRODUCT_DEFINITION_FORMATION('','',#3318);
#3318 = PRODUCT('C_1206_3216Metric','C_1206_3216Metric','',(#3319));
#3319 = PRODUCT_CONTEXT('',#2,'mechanical');
#3320 = PRODUCT_DEFINITION_CONTEXT('part definition',#2,'design');
#3321 = ADVANCED_BREP_SHAPE_REPRESENTATION('',(#11,#3322),#4176);
#3322 = MANIFOLD_SOLID_BREP('',#3323);
#3323 = CLOSED_SHELL('',(#3324,#3400,#3431,#3456,#3481,#3505,#3529,#3554
    ,#3579,#3596,#3682,#3714,#3738,#3763,#3787,#3812,#3836,#3861,#3878,
    #3964,#3995,#4020,#4045,#4069,#4093,#4118,#4143,#4160));
#3324 = ADVANCED_FACE('',(#3325),#3395,.F.);
#3325 = FACE_BOUND('',#3326,.F.);
#3326 = EDGE_LOOP('',(#3327,#3337,#3346,#3354,#3363,#3371,#3380,#3388));
#3327 = ORIENTED_EDGE('',*,*,#3328,.F.);
#3328 = EDGE_CURVE('',#3329,#3331,#3333,.T.);
#3329 = VERTEX_POINT('',#3330);
#3330 = CARTESIAN_POINT('',(-1.6,-0.8,4.E-02));
#3331 = VERTEX_POINT('',#3332);
#3332 = CARTESIAN_POINT('',(-1.6,-0.8,1.56));
#3333 = LINE('',#3334,#3335);
#3334 = CARTESIAN_POINT('',(-1.6,-0.8,0.));
#3335 = VECTOR('',#3336,1.);
#3336 = DIRECTION('',(0.,0.,1.));
#3337 = ORIENTED_EDGE('',*,*,#3338,.T.);
#3338 = EDGE_CURVE('',#3329,#3339,#3341,.T.);
#3339 = VERTEX_POINT('',#3340);
#3340 = CARTESIAN_POINT('',(-1.6,-0.76,0.));
#3341 = CIRCLE('',#3342,4.E-02);
#3342 = AXIS2_PLACEMENT_3D('',#3343,#3344,#3345);
#3343 = CARTESIAN_POINT('',(-1.6,-0.76,4.E-02));
#3344 = DIRECTION('',(1.,0.,-0.));
#3345 = DIRECTION('',(0.,0.,1.));
#3346 = ORIENTED_EDGE('',*,*,#3347,.T.);
#3347 = EDGE_CURVE('',#3339,#3348,#3350,.T.);
#3348 = VERTEX_POINT('',#3349);
#3349 = CARTESIAN_POINT('',(-1.6,0.76,0.));
#3350 = LINE('',#3351,#3352);
#3351 = CARTESIAN_POINT('',(-1.6,-0.8,0.));
#3352 = VECTOR('',#3353,1.);
#3353 = DIRECTION('',(0.,1.,0.));
#3354 = ORIENTED_EDGE('',*,*,#3355,.F.);
#3355 = EDGE_CURVE('',#3356,#3348,#3358,.T.);
#3356 = VERTEX_POINT('',#3357);
#3357 = CARTESIAN_POINT('',(-1.6,0.8,4.E-02));
#3358 = CIRCLE('',#3359,4.E-02);
#3359 = AXIS2_PLACEMENT_3D('',#3360,#3361,#3362);
#3360 = CARTESIAN_POINT('',(-1.6,0.76,4.E-02));
#3361 = DIRECTION('',(-1.,0.,0.));
#3362 = DIRECTION('',(0.,0.,1.));
#3363 = ORIENTED_EDGE('',*,*,#3364,.T.);
#3364 = EDGE_CURVE('',#3356,#3365,#3367,.T.);
#3365 = VERTEX_POINT('',#3366);
#3366 = CARTESIAN_POINT('',(-1.6,0.8,1.56));
#3367 = LINE('',#3368,#3369);
#3368 = CARTESIAN_POINT('',(-1.6,0.8,0.));
#3369 = VECTOR('',#3370,1.);
#3370 = DIRECTION('',(0.,0.,1.));
#3371 = ORIENTED_EDGE('',*,*,#3372,.T.);
#3372 = EDGE_CURVE('',#3365,#3373,#3375,.T.);
#3373 = VERTEX_POINT('',#3374);
#3374 = CARTESIAN_POINT('',(-1.6,0.76,1.6));
#3375 = CIRCLE('',#3376,4.E-02);
#3376 = AXIS2_PLACEMENT_3D('',#3377,#3378,#3379);
#3377 = CARTESIAN_POINT('',(-1.6,0.76,1.56));
#3378 = DIRECTION('',(1.,0.,-0.));
#3379 = DIRECTION('',(0.,0.,1.));
#3380 = ORIENTED_EDGE('',*,*,#3381,.F.);
#3381 = EDGE_CURVE('',#3382,#3373,#3384,.T.);
#3382 = VERTEX_POINT('',#3383);
#3383 = CARTESIAN_POINT('',(-1.6,-0.76,1.6));
#3384 = LINE('',#3385,#3386);
#3385 = CARTESIAN_POINT('',(-1.6,-0.8,1.6));
#3386 = VECTOR('',#3387,1.);
#3387 = DIRECTION('',(0.,1.,0.));
#3388 = ORIENTED_EDGE('',*,*,#3389,.F.);
#3389 = EDGE_CURVE('',#3331,#3382,#3390,.T.);
#3390 = CIRCLE('',#3391,4.E-02);
#3391 = AXIS2_PLACEMENT_3D('',#3392,#3393,#3394);
#3392 = CARTESIAN_POINT('',(-1.6,-0.76,1.56));
#3393 = DIRECTION('',(-1.,0.,0.));
#3394 = DIRECTION('',(0.,0.,1.));
#3395 = PLANE('',#3396);
#3396 = AXIS2_PLACEMENT_3D('',#3397,#3398,#3399);
#3397 = CARTESIAN_POINT('',(-1.6,-0.8,0.));
#3398 = DIRECTION('',(1.,0.,0.));
#3399 = DIRECTION('',(0.,0.,1.));
#3400 = ADVANCED_FACE('',(#3401),#3426,.F.);
#3401 = FACE_BOUND('',#3402,.F.);
#3402 = EDGE_LOOP('',(#3403,#3413,#3419,#3420));
#3403 = ORIENTED_EDGE('',*,*,#3404,.F.);
#3404 = EDGE_CURVE('',#3405,#3407,#3409,.T.);
#3405 = VERTEX_POINT('',#3406);
#3406 = CARTESIAN_POINT('',(-1.2,-0.8,4.E-02));
#3407 = VERTEX_POINT('',#3408);
#3408 = CARTESIAN_POINT('',(-1.2,-0.8,1.56));
#3409 = LINE('',#3410,#3411);
#3410 = CARTESIAN_POINT('',(-1.2,-0.8,0.));
#3411 = VECTOR('',#3412,1.);
#3412 = DIRECTION('',(0.,0.,1.));
#3413 = ORIENTED_EDGE('',*,*,#3414,.F.);
#3414 = EDGE_CURVE('',#3329,#3405,#3415,.T.);
#3415 = LINE('',#3416,#3417);
#3416 = CARTESIAN_POINT('',(-1.6,-0.8,4.E-02));
#3417 = VECTOR('',#3418,1.);
#3418 = DIRECTION('',(1.,0.,0.));
#3419 = ORIENTED_EDGE('',*,*,#3328,.T.);
#3420 = ORIENTED_EDGE('',*,*,#3421,.T.);
#3421 = EDGE_CURVE('',#3331,#3407,#3422,.T.);
#3422 = LINE('',#3423,#3424);
#3423 = CARTESIAN_POINT('',(-1.6,-0.8,1.56));
#3424 = VECTOR('',#3425,1.);
#3425 = DIRECTION('',(1.,0.,0.));
#3426 = PLANE('',#3427);
#3427 = AXIS2_PLACEMENT_3D('',#3428,#3429,#3430);
#3428 = CARTESIAN_POINT('',(-1.6,-0.8,0.));
#3429 = DIRECTION('',(0.,1.,0.));
#3430 = DIRECTION('',(0.,-0.,1.));
#3431 = ADVANCED_FACE('',(#3432),#3451,.T.);
#3432 = FACE_BOUND('',#3433,.T.);
#3433 = EDGE_LOOP('',(#3434,#3435,#3443,#3450));
#3434 = ORIENTED_EDGE('',*,*,#3338,.T.);
#3435 = ORIENTED_EDGE('',*,*,#3436,.T.);
#3436 = EDGE_CURVE('',#3339,#3437,#3439,.T.);
#3437 = VERTEX_POINT('',#3438);
#3438 = CARTESIAN_POINT('',(-1.2,-0.76,0.));
#3439 = LINE('',#3440,#3441);
#3440 = CARTESIAN_POINT('',(-1.6,-0.76,0.));
#3441 = VECTOR('',#3442,1.);
#3442 = DIRECTION('',(1.,0.,0.));
#3443 = ORIENTED_EDGE('',*,*,#3444,.F.);
#3444 = EDGE_CURVE('',#3405,#3437,#3445,.T.);
#3445 = CIRCLE('',#3446,4.E-02);
#3446 = AXIS2_PLACEMENT_3D('',#3447,#3448,#3449);
#3447 = CARTESIAN_POINT('',(-1.2,-0.76,4.E-02));
#3448 = DIRECTION('',(1.,0.,-0.));
#3449 = DIRECTION('',(0.,0.,1.));
#3450 = ORIENTED_EDGE('',*,*,#3414,.F.);
#3451 = CYLINDRICAL_SURFACE('',#3452,4.E-02);
#3452 = AXIS2_PLACEMENT_3D('',#3453,#3454,#3455);
#3453 = CARTESIAN_POINT('',(-1.6,-0.76,4.E-02));
#3454 = DIRECTION('',(1.,0.,0.));
#3455 = DIRECTION('',(0.,-1.,0.));
#3456 = ADVANCED_FACE('',(#3457),#3476,.T.);
#3457 = FACE_BOUND('',#3458,.T.);
#3458 = EDGE_LOOP('',(#3459,#3460,#3469,#3475));
#3459 = ORIENTED_EDGE('',*,*,#3421,.T.);
#3460 = ORIENTED_EDGE('',*,*,#3461,.T.);
#3461 = EDGE_CURVE('',#3407,#3462,#3464,.T.);
#3462 = VERTEX_POINT('',#3463);
#3463 = CARTESIAN_POINT('',(-1.2,-0.76,1.6));
#3464 = CIRCLE('',#3465,4.E-02);
#3465 = AXIS2_PLACEMENT_3D('',#3466,#3467,#3468);
#3466 = CARTESIAN_POINT('',(-1.2,-0.76,1.56));
#3467 = DIRECTION('',(-1.,0.,0.));
#3468 = DIRECTION('',(0.,0.,1.));
#3469 = ORIENTED_EDGE('',*,*,#3470,.F.);
#3470 = EDGE_CURVE('',#3382,#3462,#3471,.T.);
#3471 = LINE('',#3472,#3473);
#3472 = CARTESIAN_POINT('',(-1.6,-0.76,1.6));
#3473 = VECTOR('',#3474,1.);
#3474 = DIRECTION('',(1.,0.,0.));
#3475 = ORIENTED_EDGE('',*,*,#3389,.F.);
#3476 = CYLINDRICAL_SURFACE('',#3477,4.E-02);
#3477 = AXIS2_PLACEMENT_3D('',#3478,#3479,#3480);
#3478 = CARTESIAN_POINT('',(-1.6,-0.76,1.56));
#3479 = DIRECTION('',(1.,0.,0.));
#3480 = DIRECTION('',(0.,-1.,0.));
#3481 = ADVANCED_FACE('',(#3482),#3500,.F.);
#3482 = FACE_BOUND('',#3483,.F.);
#3483 = EDGE_LOOP('',(#3484,#3485,#3486,#3494));
#3484 = ORIENTED_EDGE('',*,*,#3347,.F.);
#3485 = ORIENTED_EDGE('',*,*,#3436,.T.);
#3486 = ORIENTED_EDGE('',*,*,#3487,.T.);
#3487 = EDGE_CURVE('',#3437,#3488,#3490,.T.);
#3488 = VERTEX_POINT('',#3489);
#3489 = CARTESIAN_POINT('',(-1.2,0.76,0.));
#3490 = LINE('',#3491,#3492);
#3491 = CARTESIAN_POINT('',(-1.2,-0.8,0.));
#3492 = VECTOR('',#3493,1.);
#3493 = DIRECTION('',(0.,1.,0.));
#3494 = ORIENTED_EDGE('',*,*,#3495,.F.);
#3495 = EDGE_CURVE('',#3348,#3488,#3496,.T.);
#3496 = LINE('',#3497,#3498);
#3497 = CARTESIAN_POINT('',(-1.6,0.76,0.));
#3498 = VECTOR('',#3499,1.);
#3499 = DIRECTION('',(1.,0.,0.));
#3500 = PLANE('',#3501);
#3501 = AXIS2_PLACEMENT_3D('',#3502,#3503,#3504);
#3502 = CARTESIAN_POINT('',(-1.6,-0.8,0.));
#3503 = DIRECTION('',(0.,0.,1.));
#3504 = DIRECTION('',(1.,0.,-0.));
#3505 = ADVANCED_FACE('',(#3506),#3524,.T.);
#3506 = FACE_BOUND('',#3507,.T.);
#3507 = EDGE_LOOP('',(#3508,#3509,#3510,#3518));
#3508 = ORIENTED_EDGE('',*,*,#3381,.F.);
#3509 = ORIENTED_EDGE('',*,*,#3470,.T.);
#3510 = ORIENTED_EDGE('',*,*,#3511,.T.);
#3511 = EDGE_CURVE('',#3462,#3512,#3514,.T.);
#3512 = VERTEX_POINT('',#3513);
#3513 = CARTESIAN_POINT('',(-1.2,0.76,1.6));
#3514 = LINE('',#3515,#3516);
#3515 = CARTESIAN_POINT('',(-1.2,-0.8,1.6));
#3516 = VECTOR('',#3517,1.);
#3517 = DIRECTION('',(0.,1.,0.));
#3518 = ORIENTED_EDGE('',*,*,#3519,.F.);
#3519 = EDGE_CURVE('',#3373,#3512,#3520,.T.);
#3520 = LINE('',#3521,#3522);
#3521 = CARTESIAN_POINT('',(-1.6,0.76,1.6));
#3522 = VECTOR('',#3523,1.);
#3523 = DIRECTION('',(1.,0.,0.));
#3524 = PLANE('',#3525);
#3525 = AXIS2_PLACEMENT_3D('',#3526,#3527,#3528);
#3526 = CARTESIAN_POINT('',(-1.6,-0.8,1.6));
#3527 = DIRECTION('',(0.,0.,1.));
#3528 = DIRECTION('',(1.,0.,-0.));
#3529 = ADVANCED_FACE('',(#3530),#3549,.T.);
#3530 = FACE_BOUND('',#3531,.T.);
#3531 = EDGE_LOOP('',(#3532,#3540,#3547,#3548));
#3532 = ORIENTED_EDGE('',*,*,#3533,.T.);
#3533 = EDGE_CURVE('',#3356,#3534,#3536,.T.);
#3534 = VERTEX_POINT('',#3535);
#3535 = CARTESIAN_POINT('',(-1.2,0.8,4.E-02));
#3536 = LINE('',#3537,#3538);
#3537 = CARTESIAN_POINT('',(-1.6,0.8,4.E-02));
#3538 = VECTOR('',#3539,1.);
#3539 = DIRECTION('',(1.,0.,0.));
#3540 = ORIENTED_EDGE('',*,*,#3541,.T.);
#3541 = EDGE_CURVE('',#3534,#3488,#3542,.T.);
#3542 = CIRCLE('',#3543,4.E-02);
#3543 = AXIS2_PLACEMENT_3D('',#3544,#3545,#3546);
#3544 = CARTESIAN_POINT('',(-1.2,0.76,4.E-02));
#3545 = DIRECTION('',(-1.,0.,0.));
#3546 = DIRECTION('',(0.,0.,1.));
#3547 = ORIENTED_EDGE('',*,*,#3495,.F.);
#3548 = ORIENTED_EDGE('',*,*,#3355,.F.);
#3549 = CYLINDRICAL_SURFACE('',#3550,4.E-02);
#3550 = AXIS2_PLACEMENT_3D('',#3551,#3552,#3553);
#3551 = CARTESIAN_POINT('',(-1.6,0.76,4.E-02));
#3552 = DIRECTION('',(1.,0.,0.));
#3553 = DIRECTION('',(-0.,1.,0.));
#3554 = ADVANCED_FACE('',(#3555),#3574,.T.);
#3555 = FACE_BOUND('',#3556,.T.);
#3556 = EDGE_LOOP('',(#3557,#3558,#3559,#3568));
#3557 = ORIENTED_EDGE('',*,*,#3372,.T.);
#3558 = ORIENTED_EDGE('',*,*,#3519,.T.);
#3559 = ORIENTED_EDGE('',*,*,#3560,.F.);
#3560 = EDGE_CURVE('',#3561,#3512,#3563,.T.);
#3561 = VERTEX_POINT('',#3562);
#3562 = CARTESIAN_POINT('',(-1.2,0.8,1.56));
#3563 = CIRCLE('',#3564,4.E-02);
#3564 = AXIS2_PLACEMENT_3D('',#3565,#3566,#3567);
#3565 = CARTESIAN_POINT('',(-1.2,0.76,1.56));
#3566 = DIRECTION('',(1.,0.,-0.));
#3567 = DIRECTION('',(0.,0.,1.));
#3568 = ORIENTED_EDGE('',*,*,#3569,.F.);
#3569 = EDGE_CURVE('',#3365,#3561,#3570,.T.);
#3570 = LINE('',#3571,#3572);
#3571 = CARTESIAN_POINT('',(-1.6,0.8,1.56));
#3572 = VECTOR('',#3573,1.);
#3573 = DIRECTION('',(1.,0.,0.));
#3574 = CYLINDRICAL_SURFACE('',#3575,4.E-02);
#3575 = AXIS2_PLACEMENT_3D('',#3576,#3577,#3578);
#3576 = CARTESIAN_POINT('',(-1.6,0.76,1.56));
#3577 = DIRECTION('',(1.,0.,0.));
#3578 = DIRECTION('',(-0.,1.,0.));
#3579 = ADVANCED_FACE('',(#3580),#3591,.T.);
#3580 = FACE_BOUND('',#3581,.T.);
#3581 = EDGE_LOOP('',(#3582,#3588,#3589,#3590));
#3582 = ORIENTED_EDGE('',*,*,#3583,.F.);
#3583 = EDGE_CURVE('',#3534,#3561,#3584,.T.);
#3584 = LINE('',#3585,#3586);
#3585 = CARTESIAN_POINT('',(-1.2,0.8,0.));
#3586 = VECTOR('',#3587,1.);
#3587 = DIRECTION('',(0.,0.,1.));
#3588 = ORIENTED_EDGE('',*,*,#3533,.F.);
#3589 = ORIENTED_EDGE('',*,*,#3364,.T.);
#3590 = ORIENTED_EDGE('',*,*,#3569,.T.);
#3591 = PLANE('',#3592);
#3592 = AXIS2_PLACEMENT_3D('',#3593,#3594,#3595);
#3593 = CARTESIAN_POINT('',(-1.6,0.8,0.));
#3594 = DIRECTION('',(0.,1.,0.));
#3595 = DIRECTION('',(0.,-0.,1.));
#3596 = ADVANCED_FACE('',(#3597,#3607),#3677,.T.);
#3597 = FACE_BOUND('',#3598,.T.);
#3598 = EDGE_LOOP('',(#3599,#3600,#3601,#3602,#3603,#3604,#3605,#3606));
#3599 = ORIENTED_EDGE('',*,*,#3404,.F.);
#3600 = ORIENTED_EDGE('',*,*,#3444,.T.);
#3601 = ORIENTED_EDGE('',*,*,#3487,.T.);
#3602 = ORIENTED_EDGE('',*,*,#3541,.F.);
#3603 = ORIENTED_EDGE('',*,*,#3583,.T.);
#3604 = ORIENTED_EDGE('',*,*,#3560,.T.);
#3605 = ORIENTED_EDGE('',*,*,#3511,.F.);
#3606 = ORIENTED_EDGE('',*,*,#3461,.F.);
#3607 = FACE_BOUND('',#3608,.T.);
#3608 = EDGE_LOOP('',(#3609,#3620,#3628,#3637,#3645,#3654,#3662,#3671));
#3609 = ORIENTED_EDGE('',*,*,#3610,.F.);
#3610 = EDGE_CURVE('',#3611,#3613,#3615,.T.);
#3611 = VERTEX_POINT('',#3612);
#3612 = CARTESIAN_POINT('',(-1.2,-0.76,8.E-02));
#3613 = VERTEX_POINT('',#3614);
#3614 = CARTESIAN_POINT('',(-1.2,-0.72,4.E-02));
#3615 = CIRCLE('',#3616,4.E-02);
#3616 = AXIS2_PLACEMENT_3D('',#3617,#3618,#3619);
#3617 = CARTESIAN_POINT('',(-1.2,-0.72,8.E-02));
#3618 = DIRECTION('',(1.,0.,-0.));
#3619 = DIRECTION('',(0.,0.,1.));
#3620 = ORIENTED_EDGE('',*,*,#3621,.T.);
#3621 = EDGE_CURVE('',#3611,#3622,#3624,.T.);
#3622 = VERTEX_POINT('',#3623);
#3623 = CARTESIAN_POINT('',(-1.2,-0.76,1.52));
#3624 = LINE('',#3625,#3626);
#3625 = CARTESIAN_POINT('',(-1.2,-0.76,4.E-02));
#3626 = VECTOR('',#3627,1.);
#3627 = DIRECTION('',(0.,0.,1.));
#3628 = ORIENTED_EDGE('',*,*,#3629,.T.);
#3629 = EDGE_CURVE('',#3622,#3630,#3632,.T.);
#3630 = VERTEX_POINT('',#3631);
#3631 = CARTESIAN_POINT('',(-1.2,-0.72,1.56));
#3632 = CIRCLE('',#3633,4.E-02);
#3633 = AXIS2_PLACEMENT_3D('',#3634,#3635,#3636);
#3634 = CARTESIAN_POINT('',(-1.2,-0.72,1.52));
#3635 = DIRECTION('',(-1.,0.,0.));
#3636 = DIRECTION('',(0.,0.,1.));
#3637 = ORIENTED_EDGE('',*,*,#3638,.T.);
#3638 = EDGE_CURVE('',#3630,#3639,#3641,.T.);
#3639 = VERTEX_POINT('',#3640);
#3640 = CARTESIAN_POINT('',(-1.2,0.72,1.56));
#3641 = LINE('',#3642,#3643);
#3642 = CARTESIAN_POINT('',(-1.2,-0.76,1.56));
#3643 = VECTOR('',#3644,1.);
#3644 = DIRECTION('',(0.,1.,0.));
#3645 = ORIENTED_EDGE('',*,*,#3646,.F.);
#3646 = EDGE_CURVE('',#3647,#3639,#3649,.T.);
#3647 = VERTEX_POINT('',#3648);
#3648 = CARTESIAN_POINT('',(-1.2,0.76,1.52));
#3649 = CIRCLE('',#3650,4.E-02);
#3650 = AXIS2_PLACEMENT_3D('',#3651,#3652,#3653);
#3651 = CARTESIAN_POINT('',(-1.2,0.72,1.52));
#3652 = DIRECTION('',(1.,0.,-0.));
#3653 = DIRECTION('',(0.,0.,1.));
#3654 = ORIENTED_EDGE('',*,*,#3655,.F.);
#3655 = EDGE_CURVE('',#3656,#3647,#3658,.T.);
#3656 = VERTEX_POINT('',#3657);
#3657 = CARTESIAN_POINT('',(-1.2,0.76,8.E-02));
#3658 = LINE('',#3659,#3660);
#3659 = CARTESIAN_POINT('',(-1.2,0.76,4.E-02));
#3660 = VECTOR('',#3661,1.);
#3661 = DIRECTION('',(0.,0.,1.));
#3662 = ORIENTED_EDGE('',*,*,#3663,.T.);
#3663 = EDGE_CURVE('',#3656,#3664,#3666,.T.);
#3664 = VERTEX_POINT('',#3665);
#3665 = CARTESIAN_POINT('',(-1.2,0.72,4.E-02));
#3666 = CIRCLE('',#3667,4.E-02);
#3667 = AXIS2_PLACEMENT_3D('',#3668,#3669,#3670);
#3668 = CARTESIAN_POINT('',(-1.2,0.72,8.E-02));
#3669 = DIRECTION('',(-1.,0.,0.));
#3670 = DIRECTION('',(0.,0.,1.));
#3671 = ORIENTED_EDGE('',*,*,#3672,.F.);
#3672 = EDGE_CURVE('',#3613,#3664,#3673,.T.);
#3673 = LINE('',#3674,#3675);
#3674 = CARTESIAN_POINT('',(-1.2,-0.76,4.E-02));
#3675 = VECTOR('',#3676,1.);
#3676 = DIRECTION('',(0.,1.,0.));
#3677 = PLANE('',#3678);
#3678 = AXIS2_PLACEMENT_3D('',#3679,#3680,#3681);
#3679 = CARTESIAN_POINT('',(-1.2,-0.8,0.));
#3680 = DIRECTION('',(1.,0.,0.));
#3681 = DIRECTION('',(0.,0.,1.));
#3682 = ADVANCED_FACE('',(#3683),#3709,.T.);
#3683 = FACE_BOUND('',#3684,.T.);
#3684 = EDGE_LOOP('',(#3685,#3686,#3694,#3703));
#3685 = ORIENTED_EDGE('',*,*,#3610,.T.);
#3686 = ORIENTED_EDGE('',*,*,#3687,.T.);
#3687 = EDGE_CURVE('',#3613,#3688,#3690,.T.);
#3688 = VERTEX_POINT('',#3689);
#3689 = CARTESIAN_POINT('',(1.2,-0.72,4.E-02));
#3690 = LINE('',#3691,#3692);
#3691 = CARTESIAN_POINT('',(-1.2,-0.72,4.E-02));
#3692 = VECTOR('',#3693,1.);
#3693 = DIRECTION('',(1.,0.,0.));
#3694 = ORIENTED_EDGE('',*,*,#3695,.F.);
#3695 = EDGE_CURVE('',#3696,#3688,#3698,.T.);
#3696 = VERTEX_POINT('',#3697);
#3697 = CARTESIAN_POINT('',(1.2,-0.76,8.E-02));
#3698 = CIRCLE('',#3699,4.E-02);
#3699 = AXIS2_PLACEMENT_3D('',#3700,#3701,#3702);
#3700 = CARTESIAN_POINT('',(1.2,-0.72,8.E-02));
#3701 = DIRECTION('',(1.,0.,-0.));
#3702 = DIRECTION('',(0.,0.,1.));
#3703 = ORIENTED_EDGE('',*,*,#3704,.F.);
#3704 = EDGE_CURVE('',#3611,#3696,#3705,.T.);
#3705 = LINE('',#3706,#3707);
#3706 = CARTESIAN_POINT('',(-1.2,-0.76,8.E-02));
#3707 = VECTOR('',#3708,1.);
#3708 = DIRECTION('',(1.,0.,0.));
#3709 = CYLINDRICAL_SURFACE('',#3710,4.E-02);
#3710 = AXIS2_PLACEMENT_3D('',#3711,#3712,#3713);
#3711 = CARTESIAN_POINT('',(-1.2,-0.72,8.E-02));
#3712 = DIRECTION('',(1.,0.,0.));
#3713 = DIRECTION('',(0.,-1.,0.));
#3714 = ADVANCED_FACE('',(#3715),#3733,.F.);
#3715 = FACE_BOUND('',#3716,.F.);
#3716 = EDGE_LOOP('',(#3717,#3718,#3719,#3727));
#3717 = ORIENTED_EDGE('',*,*,#3672,.F.);
#3718 = ORIENTED_EDGE('',*,*,#3687,.T.);
#3719 = ORIENTED_EDGE('',*,*,#3720,.T.);
#3720 = EDGE_CURVE('',#3688,#3721,#3723,.T.);
#3721 = VERTEX_POINT('',#3722);
#3722 = CARTESIAN_POINT('',(1.2,0.72,4.E-02));
#3723 = LINE('',#3724,#3725);
#3724 = CARTESIAN_POINT('',(1.2,-0.76,4.E-02));
#3725 = VECTOR('',#3726,1.);
#3726 = DIRECTION('',(0.,1.,0.));
#3727 = ORIENTED_EDGE('',*,*,#3728,.F.);
#3728 = EDGE_CURVE('',#3664,#3721,#3729,.T.);
#3729 = LINE('',#3730,#3731);
#3730 = CARTESIAN_POINT('',(-1.2,0.72,4.E-02));
#3731 = VECTOR('',#3732,1.);
#3732 = DIRECTION('',(1.,0.,0.));
#3733 = PLANE('',#3734);
#3734 = AXIS2_PLACEMENT_3D('',#3735,#3736,#3737);
#3735 = CARTESIAN_POINT('',(-1.2,-0.76,4.E-02));
#3736 = DIRECTION('',(0.,0.,1.));
#3737 = DIRECTION('',(1.,0.,-0.));
#3738 = ADVANCED_FACE('',(#3739),#3758,.T.);
#3739 = FACE_BOUND('',#3740,.T.);
#3740 = EDGE_LOOP('',(#3741,#3749,#3756,#3757));
#3741 = ORIENTED_EDGE('',*,*,#3742,.T.);
#3742 = EDGE_CURVE('',#3656,#3743,#3745,.T.);
#3743 = VERTEX_POINT('',#3744);
#3744 = CARTESIAN_POINT('',(1.2,0.76,8.E-02));
#3745 = LINE('',#3746,#3747);
#3746 = CARTESIAN_POINT('',(-1.2,0.76,8.E-02));
#3747 = VECTOR('',#3748,1.);
#3748 = DIRECTION('',(1.,0.,0.));
#3749 = ORIENTED_EDGE('',*,*,#3750,.T.);
#3750 = EDGE_CURVE('',#3743,#3721,#3751,.T.);
#3751 = CIRCLE('',#3752,4.E-02);
#3752 = AXIS2_PLACEMENT_3D('',#3753,#3754,#3755);
#3753 = CARTESIAN_POINT('',(1.2,0.72,8.E-02));
#3754 = DIRECTION('',(-1.,0.,0.));
#3755 = DIRECTION('',(0.,0.,1.));
#3756 = ORIENTED_EDGE('',*,*,#3728,.F.);
#3757 = ORIENTED_EDGE('',*,*,#3663,.F.);
#3758 = CYLINDRICAL_SURFACE('',#3759,4.E-02);
#3759 = AXIS2_PLACEMENT_3D('',#3760,#3761,#3762);
#3760 = CARTESIAN_POINT('',(-1.2,0.72,8.E-02));
#3761 = DIRECTION('',(1.,0.,0.));
#3762 = DIRECTION('',(-0.,1.,0.));
#3763 = ADVANCED_FACE('',(#3764),#3782,.T.);
#3764 = FACE_BOUND('',#3765,.T.);
#3765 = EDGE_LOOP('',(#3766,#3774,#3775,#3776));
#3766 = ORIENTED_EDGE('',*,*,#3767,.F.);
#3767 = EDGE_CURVE('',#3743,#3768,#3770,.T.);
#3768 = VERTEX_POINT('',#3769);
#3769 = CARTESIAN_POINT('',(1.2,0.76,1.52));
#3770 = LINE('',#3771,#3772);
#3771 = CARTESIAN_POINT('',(1.2,0.76,4.E-02));
#3772 = VECTOR('',#3773,1.);
#3773 = DIRECTION('',(0.,0.,1.));
#3774 = ORIENTED_EDGE('',*,*,#3742,.F.);
#3775 = ORIENTED_EDGE('',*,*,#3655,.T.);
#3776 = ORIENTED_EDGE('',*,*,#3777,.T.);
#3777 = EDGE_CURVE('',#3647,#3768,#3778,.T.);
#3778 = LINE('',#3779,#3780);
#3779 = CARTESIAN_POINT('',(-1.2,0.76,1.52));
#3780 = VECTOR('',#3781,1.);
#3781 = DIRECTION('',(1.,0.,0.));
#3782 = PLANE('',#3783);
#3783 = AXIS2_PLACEMENT_3D('',#3784,#3785,#3786);
#3784 = CARTESIAN_POINT('',(-1.2,0.76,4.E-02));
#3785 = DIRECTION('',(0.,1.,0.));
#3786 = DIRECTION('',(0.,-0.,1.));
#3787 = ADVANCED_FACE('',(#3788),#3807,.T.);
#3788 = FACE_BOUND('',#3789,.T.);
#3789 = EDGE_LOOP('',(#3790,#3791,#3799,#3806));
#3790 = ORIENTED_EDGE('',*,*,#3646,.T.);
#3791 = ORIENTED_EDGE('',*,*,#3792,.T.);
#3792 = EDGE_CURVE('',#3639,#3793,#3795,.T.);
#3793 = VERTEX_POINT('',#3794);
#3794 = CARTESIAN_POINT('',(1.2,0.72,1.56));
#3795 = LINE('',#3796,#3797);
#3796 = CARTESIAN_POINT('',(-1.2,0.72,1.56));
#3797 = VECTOR('',#3798,1.);
#3798 = DIRECTION('',(1.,0.,0.));
#3799 = ORIENTED_EDGE('',*,*,#3800,.F.);
#3800 = EDGE_CURVE('',#3768,#3793,#3801,.T.);
#3801 = CIRCLE('',#3802,4.E-02);
#3802 = AXIS2_PLACEMENT_3D('',#3803,#3804,#3805);
#3803 = CARTESIAN_POINT('',(1.2,0.72,1.52));
#3804 = DIRECTION('',(1.,0.,-0.));
#3805 = DIRECTION('',(0.,0.,1.));
#3806 = ORIENTED_EDGE('',*,*,#3777,.F.);
#3807 = CYLINDRICAL_SURFACE('',#3808,4.E-02);
#3808 = AXIS2_PLACEMENT_3D('',#3809,#3810,#3811);
#3809 = CARTESIAN_POINT('',(-1.2,0.72,1.52));
#3810 = DIRECTION('',(1.,0.,0.));
#3811 = DIRECTION('',(-0.,1.,0.));
#3812 = ADVANCED_FACE('',(#3813),#3831,.T.);
#3813 = FACE_BOUND('',#3814,.T.);
#3814 = EDGE_LOOP('',(#3815,#3816,#3824,#3830));
#3815 = ORIENTED_EDGE('',*,*,#3638,.F.);
#3816 = ORIENTED_EDGE('',*,*,#3817,.T.);
#3817 = EDGE_CURVE('',#3630,#3818,#3820,.T.);
#3818 = VERTEX_POINT('',#3819);
#3819 = CARTESIAN_POINT('',(1.2,-0.72,1.56));
#3820 = LINE('',#3821,#3822);
#3821 = CARTESIAN_POINT('',(-1.2,-0.72,1.56));
#3822 = VECTOR('',#3823,1.);
#3823 = DIRECTION('',(1.,0.,0.));
#3824 = ORIENTED_EDGE('',*,*,#3825,.T.);
#3825 = EDGE_CURVE('',#3818,#3793,#3826,.T.);
#3826 = LINE('',#3827,#3828);
#3827 = CARTESIAN_POINT('',(1.2,-0.76,1.56));
#3828 = VECTOR('',#3829,1.);
#3829 = DIRECTION('',(0.,1.,0.));
#3830 = ORIENTED_EDGE('',*,*,#3792,.F.);
#3831 = PLANE('',#3832);
#3832 = AXIS2_PLACEMENT_3D('',#3833,#3834,#3835);
#3833 = CARTESIAN_POINT('',(-1.2,-0.76,1.56));
#3834 = DIRECTION('',(0.,0.,1.));
#3835 = DIRECTION('',(1.,0.,-0.));
#3836 = ADVANCED_FACE('',(#3837),#3856,.T.);
#3837 = FACE_BOUND('',#3838,.T.);
#3838 = EDGE_LOOP('',(#3839,#3847,#3854,#3855));
#3839 = ORIENTED_EDGE('',*,*,#3840,.T.);
#3840 = EDGE_CURVE('',#3622,#3841,#3843,.T.);
#3841 = VERTEX_POINT('',#3842);
#3842 = CARTESIAN_POINT('',(1.2,-0.76,1.52));
#3843 = LINE('',#3844,#3845);
#3844 = CARTESIAN_POINT('',(-1.2,-0.76,1.52));
#3845 = VECTOR('',#3846,1.);
#3846 = DIRECTION('',(1.,0.,0.));
#3847 = ORIENTED_EDGE('',*,*,#3848,.T.);
#3848 = EDGE_CURVE('',#3841,#3818,#3849,.T.);
#3849 = CIRCLE('',#3850,4.E-02);
#3850 = AXIS2_PLACEMENT_3D('',#3851,#3852,#3853);
#3851 = CARTESIAN_POINT('',(1.2,-0.72,1.52));
#3852 = DIRECTION('',(-1.,0.,0.));
#3853 = DIRECTION('',(0.,0.,1.));
#3854 = ORIENTED_EDGE('',*,*,#3817,.F.);
#3855 = ORIENTED_EDGE('',*,*,#3629,.F.);
#3856 = CYLINDRICAL_SURFACE('',#3857,4.E-02);
#3857 = AXIS2_PLACEMENT_3D('',#3858,#3859,#3860);
#3858 = CARTESIAN_POINT('',(-1.2,-0.72,1.52));
#3859 = DIRECTION('',(1.,0.,0.));
#3860 = DIRECTION('',(0.,-1.,0.));
#3861 = ADVANCED_FACE('',(#3862),#3873,.F.);
#3862 = FACE_BOUND('',#3863,.F.);
#3863 = EDGE_LOOP('',(#3864,#3870,#3871,#3872));
#3864 = ORIENTED_EDGE('',*,*,#3865,.F.);
#3865 = EDGE_CURVE('',#3696,#3841,#3866,.T.);
#3866 = LINE('',#3867,#3868);
#3867 = CARTESIAN_POINT('',(1.2,-0.76,4.E-02));
#3868 = VECTOR('',#3869,1.);
#3869 = DIRECTION('',(0.,0.,1.));
#3870 = ORIENTED_EDGE('',*,*,#3704,.F.);
#3871 = ORIENTED_EDGE('',*,*,#3621,.T.);
#3872 = ORIENTED_EDGE('',*,*,#3840,.T.);
#3873 = PLANE('',#3874);
#3874 = AXIS2_PLACEMENT_3D('',#3875,#3876,#3877);
#3875 = CARTESIAN_POINT('',(-1.2,-0.76,4.E-02));
#3876 = DIRECTION('',(0.,1.,0.));
#3877 = DIRECTION('',(0.,-0.,1.));
#3878 = ADVANCED_FACE('',(#3879,#3949),#3959,.F.);
#3879 = FACE_BOUND('',#3880,.F.);
#3880 = EDGE_LOOP('',(#3881,#3891,#3900,#3908,#3917,#3925,#3934,#3942));
#3881 = ORIENTED_EDGE('',*,*,#3882,.F.);
#3882 = EDGE_CURVE('',#3883,#3885,#3887,.T.);
#3883 = VERTEX_POINT('',#3884);
#3884 = CARTESIAN_POINT('',(1.2,-0.8,4.E-02));
#3885 = VERTEX_POINT('',#3886);
#3886 = CARTESIAN_POINT('',(1.2,-0.8,1.56));
#3887 = LINE('',#3888,#3889);
#3888 = CARTESIAN_POINT('',(1.2,-0.8,0.));
#3889 = VECTOR('',#3890,1.);
#3890 = DIRECTION('',(0.,0.,1.));
#3891 = ORIENTED_EDGE('',*,*,#3892,.T.);
#3892 = EDGE_CURVE('',#3883,#3893,#3895,.T.);
#3893 = VERTEX_POINT('',#3894);
#3894 = CARTESIAN_POINT('',(1.2,-0.76,0.));
#3895 = CIRCLE('',#3896,4.E-02);
#3896 = AXIS2_PLACEMENT_3D('',#3897,#3898,#3899);
#3897 = CARTESIAN_POINT('',(1.2,-0.76,4.E-02));
#3898 = DIRECTION('',(1.,0.,-0.));
#3899 = DIRECTION('',(0.,0.,1.));
#3900 = ORIENTED_EDGE('',*,*,#3901,.T.);
#3901 = EDGE_CURVE('',#3893,#3902,#3904,.T.);
#3902 = VERTEX_POINT('',#3903);
#3903 = CARTESIAN_POINT('',(1.2,0.76,0.));
#3904 = LINE('',#3905,#3906);
#3905 = CARTESIAN_POINT('',(1.2,-0.8,0.));
#3906 = VECTOR('',#3907,1.);
#3907 = DIRECTION('',(0.,1.,0.));
#3908 = ORIENTED_EDGE('',*,*,#3909,.F.);
#3909 = EDGE_CURVE('',#3910,#3902,#3912,.T.);
#3910 = VERTEX_POINT('',#3911);
#3911 = CARTESIAN_POINT('',(1.2,0.8,4.E-02));
#3912 = CIRCLE('',#3913,4.E-02);
#3913 = AXIS2_PLACEMENT_3D('',#3914,#3915,#3916);
#3914 = CARTESIAN_POINT('',(1.2,0.76,4.E-02));
#3915 = DIRECTION('',(-1.,0.,0.));
#3916 = DIRECTION('',(0.,0.,1.));
#3917 = ORIENTED_EDGE('',*,*,#3918,.T.);
#3918 = EDGE_CURVE('',#3910,#3919,#3921,.T.);
#3919 = VERTEX_POINT('',#3920);
#3920 = CARTESIAN_POINT('',(1.2,0.8,1.56));
#3921 = LINE('',#3922,#3923);
#3922 = CARTESIAN_POINT('',(1.2,0.8,0.));
#3923 = VECTOR('',#3924,1.);
#3924 = DIRECTION('',(0.,0.,1.));
#3925 = ORIENTED_EDGE('',*,*,#3926,.T.);
#3926 = EDGE_CURVE('',#3919,#3927,#3929,.T.);
#3927 = VERTEX_POINT('',#3928);
#3928 = CARTESIAN_POINT('',(1.2,0.76,1.6));
#3929 = CIRCLE('',#3930,4.E-02);
#3930 = AXIS2_PLACEMENT_3D('',#3931,#3932,#3933);
#3931 = CARTESIAN_POINT('',(1.2,0.76,1.56));
#3932 = DIRECTION('',(1.,0.,-0.));
#3933 = DIRECTION('',(0.,0.,1.));
#3934 = ORIENTED_EDGE('',*,*,#3935,.F.);
#3935 = EDGE_CURVE('',#3936,#3927,#3938,.T.);
#3936 = VERTEX_POINT('',#3937);
#3937 = CARTESIAN_POINT('',(1.2,-0.76,1.6));
#3938 = LINE('',#3939,#3940);
#3939 = CARTESIAN_POINT('',(1.2,-0.8,1.6));
#3940 = VECTOR('',#3941,1.);
#3941 = DIRECTION('',(0.,1.,0.));
#3942 = ORIENTED_EDGE('',*,*,#3943,.F.);
#3943 = EDGE_CURVE('',#3885,#3936,#3944,.T.);
#3944 = CIRCLE('',#3945,4.E-02);
#3945 = AXIS2_PLACEMENT_3D('',#3946,#3947,#3948);
#3946 = CARTESIAN_POINT('',(1.2,-0.76,1.56));
#3947 = DIRECTION('',(-1.,0.,0.));
#3948 = DIRECTION('',(0.,0.,1.));
#3949 = FACE_BOUND('',#3950,.F.);
#3950 = EDGE_LOOP('',(#3951,#3952,#3953,#3954,#3955,#3956,#3957,#3958));
#3951 = ORIENTED_EDGE('',*,*,#3695,.F.);
#3952 = ORIENTED_EDGE('',*,*,#3865,.T.);
#3953 = ORIENTED_EDGE('',*,*,#3848,.T.);
#3954 = ORIENTED_EDGE('',*,*,#3825,.T.);
#3955 = ORIENTED_EDGE('',*,*,#3800,.F.);
#3956 = ORIENTED_EDGE('',*,*,#3767,.F.);
#3957 = ORIENTED_EDGE('',*,*,#3750,.T.);
#3958 = ORIENTED_EDGE('',*,*,#3720,.F.);
#3959 = PLANE('',#3960);
#3960 = AXIS2_PLACEMENT_3D('',#3961,#3962,#3963);
#3961 = CARTESIAN_POINT('',(1.2,-0.8,0.));
#3962 = DIRECTION('',(1.,0.,0.));
#3963 = DIRECTION('',(0.,0.,1.));
#3964 = ADVANCED_FACE('',(#3965),#3990,.F.);
#3965 = FACE_BOUND('',#3966,.F.);
#3966 = EDGE_LOOP('',(#3967,#3977,#3983,#3984));
#3967 = ORIENTED_EDGE('',*,*,#3968,.F.);
#3968 = EDGE_CURVE('',#3969,#3971,#3973,.T.);
#3969 = VERTEX_POINT('',#3970);
#3970 = CARTESIAN_POINT('',(1.6,-0.8,4.E-02));
#3971 = VERTEX_POINT('',#3972);
#3972 = CARTESIAN_POINT('',(1.6,-0.8,1.56));
#3973 = LINE('',#3974,#3975);
#3974 = CARTESIAN_POINT('',(1.6,-0.8,0.));
#3975 = VECTOR('',#3976,1.);
#3976 = DIRECTION('',(0.,0.,1.));
#3977 = ORIENTED_EDGE('',*,*,#3978,.F.);
#3978 = EDGE_CURVE('',#3883,#3969,#3979,.T.);
#3979 = LINE('',#3980,#3981);
#3980 = CARTESIAN_POINT('',(1.2,-0.8,4.E-02));
#3981 = VECTOR('',#3982,1.);
#3982 = DIRECTION('',(1.,0.,0.));
#3983 = ORIENTED_EDGE('',*,*,#3882,.T.);
#3984 = ORIENTED_EDGE('',*,*,#3985,.T.);
#3985 = EDGE_CURVE('',#3885,#3971,#3986,.T.);
#3986 = LINE('',#3987,#3988);
#3987 = CARTESIAN_POINT('',(1.2,-0.8,1.56));
#3988 = VECTOR('',#3989,1.);
#3989 = DIRECTION('',(1.,0.,0.));
#3990 = PLANE('',#3991);
#3991 = AXIS2_PLACEMENT_3D('',#3992,#3993,#3994);
#3992 = CARTESIAN_POINT('',(1.2,-0.8,0.));
#3993 = DIRECTION('',(0.,1.,0.));
#3994 = DIRECTION('',(0.,-0.,1.));
#3995 = ADVANCED_FACE('',(#3996),#4015,.T.);
#3996 = FACE_BOUND('',#3997,.T.);
#3997 = EDGE_LOOP('',(#3998,#3999,#4007,#4014));
#3998 = ORIENTED_EDGE('',*,*,#3892,.T.);
#3999 = ORIENTED_EDGE('',*,*,#4000,.T.);
#4000 = EDGE_CURVE('',#3893,#4001,#4003,.T.);
#4001 = VERTEX_POINT('',#4002);
#4002 = CARTESIAN_POINT('',(1.6,-0.76,0.));
#4003 = LINE('',#4004,#4005);
#4004 = CARTESIAN_POINT('',(1.2,-0.76,0.));
#4005 = VECTOR('',#4006,1.);
#4006 = DIRECTION('',(1.,0.,0.));
#4007 = ORIENTED_EDGE('',*,*,#4008,.F.);
#4008 = EDGE_CURVE('',#3969,#4001,#4009,.T.);
#4009 = CIRCLE('',#4010,4.E-02);
#4010 = AXIS2_PLACEMENT_3D('',#4011,#4012,#4013);
#4011 = CARTESIAN_POINT('',(1.6,-0.76,4.E-02));
#4012 = DIRECTION('',(1.,0.,-0.));
#4013 = DIRECTION('',(0.,0.,1.));
#4014 = ORIENTED_EDGE('',*,*,#3978,.F.);
#4015 = CYLINDRICAL_SURFACE('',#4016,4.E-02);
#4016 = AXIS2_PLACEMENT_3D('',#4017,#4018,#4019);
#4017 = CARTESIAN_POINT('',(1.2,-0.76,4.E-02));
#4018 = DIRECTION('',(1.,0.,0.));
#4019 = DIRECTION('',(0.,-1.,0.));
#4020 = ADVANCED_FACE('',(#4021),#4040,.T.);
#4021 = FACE_BOUND('',#4022,.T.);
#4022 = EDGE_LOOP('',(#4023,#4024,#4033,#4039));
#4023 = ORIENTED_EDGE('',*,*,#3985,.T.);
#4024 = ORIENTED_EDGE('',*,*,#4025,.T.);
#4025 = EDGE_CURVE('',#3971,#4026,#4028,.T.);
#4026 = VERTEX_POINT('',#4027);
#4027 = CARTESIAN_POINT('',(1.6,-0.76,1.6));
#4028 = CIRCLE('',#4029,4.E-02);
#4029 = AXIS2_PLACEMENT_3D('',#4030,#4031,#4032);
#4030 = CARTESIAN_POINT('',(1.6,-0.76,1.56));
#4031 = DIRECTION('',(-1.,0.,0.));
#4032 = DIRECTION('',(0.,0.,1.));
#4033 = ORIENTED_EDGE('',*,*,#4034,.F.);
#4034 = EDGE_CURVE('',#3936,#4026,#4035,.T.);
#4035 = LINE('',#4036,#4037);
#4036 = CARTESIAN_POINT('',(1.2,-0.76,1.6));
#4037 = VECTOR('',#4038,1.);
#4038 = DIRECTION('',(1.,0.,0.));
#4039 = ORIENTED_EDGE('',*,*,#3943,.F.);
#4040 = CYLINDRICAL_SURFACE('',#4041,4.E-02);
#4041 = AXIS2_PLACEMENT_3D('',#4042,#4043,#4044);
#4042 = CARTESIAN_POINT('',(1.2,-0.76,1.56));
#4043 = DIRECTION('',(1.,0.,0.));
#4044 = DIRECTION('',(0.,-1.,0.));
#4045 = ADVANCED_FACE('',(#4046),#4064,.F.);
#4046 = FACE_BOUND('',#4047,.F.);
#4047 = EDGE_LOOP('',(#4048,#4049,#4050,#4058));
#4048 = ORIENTED_EDGE('',*,*,#3901,.F.);
#4049 = ORIENTED_EDGE('',*,*,#4000,.T.);
#4050 = ORIENTED_EDGE('',*,*,#4051,.T.);
#4051 = EDGE_CURVE('',#4001,#4052,#4054,.T.);
#4052 = VERTEX_POINT('',#4053);
#4053 = CARTESIAN_POINT('',(1.6,0.76,0.));
#4054 = LINE('',#4055,#4056);
#4055 = CARTESIAN_POINT('',(1.6,-0.8,0.));
#4056 = VECTOR('',#4057,1.);
#4057 = DIRECTION('',(0.,1.,0.));
#4058 = ORIENTED_EDGE('',*,*,#4059,.F.);
#4059 = EDGE_CURVE('',#3902,#4052,#4060,.T.);
#4060 = LINE('',#4061,#4062);
#4061 = CARTESIAN_POINT('',(1.2,0.76,0.));
#4062 = VECTOR('',#4063,1.);
#4063 = DIRECTION('',(1.,0.,0.));
#4064 = PLANE('',#4065);
#4065 = AXIS2_PLACEMENT_3D('',#4066,#4067,#4068);
#4066 = CARTESIAN_POINT('',(1.2,-0.8,0.));
#4067 = DIRECTION('',(0.,0.,1.));
#4068 = DIRECTION('',(1.,0.,-0.));
#4069 = ADVANCED_FACE('',(#4070),#4088,.T.);
#4070 = FACE_BOUND('',#4071,.T.);
#4071 = EDGE_LOOP('',(#4072,#4073,#4074,#4082));
#4072 = ORIENTED_EDGE('',*,*,#3935,.F.);
#4073 = ORIENTED_EDGE('',*,*,#4034,.T.);
#4074 = ORIENTED_EDGE('',*,*,#4075,.T.);
#4075 = EDGE_CURVE('',#4026,#4076,#4078,.T.);
#4076 = VERTEX_POINT('',#4077);
#4077 = CARTESIAN_POINT('',(1.6,0.76,1.6));
#4078 = LINE('',#4079,#4080);
#4079 = CARTESIAN_POINT('',(1.6,-0.8,1.6));
#4080 = VECTOR('',#4081,1.);
#4081 = DIRECTION('',(0.,1.,0.));
#4082 = ORIENTED_EDGE('',*,*,#4083,.F.);
#4083 = EDGE_CURVE('',#3927,#4076,#4084,.T.);
#4084 = LINE('',#4085,#4086);
#4085 = CARTESIAN_POINT('',(1.2,0.76,1.6));
#4086 = VECTOR('',#4087,1.);
#4087 = DIRECTION('',(1.,0.,0.));
#4088 = PLANE('',#4089);
#4089 = AXIS2_PLACEMENT_3D('',#4090,#4091,#4092);
#4090 = CARTESIAN_POINT('',(1.2,-0.8,1.6));
#4091 = DIRECTION('',(0.,0.,1.));
#4092 = DIRECTION('',(1.,0.,-0.));
#4093 = ADVANCED_FACE('',(#4094),#4113,.T.);
#4094 = FACE_BOUND('',#4095,.T.);
#4095 = EDGE_LOOP('',(#4096,#4104,#4111,#4112));
#4096 = ORIENTED_EDGE('',*,*,#4097,.T.);
#4097 = EDGE_CURVE('',#3910,#4098,#4100,.T.);
#4098 = VERTEX_POINT('',#4099);
#4099 = CARTESIAN_POINT('',(1.6,0.8,4.E-02));
#4100 = LINE('',#4101,#4102);
#4101 = CARTESIAN_POINT('',(1.2,0.8,4.E-02));
#4102 = VECTOR('',#4103,1.);
#4103 = DIRECTION('',(1.,0.,0.));
#4104 = ORIENTED_EDGE('',*,*,#4105,.T.);
#4105 = EDGE_CURVE('',#4098,#4052,#4106,.T.);
#4106 = CIRCLE('',#4107,4.E-02);
#4107 = AXIS2_PLACEMENT_3D('',#4108,#4109,#4110);
#4108 = CARTESIAN_POINT('',(1.6,0.76,4.E-02));
#4109 = DIRECTION('',(-1.,0.,0.));
#4110 = DIRECTION('',(0.,0.,1.));
#4111 = ORIENTED_EDGE('',*,*,#4059,.F.);
#4112 = ORIENTED_EDGE('',*,*,#3909,.F.);
#4113 = CYLINDRICAL_SURFACE('',#4114,4.E-02);
#4114 = AXIS2_PLACEMENT_3D('',#4115,#4116,#4117);
#4115 = CARTESIAN_POINT('',(1.2,0.76,4.E-02));
#4116 = DIRECTION('',(1.,0.,0.));
#4117 = DIRECTION('',(-0.,1.,0.));
#4118 = ADVANCED_FACE('',(#4119),#4138,.T.);
#4119 = FACE_BOUND('',#4120,.T.);
#4120 = EDGE_LOOP('',(#4121,#4122,#4123,#4132));
#4121 = ORIENTED_EDGE('',*,*,#3926,.T.);
#4122 = ORIENTED_EDGE('',*,*,#4083,.T.);
#4123 = ORIENTED_EDGE('',*,*,#4124,.F.);
#4124 = EDGE_CURVE('',#4125,#4076,#4127,.T.);
#4125 = VERTEX_POINT('',#4126);
#4126 = CARTESIAN_POINT('',(1.6,0.8,1.56));
#4127 = CIRCLE('',#4128,4.E-02);
#4128 = AXIS2_PLACEMENT_3D('',#4129,#4130,#4131);
#4129 = CARTESIAN_POINT('',(1.6,0.76,1.56));
#4130 = DIRECTION('',(1.,0.,-0.));
#4131 = DIRECTION('',(0.,0.,1.));
#4132 = ORIENTED_EDGE('',*,*,#4133,.F.);
#4133 = EDGE_CURVE('',#3919,#4125,#4134,.T.);
#4134 = LINE('',#4135,#4136);
#4135 = CARTESIAN_POINT('',(1.2,0.8,1.56));
#4136 = VECTOR('',#4137,1.);
#4137 = DIRECTION('',(1.,0.,0.));
#4138 = CYLINDRICAL_SURFACE('',#4139,4.E-02);
#4139 = AXIS2_PLACEMENT_3D('',#4140,#4141,#4142);
#4140 = CARTESIAN_POINT('',(1.2,0.76,1.56));
#4141 = DIRECTION('',(1.,0.,0.));
#4142 = DIRECTION('',(-0.,1.,0.));
#4143 = ADVANCED_FACE('',(#4144),#4155,.T.);
#4144 = FACE_BOUND('',#4145,.T.);
#4145 = EDGE_LOOP('',(#4146,#4152,#4153,#4154));
#4146 = ORIENTED_EDGE('',*,*,#4147,.F.);
#4147 = EDGE_CURVE('',#4098,#4125,#4148,.T.);
#4148 = LINE('',#4149,#4150);
#4149 = CARTESIAN_POINT('',(1.6,0.8,0.));
#4150 = VECTOR('',#4151,1.);
#4151 = DIRECTION('',(0.,0.,1.));
#4152 = ORIENTED_EDGE('',*,*,#4097,.F.);
#4153 = ORIENTED_EDGE('',*,*,#3918,.T.);
#4154 = ORIENTED_EDGE('',*,*,#4133,.T.);
#4155 = PLANE('',#4156);
#4156 = AXIS2_PLACEMENT_3D('',#4157,#4158,#4159);
#4157 = CARTESIAN_POINT('',(1.2,0.8,0.));
#4158 = DIRECTION('',(0.,1.,0.));
#4159 = DIRECTION('',(0.,-0.,1.));
#4160 = ADVANCED_FACE('',(#4161),#4171,.T.);
#4161 = FACE_BOUND('',#4162,.T.);
#4162 = EDGE_LOOP('',(#4163,#4164,#4165,#4166,#4167,#4168,#4169,#4170));
#4163 = ORIENTED_EDGE('',*,*,#3968,.F.);
#4164 = ORIENTED_EDGE('',*,*,#4008,.T.);
#4165 = ORIENTED_EDGE('',*,*,#4051,.T.);
#4166 = ORIENTED_EDGE('',*,*,#4105,.F.);
#4167 = ORIENTED_EDGE('',*,*,#4147,.T.);
#4168 = ORIENTED_EDGE('',*,*,#4124,.T.);
#4169 = ORIENTED_EDGE('',*,*,#4075,.F.);
#4170 = ORIENTED_EDGE('',*,*,#4025,.F.);
#4171 = PLANE('',#4172);
#4172 = AXIS2_PLACEMENT_3D('',#4173,#4174,#4175);
#4173 = CARTESIAN_POINT('',(1.6,-0.8,0.));
#4174 = DIRECTION('',(1.,0.,0.));
#4175 = DIRECTION('',(0.,0.,1.));
#4176 = ( GEOMETRIC_REPRESENTATION_CONTEXT(3) 
GLOBAL_UNCERTAINTY_ASSIGNED_CONTEXT((#4180)) 
GLOBAL_UNIT_ASSIGNED_CONTEXT((#4177,#4178,#4179)) REPRESENTATION_CONTEXT
('Context #1','3D Context with UNIT and UNCERTAINTY') );
#4177 = ( LENGTH_UNIT() NAMED_UNIT(*) SI_UNIT(.MILLI.,.METRE.) );
#4178 = ( NAMED_UNIT(*) PLANE_ANGLE_UNIT() SI_UNIT($,.RADIAN.) );
#4179 = ( NAMED_UNIT(*) SI_UNIT($,.STERADIAN.) SOLID_ANGLE_UNIT() );
#4180 = UNCERTAINTY_MEASURE_WITH_UNIT(LENGTH_MEASURE(1.E-07),#4177,
  'distance_accuracy_value','confusion accuracy');
#4181 = CONTEXT_DEPENDENT_SHAPE_REPRESENTATION(#4182,#4184);
#4182 = ( REPRESENTATION_RELATIONSHIP('','',#3321,#3298) 
REPRESENTATION_RELATIONSHIP_WITH_TRANSFORMATION(#4183) 
SHAPE_REPRESENTATION_RELATIONSHIP() );
#4183 = ITEM_DEFINED_TRANSFORMATION('','',#11,#3299);
#4184 = PRODUCT_DEFINITION_SHAPE('Placement','Placement of an item',
  #4185);
#4185 = NEXT_ASSEMBLY_USAGE_OCCURRENCE('8','=>[0:1:1:9]','',#3293,#3316,
  $);
#4186 = PRODUCT_RELATED_PRODUCT_CATEGORY('part',$,(#3318));
#4187 = CONTEXT_DEPENDENT_SHAPE_REPRESENTATION(#4188,#4190);
#4188 = ( REPRESENTATION_RELATIONSHIP('','',#3298,#10) 
REPRESENTATION_RELATIONSHIP_WITH_TRANSFORMATION(#4189) 
SHAPE_REPRESENTATION_RELATIONSHIP() );
#4189 = ITEM_DEFINED_TRANSFORMATION('','',#11,#35);
#4190 = PRODUCT_DEFINITION_SHAPE('Placement','Placement of an item',
  #4191);
#4191 = NEXT_ASSEMBLY_USAGE_OCCURRENCE('10','C3','',#5,#3293,$);
#4192 = SHAPE_DEFINITION_REPRESENTATION(#4193,#4199);
#4193 = PRODUCT_DEFINITION_SHAPE('','',#4194);
#4194 = PRODUCT_DEFINITION('design','',#4195,#4198);
#4195 = PRODUCT_DEFINITION_FORMATION('','',#4196);
#4196 = PRODUCT('C_0402_1005Metric','C_0402_1005Metric','',(#4197));
#4197 = PRODUCT_CONTEXT('',#2,'mechanical');
#4198 = PRODUCT_DEFINITION_CONTEXT('part definition',#2,'design');
#4199 = SHAPE_REPRESENTATION('',(#11,#4200),#4204);
#4200 = AXIS2_PLACEMENT_3D('',#4201,#4202,#4203);
#4201 = CARTESIAN_POINT('',(0.,0.,0.));
#4202 = DIRECTION('',(0.,0.,1.));
#4203 = DIRECTION('',(1.,0.,-0.));
#4204 = ( GEOMETRIC_REPRESENTATION_CONTEXT(3) 
GLOBAL_UNCERTAINTY_ASSIGNED_CONTEXT((#4208)) 
GLOBAL_UNIT_ASSIGNED_CONTEXT((#4205,#4206,#4207)) REPRESENTATION_CONTEXT
('Context #1','3D Context with UNIT and UNCERTAINTY') );
#4205 = ( LENGTH_UNIT() NAMED_UNIT(*) SI_UNIT(.MILLI.,.METRE.) );
#4206 = ( NAMED_UNIT(*) PLANE_ANGLE_UNIT() SI_UNIT($,.RADIAN.) );
#4207 = ( NAMED_UNIT(*) SI_UNIT($,.STERADIAN.) SOLID_ANGLE_UNIT() );
#4208 = UNCERTAINTY_MEASURE_WITH_UNIT(LENGTH_MEASURE(1.E-07),#4205,
  'distance_accuracy_value','confusion accuracy');
#4209 = CONTEXT_DEPENDENT_SHAPE_REPRESENTATION(#4210,#4212);
#4210 = ( REPRESENTATION_RELATIONSHIP('','',#4199,#10) 
REPRESENTATION_RELATIONSHIP_WITH_TRANSFORMATION(#4211) 
SHAPE_REPRESENTATION_RELATIONSHIP() );
#4211 = ITEM_DEFINED_TRANSFORMATION('','',#11,#39);
#4212 = PRODUCT_DEFINITION_SHAPE('Placement','Placement of an item',
  #4213);
#4213 = NEXT_ASSEMBLY_USAGE_OCCURRENCE('12','C1','',#5,#4194,$);
#4214 = PRODUCT_RELATED_PRODUCT_CATEGORY('part',$,(#4196));
#4215 = SHAPE_DEFINITION_REPRESENTATION(#4216,#4222);
#4216 = PRODUCT_DEFINITION_SHAPE('','',#4217);
#4217 = PRODUCT_DEFINITION('design','',#4218,#4221);
#4218 = PRODUCT_DEFINITION_FORMATION('','',#4219);
#4219 = PRODUCT('C_0402_1005Metric','C_0402_1005Metric','',(#4220));
#4220 = PRODUCT_CONTEXT('',#2,'mechanical');
#4221 = PRODUCT_DEFINITION_CONTEXT('part definition',#2,'design');
#4222 = ADVANCED_BREP_SHAPE_REPRESENTATION('',(#11,#4223),#5077);
#4223 = MANIFOLD_SOLID_BREP('',#4224);
#4224 = CLOSED_SHELL('',(#4225,#4301,#4332,#4357,#4382,#4406,#4430,#4455
    ,#4480,#4497,#4583,#4615,#4639,#4664,#4688,#4713,#4737,#4762,#4779,
    #4865,#4896,#4921,#4946,#4970,#4994,#5019,#5044,#5061));
#4225 = ADVANCED_FACE('',(#4226),#4296,.F.);
#4226 = FACE_BOUND('',#4227,.F.);
#4227 = EDGE_LOOP('',(#4228,#4238,#4247,#4255,#4264,#4272,#4281,#4289));
#4228 = ORIENTED_EDGE('',*,*,#4229,.F.);
#4229 = EDGE_CURVE('',#4230,#4232,#4234,.T.);
#4230 = VERTEX_POINT('',#4231);
#4231 = CARTESIAN_POINT('',(-0.5,-0.25,2.E-02));
#4232 = VERTEX_POINT('',#4233);
#4233 = CARTESIAN_POINT('',(-0.5,-0.25,0.48));
#4234 = LINE('',#4235,#4236);
#4235 = CARTESIAN_POINT('',(-0.5,-0.25,0.));
#4236 = VECTOR('',#4237,1.);
#4237 = DIRECTION('',(0.,0.,1.));
#4238 = ORIENTED_EDGE('',*,*,#4239,.T.);
#4239 = EDGE_CURVE('',#4230,#4240,#4242,.T.);
#4240 = VERTEX_POINT('',#4241);
#4241 = CARTESIAN_POINT('',(-0.5,-0.23,0.));
#4242 = CIRCLE('',#4243,2.E-02);
#4243 = AXIS2_PLACEMENT_3D('',#4244,#4245,#4246);
#4244 = CARTESIAN_POINT('',(-0.5,-0.23,2.E-02));
#4245 = DIRECTION('',(1.,0.,-0.));
#4246 = DIRECTION('',(0.,0.,1.));
#4247 = ORIENTED_EDGE('',*,*,#4248,.T.);
#4248 = EDGE_CURVE('',#4240,#4249,#4251,.T.);
#4249 = VERTEX_POINT('',#4250);
#4250 = CARTESIAN_POINT('',(-0.5,0.23,0.));
#4251 = LINE('',#4252,#4253);
#4252 = CARTESIAN_POINT('',(-0.5,-0.25,0.));
#4253 = VECTOR('',#4254,1.);
#4254 = DIRECTION('',(0.,1.,0.));
#4255 = ORIENTED_EDGE('',*,*,#4256,.F.);
#4256 = EDGE_CURVE('',#4257,#4249,#4259,.T.);
#4257 = VERTEX_POINT('',#4258);
#4258 = CARTESIAN_POINT('',(-0.5,0.25,2.E-02));
#4259 = CIRCLE('',#4260,2.E-02);
#4260 = AXIS2_PLACEMENT_3D('',#4261,#4262,#4263);
#4261 = CARTESIAN_POINT('',(-0.5,0.23,2.E-02));
#4262 = DIRECTION('',(-1.,0.,0.));
#4263 = DIRECTION('',(0.,0.,1.));
#4264 = ORIENTED_EDGE('',*,*,#4265,.T.);
#4265 = EDGE_CURVE('',#4257,#4266,#4268,.T.);
#4266 = VERTEX_POINT('',#4267);
#4267 = CARTESIAN_POINT('',(-0.5,0.25,0.48));
#4268 = LINE('',#4269,#4270);
#4269 = CARTESIAN_POINT('',(-0.5,0.25,0.));
#4270 = VECTOR('',#4271,1.);
#4271 = DIRECTION('',(0.,0.,1.));
#4272 = ORIENTED_EDGE('',*,*,#4273,.T.);
#4273 = EDGE_CURVE('',#4266,#4274,#4276,.T.);
#4274 = VERTEX_POINT('',#4275);
#4275 = CARTESIAN_POINT('',(-0.5,0.23,0.5));
#4276 = CIRCLE('',#4277,2.E-02);
#4277 = AXIS2_PLACEMENT_3D('',#4278,#4279,#4280);
#4278 = CARTESIAN_POINT('',(-0.5,0.23,0.48));
#4279 = DIRECTION('',(1.,0.,-0.));
#4280 = DIRECTION('',(0.,0.,1.));
#4281 = ORIENTED_EDGE('',*,*,#4282,.F.);
#4282 = EDGE_CURVE('',#4283,#4274,#4285,.T.);
#4283 = VERTEX_POINT('',#4284);
#4284 = CARTESIAN_POINT('',(-0.5,-0.23,0.5));
#4285 = LINE('',#4286,#4287);
#4286 = CARTESIAN_POINT('',(-0.5,-0.25,0.5));
#4287 = VECTOR('',#4288,1.);
#4288 = DIRECTION('',(0.,1.,0.));
#4289 = ORIENTED_EDGE('',*,*,#4290,.F.);
#4290 = EDGE_CURVE('',#4232,#4283,#4291,.T.);
#4291 = CIRCLE('',#4292,2.E-02);
#4292 = AXIS2_PLACEMENT_3D('',#4293,#4294,#4295);
#4293 = CARTESIAN_POINT('',(-0.5,-0.23,0.48));
#4294 = DIRECTION('',(-1.,0.,0.));
#4295 = DIRECTION('',(0.,0.,1.));
#4296 = PLANE('',#4297);
#4297 = AXIS2_PLACEMENT_3D('',#4298,#4299,#4300);
#4298 = CARTESIAN_POINT('',(-0.5,-0.25,0.));
#4299 = DIRECTION('',(1.,0.,0.));
#4300 = DIRECTION('',(0.,0.,1.));
#4301 = ADVANCED_FACE('',(#4302),#4327,.F.);
#4302 = FACE_BOUND('',#4303,.F.);
#4303 = EDGE_LOOP('',(#4304,#4314,#4320,#4321));
#4304 = ORIENTED_EDGE('',*,*,#4305,.F.);
#4305 = EDGE_CURVE('',#4306,#4308,#4310,.T.);
#4306 = VERTEX_POINT('',#4307);
#4307 = CARTESIAN_POINT('',(-0.3,-0.25,2.E-02));
#4308 = VERTEX_POINT('',#4309);
#4309 = CARTESIAN_POINT('',(-0.3,-0.25,0.48));
#4310 = LINE('',#4311,#4312);
#4311 = CARTESIAN_POINT('',(-0.3,-0.25,0.));
#4312 = VECTOR('',#4313,1.);
#4313 = DIRECTION('',(0.,0.,1.));
#4314 = ORIENTED_EDGE('',*,*,#4315,.F.);
#4315 = EDGE_CURVE('',#4230,#4306,#4316,.T.);
#4316 = LINE('',#4317,#4318);
#4317 = CARTESIAN_POINT('',(-0.5,-0.25,2.E-02));
#4318 = VECTOR('',#4319,1.);
#4319 = DIRECTION('',(1.,0.,0.));
#4320 = ORIENTED_EDGE('',*,*,#4229,.T.);
#4321 = ORIENTED_EDGE('',*,*,#4322,.T.);
#4322 = EDGE_CURVE('',#4232,#4308,#4323,.T.);
#4323 = LINE('',#4324,#4325);
#4324 = CARTESIAN_POINT('',(-0.5,-0.25,0.48));
#4325 = VECTOR('',#4326,1.);
#4326 = DIRECTION('',(1.,0.,0.));
#4327 = PLANE('',#4328);
#4328 = AXIS2_PLACEMENT_3D('',#4329,#4330,#4331);
#4329 = CARTESIAN_POINT('',(-0.5,-0.25,0.));
#4330 = DIRECTION('',(0.,1.,0.));
#4331 = DIRECTION('',(0.,-0.,1.));
#4332 = ADVANCED_FACE('',(#4333),#4352,.T.);
#4333 = FACE_BOUND('',#4334,.T.);
#4334 = EDGE_LOOP('',(#4335,#4336,#4344,#4351));
#4335 = ORIENTED_EDGE('',*,*,#4239,.T.);
#4336 = ORIENTED_EDGE('',*,*,#4337,.T.);
#4337 = EDGE_CURVE('',#4240,#4338,#4340,.T.);
#4338 = VERTEX_POINT('',#4339);
#4339 = CARTESIAN_POINT('',(-0.3,-0.23,0.));
#4340 = LINE('',#4341,#4342);
#4341 = CARTESIAN_POINT('',(-0.5,-0.23,0.));
#4342 = VECTOR('',#4343,1.);
#4343 = DIRECTION('',(1.,0.,0.));
#4344 = ORIENTED_EDGE('',*,*,#4345,.F.);
#4345 = EDGE_CURVE('',#4306,#4338,#4346,.T.);
#4346 = CIRCLE('',#4347,2.E-02);
#4347 = AXIS2_PLACEMENT_3D('',#4348,#4349,#4350);
#4348 = CARTESIAN_POINT('',(-0.3,-0.23,2.E-02));
#4349 = DIRECTION('',(1.,0.,-0.));
#4350 = DIRECTION('',(0.,0.,1.));
#4351 = ORIENTED_EDGE('',*,*,#4315,.F.);
#4352 = CYLINDRICAL_SURFACE('',#4353,2.E-02);
#4353 = AXIS2_PLACEMENT_3D('',#4354,#4355,#4356);
#4354 = CARTESIAN_POINT('',(-0.5,-0.23,2.E-02));
#4355 = DIRECTION('',(1.,0.,0.));
#4356 = DIRECTION('',(0.,-1.,0.));
#4357 = ADVANCED_FACE('',(#4358),#4377,.T.);
#4358 = FACE_BOUND('',#4359,.T.);
#4359 = EDGE_LOOP('',(#4360,#4361,#4370,#4376));
#4360 = ORIENTED_EDGE('',*,*,#4322,.T.);
#4361 = ORIENTED_EDGE('',*,*,#4362,.T.);
#4362 = EDGE_CURVE('',#4308,#4363,#4365,.T.);
#4363 = VERTEX_POINT('',#4364);
#4364 = CARTESIAN_POINT('',(-0.3,-0.23,0.5));
#4365 = CIRCLE('',#4366,2.E-02);
#4366 = AXIS2_PLACEMENT_3D('',#4367,#4368,#4369);
#4367 = CARTESIAN_POINT('',(-0.3,-0.23,0.48));
#4368 = DIRECTION('',(-1.,0.,0.));
#4369 = DIRECTION('',(0.,0.,1.));
#4370 = ORIENTED_EDGE('',*,*,#4371,.F.);
#4371 = EDGE_CURVE('',#4283,#4363,#4372,.T.);
#4372 = LINE('',#4373,#4374);
#4373 = CARTESIAN_POINT('',(-0.5,-0.23,0.5));
#4374 = VECTOR('',#4375,1.);
#4375 = DIRECTION('',(1.,0.,0.));
#4376 = ORIENTED_EDGE('',*,*,#4290,.F.);
#4377 = CYLINDRICAL_SURFACE('',#4378,2.E-02);
#4378 = AXIS2_PLACEMENT_3D('',#4379,#4380,#4381);
#4379 = CARTESIAN_POINT('',(-0.5,-0.23,0.48));
#4380 = DIRECTION('',(1.,0.,0.));
#4381 = DIRECTION('',(0.,-1.,0.));
#4382 = ADVANCED_FACE('',(#4383),#4401,.F.);
#4383 = FACE_BOUND('',#4384,.F.);
#4384 = EDGE_LOOP('',(#4385,#4386,#4387,#4395));
#4385 = ORIENTED_EDGE('',*,*,#4248,.F.);
#4386 = ORIENTED_EDGE('',*,*,#4337,.T.);
#4387 = ORIENTED_EDGE('',*,*,#4388,.T.);
#4388 = EDGE_CURVE('',#4338,#4389,#4391,.T.);
#4389 = VERTEX_POINT('',#4390);
#4390 = CARTESIAN_POINT('',(-0.3,0.23,0.));
#4391 = LINE('',#4392,#4393);
#4392 = CARTESIAN_POINT('',(-0.3,-0.25,0.));
#4393 = VECTOR('',#4394,1.);
#4394 = DIRECTION('',(0.,1.,0.));
#4395 = ORIENTED_EDGE('',*,*,#4396,.F.);
#4396 = EDGE_CURVE('',#4249,#4389,#4397,.T.);
#4397 = LINE('',#4398,#4399);
#4398 = CARTESIAN_POINT('',(-0.5,0.23,0.));
#4399 = VECTOR('',#4400,1.);
#4400 = DIRECTION('',(1.,0.,0.));
#4401 = PLANE('',#4402);
#4402 = AXIS2_PLACEMENT_3D('',#4403,#4404,#4405);
#4403 = CARTESIAN_POINT('',(-0.5,-0.25,0.));
#4404 = DIRECTION('',(0.,0.,1.));
#4405 = DIRECTION('',(1.,0.,-0.));
#4406 = ADVANCED_FACE('',(#4407),#4425,.T.);
#4407 = FACE_BOUND('',#4408,.T.);
#4408 = EDGE_LOOP('',(#4409,#4410,#4411,#4419));
#4409 = ORIENTED_EDGE('',*,*,#4282,.F.);
#4410 = ORIENTED_EDGE('',*,*,#4371,.T.);
#4411 = ORIENTED_EDGE('',*,*,#4412,.T.);
#4412 = EDGE_CURVE('',#4363,#4413,#4415,.T.);
#4413 = VERTEX_POINT('',#4414);
#4414 = CARTESIAN_POINT('',(-0.3,0.23,0.5));
#4415 = LINE('',#4416,#4417);
#4416 = CARTESIAN_POINT('',(-0.3,-0.25,0.5));
#4417 = VECTOR('',#4418,1.);
#4418 = DIRECTION('',(0.,1.,0.));
#4419 = ORIENTED_EDGE('',*,*,#4420,.F.);
#4420 = EDGE_CURVE('',#4274,#4413,#4421,.T.);
#4421 = LINE('',#4422,#4423);
#4422 = CARTESIAN_POINT('',(-0.5,0.23,0.5));
#4423 = VECTOR('',#4424,1.);
#4424 = DIRECTION('',(1.,0.,0.));
#4425 = PLANE('',#4426);
#4426 = AXIS2_PLACEMENT_3D('',#4427,#4428,#4429);
#4427 = CARTESIAN_POINT('',(-0.5,-0.25,0.5));
#4428 = DIRECTION('',(0.,0.,1.));
#4429 = DIRECTION('',(1.,0.,-0.));
#4430 = ADVANCED_FACE('',(#4431),#4450,.T.);
#4431 = FACE_BOUND('',#4432,.T.);
#4432 = EDGE_LOOP('',(#4433,#4441,#4448,#4449));
#4433 = ORIENTED_EDGE('',*,*,#4434,.T.);
#4434 = EDGE_CURVE('',#4257,#4435,#4437,.T.);
#4435 = VERTEX_POINT('',#4436);
#4436 = CARTESIAN_POINT('',(-0.3,0.25,2.E-02));
#4437 = LINE('',#4438,#4439);
#4438 = CARTESIAN_POINT('',(-0.5,0.25,2.E-02));
#4439 = VECTOR('',#4440,1.);
#4440 = DIRECTION('',(1.,0.,0.));
#4441 = ORIENTED_EDGE('',*,*,#4442,.T.);
#4442 = EDGE_CURVE('',#4435,#4389,#4443,.T.);
#4443 = CIRCLE('',#4444,2.E-02);
#4444 = AXIS2_PLACEMENT_3D('',#4445,#4446,#4447);
#4445 = CARTESIAN_POINT('',(-0.3,0.23,2.E-02));
#4446 = DIRECTION('',(-1.,0.,0.));
#4447 = DIRECTION('',(0.,0.,1.));
#4448 = ORIENTED_EDGE('',*,*,#4396,.F.);
#4449 = ORIENTED_EDGE('',*,*,#4256,.F.);
#4450 = CYLINDRICAL_SURFACE('',#4451,2.E-02);
#4451 = AXIS2_PLACEMENT_3D('',#4452,#4453,#4454);
#4452 = CARTESIAN_POINT('',(-0.5,0.23,2.E-02));
#4453 = DIRECTION('',(1.,0.,0.));
#4454 = DIRECTION('',(-0.,1.,0.));
#4455 = ADVANCED_FACE('',(#4456),#4475,.T.);
#4456 = FACE_BOUND('',#4457,.T.);
#4457 = EDGE_LOOP('',(#4458,#4459,#4460,#4469));
#4458 = ORIENTED_EDGE('',*,*,#4273,.T.);
#4459 = ORIENTED_EDGE('',*,*,#4420,.T.);
#4460 = ORIENTED_EDGE('',*,*,#4461,.F.);
#4461 = EDGE_CURVE('',#4462,#4413,#4464,.T.);
#4462 = VERTEX_POINT('',#4463);
#4463 = CARTESIAN_POINT('',(-0.3,0.25,0.48));
#4464 = CIRCLE('',#4465,2.E-02);
#4465 = AXIS2_PLACEMENT_3D('',#4466,#4467,#4468);
#4466 = CARTESIAN_POINT('',(-0.3,0.23,0.48));
#4467 = DIRECTION('',(1.,0.,-0.));
#4468 = DIRECTION('',(0.,0.,1.));
#4469 = ORIENTED_EDGE('',*,*,#4470,.F.);
#4470 = EDGE_CURVE('',#4266,#4462,#4471,.T.);
#4471 = LINE('',#4472,#4473);
#4472 = CARTESIAN_POINT('',(-0.5,0.25,0.48));
#4473 = VECTOR('',#4474,1.);
#4474 = DIRECTION('',(1.,0.,0.));
#4475 = CYLINDRICAL_SURFACE('',#4476,2.E-02);
#4476 = AXIS2_PLACEMENT_3D('',#4477,#4478,#4479);
#4477 = CARTESIAN_POINT('',(-0.5,0.23,0.48));
#4478 = DIRECTION('',(1.,0.,0.));
#4479 = DIRECTION('',(-0.,1.,0.));
#4480 = ADVANCED_FACE('',(#4481),#4492,.T.);
#4481 = FACE_BOUND('',#4482,.T.);
#4482 = EDGE_LOOP('',(#4483,#4489,#4490,#4491));
#4483 = ORIENTED_EDGE('',*,*,#4484,.F.);
#4484 = EDGE_CURVE('',#4435,#4462,#4485,.T.);
#4485 = LINE('',#4486,#4487);
#4486 = CARTESIAN_POINT('',(-0.3,0.25,0.));
#4487 = VECTOR('',#4488,1.);
#4488 = DIRECTION('',(0.,0.,1.));
#4489 = ORIENTED_EDGE('',*,*,#4434,.F.);
#4490 = ORIENTED_EDGE('',*,*,#4265,.T.);
#4491 = ORIENTED_EDGE('',*,*,#4470,.T.);
#4492 = PLANE('',#4493);
#4493 = AXIS2_PLACEMENT_3D('',#4494,#4495,#4496);
#4494 = CARTESIAN_POINT('',(-0.5,0.25,0.));
#4495 = DIRECTION('',(0.,1.,0.));
#4496 = DIRECTION('',(0.,-0.,1.));
#4497 = ADVANCED_FACE('',(#4498,#4508),#4578,.T.);
#4498 = FACE_BOUND('',#4499,.T.);
#4499 = EDGE_LOOP('',(#4500,#4501,#4502,#4503,#4504,#4505,#4506,#4507));
#4500 = ORIENTED_EDGE('',*,*,#4305,.F.);
#4501 = ORIENTED_EDGE('',*,*,#4345,.T.);
#4502 = ORIENTED_EDGE('',*,*,#4388,.T.);
#4503 = ORIENTED_EDGE('',*,*,#4442,.F.);
#4504 = ORIENTED_EDGE('',*,*,#4484,.T.);
#4505 = ORIENTED_EDGE('',*,*,#4461,.T.);
#4506 = ORIENTED_EDGE('',*,*,#4412,.F.);
#4507 = ORIENTED_EDGE('',*,*,#4362,.F.);
#4508 = FACE_BOUND('',#4509,.T.);
#4509 = EDGE_LOOP('',(#4510,#4521,#4529,#4538,#4546,#4555,#4563,#4572));
#4510 = ORIENTED_EDGE('',*,*,#4511,.F.);
#4511 = EDGE_CURVE('',#4512,#4514,#4516,.T.);
#4512 = VERTEX_POINT('',#4513);
#4513 = CARTESIAN_POINT('',(-0.3,-0.23,4.E-02));
#4514 = VERTEX_POINT('',#4515);
#4515 = CARTESIAN_POINT('',(-0.3,-0.21,2.E-02));
#4516 = CIRCLE('',#4517,2.E-02);
#4517 = AXIS2_PLACEMENT_3D('',#4518,#4519,#4520);
#4518 = CARTESIAN_POINT('',(-0.3,-0.21,4.E-02));
#4519 = DIRECTION('',(1.,0.,-0.));
#4520 = DIRECTION('',(0.,0.,1.));
#4521 = ORIENTED_EDGE('',*,*,#4522,.T.);
#4522 = EDGE_CURVE('',#4512,#4523,#4525,.T.);
#4523 = VERTEX_POINT('',#4524);
#4524 = CARTESIAN_POINT('',(-0.3,-0.23,0.46));
#4525 = LINE('',#4526,#4527);
#4526 = CARTESIAN_POINT('',(-0.3,-0.23,2.E-02));
#4527 = VECTOR('',#4528,1.);
#4528 = DIRECTION('',(0.,0.,1.));
#4529 = ORIENTED_EDGE('',*,*,#4530,.T.);
#4530 = EDGE_CURVE('',#4523,#4531,#4533,.T.);
#4531 = VERTEX_POINT('',#4532);
#4532 = CARTESIAN_POINT('',(-0.3,-0.21,0.48));
#4533 = CIRCLE('',#4534,2.E-02);
#4534 = AXIS2_PLACEMENT_3D('',#4535,#4536,#4537);
#4535 = CARTESIAN_POINT('',(-0.3,-0.21,0.46));
#4536 = DIRECTION('',(-1.,0.,0.));
#4537 = DIRECTION('',(0.,0.,1.));
#4538 = ORIENTED_EDGE('',*,*,#4539,.T.);
#4539 = EDGE_CURVE('',#4531,#4540,#4542,.T.);
#4540 = VERTEX_POINT('',#4541);
#4541 = CARTESIAN_POINT('',(-0.3,0.21,0.48));
#4542 = LINE('',#4543,#4544);
#4543 = CARTESIAN_POINT('',(-0.3,-0.23,0.48));
#4544 = VECTOR('',#4545,1.);
#4545 = DIRECTION('',(0.,1.,0.));
#4546 = ORIENTED_EDGE('',*,*,#4547,.F.);
#4547 = EDGE_CURVE('',#4548,#4540,#4550,.T.);
#4548 = VERTEX_POINT('',#4549);
#4549 = CARTESIAN_POINT('',(-0.3,0.23,0.46));
#4550 = CIRCLE('',#4551,2.E-02);
#4551 = AXIS2_PLACEMENT_3D('',#4552,#4553,#4554);
#4552 = CARTESIAN_POINT('',(-0.3,0.21,0.46));
#4553 = DIRECTION('',(1.,0.,-0.));
#4554 = DIRECTION('',(0.,0.,1.));
#4555 = ORIENTED_EDGE('',*,*,#4556,.F.);
#4556 = EDGE_CURVE('',#4557,#4548,#4559,.T.);
#4557 = VERTEX_POINT('',#4558);
#4558 = CARTESIAN_POINT('',(-0.3,0.23,4.E-02));
#4559 = LINE('',#4560,#4561);
#4560 = CARTESIAN_POINT('',(-0.3,0.23,2.E-02));
#4561 = VECTOR('',#4562,1.);
#4562 = DIRECTION('',(0.,0.,1.));
#4563 = ORIENTED_EDGE('',*,*,#4564,.T.);
#4564 = EDGE_CURVE('',#4557,#4565,#4567,.T.);
#4565 = VERTEX_POINT('',#4566);
#4566 = CARTESIAN_POINT('',(-0.3,0.21,2.E-02));
#4567 = CIRCLE('',#4568,2.E-02);
#4568 = AXIS2_PLACEMENT_3D('',#4569,#4570,#4571);
#4569 = CARTESIAN_POINT('',(-0.3,0.21,4.E-02));
#4570 = DIRECTION('',(-1.,0.,0.));
#4571 = DIRECTION('',(0.,0.,1.));
#4572 = ORIENTED_EDGE('',*,*,#4573,.F.);
#4573 = EDGE_CURVE('',#4514,#4565,#4574,.T.);
#4574 = LINE('',#4575,#4576);
#4575 = CARTESIAN_POINT('',(-0.3,-0.23,2.E-02));
#4576 = VECTOR('',#4577,1.);
#4577 = DIRECTION('',(0.,1.,0.));
#4578 = PLANE('',#4579);
#4579 = AXIS2_PLACEMENT_3D('',#4580,#4581,#4582);
#4580 = CARTESIAN_POINT('',(-0.3,-0.25,0.));
#4581 = DIRECTION('',(1.,0.,0.));
#4582 = DIRECTION('',(0.,0.,1.));
#4583 = ADVANCED_FACE('',(#4584),#4610,.T.);
#4584 = FACE_BOUND('',#4585,.T.);
#4585 = EDGE_LOOP('',(#4586,#4587,#4595,#4604));
#4586 = ORIENTED_EDGE('',*,*,#4511,.T.);
#4587 = ORIENTED_EDGE('',*,*,#4588,.T.);
#4588 = EDGE_CURVE('',#4514,#4589,#4591,.T.);
#4589 = VERTEX_POINT('',#4590);
#4590 = CARTESIAN_POINT('',(0.3,-0.21,2.E-02));
#4591 = LINE('',#4592,#4593);
#4592 = CARTESIAN_POINT('',(-0.3,-0.21,2.E-02));
#4593 = VECTOR('',#4594,1.);
#4594 = DIRECTION('',(1.,0.,0.));
#4595 = ORIENTED_EDGE('',*,*,#4596,.F.);
#4596 = EDGE_CURVE('',#4597,#4589,#4599,.T.);
#4597 = VERTEX_POINT('',#4598);
#4598 = CARTESIAN_POINT('',(0.3,-0.23,4.E-02));
#4599 = CIRCLE('',#4600,2.E-02);
#4600 = AXIS2_PLACEMENT_3D('',#4601,#4602,#4603);
#4601 = CARTESIAN_POINT('',(0.3,-0.21,4.E-02));
#4602 = DIRECTION('',(1.,0.,-0.));
#4603 = DIRECTION('',(0.,0.,1.));
#4604 = ORIENTED_EDGE('',*,*,#4605,.F.);
#4605 = EDGE_CURVE('',#4512,#4597,#4606,.T.);
#4606 = LINE('',#4607,#4608);
#4607 = CARTESIAN_POINT('',(-0.3,-0.23,4.E-02));
#4608 = VECTOR('',#4609,1.);
#4609 = DIRECTION('',(1.,0.,0.));
#4610 = CYLINDRICAL_SURFACE('',#4611,2.E-02);
#4611 = AXIS2_PLACEMENT_3D('',#4612,#4613,#4614);
#4612 = CARTESIAN_POINT('',(-0.3,-0.21,4.E-02));
#4613 = DIRECTION('',(1.,0.,0.));
#4614 = DIRECTION('',(0.,-1.,0.));
#4615 = ADVANCED_FACE('',(#4616),#4634,.F.);
#4616 = FACE_BOUND('',#4617,.F.);
#4617 = EDGE_LOOP('',(#4618,#4619,#4620,#4628));
#4618 = ORIENTED_EDGE('',*,*,#4573,.F.);
#4619 = ORIENTED_EDGE('',*,*,#4588,.T.);
#4620 = ORIENTED_EDGE('',*,*,#4621,.T.);
#4621 = EDGE_CURVE('',#4589,#4622,#4624,.T.);
#4622 = VERTEX_POINT('',#4623);
#4623 = CARTESIAN_POINT('',(0.3,0.21,2.E-02));
#4624 = LINE('',#4625,#4626);
#4625 = CARTESIAN_POINT('',(0.3,-0.23,2.E-02));
#4626 = VECTOR('',#4627,1.);
#4627 = DIRECTION('',(0.,1.,0.));
#4628 = ORIENTED_EDGE('',*,*,#4629,.F.);
#4629 = EDGE_CURVE('',#4565,#4622,#4630,.T.);
#4630 = LINE('',#4631,#4632);
#4631 = CARTESIAN_POINT('',(-0.3,0.21,2.E-02));
#4632 = VECTOR('',#4633,1.);
#4633 = DIRECTION('',(1.,0.,0.));
#4634 = PLANE('',#4635);
#4635 = AXIS2_PLACEMENT_3D('',#4636,#4637,#4638);
#4636 = CARTESIAN_POINT('',(-0.3,-0.23,2.E-02));
#4637 = DIRECTION('',(0.,0.,1.));
#4638 = DIRECTION('',(1.,0.,-0.));
#4639 = ADVANCED_FACE('',(#4640),#4659,.T.);
#4640 = FACE_BOUND('',#4641,.T.);
#4641 = EDGE_LOOP('',(#4642,#4650,#4657,#4658));
#4642 = ORIENTED_EDGE('',*,*,#4643,.T.);
#4643 = EDGE_CURVE('',#4557,#4644,#4646,.T.);
#4644 = VERTEX_POINT('',#4645);
#4645 = CARTESIAN_POINT('',(0.3,0.23,4.E-02));
#4646 = LINE('',#4647,#4648);
#4647 = CARTESIAN_POINT('',(-0.3,0.23,4.E-02));
#4648 = VECTOR('',#4649,1.);
#4649 = DIRECTION('',(1.,0.,0.));
#4650 = ORIENTED_EDGE('',*,*,#4651,.T.);
#4651 = EDGE_CURVE('',#4644,#4622,#4652,.T.);
#4652 = CIRCLE('',#4653,2.E-02);
#4653 = AXIS2_PLACEMENT_3D('',#4654,#4655,#4656);
#4654 = CARTESIAN_POINT('',(0.3,0.21,4.E-02));
#4655 = DIRECTION('',(-1.,0.,0.));
#4656 = DIRECTION('',(0.,0.,1.));
#4657 = ORIENTED_EDGE('',*,*,#4629,.F.);
#4658 = ORIENTED_EDGE('',*,*,#4564,.F.);
#4659 = CYLINDRICAL_SURFACE('',#4660,2.E-02);
#4660 = AXIS2_PLACEMENT_3D('',#4661,#4662,#4663);
#4661 = CARTESIAN_POINT('',(-0.3,0.21,4.E-02));
#4662 = DIRECTION('',(1.,0.,0.));
#4663 = DIRECTION('',(-0.,1.,0.));
#4664 = ADVANCED_FACE('',(#4665),#4683,.T.);
#4665 = FACE_BOUND('',#4666,.T.);
#4666 = EDGE_LOOP('',(#4667,#4675,#4676,#4677));
#4667 = ORIENTED_EDGE('',*,*,#4668,.F.);
#4668 = EDGE_CURVE('',#4644,#4669,#4671,.T.);
#4669 = VERTEX_POINT('',#4670);
#4670 = CARTESIAN_POINT('',(0.3,0.23,0.46));
#4671 = LINE('',#4672,#4673);
#4672 = CARTESIAN_POINT('',(0.3,0.23,2.E-02));
#4673 = VECTOR('',#4674,1.);
#4674 = DIRECTION('',(0.,0.,1.));
#4675 = ORIENTED_EDGE('',*,*,#4643,.F.);
#4676 = ORIENTED_EDGE('',*,*,#4556,.T.);
#4677 = ORIENTED_EDGE('',*,*,#4678,.T.);
#4678 = EDGE_CURVE('',#4548,#4669,#4679,.T.);
#4679 = LINE('',#4680,#4681);
#4680 = CARTESIAN_POINT('',(-0.3,0.23,0.46));
#4681 = VECTOR('',#4682,1.);
#4682 = DIRECTION('',(1.,0.,0.));
#4683 = PLANE('',#4684);
#4684 = AXIS2_PLACEMENT_3D('',#4685,#4686,#4687);
#4685 = CARTESIAN_POINT('',(-0.3,0.23,2.E-02));
#4686 = DIRECTION('',(0.,1.,0.));
#4687 = DIRECTION('',(0.,-0.,1.));
#4688 = ADVANCED_FACE('',(#4689),#4708,.T.);
#4689 = FACE_BOUND('',#4690,.T.);
#4690 = EDGE_LOOP('',(#4691,#4692,#4700,#4707));
#4691 = ORIENTED_EDGE('',*,*,#4547,.T.);
#4692 = ORIENTED_EDGE('',*,*,#4693,.T.);
#4693 = EDGE_CURVE('',#4540,#4694,#4696,.T.);
#4694 = VERTEX_POINT('',#4695);
#4695 = CARTESIAN_POINT('',(0.3,0.21,0.48));
#4696 = LINE('',#4697,#4698);
#4697 = CARTESIAN_POINT('',(-0.3,0.21,0.48));
#4698 = VECTOR('',#4699,1.);
#4699 = DIRECTION('',(1.,0.,0.));
#4700 = ORIENTED_EDGE('',*,*,#4701,.F.);
#4701 = EDGE_CURVE('',#4669,#4694,#4702,.T.);
#4702 = CIRCLE('',#4703,2.E-02);
#4703 = AXIS2_PLACEMENT_3D('',#4704,#4705,#4706);
#4704 = CARTESIAN_POINT('',(0.3,0.21,0.46));
#4705 = DIRECTION('',(1.,0.,-0.));
#4706 = DIRECTION('',(0.,0.,1.));
#4707 = ORIENTED_EDGE('',*,*,#4678,.F.);
#4708 = CYLINDRICAL_SURFACE('',#4709,2.E-02);
#4709 = AXIS2_PLACEMENT_3D('',#4710,#4711,#4712);
#4710 = CARTESIAN_POINT('',(-0.3,0.21,0.46));
#4711 = DIRECTION('',(1.,0.,0.));
#4712 = DIRECTION('',(-0.,1.,0.));
#4713 = ADVANCED_FACE('',(#4714),#4732,.T.);
#4714 = FACE_BOUND('',#4715,.T.);
#4715 = EDGE_LOOP('',(#4716,#4717,#4725,#4731));
#4716 = ORIENTED_EDGE('',*,*,#4539,.F.);
#4717 = ORIENTED_EDGE('',*,*,#4718,.T.);
#4718 = EDGE_CURVE('',#4531,#4719,#4721,.T.);
#4719 = VERTEX_POINT('',#4720);
#4720 = CARTESIAN_POINT('',(0.3,-0.21,0.48));
#4721 = LINE('',#4722,#4723);
#4722 = CARTESIAN_POINT('',(-0.3,-0.21,0.48));
#4723 = VECTOR('',#4724,1.);
#4724 = DIRECTION('',(1.,0.,0.));
#4725 = ORIENTED_EDGE('',*,*,#4726,.T.);
#4726 = EDGE_CURVE('',#4719,#4694,#4727,.T.);
#4727 = LINE('',#4728,#4729);
#4728 = CARTESIAN_POINT('',(0.3,-0.23,0.48));
#4729 = VECTOR('',#4730,1.);
#4730 = DIRECTION('',(0.,1.,0.));
#4731 = ORIENTED_EDGE('',*,*,#4693,.F.);
#4732 = PLANE('',#4733);
#4733 = AXIS2_PLACEMENT_3D('',#4734,#4735,#4736);
#4734 = CARTESIAN_POINT('',(-0.3,-0.23,0.48));
#4735 = DIRECTION('',(0.,0.,1.));
#4736 = DIRECTION('',(1.,0.,-0.));
#4737 = ADVANCED_FACE('',(#4738),#4757,.T.);
#4738 = FACE_BOUND('',#4739,.T.);
#4739 = EDGE_LOOP('',(#4740,#4748,#4755,#4756));
#4740 = ORIENTED_EDGE('',*,*,#4741,.T.);
#4741 = EDGE_CURVE('',#4523,#4742,#4744,.T.);
#4742 = VERTEX_POINT('',#4743);
#4743 = CARTESIAN_POINT('',(0.3,-0.23,0.46));
#4744 = LINE('',#4745,#4746);
#4745 = CARTESIAN_POINT('',(-0.3,-0.23,0.46));
#4746 = VECTOR('',#4747,1.);
#4747 = DIRECTION('',(1.,0.,0.));
#4748 = ORIENTED_EDGE('',*,*,#4749,.T.);
#4749 = EDGE_CURVE('',#4742,#4719,#4750,.T.);
#4750 = CIRCLE('',#4751,2.E-02);
#4751 = AXIS2_PLACEMENT_3D('',#4752,#4753,#4754);
#4752 = CARTESIAN_POINT('',(0.3,-0.21,0.46));
#4753 = DIRECTION('',(-1.,0.,0.));
#4754 = DIRECTION('',(0.,0.,1.));
#4755 = ORIENTED_EDGE('',*,*,#4718,.F.);
#4756 = ORIENTED_EDGE('',*,*,#4530,.F.);
#4757 = CYLINDRICAL_SURFACE('',#4758,2.E-02);
#4758 = AXIS2_PLACEMENT_3D('',#4759,#4760,#4761);
#4759 = CARTESIAN_POINT('',(-0.3,-0.21,0.46));
#4760 = DIRECTION('',(1.,0.,0.));
#4761 = DIRECTION('',(0.,-1.,0.));
#4762 = ADVANCED_FACE('',(#4763),#4774,.F.);
#4763 = FACE_BOUND('',#4764,.F.);
#4764 = EDGE_LOOP('',(#4765,#4771,#4772,#4773));
#4765 = ORIENTED_EDGE('',*,*,#4766,.F.);
#4766 = EDGE_CURVE('',#4597,#4742,#4767,.T.);
#4767 = LINE('',#4768,#4769);
#4768 = CARTESIAN_POINT('',(0.3,-0.23,2.E-02));
#4769 = VECTOR('',#4770,1.);
#4770 = DIRECTION('',(0.,0.,1.));
#4771 = ORIENTED_EDGE('',*,*,#4605,.F.);
#4772 = ORIENTED_EDGE('',*,*,#4522,.T.);
#4773 = ORIENTED_EDGE('',*,*,#4741,.T.);
#4774 = PLANE('',#4775);
#4775 = AXIS2_PLACEMENT_3D('',#4776,#4777,#4778);
#4776 = CARTESIAN_POINT('',(-0.3,-0.23,2.E-02));
#4777 = DIRECTION('',(0.,1.,0.));
#4778 = DIRECTION('',(0.,-0.,1.));
#4779 = ADVANCED_FACE('',(#4780,#4850),#4860,.F.);
#4780 = FACE_BOUND('',#4781,.F.);
#4781 = EDGE_LOOP('',(#4782,#4792,#4801,#4809,#4818,#4826,#4835,#4843));
#4782 = ORIENTED_EDGE('',*,*,#4783,.F.);
#4783 = EDGE_CURVE('',#4784,#4786,#4788,.T.);
#4784 = VERTEX_POINT('',#4785);
#4785 = CARTESIAN_POINT('',(0.3,-0.25,2.E-02));
#4786 = VERTEX_POINT('',#4787);
#4787 = CARTESIAN_POINT('',(0.3,-0.25,0.48));
#4788 = LINE('',#4789,#4790);
#4789 = CARTESIAN_POINT('',(0.3,-0.25,0.));
#4790 = VECTOR('',#4791,1.);
#4791 = DIRECTION('',(0.,0.,1.));
#4792 = ORIENTED_EDGE('',*,*,#4793,.T.);
#4793 = EDGE_CURVE('',#4784,#4794,#4796,.T.);
#4794 = VERTEX_POINT('',#4795);
#4795 = CARTESIAN_POINT('',(0.3,-0.23,0.));
#4796 = CIRCLE('',#4797,2.E-02);
#4797 = AXIS2_PLACEMENT_3D('',#4798,#4799,#4800);
#4798 = CARTESIAN_POINT('',(0.3,-0.23,2.E-02));
#4799 = DIRECTION('',(1.,0.,-0.));
#4800 = DIRECTION('',(0.,0.,1.));
#4801 = ORIENTED_EDGE('',*,*,#4802,.T.);
#4802 = EDGE_CURVE('',#4794,#4803,#4805,.T.);
#4803 = VERTEX_POINT('',#4804);
#4804 = CARTESIAN_POINT('',(0.3,0.23,0.));
#4805 = LINE('',#4806,#4807);
#4806 = CARTESIAN_POINT('',(0.3,-0.25,0.));
#4807 = VECTOR('',#4808,1.);
#4808 = DIRECTION('',(0.,1.,0.));
#4809 = ORIENTED_EDGE('',*,*,#4810,.F.);
#4810 = EDGE_CURVE('',#4811,#4803,#4813,.T.);
#4811 = VERTEX_POINT('',#4812);
#4812 = CARTESIAN_POINT('',(0.3,0.25,2.E-02));
#4813 = CIRCLE('',#4814,2.E-02);
#4814 = AXIS2_PLACEMENT_3D('',#4815,#4816,#4817);
#4815 = CARTESIAN_POINT('',(0.3,0.23,2.E-02));
#4816 = DIRECTION('',(-1.,0.,0.));
#4817 = DIRECTION('',(0.,0.,1.));
#4818 = ORIENTED_EDGE('',*,*,#4819,.T.);
#4819 = EDGE_CURVE('',#4811,#4820,#4822,.T.);
#4820 = VERTEX_POINT('',#4821);
#4821 = CARTESIAN_POINT('',(0.3,0.25,0.48));
#4822 = LINE('',#4823,#4824);
#4823 = CARTESIAN_POINT('',(0.3,0.25,0.));
#4824 = VECTOR('',#4825,1.);
#4825 = DIRECTION('',(0.,0.,1.));
#4826 = ORIENTED_EDGE('',*,*,#4827,.T.);
#4827 = EDGE_CURVE('',#4820,#4828,#4830,.T.);
#4828 = VERTEX_POINT('',#4829);
#4829 = CARTESIAN_POINT('',(0.3,0.23,0.5));
#4830 = CIRCLE('',#4831,2.E-02);
#4831 = AXIS2_PLACEMENT_3D('',#4832,#4833,#4834);
#4832 = CARTESIAN_POINT('',(0.3,0.23,0.48));
#4833 = DIRECTION('',(1.,0.,-0.));
#4834 = DIRECTION('',(0.,0.,1.));
#4835 = ORIENTED_EDGE('',*,*,#4836,.F.);
#4836 = EDGE_CURVE('',#4837,#4828,#4839,.T.);
#4837 = VERTEX_POINT('',#4838);
#4838 = CARTESIAN_POINT('',(0.3,-0.23,0.5));
#4839 = LINE('',#4840,#4841);
#4840 = CARTESIAN_POINT('',(0.3,-0.25,0.5));
#4841 = VECTOR('',#4842,1.);
#4842 = DIRECTION('',(0.,1.,0.));
#4843 = ORIENTED_EDGE('',*,*,#4844,.F.);
#4844 = EDGE_CURVE('',#4786,#4837,#4845,.T.);
#4845 = CIRCLE('',#4846,2.E-02);
#4846 = AXIS2_PLACEMENT_3D('',#4847,#4848,#4849);
#4847 = CARTESIAN_POINT('',(0.3,-0.23,0.48));
#4848 = DIRECTION('',(-1.,0.,0.));
#4849 = DIRECTION('',(0.,0.,1.));
#4850 = FACE_BOUND('',#4851,.F.);
#4851 = EDGE_LOOP('',(#4852,#4853,#4854,#4855,#4856,#4857,#4858,#4859));
#4852 = ORIENTED_EDGE('',*,*,#4596,.F.);
#4853 = ORIENTED_EDGE('',*,*,#4766,.T.);
#4854 = ORIENTED_EDGE('',*,*,#4749,.T.);
#4855 = ORIENTED_EDGE('',*,*,#4726,.T.);
#4856 = ORIENTED_EDGE('',*,*,#4701,.F.);
#4857 = ORIENTED_EDGE('',*,*,#4668,.F.);
#4858 = ORIENTED_EDGE('',*,*,#4651,.T.);
#4859 = ORIENTED_EDGE('',*,*,#4621,.F.);
#4860 = PLANE('',#4861);
#4861 = AXIS2_PLACEMENT_3D('',#4862,#4863,#4864);
#4862 = CARTESIAN_POINT('',(0.3,-0.25,0.));
#4863 = DIRECTION('',(1.,0.,0.));
#4864 = DIRECTION('',(0.,0.,1.));
#4865 = ADVANCED_FACE('',(#4866),#4891,.F.);
#4866 = FACE_BOUND('',#4867,.F.);
#4867 = EDGE_LOOP('',(#4868,#4878,#4884,#4885));
#4868 = ORIENTED_EDGE('',*,*,#4869,.F.);
#4869 = EDGE_CURVE('',#4870,#4872,#4874,.T.);
#4870 = VERTEX_POINT('',#4871);
#4871 = CARTESIAN_POINT('',(0.5,-0.25,2.E-02));
#4872 = VERTEX_POINT('',#4873);
#4873 = CARTESIAN_POINT('',(0.5,-0.25,0.48));
#4874 = LINE('',#4875,#4876);
#4875 = CARTESIAN_POINT('',(0.5,-0.25,0.));
#4876 = VECTOR('',#4877,1.);
#4877 = DIRECTION('',(0.,0.,1.));
#4878 = ORIENTED_EDGE('',*,*,#4879,.F.);
#4879 = EDGE_CURVE('',#4784,#4870,#4880,.T.);
#4880 = LINE('',#4881,#4882);
#4881 = CARTESIAN_POINT('',(0.3,-0.25,2.E-02));
#4882 = VECTOR('',#4883,1.);
#4883 = DIRECTION('',(1.,0.,0.));
#4884 = ORIENTED_EDGE('',*,*,#4783,.T.);
#4885 = ORIENTED_EDGE('',*,*,#4886,.T.);
#4886 = EDGE_CURVE('',#4786,#4872,#4887,.T.);
#4887 = LINE('',#4888,#4889);
#4888 = CARTESIAN_POINT('',(0.3,-0.25,0.48));
#4889 = VECTOR('',#4890,1.);
#4890 = DIRECTION('',(1.,0.,0.));
#4891 = PLANE('',#4892);
#4892 = AXIS2_PLACEMENT_3D('',#4893,#4894,#4895);
#4893 = CARTESIAN_POINT('',(0.3,-0.25,0.));
#4894 = DIRECTION('',(0.,1.,0.));
#4895 = DIRECTION('',(0.,-0.,1.));
#4896 = ADVANCED_FACE('',(#4897),#4916,.T.);
#4897 = FACE_BOUND('',#4898,.T.);
#4898 = EDGE_LOOP('',(#4899,#4900,#4908,#4915));
#4899 = ORIENTED_EDGE('',*,*,#4793,.T.);
#4900 = ORIENTED_EDGE('',*,*,#4901,.T.);
#4901 = EDGE_CURVE('',#4794,#4902,#4904,.T.);
#4902 = VERTEX_POINT('',#4903);
#4903 = CARTESIAN_POINT('',(0.5,-0.23,0.));
#4904 = LINE('',#4905,#4906);
#4905 = CARTESIAN_POINT('',(0.3,-0.23,0.));
#4906 = VECTOR('',#4907,1.);
#4907 = DIRECTION('',(1.,0.,0.));
#4908 = ORIENTED_EDGE('',*,*,#4909,.F.);
#4909 = EDGE_CURVE('',#4870,#4902,#4910,.T.);
#4910 = CIRCLE('',#4911,2.E-02);
#4911 = AXIS2_PLACEMENT_3D('',#4912,#4913,#4914);
#4912 = CARTESIAN_POINT('',(0.5,-0.23,2.E-02));
#4913 = DIRECTION('',(1.,0.,-0.));
#4914 = DIRECTION('',(0.,0.,1.));
#4915 = ORIENTED_EDGE('',*,*,#4879,.F.);
#4916 = CYLINDRICAL_SURFACE('',#4917,2.E-02);
#4917 = AXIS2_PLACEMENT_3D('',#4918,#4919,#4920);
#4918 = CARTESIAN_POINT('',(0.3,-0.23,2.E-02));
#4919 = DIRECTION('',(1.,0.,0.));
#4920 = DIRECTION('',(0.,-1.,0.));
#4921 = ADVANCED_FACE('',(#4922),#4941,.T.);
#4922 = FACE_BOUND('',#4923,.T.);
#4923 = EDGE_LOOP('',(#4924,#4925,#4934,#4940));
#4924 = ORIENTED_EDGE('',*,*,#4886,.T.);
#4925 = ORIENTED_EDGE('',*,*,#4926,.T.);
#4926 = EDGE_CURVE('',#4872,#4927,#4929,.T.);
#4927 = VERTEX_POINT('',#4928);
#4928 = CARTESIAN_POINT('',(0.5,-0.23,0.5));
#4929 = CIRCLE('',#4930,2.E-02);
#4930 = AXIS2_PLACEMENT_3D('',#4931,#4932,#4933);
#4931 = CARTESIAN_POINT('',(0.5,-0.23,0.48));
#4932 = DIRECTION('',(-1.,0.,0.));
#4933 = DIRECTION('',(0.,0.,1.));
#4934 = ORIENTED_EDGE('',*,*,#4935,.F.);
#4935 = EDGE_CURVE('',#4837,#4927,#4936,.T.);
#4936 = LINE('',#4937,#4938);
#4937 = CARTESIAN_POINT('',(0.3,-0.23,0.5));
#4938 = VECTOR('',#4939,1.);
#4939 = DIRECTION('',(1.,0.,0.));
#4940 = ORIENTED_EDGE('',*,*,#4844,.F.);
#4941 = CYLINDRICAL_SURFACE('',#4942,2.E-02);
#4942 = AXIS2_PLACEMENT_3D('',#4943,#4944,#4945);
#4943 = CARTESIAN_POINT('',(0.3,-0.23,0.48));
#4944 = DIRECTION('',(1.,0.,0.));
#4945 = DIRECTION('',(0.,-1.,0.));
#4946 = ADVANCED_FACE('',(#4947),#4965,.F.);
#4947 = FACE_BOUND('',#4948,.F.);
#4948 = EDGE_LOOP('',(#4949,#4950,#4951,#4959));
#4949 = ORIENTED_EDGE('',*,*,#4802,.F.);
#4950 = ORIENTED_EDGE('',*,*,#4901,.T.);
#4951 = ORIENTED_EDGE('',*,*,#4952,.T.);
#4952 = EDGE_CURVE('',#4902,#4953,#4955,.T.);
#4953 = VERTEX_POINT('',#4954);
#4954 = CARTESIAN_POINT('',(0.5,0.23,0.));
#4955 = LINE('',#4956,#4957);
#4956 = CARTESIAN_POINT('',(0.5,-0.25,0.));
#4957 = VECTOR('',#4958,1.);
#4958 = DIRECTION('',(0.,1.,0.));
#4959 = ORIENTED_EDGE('',*,*,#4960,.F.);
#4960 = EDGE_CURVE('',#4803,#4953,#4961,.T.);
#4961 = LINE('',#4962,#4963);
#4962 = CARTESIAN_POINT('',(0.3,0.23,0.));
#4963 = VECTOR('',#4964,1.);
#4964 = DIRECTION('',(1.,0.,0.));
#4965 = PLANE('',#4966);
#4966 = AXIS2_PLACEMENT_3D('',#4967,#4968,#4969);
#4967 = CARTESIAN_POINT('',(0.3,-0.25,0.));
#4968 = DIRECTION('',(0.,0.,1.));
#4969 = DIRECTION('',(1.,0.,-0.));
#4970 = ADVANCED_FACE('',(#4971),#4989,.T.);
#4971 = FACE_BOUND('',#4972,.T.);
#4972 = EDGE_LOOP('',(#4973,#4974,#4975,#4983));
#4973 = ORIENTED_EDGE('',*,*,#4836,.F.);
#4974 = ORIENTED_EDGE('',*,*,#4935,.T.);
#4975 = ORIENTED_EDGE('',*,*,#4976,.T.);
#4976 = EDGE_CURVE('',#4927,#4977,#4979,.T.);
#4977 = VERTEX_POINT('',#4978);
#4978 = CARTESIAN_POINT('',(0.5,0.23,0.5));
#4979 = LINE('',#4980,#4981);
#4980 = CARTESIAN_POINT('',(0.5,-0.25,0.5));
#4981 = VECTOR('',#4982,1.);
#4982 = DIRECTION('',(0.,1.,0.));
#4983 = ORIENTED_EDGE('',*,*,#4984,.F.);
#4984 = EDGE_CURVE('',#4828,#4977,#4985,.T.);
#4985 = LINE('',#4986,#4987);
#4986 = CARTESIAN_POINT('',(0.3,0.23,0.5));
#4987 = VECTOR('',#4988,1.);
#4988 = DIRECTION('',(1.,0.,0.));
#4989 = PLANE('',#4990);
#4990 = AXIS2_PLACEMENT_3D('',#4991,#4992,#4993);
#4991 = CARTESIAN_POINT('',(0.3,-0.25,0.5));
#4992 = DIRECTION('',(0.,0.,1.));
#4993 = DIRECTION('',(1.,0.,-0.));
#4994 = ADVANCED_FACE('',(#4995),#5014,.T.);
#4995 = FACE_BOUND('',#4996,.T.);
#4996 = EDGE_LOOP('',(#4997,#5005,#5012,#5013));
#4997 = ORIENTED_EDGE('',*,*,#4998,.T.);
#4998 = EDGE_CURVE('',#4811,#4999,#5001,.T.);
#4999 = VERTEX_POINT('',#5000);
#5000 = CARTESIAN_POINT('',(0.5,0.25,2.E-02));
#5001 = LINE('',#5002,#5003);
#5002 = CARTESIAN_POINT('',(0.3,0.25,2.E-02));
#5003 = VECTOR('',#5004,1.);
#5004 = DIRECTION('',(1.,0.,0.));
#5005 = ORIENTED_EDGE('',*,*,#5006,.T.);
#5006 = EDGE_CURVE('',#4999,#4953,#5007,.T.);
#5007 = CIRCLE('',#5008,2.E-02);
#5008 = AXIS2_PLACEMENT_3D('',#5009,#5010,#5011);
#5009 = CARTESIAN_POINT('',(0.5,0.23,2.E-02));
#5010 = DIRECTION('',(-1.,0.,0.));
#5011 = DIRECTION('',(0.,0.,1.));
#5012 = ORIENTED_EDGE('',*,*,#4960,.F.);
#5013 = ORIENTED_EDGE('',*,*,#4810,.F.);
#5014 = CYLINDRICAL_SURFACE('',#5015,2.E-02);
#5015 = AXIS2_PLACEMENT_3D('',#5016,#5017,#5018);
#5016 = CARTESIAN_POINT('',(0.3,0.23,2.E-02));
#5017 = DIRECTION('',(1.,0.,0.));
#5018 = DIRECTION('',(-0.,1.,0.));
#5019 = ADVANCED_FACE('',(#5020),#5039,.T.);
#5020 = FACE_BOUND('',#5021,.T.);
#5021 = EDGE_LOOP('',(#5022,#5023,#5024,#5033));
#5022 = ORIENTED_EDGE('',*,*,#4827,.T.);
#5023 = ORIENTED_EDGE('',*,*,#4984,.T.);
#5024 = ORIENTED_EDGE('',*,*,#5025,.F.);
#5025 = EDGE_CURVE('',#5026,#4977,#5028,.T.);
#5026 = VERTEX_POINT('',#5027);
#5027 = CARTESIAN_POINT('',(0.5,0.25,0.48));
#5028 = CIRCLE('',#5029,2.E-02);
#5029 = AXIS2_PLACEMENT_3D('',#5030,#5031,#5032);
#5030 = CARTESIAN_POINT('',(0.5,0.23,0.48));
#5031 = DIRECTION('',(1.,0.,-0.));
#5032 = DIRECTION('',(0.,0.,1.));
#5033 = ORIENTED_EDGE('',*,*,#5034,.F.);
#5034 = EDGE_CURVE('',#4820,#5026,#5035,.T.);
#5035 = LINE('',#5036,#5037);
#5036 = CARTESIAN_POINT('',(0.3,0.25,0.48));
#5037 = VECTOR('',#5038,1.);
#5038 = DIRECTION('',(1.,0.,0.));
#5039 = CYLINDRICAL_SURFACE('',#5040,2.E-02);
#5040 = AXIS2_PLACEMENT_3D('',#5041,#5042,#5043);
#5041 = CARTESIAN_POINT('',(0.3,0.23,0.48));
#5042 = DIRECTION('',(1.,0.,0.));
#5043 = DIRECTION('',(-0.,1.,0.));
#5044 = ADVANCED_FACE('',(#5045),#5056,.T.);
#5045 = FACE_BOUND('',#5046,.T.);
#5046 = EDGE_LOOP('',(#5047,#5053,#5054,#5055));
#5047 = ORIENTED_EDGE('',*,*,#5048,.F.);
#5048 = EDGE_CURVE('',#4999,#5026,#5049,.T.);
#5049 = LINE('',#5050,#5051);
#5050 = CARTESIAN_POINT('',(0.5,0.25,0.));
#5051 = VECTOR('',#5052,1.);
#5052 = DIRECTION('',(0.,0.,1.));
#5053 = ORIENTED_EDGE('',*,*,#4998,.F.);
#5054 = ORIENTED_EDGE('',*,*,#4819,.T.);
#5055 = ORIENTED_EDGE('',*,*,#5034,.T.);
#5056 = PLANE('',#5057);
#5057 = AXIS2_PLACEMENT_3D('',#5058,#5059,#5060);
#5058 = CARTESIAN_POINT('',(0.3,0.25,0.));
#5059 = DIRECTION('',(0.,1.,0.));
#5060 = DIRECTION('',(0.,-0.,1.));
#5061 = ADVANCED_FACE('',(#5062),#5072,.T.);
#5062 = FACE_BOUND('',#5063,.T.);
#5063 = EDGE_LOOP('',(#5064,#5065,#5066,#5067,#5068,#5069,#5070,#5071));
#5064 = ORIENTED_EDGE('',*,*,#4869,.F.);
#5065 = ORIENTED_EDGE('',*,*,#4909,.T.);
#5066 = ORIENTED_EDGE('',*,*,#4952,.T.);
#5067 = ORIENTED_EDGE('',*,*,#5006,.F.);
#5068 = ORIENTED_EDGE('',*,*,#5048,.T.);
#5069 = ORIENTED_EDGE('',*,*,#5025,.T.);
#5070 = ORIENTED_EDGE('',*,*,#4976,.F.);
#5071 = ORIENTED_EDGE('',*,*,#4926,.F.);
#5072 = PLANE('',#5073);
#5073 = AXIS2_PLACEMENT_3D('',#5074,#5075,#5076);
#5074 = CARTESIAN_POINT('',(0.5,-0.25,0.));
#5075 = DIRECTION('',(1.,0.,0.));
#5076 = DIRECTION('',(0.,0.,1.));
#5077 = ( GEOMETRIC_REPRESENTATION_CONTEXT(3) 
GLOBAL_UNCERTAINTY_ASSIGNED_CONTEXT((#5081)) 
GLOBAL_UNIT_ASSIGNED_CONTEXT((#5078,#5079,#5080)) REPRESENTATION_CONTEXT
('Context #1','3D Context with UNIT and UNCERTAINTY') );
#5078 = ( LENGTH_UNIT() NAMED_UNIT(*) SI_UNIT(.MILLI.,.METRE.) );
#5079 = ( NAMED_UNIT(*) PLANE_ANGLE_UNIT() SI_UNIT($,.RADIAN.) );
#5080 = ( NAMED_UNIT(*) SI_UNIT($,.STERADIAN.) SOLID_ANGLE_UNIT() );
#5081 = UNCERTAINTY_MEASURE_WITH_UNIT(LENGTH_MEASURE(1.E-07),#5078,
  'distance_accuracy_value','confusion accuracy');
#5082 = CONTEXT_DEPENDENT_SHAPE_REPRESENTATION(#5083,#5085);
#5083 = ( REPRESENTATION_RELATIONSHIP('','',#4222,#4199) 
REPRESENTATION_RELATIONSHIP_WITH_TRANSFORMATION(#5084) 
SHAPE_REPRESENTATION_RELATIONSHIP() );
#5084 = ITEM_DEFINED_TRANSFORMATION('','',#11,#4200);
#5085 = PRODUCT_DEFINITION_SHAPE('Placement','Placement of an item',
  #5086);
#5086 = NEXT_ASSEMBLY_USAGE_OCCURRENCE('11','=>[0:1:1:11]','',#4194,
  #4217,$);
#5087 = PRODUCT_RELATED_PRODUCT_CATEGORY('part',$,(#4219));
#5088 = CONTEXT_DEPENDENT_SHAPE_REPRESENTATION(#5089,#5091);
#5089 = ( REPRESENTATION_RELATIONSHIP('','',#4199,#10) 
REPRESENTATION_RELATIONSHIP_WITH_TRANSFORMATION(#5090) 
SHAPE_REPRESENTATION_RELATIONSHIP() );
#5090 = ITEM_DEFINED_TRANSFORMATION('','',#11,#43);
#5091 = PRODUCT_DEFINITION_SHAPE('Placement','Placement of an item',
  #5092);
#5092 = NEXT_ASSEMBLY_USAGE_OCCURRENCE('13','C2','',#5,#4194,$);
#5093 = SHAPE_DEFINITION_REPRESENTATION(#5094,#5100);
#5094 = PRODUCT_DEFINITION_SHAPE('','',#5095);
#5095 = PRODUCT_DEFINITION('design','',#5096,#5099);
#5096 = PRODUCT_DEFINITION_FORMATION('','',#5097);
#5097 = PRODUCT('SRAM_exp_PCB','SRAM_exp_PCB','',(#5098));
#5098 = PRODUCT_CONTEXT('',#2,'mechanical');
#5099 = PRODUCT_DEFINITION_CONTEXT('part definition',#2,'design');
#5100 = ADVANCED_BREP_SHAPE_REPRESENTATION('',(#11,#5101),#6931);
#5101 = MANIFOLD_SOLID_BREP('',#5102);
#5102 = CLOSED_SHELL('',(#5103,#5145,#5176,#5207,#5689,#6171,#6188,#6205
    ,#6222,#6239,#6256,#6273,#6290,#6307,#6319,#6336,#6353,#6370,#6387,
    #6404,#6421,#6438,#6455,#6472,#6489,#6506,#6523,#6540,#6557,#6574,
    #6591,#6608,#6625,#6642,#6659,#6676,#6693,#6710,#6727,#6744,#6761,
    #6778,#6795,#6812,#6829,#6846,#6863,#6880,#6897,#6914));
#5103 = ADVANCED_FACE('',(#5104),#5140,.T.);
#5104 = FACE_BOUND('',#5105,.T.);
#5105 = EDGE_LOOP('',(#5106,#5116,#5125,#5133));
#5106 = ORIENTED_EDGE('',*,*,#5107,.T.);
#5107 = EDGE_CURVE('',#5108,#5110,#5112,.T.);
#5108 = VERTEX_POINT('',#5109);
#5109 = CARTESIAN_POINT('',(20.1,12.2338,0.));
#5110 = VERTEX_POINT('',#5111);
#5111 = CARTESIAN_POINT('',(20.1,12.2338,1.51));
#5112 = LINE('',#5113,#5114);
#5113 = CARTESIAN_POINT('',(20.1,12.2338,0.));
#5114 = VECTOR('',#5115,1.);
#5115 = DIRECTION('',(0.,0.,1.));
#5116 = ORIENTED_EDGE('',*,*,#5117,.T.);
#5117 = EDGE_CURVE('',#5110,#5118,#5120,.T.);
#5118 = VERTEX_POINT('',#5119);
#5119 = CARTESIAN_POINT('',(21.1,11.2338,1.51));
#5120 = CIRCLE('',#5121,0.999999252925);
#5121 = AXIS2_PLACEMENT_3D('',#5122,#5123,#5124);
#5122 = CARTESIAN_POINT('',(20.100000747075,11.233800747075,1.51));
#5123 = DIRECTION('',(0.,0.,-1.));
#5124 = DIRECTION('',(-7.470757314012E-07,1.,0.));
#5125 = ORIENTED_EDGE('',*,*,#5126,.F.);
#5126 = EDGE_CURVE('',#5127,#5118,#5129,.T.);
#5127 = VERTEX_POINT('',#5128);
#5128 = CARTESIAN_POINT('',(21.1,11.2338,0.));
#5129 = LINE('',#5130,#5131);
#5130 = CARTESIAN_POINT('',(21.1,11.2338,0.));
#5131 = VECTOR('',#5132,1.);
#5132 = DIRECTION('',(0.,0.,1.));
#5133 = ORIENTED_EDGE('',*,*,#5134,.F.);
#5134 = EDGE_CURVE('',#5108,#5127,#5135,.T.);
#5135 = CIRCLE('',#5136,0.999999252925);
#5136 = AXIS2_PLACEMENT_3D('',#5137,#5138,#5139);
#5137 = CARTESIAN_POINT('',(20.100000747075,11.233800747075,0.));
#5138 = DIRECTION('',(0.,0.,-1.));
#5139 = DIRECTION('',(-7.470757314012E-07,1.,0.));
#5140 = CYLINDRICAL_SURFACE('',#5141,0.999999252925);
#5141 = AXIS2_PLACEMENT_3D('',#5142,#5143,#5144);
#5142 = CARTESIAN_POINT('',(20.100000747075,11.233800747075,0.));
#5143 = DIRECTION('',(0.,0.,-1.));
#5144 = DIRECTION('',(-7.470757314012E-07,1.,0.));
#5145 = ADVANCED_FACE('',(#5146),#5171,.T.);
#5146 = FACE_BOUND('',#5147,.T.);
#5147 = EDGE_LOOP('',(#5148,#5158,#5164,#5165));
#5148 = ORIENTED_EDGE('',*,*,#5149,.T.);
#5149 = EDGE_CURVE('',#5150,#5152,#5154,.T.);
#5150 = VERTEX_POINT('',#5151);
#5151 = CARTESIAN_POINT('',(-50.3,12.2338,0.));
#5152 = VERTEX_POINT('',#5153);
#5153 = CARTESIAN_POINT('',(-50.3,12.2338,1.51));
#5154 = LINE('',#5155,#5156);
#5155 = CARTESIAN_POINT('',(-50.3,12.2338,0.));
#5156 = VECTOR('',#5157,1.);
#5157 = DIRECTION('',(0.,0.,1.));
#5158 = ORIENTED_EDGE('',*,*,#5159,.T.);
#5159 = EDGE_CURVE('',#5152,#5110,#5160,.T.);
#5160 = LINE('',#5161,#5162);
#5161 = CARTESIAN_POINT('',(-50.3,12.2338,1.51));
#5162 = VECTOR('',#5163,1.);
#5163 = DIRECTION('',(1.,0.,0.));
#5164 = ORIENTED_EDGE('',*,*,#5107,.F.);
#5165 = ORIENTED_EDGE('',*,*,#5166,.F.);
#5166 = EDGE_CURVE('',#5150,#5108,#5167,.T.);
#5167 = LINE('',#5168,#5169);
#5168 = CARTESIAN_POINT('',(-50.3,12.2338,0.));
#5169 = VECTOR('',#5170,1.);
#5170 = DIRECTION('',(1.,0.,0.));
#5171 = PLANE('',#5172);
#5172 = AXIS2_PLACEMENT_3D('',#5173,#5174,#5175);
#5173 = CARTESIAN_POINT('',(-50.3,12.2338,0.));
#5174 = DIRECTION('',(0.,1.,0.));
#5175 = DIRECTION('',(1.,0.,0.));
#5176 = ADVANCED_FACE('',(#5177),#5202,.T.);
#5177 = FACE_BOUND('',#5178,.T.);
#5178 = EDGE_LOOP('',(#5179,#5180,#5188,#5196));
#5179 = ORIENTED_EDGE('',*,*,#5126,.T.);
#5180 = ORIENTED_EDGE('',*,*,#5181,.T.);
#5181 = EDGE_CURVE('',#5118,#5182,#5184,.T.);
#5182 = VERTEX_POINT('',#5183);
#5183 = CARTESIAN_POINT('',(21.1,-11.85,1.51));
#5184 = LINE('',#5185,#5186);
#5185 = CARTESIAN_POINT('',(21.1,11.2338,1.51));
#5186 = VECTOR('',#5187,1.);
#5187 = DIRECTION('',(0.,-1.,0.));
#5188 = ORIENTED_EDGE('',*,*,#5189,.F.);
#5189 = EDGE_CURVE('',#5190,#5182,#5192,.T.);
#5190 = VERTEX_POINT('',#5191);
#5191 = CARTESIAN_POINT('',(21.1,-11.85,0.));
#5192 = LINE('',#5193,#5194);
#5193 = CARTESIAN_POINT('',(21.1,-11.85,0.));
#5194 = VECTOR('',#5195,1.);
#5195 = DIRECTION('',(0.,0.,1.));
#5196 = ORIENTED_EDGE('',*,*,#5197,.F.);
#5197 = EDGE_CURVE('',#5127,#5190,#5198,.T.);
#5198 = LINE('',#5199,#5200);
#5199 = CARTESIAN_POINT('',(21.1,11.2338,0.));
#5200 = VECTOR('',#5201,1.);
#5201 = DIRECTION('',(0.,-1.,0.));
#5202 = PLANE('',#5203);
#5203 = AXIS2_PLACEMENT_3D('',#5204,#5205,#5206);
#5204 = CARTESIAN_POINT('',(21.1,11.2338,0.));
#5205 = DIRECTION('',(1.,0.,-0.));
#5206 = DIRECTION('',(0.,-1.,0.));
#5207 = ADVANCED_FACE('',(#5208,#5288,#5299,#5310,#5321,#5332,#5343,
    #5354,#5365,#5376,#5387,#5398,#5409,#5420,#5431,#5442,#5453,#5464,
    #5475,#5486,#5497,#5508,#5519,#5530,#5541,#5552,#5563,#5574,#5585,
    #5596,#5607,#5618,#5629,#5640,#5651,#5662,#5673),#5684,.F.);
#5208 = FACE_BOUND('',#5209,.F.);
#5209 = EDGE_LOOP('',(#5210,#5211,#5212,#5221,#5229,#5238,#5246,#5255,
    #5263,#5272,#5280,#5287));
#5210 = ORIENTED_EDGE('',*,*,#5134,.F.);
#5211 = ORIENTED_EDGE('',*,*,#5166,.F.);
#5212 = ORIENTED_EDGE('',*,*,#5213,.F.);
#5213 = EDGE_CURVE('',#5214,#5150,#5216,.T.);
#5214 = VERTEX_POINT('',#5215);
#5215 = CARTESIAN_POINT('',(-51.3,11.2338,0.));
#5216 = CIRCLE('',#5217,0.999999252925);
#5217 = AXIS2_PLACEMENT_3D('',#5218,#5219,#5220);
#5218 = CARTESIAN_POINT('',(-50.30000074707,11.233800747075,0.));
#5219 = DIRECTION('',(0.,0.,-1.));
#5220 = DIRECTION('',(-1.,-7.47075740283E-07,-0.));
#5221 = ORIENTED_EDGE('',*,*,#5222,.F.);
#5222 = EDGE_CURVE('',#5223,#5214,#5225,.T.);
#5223 = VERTEX_POINT('',#5224);
#5224 = CARTESIAN_POINT('',(-51.3,0.3338,0.));
#5225 = LINE('',#5226,#5227);
#5226 = CARTESIAN_POINT('',(-51.3,0.3338,0.));
#5227 = VECTOR('',#5228,1.);
#5228 = DIRECTION('',(0.,1.,0.));
#5229 = ORIENTED_EDGE('',*,*,#5230,.F.);
#5230 = EDGE_CURVE('',#5231,#5223,#5233,.T.);
#5231 = VERTEX_POINT('',#5232);
#5232 = CARTESIAN_POINT('',(-53.3,-1.6662,0.));
#5233 = CIRCLE('',#5234,1.99999850585);
#5234 = AXIS2_PLACEMENT_3D('',#5235,#5236,#5237);
#5235 = CARTESIAN_POINT('',(-53.29999850585,0.33379850585,0.));
#5236 = DIRECTION('',(0.,0.,1.));
#5237 = DIRECTION('',(-7.470757349539E-07,-1.,0.));
#5238 = ORIENTED_EDGE('',*,*,#5239,.F.);
#5239 = EDGE_CURVE('',#5240,#5231,#5242,.T.);
#5240 = VERTEX_POINT('',#5241);
#5241 = CARTESIAN_POINT('',(-68.9,-1.6662,0.));
#5242 = LINE('',#5243,#5244);
#5243 = CARTESIAN_POINT('',(-68.9,-1.6662,0.));
#5244 = VECTOR('',#5245,1.);
#5245 = DIRECTION('',(1.,0.,0.));
#5246 = ORIENTED_EDGE('',*,*,#5247,.F.);
#5247 = EDGE_CURVE('',#5248,#5240,#5250,.T.);
#5248 = VERTEX_POINT('',#5249);
#5249 = CARTESIAN_POINT('',(-69.9,-2.6662,0.));
#5250 = CIRCLE('',#5251,0.999999252925);
#5251 = AXIS2_PLACEMENT_3D('',#5252,#5253,#5254);
#5252 = CARTESIAN_POINT('',(-68.90000074707,-2.666199252925,0.));
#5253 = DIRECTION('',(0.,0.,-1.));
#5254 = DIRECTION('',(-1.,-7.470757296248E-07,-0.));
#5255 = ORIENTED_EDGE('',*,*,#5256,.F.);
#5256 = EDGE_CURVE('',#5257,#5248,#5259,.T.);
#5257 = VERTEX_POINT('',#5258);
#5258 = CARTESIAN_POINT('',(-69.9,-11.85,0.));
#5259 = LINE('',#5260,#5261);
#5260 = CARTESIAN_POINT('',(-69.9,-11.85,0.));
#5261 = VECTOR('',#5262,1.);
#5262 = DIRECTION('',(0.,1.,0.));
#5263 = ORIENTED_EDGE('',*,*,#5264,.F.);
#5264 = EDGE_CURVE('',#5265,#5257,#5267,.T.);
#5265 = VERTEX_POINT('',#5266);
#5266 = CARTESIAN_POINT('',(-68.9,-12.85,0.));
#5267 = CIRCLE('',#5268,0.999999252925);
#5268 = AXIS2_PLACEMENT_3D('',#5269,#5270,#5271);
#5269 = CARTESIAN_POINT('',(-68.90000074707,-11.85000074707,0.));
#5270 = DIRECTION('',(0.,0.,-1.));
#5271 = DIRECTION('',(7.470757349539E-07,-1.,0.));
#5272 = ORIENTED_EDGE('',*,*,#5273,.F.);
#5273 = EDGE_CURVE('',#5274,#5265,#5276,.T.);
#5274 = VERTEX_POINT('',#5275);
#5275 = CARTESIAN_POINT('',(20.1,-12.85,0.));
#5276 = LINE('',#5277,#5278);
#5277 = CARTESIAN_POINT('',(20.1,-12.85,0.));
#5278 = VECTOR('',#5279,1.);
#5279 = DIRECTION('',(-1.,0.,0.));
#5280 = ORIENTED_EDGE('',*,*,#5281,.F.);
#5281 = EDGE_CURVE('',#5190,#5274,#5282,.T.);
#5282 = CIRCLE('',#5283,0.999999252925);
#5283 = AXIS2_PLACEMENT_3D('',#5284,#5285,#5286);
#5284 = CARTESIAN_POINT('',(20.100000747075,-11.85000074707,0.));
#5285 = DIRECTION('',(0.,0.,-1.));
#5286 = DIRECTION('',(1.,7.470757367303E-07,0.));
#5287 = ORIENTED_EDGE('',*,*,#5197,.F.);
#5288 = FACE_BOUND('',#5289,.F.);
#5289 = EDGE_LOOP('',(#5290));
#5290 = ORIENTED_EDGE('',*,*,#5291,.T.);
#5291 = EDGE_CURVE('',#5292,#5292,#5294,.T.);
#5292 = VERTEX_POINT('',#5293);
#5293 = CARTESIAN_POINT('',(-64.2183,-11.5763,0.));
#5294 = CIRCLE('',#5295,0.51);
#5295 = AXIS2_PLACEMENT_3D('',#5296,#5297,#5298);
#5296 = CARTESIAN_POINT('',(-64.2183,-11.0663,0.));
#5297 = DIRECTION('',(-0.,0.,-1.));
#5298 = DIRECTION('',(-0.,-1.,0.));
#5299 = FACE_BOUND('',#5300,.F.);
#5300 = EDGE_LOOP('',(#5301));
#5301 = ORIENTED_EDGE('',*,*,#5302,.T.);
#5302 = EDGE_CURVE('',#5303,#5303,#5305,.T.);
#5303 = VERTEX_POINT('',#5304);
#5304 = CARTESIAN_POINT('',(-59.2183,-11.3163,0.));
#5305 = CIRCLE('',#5306,0.25);
#5306 = AXIS2_PLACEMENT_3D('',#5307,#5308,#5309);
#5307 = CARTESIAN_POINT('',(-59.2183,-11.0663,0.));
#5308 = DIRECTION('',(-0.,0.,-1.));
#5309 = DIRECTION('',(-0.,-1.,0.));
#5310 = FACE_BOUND('',#5311,.F.);
#5311 = EDGE_LOOP('',(#5312));
#5312 = ORIENTED_EDGE('',*,*,#5313,.T.);
#5313 = EDGE_CURVE('',#5314,#5314,#5316,.T.);
#5314 = VERTEX_POINT('',#5315);
#5315 = CARTESIAN_POINT('',(-64.2183,-9.0363,0.));
#5316 = CIRCLE('',#5317,0.51);
#5317 = AXIS2_PLACEMENT_3D('',#5318,#5319,#5320);
#5318 = CARTESIAN_POINT('',(-64.2183,-8.5263,0.));
#5319 = DIRECTION('',(-0.,0.,-1.));
#5320 = DIRECTION('',(-0.,-1.,0.));
#5321 = FACE_BOUND('',#5322,.F.);
#5322 = EDGE_LOOP('',(#5323));
#5323 = ORIENTED_EDGE('',*,*,#5324,.T.);
#5324 = EDGE_CURVE('',#5325,#5325,#5327,.T.);
#5325 = VERTEX_POINT('',#5326);
#5326 = CARTESIAN_POINT('',(-37.3938,-8.8013,0.));
#5327 = CIRCLE('',#5328,0.25);
#5328 = AXIS2_PLACEMENT_3D('',#5329,#5330,#5331);
#5329 = CARTESIAN_POINT('',(-37.3938,-8.5513,0.));
#5330 = DIRECTION('',(-0.,0.,-1.));
#5331 = DIRECTION('',(-0.,-1.,0.));
#5332 = FACE_BOUND('',#5333,.F.);
#5333 = EDGE_LOOP('',(#5334));
#5334 = ORIENTED_EDGE('',*,*,#5335,.T.);
#5335 = EDGE_CURVE('',#5336,#5336,#5338,.T.);
#5336 = VERTEX_POINT('',#5337);
#5337 = CARTESIAN_POINT('',(-64.2183,-6.4963,0.));
#5338 = CIRCLE('',#5339,0.51);
#5339 = AXIS2_PLACEMENT_3D('',#5340,#5341,#5342);
#5340 = CARTESIAN_POINT('',(-64.2183,-5.9863,0.));
#5341 = DIRECTION('',(-0.,0.,-1.));
#5342 = DIRECTION('',(-0.,-1.,0.));
#5343 = FACE_BOUND('',#5344,.F.);
#5344 = EDGE_LOOP('',(#5345));
#5345 = ORIENTED_EDGE('',*,*,#5346,.T.);
#5346 = EDGE_CURVE('',#5347,#5347,#5349,.T.);
#5347 = VERTEX_POINT('',#5348);
#5348 = CARTESIAN_POINT('',(-59.1183,-6.2163,0.));
#5349 = CIRCLE('',#5350,0.25);
#5350 = AXIS2_PLACEMENT_3D('',#5351,#5352,#5353);
#5351 = CARTESIAN_POINT('',(-59.1183,-5.9663,0.));
#5352 = DIRECTION('',(-0.,0.,-1.));
#5353 = DIRECTION('',(-0.,-1.,0.));
#5354 = FACE_BOUND('',#5355,.F.);
#5355 = EDGE_LOOP('',(#5356));
#5356 = ORIENTED_EDGE('',*,*,#5357,.T.);
#5357 = EDGE_CURVE('',#5358,#5358,#5360,.T.);
#5358 = VERTEX_POINT('',#5359);
#5359 = CARTESIAN_POINT('',(-64.2183,-3.9563,0.));
#5360 = CIRCLE('',#5361,0.51);
#5361 = AXIS2_PLACEMENT_3D('',#5362,#5363,#5364);
#5362 = CARTESIAN_POINT('',(-64.2183,-3.4463,0.));
#5363 = DIRECTION('',(-0.,0.,-1.));
#5364 = DIRECTION('',(-0.,-1.,0.));
#5365 = FACE_BOUND('',#5366,.F.);
#5366 = EDGE_LOOP('',(#5367));
#5367 = ORIENTED_EDGE('',*,*,#5368,.T.);
#5368 = EDGE_CURVE('',#5369,#5369,#5371,.T.);
#5369 = VERTEX_POINT('',#5370);
#5370 = CARTESIAN_POINT('',(-30.2183,-3.9663,0.));
#5371 = CIRCLE('',#5372,0.3);
#5372 = AXIS2_PLACEMENT_3D('',#5373,#5374,#5375);
#5373 = CARTESIAN_POINT('',(-30.2183,-3.6663,0.));
#5374 = DIRECTION('',(-0.,0.,-1.));
#5375 = DIRECTION('',(-0.,-1.,0.));
#5376 = FACE_BOUND('',#5377,.F.);
#5377 = EDGE_LOOP('',(#5378));
#5378 = ORIENTED_EDGE('',*,*,#5379,.T.);
#5379 = EDGE_CURVE('',#5380,#5380,#5382,.T.);
#5380 = VERTEX_POINT('',#5381);
#5381 = CARTESIAN_POINT('',(-33.2183,-0.9663,0.));
#5382 = CIRCLE('',#5383,0.3);
#5383 = AXIS2_PLACEMENT_3D('',#5384,#5385,#5386);
#5384 = CARTESIAN_POINT('',(-33.2183,-0.6663,0.));
#5385 = DIRECTION('',(-0.,0.,-1.));
#5386 = DIRECTION('',(-0.,-1.,0.));
#5387 = FACE_BOUND('',#5388,.F.);
#5388 = EDGE_LOOP('',(#5389));
#5389 = ORIENTED_EDGE('',*,*,#5390,.T.);
#5390 = EDGE_CURVE('',#5391,#5391,#5393,.T.);
#5391 = VERTEX_POINT('',#5392);
#5392 = CARTESIAN_POINT('',(-32.33962,-3.08762,0.));
#5393 = CIRCLE('',#5394,0.3);
#5394 = AXIS2_PLACEMENT_3D('',#5395,#5396,#5397);
#5395 = CARTESIAN_POINT('',(-32.33962,-2.78762,0.));
#5396 = DIRECTION('',(-0.,0.,-1.));
#5397 = DIRECTION('',(-0.,-1.,0.));
#5398 = FACE_BOUND('',#5399,.F.);
#5399 = EDGE_LOOP('',(#5400));
#5400 = ORIENTED_EDGE('',*,*,#5401,.T.);
#5401 = EDGE_CURVE('',#5402,#5402,#5404,.T.);
#5402 = VERTEX_POINT('',#5403);
#5403 = CARTESIAN_POINT('',(-28.09698,-3.08762,0.));
#5404 = CIRCLE('',#5405,0.3);
#5405 = AXIS2_PLACEMENT_3D('',#5406,#5407,#5408);
#5406 = CARTESIAN_POINT('',(-28.09698,-2.78762,0.));
#5407 = DIRECTION('',(-0.,0.,-1.));
#5408 = DIRECTION('',(1.184237892933E-14,-1.,-0.));
#5409 = FACE_BOUND('',#5410,.F.);
#5410 = EDGE_LOOP('',(#5411));
#5411 = ORIENTED_EDGE('',*,*,#5412,.T.);
#5412 = EDGE_CURVE('',#5413,#5413,#5415,.T.);
#5413 = VERTEX_POINT('',#5414);
#5414 = CARTESIAN_POINT('',(-30.2183,-2.56495,0.));
#5415 = CIRCLE('',#5416,1.89865);
#5416 = AXIS2_PLACEMENT_3D('',#5417,#5418,#5419);
#5417 = CARTESIAN_POINT('',(-30.2183,-0.6663,0.));
#5418 = DIRECTION('',(-0.,0.,-1.));
#5419 = DIRECTION('',(-0.,-1.,0.));
#5420 = FACE_BOUND('',#5421,.F.);
#5421 = EDGE_LOOP('',(#5422));
#5422 = ORIENTED_EDGE('',*,*,#5423,.T.);
#5423 = EDGE_CURVE('',#5424,#5424,#5426,.T.);
#5424 = VERTEX_POINT('',#5425);
#5425 = CARTESIAN_POINT('',(-27.2183,-0.9663,0.));
#5426 = CIRCLE('',#5427,0.3);
#5427 = AXIS2_PLACEMENT_3D('',#5428,#5429,#5430);
#5428 = CARTESIAN_POINT('',(-27.2183,-0.6663,0.));
#5429 = DIRECTION('',(-0.,0.,-1.));
#5430 = DIRECTION('',(-0.,-1.,0.));
#5431 = FACE_BOUND('',#5432,.F.);
#5432 = EDGE_LOOP('',(#5433));
#5433 = ORIENTED_EDGE('',*,*,#5434,.T.);
#5434 = EDGE_CURVE('',#5435,#5435,#5437,.T.);
#5435 = VERTEX_POINT('',#5436);
#5436 = CARTESIAN_POINT('',(-4.75,-10.7,0.));
#5437 = CIRCLE('',#5438,0.25);
#5438 = AXIS2_PLACEMENT_3D('',#5439,#5440,#5441);
#5439 = CARTESIAN_POINT('',(-4.75,-10.45,0.));
#5440 = DIRECTION('',(-0.,0.,-1.));
#5441 = DIRECTION('',(-0.,-1.,0.));
#5442 = FACE_BOUND('',#5443,.F.);
#5443 = EDGE_LOOP('',(#5444));
#5444 = ORIENTED_EDGE('',*,*,#5445,.T.);
#5445 = EDGE_CURVE('',#5446,#5446,#5448,.T.);
#5446 = VERTEX_POINT('',#5447);
#5447 = CARTESIAN_POINT('',(12.,-10.65,0.));
#5448 = CIRCLE('',#5449,0.25);
#5449 = AXIS2_PLACEMENT_3D('',#5450,#5451,#5452);
#5450 = CARTESIAN_POINT('',(12.,-10.4,0.));
#5451 = DIRECTION('',(-0.,0.,-1.));
#5452 = DIRECTION('',(-0.,-1.,0.));
#5453 = FACE_BOUND('',#5454,.F.);
#5454 = EDGE_LOOP('',(#5455));
#5455 = ORIENTED_EDGE('',*,*,#5456,.T.);
#5456 = EDGE_CURVE('',#5457,#5457,#5459,.T.);
#5457 = VERTEX_POINT('',#5458);
#5458 = CARTESIAN_POINT('',(19.1,-9.9,0.));
#5459 = CIRCLE('',#5460,0.25);
#5460 = AXIS2_PLACEMENT_3D('',#5461,#5462,#5463);
#5461 = CARTESIAN_POINT('',(19.1,-9.65,0.));
#5462 = DIRECTION('',(-0.,0.,-1.));
#5463 = DIRECTION('',(-0.,-1.,0.));
#5464 = FACE_BOUND('',#5465,.F.);
#5465 = EDGE_LOOP('',(#5466));
#5466 = ORIENTED_EDGE('',*,*,#5467,.T.);
#5467 = EDGE_CURVE('',#5468,#5468,#5470,.T.);
#5468 = VERTEX_POINT('',#5469);
#5469 = CARTESIAN_POINT('',(-32.33962,1.15502,0.));
#5470 = CIRCLE('',#5471,0.3);
#5471 = AXIS2_PLACEMENT_3D('',#5472,#5473,#5474);
#5472 = CARTESIAN_POINT('',(-32.33962,1.45502,0.));
#5473 = DIRECTION('',(-0.,0.,-1.));
#5474 = DIRECTION('',(-0.,-1.,0.));
#5475 = FACE_BOUND('',#5476,.F.);
#5476 = EDGE_LOOP('',(#5477));
#5477 = ORIENTED_EDGE('',*,*,#5478,.T.);
#5478 = EDGE_CURVE('',#5479,#5479,#5481,.T.);
#5479 = VERTEX_POINT('',#5480);
#5480 = CARTESIAN_POINT('',(-28.09698,1.15502,0.));
#5481 = CIRCLE('',#5482,0.3);
#5482 = AXIS2_PLACEMENT_3D('',#5483,#5484,#5485);
#5483 = CARTESIAN_POINT('',(-28.09698,1.45502,0.));
#5484 = DIRECTION('',(-0.,0.,-1.));
#5485 = DIRECTION('',(1.184237892933E-14,-1.,-0.));
#5486 = FACE_BOUND('',#5487,.F.);
#5487 = EDGE_LOOP('',(#5488));
#5488 = ORIENTED_EDGE('',*,*,#5489,.T.);
#5489 = EDGE_CURVE('',#5490,#5490,#5492,.T.);
#5490 = VERTEX_POINT('',#5491);
#5491 = CARTESIAN_POINT('',(-30.2183,2.0337,0.));
#5492 = CIRCLE('',#5493,0.3);
#5493 = AXIS2_PLACEMENT_3D('',#5494,#5495,#5496);
#5494 = CARTESIAN_POINT('',(-30.2183,2.3337,0.));
#5495 = DIRECTION('',(-0.,0.,-1.));
#5496 = DIRECTION('',(-0.,-1.,0.));
#5497 = FACE_BOUND('',#5498,.F.);
#5498 = EDGE_LOOP('',(#5499));
#5499 = ORIENTED_EDGE('',*,*,#5500,.T.);
#5500 = EDGE_CURVE('',#5501,#5501,#5503,.T.);
#5501 = VERTEX_POINT('',#5502);
#5502 = CARTESIAN_POINT('',(-18.1,-0.55,0.));
#5503 = CIRCLE('',#5504,0.6);
#5504 = AXIS2_PLACEMENT_3D('',#5505,#5506,#5507);
#5505 = CARTESIAN_POINT('',(-18.1,5.E-02,0.));
#5506 = DIRECTION('',(-0.,0.,-1.));
#5507 = DIRECTION('',(-0.,-1.,0.));
#5508 = FACE_BOUND('',#5509,.F.);
#5509 = EDGE_LOOP('',(#5510));
#5510 = ORIENTED_EDGE('',*,*,#5511,.T.);
#5511 = EDGE_CURVE('',#5512,#5512,#5514,.T.);
#5512 = VERTEX_POINT('',#5513);
#5513 = CARTESIAN_POINT('',(18.1,-0.35,0.));
#5514 = CIRCLE('',#5515,0.4);
#5515 = AXIS2_PLACEMENT_3D('',#5516,#5517,#5518);
#5516 = CARTESIAN_POINT('',(18.1,5.E-02,0.));
#5517 = DIRECTION('',(-0.,0.,-1.));
#5518 = DIRECTION('',(-0.,-1.,0.));
#5519 = FACE_BOUND('',#5520,.F.);
#5520 = EDGE_LOOP('',(#5521));
#5521 = ORIENTED_EDGE('',*,*,#5522,.T.);
#5522 = EDGE_CURVE('',#5523,#5523,#5525,.T.);
#5523 = VERTEX_POINT('',#5524);
#5524 = CARTESIAN_POINT('',(-18.75,5.8868,0.));
#5525 = CIRCLE('',#5526,0.4445);
#5526 = AXIS2_PLACEMENT_3D('',#5527,#5528,#5529);
#5527 = CARTESIAN_POINT('',(-18.75,6.3313,0.));
#5528 = DIRECTION('',(-0.,0.,-1.));
#5529 = DIRECTION('',(-0.,-1.,0.));
#5530 = FACE_BOUND('',#5531,.F.);
#5531 = EDGE_LOOP('',(#5532));
#5532 = ORIENTED_EDGE('',*,*,#5533,.T.);
#5533 = EDGE_CURVE('',#5534,#5534,#5536,.T.);
#5534 = VERTEX_POINT('',#5535);
#5535 = CARTESIAN_POINT('',(-16.21,5.8868,0.));
#5536 = CIRCLE('',#5537,0.4445);
#5537 = AXIS2_PLACEMENT_3D('',#5538,#5539,#5540);
#5538 = CARTESIAN_POINT('',(-16.21,6.3313,0.));
#5539 = DIRECTION('',(-0.,0.,-1.));
#5540 = DIRECTION('',(-0.,-1.,0.));
#5541 = FACE_BOUND('',#5542,.F.);
#5542 = EDGE_LOOP('',(#5543));
#5543 = ORIENTED_EDGE('',*,*,#5544,.T.);
#5544 = EDGE_CURVE('',#5545,#5545,#5547,.T.);
#5545 = VERTEX_POINT('',#5546);
#5546 = CARTESIAN_POINT('',(-13.67,5.8868,0.));
#5547 = CIRCLE('',#5548,0.4445);
#5548 = AXIS2_PLACEMENT_3D('',#5549,#5550,#5551);
#5549 = CARTESIAN_POINT('',(-13.67,6.3313,0.));
#5550 = DIRECTION('',(-0.,0.,-1.));
#5551 = DIRECTION('',(-0.,-1.,0.));
#5552 = FACE_BOUND('',#5553,.F.);
#5553 = EDGE_LOOP('',(#5554));
#5554 = ORIENTED_EDGE('',*,*,#5555,.T.);
#5555 = EDGE_CURVE('',#5556,#5556,#5558,.T.);
#5556 = VERTEX_POINT('',#5557);
#5557 = CARTESIAN_POINT('',(-11.13,5.8868,0.));
#5558 = CIRCLE('',#5559,0.4445);
#5559 = AXIS2_PLACEMENT_3D('',#5560,#5561,#5562);
#5560 = CARTESIAN_POINT('',(-11.13,6.3313,0.));
#5561 = DIRECTION('',(-0.,0.,-1.));
#5562 = DIRECTION('',(-3.996303350732E-15,-1.,0.));
#5563 = FACE_BOUND('',#5564,.F.);
#5564 = EDGE_LOOP('',(#5565));
#5565 = ORIENTED_EDGE('',*,*,#5566,.T.);
#5566 = EDGE_CURVE('',#5567,#5567,#5569,.T.);
#5567 = VERTEX_POINT('',#5568);
#5568 = CARTESIAN_POINT('',(-8.59,5.8868,0.));
#5569 = CIRCLE('',#5570,0.4445);
#5570 = AXIS2_PLACEMENT_3D('',#5571,#5572,#5573);
#5571 = CARTESIAN_POINT('',(-8.59,6.3313,0.));
#5572 = DIRECTION('',(-0.,0.,-1.));
#5573 = DIRECTION('',(-0.,-1.,0.));
#5574 = FACE_BOUND('',#5575,.F.);
#5575 = EDGE_LOOP('',(#5576));
#5576 = ORIENTED_EDGE('',*,*,#5577,.T.);
#5577 = EDGE_CURVE('',#5578,#5578,#5580,.T.);
#5578 = VERTEX_POINT('',#5579);
#5579 = CARTESIAN_POINT('',(-6.05,5.8868,0.));
#5580 = CIRCLE('',#5581,0.4445);
#5581 = AXIS2_PLACEMENT_3D('',#5582,#5583,#5584);
#5582 = CARTESIAN_POINT('',(-6.05,6.3313,0.));
#5583 = DIRECTION('',(-0.,0.,-1.));
#5584 = DIRECTION('',(1.998151675366E-15,-1.,-0.));
#5585 = FACE_BOUND('',#5586,.F.);
#5586 = EDGE_LOOP('',(#5587));
#5587 = ORIENTED_EDGE('',*,*,#5588,.T.);
#5588 = EDGE_CURVE('',#5589,#5589,#5591,.T.);
#5589 = VERTEX_POINT('',#5590);
#5590 = CARTESIAN_POINT('',(-18.75,8.4268,0.));
#5591 = CIRCLE('',#5592,0.4445);
#5592 = AXIS2_PLACEMENT_3D('',#5593,#5594,#5595);
#5593 = CARTESIAN_POINT('',(-18.75,8.8713,0.));
#5594 = DIRECTION('',(-0.,0.,-1.));
#5595 = DIRECTION('',(-0.,-1.,0.));
#5596 = FACE_BOUND('',#5597,.F.);
#5597 = EDGE_LOOP('',(#5598));
#5598 = ORIENTED_EDGE('',*,*,#5599,.T.);
#5599 = EDGE_CURVE('',#5600,#5600,#5602,.T.);
#5600 = VERTEX_POINT('',#5601);
#5601 = CARTESIAN_POINT('',(-16.21,8.4268,0.));
#5602 = CIRCLE('',#5603,0.4445);
#5603 = AXIS2_PLACEMENT_3D('',#5604,#5605,#5606);
#5604 = CARTESIAN_POINT('',(-16.21,8.8713,0.));
#5605 = DIRECTION('',(-0.,0.,-1.));
#5606 = DIRECTION('',(-0.,-1.,0.));
#5607 = FACE_BOUND('',#5608,.F.);
#5608 = EDGE_LOOP('',(#5609));
#5609 = ORIENTED_EDGE('',*,*,#5610,.T.);
#5610 = EDGE_CURVE('',#5611,#5611,#5613,.T.);
#5611 = VERTEX_POINT('',#5612);
#5612 = CARTESIAN_POINT('',(-13.67,8.4268,0.));
#5613 = CIRCLE('',#5614,0.4445);
#5614 = AXIS2_PLACEMENT_3D('',#5615,#5616,#5617);
#5615 = CARTESIAN_POINT('',(-13.67,8.8713,0.));
#5616 = DIRECTION('',(-0.,0.,-1.));
#5617 = DIRECTION('',(-0.,-1.,0.));
#5618 = FACE_BOUND('',#5619,.F.);
#5619 = EDGE_LOOP('',(#5620));
#5620 = ORIENTED_EDGE('',*,*,#5621,.T.);
#5621 = EDGE_CURVE('',#5622,#5622,#5624,.T.);
#5622 = VERTEX_POINT('',#5623);
#5623 = CARTESIAN_POINT('',(-11.13,8.4268,0.));
#5624 = CIRCLE('',#5625,0.4445);
#5625 = AXIS2_PLACEMENT_3D('',#5626,#5627,#5628);
#5626 = CARTESIAN_POINT('',(-11.13,8.8713,0.));
#5627 = DIRECTION('',(-0.,0.,-1.));
#5628 = DIRECTION('',(-3.996303350732E-15,-1.,0.));
#5629 = FACE_BOUND('',#5630,.F.);
#5630 = EDGE_LOOP('',(#5631));
#5631 = ORIENTED_EDGE('',*,*,#5632,.T.);
#5632 = EDGE_CURVE('',#5633,#5633,#5635,.T.);
#5633 = VERTEX_POINT('',#5634);
#5634 = CARTESIAN_POINT('',(-8.59,8.4268,0.));
#5635 = CIRCLE('',#5636,0.4445);
#5636 = AXIS2_PLACEMENT_3D('',#5637,#5638,#5639);
#5637 = CARTESIAN_POINT('',(-8.59,8.8713,0.));
#5638 = DIRECTION('',(-0.,0.,-1.));
#5639 = DIRECTION('',(-0.,-1.,0.));
#5640 = FACE_BOUND('',#5641,.F.);
#5641 = EDGE_LOOP('',(#5642));
#5642 = ORIENTED_EDGE('',*,*,#5643,.T.);
#5643 = EDGE_CURVE('',#5644,#5644,#5646,.T.);
#5644 = VERTEX_POINT('',#5645);
#5645 = CARTESIAN_POINT('',(-6.05,8.4268,0.));
#5646 = CIRCLE('',#5647,0.4445);
#5647 = AXIS2_PLACEMENT_3D('',#5648,#5649,#5650);
#5648 = CARTESIAN_POINT('',(-6.05,8.8713,0.));
#5649 = DIRECTION('',(-0.,0.,-1.));
#5650 = DIRECTION('',(1.998151675366E-15,-1.,-0.));
#5651 = FACE_BOUND('',#5652,.F.);
#5652 = EDGE_LOOP('',(#5653));
#5653 = ORIENTED_EDGE('',*,*,#5654,.T.);
#5654 = EDGE_CURVE('',#5655,#5655,#5657,.T.);
#5655 = VERTEX_POINT('',#5656);
#5656 = CARTESIAN_POINT('',(16.4,5.7,0.));
#5657 = CIRCLE('',#5658,0.25);
#5658 = AXIS2_PLACEMENT_3D('',#5659,#5660,#5661);
#5659 = CARTESIAN_POINT('',(16.4,5.95,0.));
#5660 = DIRECTION('',(-0.,0.,-1.));
#5661 = DIRECTION('',(-0.,-1.,0.));
#5662 = FACE_BOUND('',#5663,.F.);
#5663 = EDGE_LOOP('',(#5664));
#5664 = ORIENTED_EDGE('',*,*,#5665,.T.);
#5665 = EDGE_CURVE('',#5666,#5666,#5668,.T.);
#5666 = VERTEX_POINT('',#5667);
#5667 = CARTESIAN_POINT('',(16.4,7.75,0.));
#5668 = CIRCLE('',#5669,0.25);
#5669 = AXIS2_PLACEMENT_3D('',#5670,#5671,#5672);
#5670 = CARTESIAN_POINT('',(16.4,8.,0.));
#5671 = DIRECTION('',(-0.,0.,-1.));
#5672 = DIRECTION('',(-0.,-1.,0.));
#5673 = FACE_BOUND('',#5674,.F.);
#5674 = EDGE_LOOP('',(#5675));
#5675 = ORIENTED_EDGE('',*,*,#5676,.T.);
#5676 = EDGE_CURVE('',#5677,#5677,#5679,.T.);
#5677 = VERTEX_POINT('',#5678);
#5678 = CARTESIAN_POINT('',(16.4,9.8,0.));
#5679 = CIRCLE('',#5680,0.25);
#5680 = AXIS2_PLACEMENT_3D('',#5681,#5682,#5683);
#5681 = CARTESIAN_POINT('',(16.4,10.05,0.));
#5682 = DIRECTION('',(-0.,0.,-1.));
#5683 = DIRECTION('',(-0.,-1.,0.));
#5684 = PLANE('',#5685);
#5685 = AXIS2_PLACEMENT_3D('',#5686,#5687,#5688);
#5686 = CARTESIAN_POINT('',(0.,0.,0.));
#5687 = DIRECTION('',(0.,0.,1.));
#5688 = DIRECTION('',(1.,0.,-0.));
#5689 = ADVANCED_FACE('',(#5690,#5770,#5781,#5792,#5803,#5814,#5825,
    #5836,#5847,#5858,#5869,#5880,#5891,#5902,#5913,#5924,#5935,#5946,
    #5957,#5968,#5979,#5990,#6001,#6012,#6023,#6034,#6045,#6056,#6067,
    #6078,#6089,#6100,#6111,#6122,#6133,#6144,#6155),#6166,.T.);
#5690 = FACE_BOUND('',#5691,.T.);
#5691 = EDGE_LOOP('',(#5692,#5693,#5694,#5703,#5711,#5720,#5728,#5737,
    #5745,#5754,#5762,#5769));
#5692 = ORIENTED_EDGE('',*,*,#5117,.F.);
#5693 = ORIENTED_EDGE('',*,*,#5159,.F.);
#5694 = ORIENTED_EDGE('',*,*,#5695,.F.);
#5695 = EDGE_CURVE('',#5696,#5152,#5698,.T.);
#5696 = VERTEX_POINT('',#5697);
#5697 = CARTESIAN_POINT('',(-51.3,11.2338,1.51));
#5698 = CIRCLE('',#5699,0.999999252925);
#5699 = AXIS2_PLACEMENT_3D('',#5700,#5701,#5702);
#5700 = CARTESIAN_POINT('',(-50.30000074707,11.233800747075,1.51));
#5701 = DIRECTION('',(0.,0.,-1.));
#5702 = DIRECTION('',(-1.,-7.47075740283E-07,-0.));
#5703 = ORIENTED_EDGE('',*,*,#5704,.F.);
#5704 = EDGE_CURVE('',#5705,#5696,#5707,.T.);
#5705 = VERTEX_POINT('',#5706);
#5706 = CARTESIAN_POINT('',(-51.3,0.3338,1.51));
#5707 = LINE('',#5708,#5709);
#5708 = CARTESIAN_POINT('',(-51.3,0.3338,1.51));
#5709 = VECTOR('',#5710,1.);
#5710 = DIRECTION('',(0.,1.,0.));
#5711 = ORIENTED_EDGE('',*,*,#5712,.F.);
#5712 = EDGE_CURVE('',#5713,#5705,#5715,.T.);
#5713 = VERTEX_POINT('',#5714);
#5714 = CARTESIAN_POINT('',(-53.3,-1.6662,1.51));
#5715 = CIRCLE('',#5716,1.99999850585);
#5716 = AXIS2_PLACEMENT_3D('',#5717,#5718,#5719);
#5717 = CARTESIAN_POINT('',(-53.29999850585,0.33379850585,1.51));
#5718 = DIRECTION('',(0.,0.,1.));
#5719 = DIRECTION('',(-7.470757349539E-07,-1.,0.));
#5720 = ORIENTED_EDGE('',*,*,#5721,.F.);
#5721 = EDGE_CURVE('',#5722,#5713,#5724,.T.);
#5722 = VERTEX_POINT('',#5723);
#5723 = CARTESIAN_POINT('',(-68.9,-1.6662,1.51));
#5724 = LINE('',#5725,#5726);
#5725 = CARTESIAN_POINT('',(-68.9,-1.6662,1.51));
#5726 = VECTOR('',#5727,1.);
#5727 = DIRECTION('',(1.,0.,0.));
#5728 = ORIENTED_EDGE('',*,*,#5729,.F.);
#5729 = EDGE_CURVE('',#5730,#5722,#5732,.T.);
#5730 = VERTEX_POINT('',#5731);
#5731 = CARTESIAN_POINT('',(-69.9,-2.6662,1.51));
#5732 = CIRCLE('',#5733,0.999999252925);
#5733 = AXIS2_PLACEMENT_3D('',#5734,#5735,#5736);
#5734 = CARTESIAN_POINT('',(-68.90000074707,-2.666199252925,1.51));
#5735 = DIRECTION('',(0.,0.,-1.));
#5736 = DIRECTION('',(-1.,-7.470757296248E-07,-0.));
#5737 = ORIENTED_EDGE('',*,*,#5738,.F.);
#5738 = EDGE_CURVE('',#5739,#5730,#5741,.T.);
#5739 = VERTEX_POINT('',#5740);
#5740 = CARTESIAN_POINT('',(-69.9,-11.85,1.51));
#5741 = LINE('',#5742,#5743);
#5742 = CARTESIAN_POINT('',(-69.9,-11.85,1.51));
#5743 = VECTOR('',#5744,1.);
#5744 = DIRECTION('',(0.,1.,0.));
#5745 = ORIENTED_EDGE('',*,*,#5746,.F.);
#5746 = EDGE_CURVE('',#5747,#5739,#5749,.T.);
#5747 = VERTEX_POINT('',#5748);
#5748 = CARTESIAN_POINT('',(-68.9,-12.85,1.51));
#5749 = CIRCLE('',#5750,0.999999252925);
#5750 = AXIS2_PLACEMENT_3D('',#5751,#5752,#5753);
#5751 = CARTESIAN_POINT('',(-68.90000074707,-11.85000074707,1.51));
#5752 = DIRECTION('',(0.,0.,-1.));
#5753 = DIRECTION('',(7.470757349539E-07,-1.,0.));
#5754 = ORIENTED_EDGE('',*,*,#5755,.F.);
#5755 = EDGE_CURVE('',#5756,#5747,#5758,.T.);
#5756 = VERTEX_POINT('',#5757);
#5757 = CARTESIAN_POINT('',(20.1,-12.85,1.51));
#5758 = LINE('',#5759,#5760);
#5759 = CARTESIAN_POINT('',(20.1,-12.85,1.51));
#5760 = VECTOR('',#5761,1.);
#5761 = DIRECTION('',(-1.,0.,0.));
#5762 = ORIENTED_EDGE('',*,*,#5763,.F.);
#5763 = EDGE_CURVE('',#5182,#5756,#5764,.T.);
#5764 = CIRCLE('',#5765,0.999999252925);
#5765 = AXIS2_PLACEMENT_3D('',#5766,#5767,#5768);
#5766 = CARTESIAN_POINT('',(20.100000747075,-11.85000074707,1.51));
#5767 = DIRECTION('',(0.,0.,-1.));
#5768 = DIRECTION('',(1.,7.470757367303E-07,0.));
#5769 = ORIENTED_EDGE('',*,*,#5181,.F.);
#5770 = FACE_BOUND('',#5771,.T.);
#5771 = EDGE_LOOP('',(#5772));
#5772 = ORIENTED_EDGE('',*,*,#5773,.T.);
#5773 = EDGE_CURVE('',#5774,#5774,#5776,.T.);
#5774 = VERTEX_POINT('',#5775);
#5775 = CARTESIAN_POINT('',(-64.2183,-11.5763,1.51));
#5776 = CIRCLE('',#5777,0.51);
#5777 = AXIS2_PLACEMENT_3D('',#5778,#5779,#5780);
#5778 = CARTESIAN_POINT('',(-64.2183,-11.0663,1.51));
#5779 = DIRECTION('',(-0.,0.,-1.));
#5780 = DIRECTION('',(-0.,-1.,0.));
#5781 = FACE_BOUND('',#5782,.T.);
#5782 = EDGE_LOOP('',(#5783));
#5783 = ORIENTED_EDGE('',*,*,#5784,.T.);
#5784 = EDGE_CURVE('',#5785,#5785,#5787,.T.);
#5785 = VERTEX_POINT('',#5786);
#5786 = CARTESIAN_POINT('',(-59.2183,-11.3163,1.51));
#5787 = CIRCLE('',#5788,0.25);
#5788 = AXIS2_PLACEMENT_3D('',#5789,#5790,#5791);
#5789 = CARTESIAN_POINT('',(-59.2183,-11.0663,1.51));
#5790 = DIRECTION('',(-0.,0.,-1.));
#5791 = DIRECTION('',(-0.,-1.,0.));
#5792 = FACE_BOUND('',#5793,.T.);
#5793 = EDGE_LOOP('',(#5794));
#5794 = ORIENTED_EDGE('',*,*,#5795,.T.);
#5795 = EDGE_CURVE('',#5796,#5796,#5798,.T.);
#5796 = VERTEX_POINT('',#5797);
#5797 = CARTESIAN_POINT('',(-64.2183,-9.0363,1.51));
#5798 = CIRCLE('',#5799,0.51);
#5799 = AXIS2_PLACEMENT_3D('',#5800,#5801,#5802);
#5800 = CARTESIAN_POINT('',(-64.2183,-8.5263,1.51));
#5801 = DIRECTION('',(-0.,0.,-1.));
#5802 = DIRECTION('',(-0.,-1.,0.));
#5803 = FACE_BOUND('',#5804,.T.);
#5804 = EDGE_LOOP('',(#5805));
#5805 = ORIENTED_EDGE('',*,*,#5806,.T.);
#5806 = EDGE_CURVE('',#5807,#5807,#5809,.T.);
#5807 = VERTEX_POINT('',#5808);
#5808 = CARTESIAN_POINT('',(-37.3938,-8.8013,1.51));
#5809 = CIRCLE('',#5810,0.25);
#5810 = AXIS2_PLACEMENT_3D('',#5811,#5812,#5813);
#5811 = CARTESIAN_POINT('',(-37.3938,-8.5513,1.51));
#5812 = DIRECTION('',(-0.,0.,-1.));
#5813 = DIRECTION('',(-0.,-1.,0.));
#5814 = FACE_BOUND('',#5815,.T.);
#5815 = EDGE_LOOP('',(#5816));
#5816 = ORIENTED_EDGE('',*,*,#5817,.T.);
#5817 = EDGE_CURVE('',#5818,#5818,#5820,.T.);
#5818 = VERTEX_POINT('',#5819);
#5819 = CARTESIAN_POINT('',(-64.2183,-6.4963,1.51));
#5820 = CIRCLE('',#5821,0.51);
#5821 = AXIS2_PLACEMENT_3D('',#5822,#5823,#5824);
#5822 = CARTESIAN_POINT('',(-64.2183,-5.9863,1.51));
#5823 = DIRECTION('',(-0.,0.,-1.));
#5824 = DIRECTION('',(-0.,-1.,0.));
#5825 = FACE_BOUND('',#5826,.T.);
#5826 = EDGE_LOOP('',(#5827));
#5827 = ORIENTED_EDGE('',*,*,#5828,.T.);
#5828 = EDGE_CURVE('',#5829,#5829,#5831,.T.);
#5829 = VERTEX_POINT('',#5830);
#5830 = CARTESIAN_POINT('',(-59.1183,-6.2163,1.51));
#5831 = CIRCLE('',#5832,0.25);
#5832 = AXIS2_PLACEMENT_3D('',#5833,#5834,#5835);
#5833 = CARTESIAN_POINT('',(-59.1183,-5.9663,1.51));
#5834 = DIRECTION('',(-0.,0.,-1.));
#5835 = DIRECTION('',(-0.,-1.,0.));
#5836 = FACE_BOUND('',#5837,.T.);
#5837 = EDGE_LOOP('',(#5838));
#5838 = ORIENTED_EDGE('',*,*,#5839,.T.);
#5839 = EDGE_CURVE('',#5840,#5840,#5842,.T.);
#5840 = VERTEX_POINT('',#5841);
#5841 = CARTESIAN_POINT('',(-64.2183,-3.9563,1.51));
#5842 = CIRCLE('',#5843,0.51);
#5843 = AXIS2_PLACEMENT_3D('',#5844,#5845,#5846);
#5844 = CARTESIAN_POINT('',(-64.2183,-3.4463,1.51));
#5845 = DIRECTION('',(-0.,0.,-1.));
#5846 = DIRECTION('',(-0.,-1.,0.));
#5847 = FACE_BOUND('',#5848,.T.);
#5848 = EDGE_LOOP('',(#5849));
#5849 = ORIENTED_EDGE('',*,*,#5850,.T.);
#5850 = EDGE_CURVE('',#5851,#5851,#5853,.T.);
#5851 = VERTEX_POINT('',#5852);
#5852 = CARTESIAN_POINT('',(-30.2183,-3.9663,1.51));
#5853 = CIRCLE('',#5854,0.3);
#5854 = AXIS2_PLACEMENT_3D('',#5855,#5856,#5857);
#5855 = CARTESIAN_POINT('',(-30.2183,-3.6663,1.51));
#5856 = DIRECTION('',(-0.,0.,-1.));
#5857 = DIRECTION('',(-0.,-1.,0.));
#5858 = FACE_BOUND('',#5859,.T.);
#5859 = EDGE_LOOP('',(#5860));
#5860 = ORIENTED_EDGE('',*,*,#5861,.T.);
#5861 = EDGE_CURVE('',#5862,#5862,#5864,.T.);
#5862 = VERTEX_POINT('',#5863);
#5863 = CARTESIAN_POINT('',(-33.2183,-0.9663,1.51));
#5864 = CIRCLE('',#5865,0.3);
#5865 = AXIS2_PLACEMENT_3D('',#5866,#5867,#5868);
#5866 = CARTESIAN_POINT('',(-33.2183,-0.6663,1.51));
#5867 = DIRECTION('',(-0.,0.,-1.));
#5868 = DIRECTION('',(-0.,-1.,0.));
#5869 = FACE_BOUND('',#5870,.T.);
#5870 = EDGE_LOOP('',(#5871));
#5871 = ORIENTED_EDGE('',*,*,#5872,.T.);
#5872 = EDGE_CURVE('',#5873,#5873,#5875,.T.);
#5873 = VERTEX_POINT('',#5874);
#5874 = CARTESIAN_POINT('',(-32.33962,-3.08762,1.51));
#5875 = CIRCLE('',#5876,0.3);
#5876 = AXIS2_PLACEMENT_3D('',#5877,#5878,#5879);
#5877 = CARTESIAN_POINT('',(-32.33962,-2.78762,1.51));
#5878 = DIRECTION('',(-0.,0.,-1.));
#5879 = DIRECTION('',(-0.,-1.,0.));
#5880 = FACE_BOUND('',#5881,.T.);
#5881 = EDGE_LOOP('',(#5882));
#5882 = ORIENTED_EDGE('',*,*,#5883,.T.);
#5883 = EDGE_CURVE('',#5884,#5884,#5886,.T.);
#5884 = VERTEX_POINT('',#5885);
#5885 = CARTESIAN_POINT('',(-28.09698,-3.08762,1.51));
#5886 = CIRCLE('',#5887,0.3);
#5887 = AXIS2_PLACEMENT_3D('',#5888,#5889,#5890);
#5888 = CARTESIAN_POINT('',(-28.09698,-2.78762,1.51));
#5889 = DIRECTION('',(-0.,0.,-1.));
#5890 = DIRECTION('',(1.184237892933E-14,-1.,-0.));
#5891 = FACE_BOUND('',#5892,.T.);
#5892 = EDGE_LOOP('',(#5893));
#5893 = ORIENTED_EDGE('',*,*,#5894,.T.);
#5894 = EDGE_CURVE('',#5895,#5895,#5897,.T.);
#5895 = VERTEX_POINT('',#5896);
#5896 = CARTESIAN_POINT('',(-30.2183,-2.56495,1.51));
#5897 = CIRCLE('',#5898,1.89865);
#5898 = AXIS2_PLACEMENT_3D('',#5899,#5900,#5901);
#5899 = CARTESIAN_POINT('',(-30.2183,-0.6663,1.51));
#5900 = DIRECTION('',(-0.,0.,-1.));
#5901 = DIRECTION('',(-0.,-1.,0.));
#5902 = FACE_BOUND('',#5903,.T.);
#5903 = EDGE_LOOP('',(#5904));
#5904 = ORIENTED_EDGE('',*,*,#5905,.T.);
#5905 = EDGE_CURVE('',#5906,#5906,#5908,.T.);
#5906 = VERTEX_POINT('',#5907);
#5907 = CARTESIAN_POINT('',(-27.2183,-0.9663,1.51));
#5908 = CIRCLE('',#5909,0.3);
#5909 = AXIS2_PLACEMENT_3D('',#5910,#5911,#5912);
#5910 = CARTESIAN_POINT('',(-27.2183,-0.6663,1.51));
#5911 = DIRECTION('',(-0.,0.,-1.));
#5912 = DIRECTION('',(-0.,-1.,0.));
#5913 = FACE_BOUND('',#5914,.T.);
#5914 = EDGE_LOOP('',(#5915));
#5915 = ORIENTED_EDGE('',*,*,#5916,.T.);
#5916 = EDGE_CURVE('',#5917,#5917,#5919,.T.);
#5917 = VERTEX_POINT('',#5918);
#5918 = CARTESIAN_POINT('',(-4.75,-10.7,1.51));
#5919 = CIRCLE('',#5920,0.25);
#5920 = AXIS2_PLACEMENT_3D('',#5921,#5922,#5923);
#5921 = CARTESIAN_POINT('',(-4.75,-10.45,1.51));
#5922 = DIRECTION('',(-0.,0.,-1.));
#5923 = DIRECTION('',(-0.,-1.,0.));
#5924 = FACE_BOUND('',#5925,.T.);
#5925 = EDGE_LOOP('',(#5926));
#5926 = ORIENTED_EDGE('',*,*,#5927,.T.);
#5927 = EDGE_CURVE('',#5928,#5928,#5930,.T.);
#5928 = VERTEX_POINT('',#5929);
#5929 = CARTESIAN_POINT('',(12.,-10.65,1.51));
#5930 = CIRCLE('',#5931,0.25);
#5931 = AXIS2_PLACEMENT_3D('',#5932,#5933,#5934);
#5932 = CARTESIAN_POINT('',(12.,-10.4,1.51));
#5933 = DIRECTION('',(-0.,0.,-1.));
#5934 = DIRECTION('',(-0.,-1.,0.));
#5935 = FACE_BOUND('',#5936,.T.);
#5936 = EDGE_LOOP('',(#5937));
#5937 = ORIENTED_EDGE('',*,*,#5938,.T.);
#5938 = EDGE_CURVE('',#5939,#5939,#5941,.T.);
#5939 = VERTEX_POINT('',#5940);
#5940 = CARTESIAN_POINT('',(19.1,-9.9,1.51));
#5941 = CIRCLE('',#5942,0.25);
#5942 = AXIS2_PLACEMENT_3D('',#5943,#5944,#5945);
#5943 = CARTESIAN_POINT('',(19.1,-9.65,1.51));
#5944 = DIRECTION('',(-0.,0.,-1.));
#5945 = DIRECTION('',(-0.,-1.,0.));
#5946 = FACE_BOUND('',#5947,.T.);
#5947 = EDGE_LOOP('',(#5948));
#5948 = ORIENTED_EDGE('',*,*,#5949,.T.);
#5949 = EDGE_CURVE('',#5950,#5950,#5952,.T.);
#5950 = VERTEX_POINT('',#5951);
#5951 = CARTESIAN_POINT('',(-32.33962,1.15502,1.51));
#5952 = CIRCLE('',#5953,0.3);
#5953 = AXIS2_PLACEMENT_3D('',#5954,#5955,#5956);
#5954 = CARTESIAN_POINT('',(-32.33962,1.45502,1.51));
#5955 = DIRECTION('',(-0.,0.,-1.));
#5956 = DIRECTION('',(-0.,-1.,0.));
#5957 = FACE_BOUND('',#5958,.T.);
#5958 = EDGE_LOOP('',(#5959));
#5959 = ORIENTED_EDGE('',*,*,#5960,.T.);
#5960 = EDGE_CURVE('',#5961,#5961,#5963,.T.);
#5961 = VERTEX_POINT('',#5962);
#5962 = CARTESIAN_POINT('',(-28.09698,1.15502,1.51));
#5963 = CIRCLE('',#5964,0.3);
#5964 = AXIS2_PLACEMENT_3D('',#5965,#5966,#5967);
#5965 = CARTESIAN_POINT('',(-28.09698,1.45502,1.51));
#5966 = DIRECTION('',(-0.,0.,-1.));
#5967 = DIRECTION('',(1.184237892933E-14,-1.,-0.));
#5968 = FACE_BOUND('',#5969,.T.);
#5969 = EDGE_LOOP('',(#5970));
#5970 = ORIENTED_EDGE('',*,*,#5971,.T.);
#5971 = EDGE_CURVE('',#5972,#5972,#5974,.T.);
#5972 = VERTEX_POINT('',#5973);
#5973 = CARTESIAN_POINT('',(-30.2183,2.0337,1.51));
#5974 = CIRCLE('',#5975,0.3);
#5975 = AXIS2_PLACEMENT_3D('',#5976,#5977,#5978);
#5976 = CARTESIAN_POINT('',(-30.2183,2.3337,1.51));
#5977 = DIRECTION('',(-0.,0.,-1.));
#5978 = DIRECTION('',(-0.,-1.,0.));
#5979 = FACE_BOUND('',#5980,.T.);
#5980 = EDGE_LOOP('',(#5981));
#5981 = ORIENTED_EDGE('',*,*,#5982,.T.);
#5982 = EDGE_CURVE('',#5983,#5983,#5985,.T.);
#5983 = VERTEX_POINT('',#5984);
#5984 = CARTESIAN_POINT('',(-18.1,-0.55,1.51));
#5985 = CIRCLE('',#5986,0.6);
#5986 = AXIS2_PLACEMENT_3D('',#5987,#5988,#5989);
#5987 = CARTESIAN_POINT('',(-18.1,5.E-02,1.51));
#5988 = DIRECTION('',(-0.,0.,-1.));
#5989 = DIRECTION('',(-0.,-1.,0.));
#5990 = FACE_BOUND('',#5991,.T.);
#5991 = EDGE_LOOP('',(#5992));
#5992 = ORIENTED_EDGE('',*,*,#5993,.T.);
#5993 = EDGE_CURVE('',#5994,#5994,#5996,.T.);
#5994 = VERTEX_POINT('',#5995);
#5995 = CARTESIAN_POINT('',(18.1,-0.35,1.51));
#5996 = CIRCLE('',#5997,0.4);
#5997 = AXIS2_PLACEMENT_3D('',#5998,#5999,#6000);
#5998 = CARTESIAN_POINT('',(18.1,5.E-02,1.51));
#5999 = DIRECTION('',(-0.,0.,-1.));
#6000 = DIRECTION('',(-0.,-1.,0.));
#6001 = FACE_BOUND('',#6002,.T.);
#6002 = EDGE_LOOP('',(#6003));
#6003 = ORIENTED_EDGE('',*,*,#6004,.T.);
#6004 = EDGE_CURVE('',#6005,#6005,#6007,.T.);
#6005 = VERTEX_POINT('',#6006);
#6006 = CARTESIAN_POINT('',(-18.75,5.8868,1.51));
#6007 = CIRCLE('',#6008,0.4445);
#6008 = AXIS2_PLACEMENT_3D('',#6009,#6010,#6011);
#6009 = CARTESIAN_POINT('',(-18.75,6.3313,1.51));
#6010 = DIRECTION('',(-0.,0.,-1.));
#6011 = DIRECTION('',(-0.,-1.,0.));
#6012 = FACE_BOUND('',#6013,.T.);
#6013 = EDGE_LOOP('',(#6014));
#6014 = ORIENTED_EDGE('',*,*,#6015,.T.);
#6015 = EDGE_CURVE('',#6016,#6016,#6018,.T.);
#6016 = VERTEX_POINT('',#6017);
#6017 = CARTESIAN_POINT('',(-16.21,5.8868,1.51));
#6018 = CIRCLE('',#6019,0.4445);
#6019 = AXIS2_PLACEMENT_3D('',#6020,#6021,#6022);
#6020 = CARTESIAN_POINT('',(-16.21,6.3313,1.51));
#6021 = DIRECTION('',(-0.,0.,-1.));
#6022 = DIRECTION('',(-0.,-1.,0.));
#6023 = FACE_BOUND('',#6024,.T.);
#6024 = EDGE_LOOP('',(#6025));
#6025 = ORIENTED_EDGE('',*,*,#6026,.T.);
#6026 = EDGE_CURVE('',#6027,#6027,#6029,.T.);
#6027 = VERTEX_POINT('',#6028);
#6028 = CARTESIAN_POINT('',(-13.67,5.8868,1.51));
#6029 = CIRCLE('',#6030,0.4445);
#6030 = AXIS2_PLACEMENT_3D('',#6031,#6032,#6033);
#6031 = CARTESIAN_POINT('',(-13.67,6.3313,1.51));
#6032 = DIRECTION('',(-0.,0.,-1.));
#6033 = DIRECTION('',(-0.,-1.,0.));
#6034 = FACE_BOUND('',#6035,.T.);
#6035 = EDGE_LOOP('',(#6036));
#6036 = ORIENTED_EDGE('',*,*,#6037,.T.);
#6037 = EDGE_CURVE('',#6038,#6038,#6040,.T.);
#6038 = VERTEX_POINT('',#6039);
#6039 = CARTESIAN_POINT('',(-11.13,5.8868,1.51));
#6040 = CIRCLE('',#6041,0.4445);
#6041 = AXIS2_PLACEMENT_3D('',#6042,#6043,#6044);
#6042 = CARTESIAN_POINT('',(-11.13,6.3313,1.51));
#6043 = DIRECTION('',(-0.,0.,-1.));
#6044 = DIRECTION('',(-3.996303350732E-15,-1.,0.));
#6045 = FACE_BOUND('',#6046,.T.);
#6046 = EDGE_LOOP('',(#6047));
#6047 = ORIENTED_EDGE('',*,*,#6048,.T.);
#6048 = EDGE_CURVE('',#6049,#6049,#6051,.T.);
#6049 = VERTEX_POINT('',#6050);
#6050 = CARTESIAN_POINT('',(-8.59,5.8868,1.51));
#6051 = CIRCLE('',#6052,0.4445);
#6052 = AXIS2_PLACEMENT_3D('',#6053,#6054,#6055);
#6053 = CARTESIAN_POINT('',(-8.59,6.3313,1.51));
#6054 = DIRECTION('',(-0.,0.,-1.));
#6055 = DIRECTION('',(-0.,-1.,0.));
#6056 = FACE_BOUND('',#6057,.T.);
#6057 = EDGE_LOOP('',(#6058));
#6058 = ORIENTED_EDGE('',*,*,#6059,.T.);
#6059 = EDGE_CURVE('',#6060,#6060,#6062,.T.);
#6060 = VERTEX_POINT('',#6061);
#6061 = CARTESIAN_POINT('',(-6.05,5.8868,1.51));
#6062 = CIRCLE('',#6063,0.4445);
#6063 = AXIS2_PLACEMENT_3D('',#6064,#6065,#6066);
#6064 = CARTESIAN_POINT('',(-6.05,6.3313,1.51));
#6065 = DIRECTION('',(-0.,0.,-1.));
#6066 = DIRECTION('',(1.998151675366E-15,-1.,-0.));
#6067 = FACE_BOUND('',#6068,.T.);
#6068 = EDGE_LOOP('',(#6069));
#6069 = ORIENTED_EDGE('',*,*,#6070,.T.);
#6070 = EDGE_CURVE('',#6071,#6071,#6073,.T.);
#6071 = VERTEX_POINT('',#6072);
#6072 = CARTESIAN_POINT('',(-18.75,8.4268,1.51));
#6073 = CIRCLE('',#6074,0.4445);
#6074 = AXIS2_PLACEMENT_3D('',#6075,#6076,#6077);
#6075 = CARTESIAN_POINT('',(-18.75,8.8713,1.51));
#6076 = DIRECTION('',(-0.,0.,-1.));
#6077 = DIRECTION('',(-0.,-1.,0.));
#6078 = FACE_BOUND('',#6079,.T.);
#6079 = EDGE_LOOP('',(#6080));
#6080 = ORIENTED_EDGE('',*,*,#6081,.T.);
#6081 = EDGE_CURVE('',#6082,#6082,#6084,.T.);
#6082 = VERTEX_POINT('',#6083);
#6083 = CARTESIAN_POINT('',(-16.21,8.4268,1.51));
#6084 = CIRCLE('',#6085,0.4445);
#6085 = AXIS2_PLACEMENT_3D('',#6086,#6087,#6088);
#6086 = CARTESIAN_POINT('',(-16.21,8.8713,1.51));
#6087 = DIRECTION('',(-0.,0.,-1.));
#6088 = DIRECTION('',(-0.,-1.,0.));
#6089 = FACE_BOUND('',#6090,.T.);
#6090 = EDGE_LOOP('',(#6091));
#6091 = ORIENTED_EDGE('',*,*,#6092,.T.);
#6092 = EDGE_CURVE('',#6093,#6093,#6095,.T.);
#6093 = VERTEX_POINT('',#6094);
#6094 = CARTESIAN_POINT('',(-13.67,8.4268,1.51));
#6095 = CIRCLE('',#6096,0.4445);
#6096 = AXIS2_PLACEMENT_3D('',#6097,#6098,#6099);
#6097 = CARTESIAN_POINT('',(-13.67,8.8713,1.51));
#6098 = DIRECTION('',(-0.,0.,-1.));
#6099 = DIRECTION('',(-0.,-1.,0.));
#6100 = FACE_BOUND('',#6101,.T.);
#6101 = EDGE_LOOP('',(#6102));
#6102 = ORIENTED_EDGE('',*,*,#6103,.T.);
#6103 = EDGE_CURVE('',#6104,#6104,#6106,.T.);
#6104 = VERTEX_POINT('',#6105);
#6105 = CARTESIAN_POINT('',(-11.13,8.4268,1.51));
#6106 = CIRCLE('',#6107,0.4445);
#6107 = AXIS2_PLACEMENT_3D('',#6108,#6109,#6110);
#6108 = CARTESIAN_POINT('',(-11.13,8.8713,1.51));
#6109 = DIRECTION('',(-0.,0.,-1.));
#6110 = DIRECTION('',(-3.996303350732E-15,-1.,0.));
#6111 = FACE_BOUND('',#6112,.T.);
#6112 = EDGE_LOOP('',(#6113));
#6113 = ORIENTED_EDGE('',*,*,#6114,.T.);
#6114 = EDGE_CURVE('',#6115,#6115,#6117,.T.);
#6115 = VERTEX_POINT('',#6116);
#6116 = CARTESIAN_POINT('',(-8.59,8.4268,1.51));
#6117 = CIRCLE('',#6118,0.4445);
#6118 = AXIS2_PLACEMENT_3D('',#6119,#6120,#6121);
#6119 = CARTESIAN_POINT('',(-8.59,8.8713,1.51));
#6120 = DIRECTION('',(-0.,0.,-1.));
#6121 = DIRECTION('',(-0.,-1.,0.));
#6122 = FACE_BOUND('',#6123,.T.);
#6123 = EDGE_LOOP('',(#6124));
#6124 = ORIENTED_EDGE('',*,*,#6125,.T.);
#6125 = EDGE_CURVE('',#6126,#6126,#6128,.T.);
#6126 = VERTEX_POINT('',#6127);
#6127 = CARTESIAN_POINT('',(-6.05,8.4268,1.51));
#6128 = CIRCLE('',#6129,0.4445);
#6129 = AXIS2_PLACEMENT_3D('',#6130,#6131,#6132);
#6130 = CARTESIAN_POINT('',(-6.05,8.8713,1.51));
#6131 = DIRECTION('',(-0.,0.,-1.));
#6132 = DIRECTION('',(1.998151675366E-15,-1.,-0.));
#6133 = FACE_BOUND('',#6134,.T.);
#6134 = EDGE_LOOP('',(#6135));
#6135 = ORIENTED_EDGE('',*,*,#6136,.T.);
#6136 = EDGE_CURVE('',#6137,#6137,#6139,.T.);
#6137 = VERTEX_POINT('',#6138);
#6138 = CARTESIAN_POINT('',(16.4,5.7,1.51));
#6139 = CIRCLE('',#6140,0.25);
#6140 = AXIS2_PLACEMENT_3D('',#6141,#6142,#6143);
#6141 = CARTESIAN_POINT('',(16.4,5.95,1.51));
#6142 = DIRECTION('',(-0.,0.,-1.));
#6143 = DIRECTION('',(-0.,-1.,0.));
#6144 = FACE_BOUND('',#6145,.T.);
#6145 = EDGE_LOOP('',(#6146));
#6146 = ORIENTED_EDGE('',*,*,#6147,.T.);
#6147 = EDGE_CURVE('',#6148,#6148,#6150,.T.);
#6148 = VERTEX_POINT('',#6149);
#6149 = CARTESIAN_POINT('',(16.4,7.75,1.51));
#6150 = CIRCLE('',#6151,0.25);
#6151 = AXIS2_PLACEMENT_3D('',#6152,#6153,#6154);
#6152 = CARTESIAN_POINT('',(16.4,8.,1.51));
#6153 = DIRECTION('',(-0.,0.,-1.));
#6154 = DIRECTION('',(-0.,-1.,0.));
#6155 = FACE_BOUND('',#6156,.T.);
#6156 = EDGE_LOOP('',(#6157));
#6157 = ORIENTED_EDGE('',*,*,#6158,.T.);
#6158 = EDGE_CURVE('',#6159,#6159,#6161,.T.);
#6159 = VERTEX_POINT('',#6160);
#6160 = CARTESIAN_POINT('',(16.4,9.8,1.51));
#6161 = CIRCLE('',#6162,0.25);
#6162 = AXIS2_PLACEMENT_3D('',#6163,#6164,#6165);
#6163 = CARTESIAN_POINT('',(16.4,10.05,1.51));
#6164 = DIRECTION('',(-0.,0.,-1.));
#6165 = DIRECTION('',(-0.,-1.,0.));
#6166 = PLANE('',#6167);
#6167 = AXIS2_PLACEMENT_3D('',#6168,#6169,#6170);
#6168 = CARTESIAN_POINT('',(0.,0.,1.51));
#6169 = DIRECTION('',(0.,0.,1.));
#6170 = DIRECTION('',(1.,0.,-0.));
#6171 = ADVANCED_FACE('',(#6172),#6183,.T.);
#6172 = FACE_BOUND('',#6173,.T.);
#6173 = EDGE_LOOP('',(#6174,#6180,#6181,#6182));
#6174 = ORIENTED_EDGE('',*,*,#6175,.T.);
#6175 = EDGE_CURVE('',#5214,#5696,#6176,.T.);
#6176 = LINE('',#6177,#6178);
#6177 = CARTESIAN_POINT('',(-51.3,11.2338,0.));
#6178 = VECTOR('',#6179,1.);
#6179 = DIRECTION('',(0.,0.,1.));
#6180 = ORIENTED_EDGE('',*,*,#5695,.T.);
#6181 = ORIENTED_EDGE('',*,*,#5149,.F.);
#6182 = ORIENTED_EDGE('',*,*,#5213,.F.);
#6183 = CYLINDRICAL_SURFACE('',#6184,0.999999252925);
#6184 = AXIS2_PLACEMENT_3D('',#6185,#6186,#6187);
#6185 = CARTESIAN_POINT('',(-50.30000074707,11.233800747075,0.));
#6186 = DIRECTION('',(0.,0.,-1.));
#6187 = DIRECTION('',(-1.,-7.47075740283E-07,-0.));
#6188 = ADVANCED_FACE('',(#6189),#6200,.T.);
#6189 = FACE_BOUND('',#6190,.T.);
#6190 = EDGE_LOOP('',(#6191,#6192,#6193,#6199));
#6191 = ORIENTED_EDGE('',*,*,#5189,.T.);
#6192 = ORIENTED_EDGE('',*,*,#5763,.T.);
#6193 = ORIENTED_EDGE('',*,*,#6194,.F.);
#6194 = EDGE_CURVE('',#5274,#5756,#6195,.T.);
#6195 = LINE('',#6196,#6197);
#6196 = CARTESIAN_POINT('',(20.1,-12.85,0.));
#6197 = VECTOR('',#6198,1.);
#6198 = DIRECTION('',(0.,0.,1.));
#6199 = ORIENTED_EDGE('',*,*,#5281,.F.);
#6200 = CYLINDRICAL_SURFACE('',#6201,0.999999252925);
#6201 = AXIS2_PLACEMENT_3D('',#6202,#6203,#6204);
#6202 = CARTESIAN_POINT('',(20.100000747075,-11.85000074707,0.));
#6203 = DIRECTION('',(0.,0.,-1.));
#6204 = DIRECTION('',(1.,7.470757367303E-07,0.));
#6205 = ADVANCED_FACE('',(#6206),#6217,.T.);
#6206 = FACE_BOUND('',#6207,.T.);
#6207 = EDGE_LOOP('',(#6208,#6214,#6215,#6216));
#6208 = ORIENTED_EDGE('',*,*,#6209,.T.);
#6209 = EDGE_CURVE('',#5223,#5705,#6210,.T.);
#6210 = LINE('',#6211,#6212);
#6211 = CARTESIAN_POINT('',(-51.3,0.3338,0.));
#6212 = VECTOR('',#6213,1.);
#6213 = DIRECTION('',(0.,0.,1.));
#6214 = ORIENTED_EDGE('',*,*,#5704,.T.);
#6215 = ORIENTED_EDGE('',*,*,#6175,.F.);
#6216 = ORIENTED_EDGE('',*,*,#5222,.F.);
#6217 = PLANE('',#6218);
#6218 = AXIS2_PLACEMENT_3D('',#6219,#6220,#6221);
#6219 = CARTESIAN_POINT('',(-51.3,0.3338,0.));
#6220 = DIRECTION('',(-1.,0.,0.));
#6221 = DIRECTION('',(0.,1.,0.));
#6222 = ADVANCED_FACE('',(#6223),#6234,.T.);
#6223 = FACE_BOUND('',#6224,.T.);
#6224 = EDGE_LOOP('',(#6225,#6226,#6227,#6233));
#6225 = ORIENTED_EDGE('',*,*,#6194,.T.);
#6226 = ORIENTED_EDGE('',*,*,#5755,.T.);
#6227 = ORIENTED_EDGE('',*,*,#6228,.F.);
#6228 = EDGE_CURVE('',#5265,#5747,#6229,.T.);
#6229 = LINE('',#6230,#6231);
#6230 = CARTESIAN_POINT('',(-68.9,-12.85,0.));
#6231 = VECTOR('',#6232,1.);
#6232 = DIRECTION('',(0.,0.,1.));
#6233 = ORIENTED_EDGE('',*,*,#5273,.F.);
#6234 = PLANE('',#6235);
#6235 = AXIS2_PLACEMENT_3D('',#6236,#6237,#6238);
#6236 = CARTESIAN_POINT('',(20.1,-12.85,0.));
#6237 = DIRECTION('',(0.,-1.,0.));
#6238 = DIRECTION('',(-1.,0.,0.));
#6239 = ADVANCED_FACE('',(#6240),#6251,.F.);
#6240 = FACE_BOUND('',#6241,.T.);
#6241 = EDGE_LOOP('',(#6242,#6248,#6249,#6250));
#6242 = ORIENTED_EDGE('',*,*,#6243,.T.);
#6243 = EDGE_CURVE('',#5231,#5713,#6244,.T.);
#6244 = LINE('',#6245,#6246);
#6245 = CARTESIAN_POINT('',(-53.3,-1.6662,0.));
#6246 = VECTOR('',#6247,1.);
#6247 = DIRECTION('',(0.,0.,1.));
#6248 = ORIENTED_EDGE('',*,*,#5712,.T.);
#6249 = ORIENTED_EDGE('',*,*,#6209,.F.);
#6250 = ORIENTED_EDGE('',*,*,#5230,.F.);
#6251 = CYLINDRICAL_SURFACE('',#6252,1.99999850585);
#6252 = AXIS2_PLACEMENT_3D('',#6253,#6254,#6255);
#6253 = CARTESIAN_POINT('',(-53.29999850585,0.33379850585,0.));
#6254 = DIRECTION('',(-0.,-0.,-1.));
#6255 = DIRECTION('',(-7.470757349539E-07,-1.,0.));
#6256 = ADVANCED_FACE('',(#6257),#6268,.T.);
#6257 = FACE_BOUND('',#6258,.T.);
#6258 = EDGE_LOOP('',(#6259,#6260,#6261,#6267));
#6259 = ORIENTED_EDGE('',*,*,#6228,.T.);
#6260 = ORIENTED_EDGE('',*,*,#5746,.T.);
#6261 = ORIENTED_EDGE('',*,*,#6262,.F.);
#6262 = EDGE_CURVE('',#5257,#5739,#6263,.T.);
#6263 = LINE('',#6264,#6265);
#6264 = CARTESIAN_POINT('',(-69.9,-11.85,0.));
#6265 = VECTOR('',#6266,1.);
#6266 = DIRECTION('',(0.,0.,1.));
#6267 = ORIENTED_EDGE('',*,*,#5264,.F.);
#6268 = CYLINDRICAL_SURFACE('',#6269,0.999999252925);
#6269 = AXIS2_PLACEMENT_3D('',#6270,#6271,#6272);
#6270 = CARTESIAN_POINT('',(-68.90000074707,-11.85000074707,0.));
#6271 = DIRECTION('',(0.,0.,-1.));
#6272 = DIRECTION('',(7.470757349539E-07,-1.,0.));
#6273 = ADVANCED_FACE('',(#6274),#6285,.T.);
#6274 = FACE_BOUND('',#6275,.T.);
#6275 = EDGE_LOOP('',(#6276,#6282,#6283,#6284));
#6276 = ORIENTED_EDGE('',*,*,#6277,.T.);
#6277 = EDGE_CURVE('',#5240,#5722,#6278,.T.);
#6278 = LINE('',#6279,#6280);
#6279 = CARTESIAN_POINT('',(-68.9,-1.6662,0.));
#6280 = VECTOR('',#6281,1.);
#6281 = DIRECTION('',(0.,0.,1.));
#6282 = ORIENTED_EDGE('',*,*,#5721,.T.);
#6283 = ORIENTED_EDGE('',*,*,#6243,.F.);
#6284 = ORIENTED_EDGE('',*,*,#5239,.F.);
#6285 = PLANE('',#6286);
#6286 = AXIS2_PLACEMENT_3D('',#6287,#6288,#6289);
#6287 = CARTESIAN_POINT('',(-68.9,-1.6662,0.));
#6288 = DIRECTION('',(0.,1.,0.));
#6289 = DIRECTION('',(1.,0.,0.));
#6290 = ADVANCED_FACE('',(#6291),#6302,.T.);
#6291 = FACE_BOUND('',#6292,.T.);
#6292 = EDGE_LOOP('',(#6293,#6294,#6295,#6301));
#6293 = ORIENTED_EDGE('',*,*,#6262,.T.);
#6294 = ORIENTED_EDGE('',*,*,#5738,.T.);
#6295 = ORIENTED_EDGE('',*,*,#6296,.F.);
#6296 = EDGE_CURVE('',#5248,#5730,#6297,.T.);
#6297 = LINE('',#6298,#6299);
#6298 = CARTESIAN_POINT('',(-69.9,-2.6662,0.));
#6299 = VECTOR('',#6300,1.);
#6300 = DIRECTION('',(0.,0.,1.));
#6301 = ORIENTED_EDGE('',*,*,#5256,.F.);
#6302 = PLANE('',#6303);
#6303 = AXIS2_PLACEMENT_3D('',#6304,#6305,#6306);
#6304 = CARTESIAN_POINT('',(-69.9,-11.85,0.));
#6305 = DIRECTION('',(-1.,0.,0.));
#6306 = DIRECTION('',(0.,1.,0.));
#6307 = ADVANCED_FACE('',(#6308),#6314,.T.);
#6308 = FACE_BOUND('',#6309,.T.);
#6309 = EDGE_LOOP('',(#6310,#6311,#6312,#6313));
#6310 = ORIENTED_EDGE('',*,*,#6296,.T.);
#6311 = ORIENTED_EDGE('',*,*,#5729,.T.);
#6312 = ORIENTED_EDGE('',*,*,#6277,.F.);
#6313 = ORIENTED_EDGE('',*,*,#5247,.F.);
#6314 = CYLINDRICAL_SURFACE('',#6315,0.999999252925);
#6315 = AXIS2_PLACEMENT_3D('',#6316,#6317,#6318);
#6316 = CARTESIAN_POINT('',(-68.90000074707,-2.666199252925,0.));
#6317 = DIRECTION('',(0.,0.,-1.));
#6318 = DIRECTION('',(-1.,-7.470757296248E-07,-0.));
#6319 = ADVANCED_FACE('',(#6320),#6331,.F.);
#6320 = FACE_BOUND('',#6321,.T.);
#6321 = EDGE_LOOP('',(#6322,#6323,#6329,#6330));
#6322 = ORIENTED_EDGE('',*,*,#5291,.T.);
#6323 = ORIENTED_EDGE('',*,*,#6324,.T.);
#6324 = EDGE_CURVE('',#5292,#5774,#6325,.T.);
#6325 = LINE('',#6326,#6327);
#6326 = CARTESIAN_POINT('',(-64.2183,-11.5763,-4.6E-02));
#6327 = VECTOR('',#6328,1.);
#6328 = DIRECTION('',(0.,0.,1.));
#6329 = ORIENTED_EDGE('',*,*,#5773,.F.);
#6330 = ORIENTED_EDGE('',*,*,#6324,.F.);
#6331 = CYLINDRICAL_SURFACE('',#6332,0.51);
#6332 = AXIS2_PLACEMENT_3D('',#6333,#6334,#6335);
#6333 = CARTESIAN_POINT('',(-64.2183,-11.0663,-4.6E-02));
#6334 = DIRECTION('',(-0.,-0.,-1.));
#6335 = DIRECTION('',(-0.,-1.,0.));
#6336 = ADVANCED_FACE('',(#6337),#6348,.F.);
#6337 = FACE_BOUND('',#6338,.T.);
#6338 = EDGE_LOOP('',(#6339,#6340,#6346,#6347));
#6339 = ORIENTED_EDGE('',*,*,#5302,.T.);
#6340 = ORIENTED_EDGE('',*,*,#6341,.T.);
#6341 = EDGE_CURVE('',#5303,#5785,#6342,.T.);
#6342 = LINE('',#6343,#6344);
#6343 = CARTESIAN_POINT('',(-59.2183,-11.3163,-4.6E-02));
#6344 = VECTOR('',#6345,1.);
#6345 = DIRECTION('',(0.,0.,1.));
#6346 = ORIENTED_EDGE('',*,*,#5784,.F.);
#6347 = ORIENTED_EDGE('',*,*,#6341,.F.);
#6348 = CYLINDRICAL_SURFACE('',#6349,0.25);
#6349 = AXIS2_PLACEMENT_3D('',#6350,#6351,#6352);
#6350 = CARTESIAN_POINT('',(-59.2183,-11.0663,-4.6E-02));
#6351 = DIRECTION('',(-0.,-0.,-1.));
#6352 = DIRECTION('',(-0.,-1.,0.));
#6353 = ADVANCED_FACE('',(#6354),#6365,.F.);
#6354 = FACE_BOUND('',#6355,.T.);
#6355 = EDGE_LOOP('',(#6356,#6357,#6363,#6364));
#6356 = ORIENTED_EDGE('',*,*,#5313,.T.);
#6357 = ORIENTED_EDGE('',*,*,#6358,.T.);
#6358 = EDGE_CURVE('',#5314,#5796,#6359,.T.);
#6359 = LINE('',#6360,#6361);
#6360 = CARTESIAN_POINT('',(-64.2183,-9.0363,-4.6E-02));
#6361 = VECTOR('',#6362,1.);
#6362 = DIRECTION('',(0.,0.,1.));
#6363 = ORIENTED_EDGE('',*,*,#5795,.F.);
#6364 = ORIENTED_EDGE('',*,*,#6358,.F.);
#6365 = CYLINDRICAL_SURFACE('',#6366,0.51);
#6366 = AXIS2_PLACEMENT_3D('',#6367,#6368,#6369);
#6367 = CARTESIAN_POINT('',(-64.2183,-8.5263,-4.6E-02));
#6368 = DIRECTION('',(-0.,-0.,-1.));
#6369 = DIRECTION('',(-0.,-1.,0.));
#6370 = ADVANCED_FACE('',(#6371),#6382,.F.);
#6371 = FACE_BOUND('',#6372,.T.);
#6372 = EDGE_LOOP('',(#6373,#6374,#6380,#6381));
#6373 = ORIENTED_EDGE('',*,*,#5324,.T.);
#6374 = ORIENTED_EDGE('',*,*,#6375,.T.);
#6375 = EDGE_CURVE('',#5325,#5807,#6376,.T.);
#6376 = LINE('',#6377,#6378);
#6377 = CARTESIAN_POINT('',(-37.3938,-8.8013,-4.6E-02));
#6378 = VECTOR('',#6379,1.);
#6379 = DIRECTION('',(0.,0.,1.));
#6380 = ORIENTED_EDGE('',*,*,#5806,.F.);
#6381 = ORIENTED_EDGE('',*,*,#6375,.F.);
#6382 = CYLINDRICAL_SURFACE('',#6383,0.25);
#6383 = AXIS2_PLACEMENT_3D('',#6384,#6385,#6386);
#6384 = CARTESIAN_POINT('',(-37.3938,-8.5513,-4.6E-02));
#6385 = DIRECTION('',(-0.,-0.,-1.));
#6386 = DIRECTION('',(-0.,-1.,0.));
#6387 = ADVANCED_FACE('',(#6388),#6399,.F.);
#6388 = FACE_BOUND('',#6389,.T.);
#6389 = EDGE_LOOP('',(#6390,#6391,#6397,#6398));
#6390 = ORIENTED_EDGE('',*,*,#5335,.T.);
#6391 = ORIENTED_EDGE('',*,*,#6392,.T.);
#6392 = EDGE_CURVE('',#5336,#5818,#6393,.T.);
#6393 = LINE('',#6394,#6395);
#6394 = CARTESIAN_POINT('',(-64.2183,-6.4963,-4.6E-02));
#6395 = VECTOR('',#6396,1.);
#6396 = DIRECTION('',(0.,0.,1.));
#6397 = ORIENTED_EDGE('',*,*,#5817,.F.);
#6398 = ORIENTED_EDGE('',*,*,#6392,.F.);
#6399 = CYLINDRICAL_SURFACE('',#6400,0.51);
#6400 = AXIS2_PLACEMENT_3D('',#6401,#6402,#6403);
#6401 = CARTESIAN_POINT('',(-64.2183,-5.9863,-4.6E-02));
#6402 = DIRECTION('',(-0.,-0.,-1.));
#6403 = DIRECTION('',(-0.,-1.,0.));
#6404 = ADVANCED_FACE('',(#6405),#6416,.F.);
#6405 = FACE_BOUND('',#6406,.T.);
#6406 = EDGE_LOOP('',(#6407,#6408,#6414,#6415));
#6407 = ORIENTED_EDGE('',*,*,#5346,.T.);
#6408 = ORIENTED_EDGE('',*,*,#6409,.T.);
#6409 = EDGE_CURVE('',#5347,#5829,#6410,.T.);
#6410 = LINE('',#6411,#6412);
#6411 = CARTESIAN_POINT('',(-59.1183,-6.2163,-4.6E-02));
#6412 = VECTOR('',#6413,1.);
#6413 = DIRECTION('',(0.,0.,1.));
#6414 = ORIENTED_EDGE('',*,*,#5828,.F.);
#6415 = ORIENTED_EDGE('',*,*,#6409,.F.);
#6416 = CYLINDRICAL_SURFACE('',#6417,0.25);
#6417 = AXIS2_PLACEMENT_3D('',#6418,#6419,#6420);
#6418 = CARTESIAN_POINT('',(-59.1183,-5.9663,-4.6E-02));
#6419 = DIRECTION('',(-0.,-0.,-1.));
#6420 = DIRECTION('',(-0.,-1.,0.));
#6421 = ADVANCED_FACE('',(#6422),#6433,.F.);
#6422 = FACE_BOUND('',#6423,.T.);
#6423 = EDGE_LOOP('',(#6424,#6425,#6431,#6432));
#6424 = ORIENTED_EDGE('',*,*,#5357,.T.);
#6425 = ORIENTED_EDGE('',*,*,#6426,.T.);
#6426 = EDGE_CURVE('',#5358,#5840,#6427,.T.);
#6427 = LINE('',#6428,#6429);
#6428 = CARTESIAN_POINT('',(-64.2183,-3.9563,-4.6E-02));
#6429 = VECTOR('',#6430,1.);
#6430 = DIRECTION('',(0.,0.,1.));
#6431 = ORIENTED_EDGE('',*,*,#5839,.F.);
#6432 = ORIENTED_EDGE('',*,*,#6426,.F.);
#6433 = CYLINDRICAL_SURFACE('',#6434,0.51);
#6434 = AXIS2_PLACEMENT_3D('',#6435,#6436,#6437);
#6435 = CARTESIAN_POINT('',(-64.2183,-3.4463,-4.6E-02));
#6436 = DIRECTION('',(-0.,-0.,-1.));
#6437 = DIRECTION('',(-0.,-1.,0.));
#6438 = ADVANCED_FACE('',(#6439),#6450,.F.);
#6439 = FACE_BOUND('',#6440,.T.);
#6440 = EDGE_LOOP('',(#6441,#6442,#6448,#6449));
#6441 = ORIENTED_EDGE('',*,*,#5368,.T.);
#6442 = ORIENTED_EDGE('',*,*,#6443,.T.);
#6443 = EDGE_CURVE('',#5369,#5851,#6444,.T.);
#6444 = LINE('',#6445,#6446);
#6445 = CARTESIAN_POINT('',(-30.2183,-3.9663,-4.6E-02));
#6446 = VECTOR('',#6447,1.);
#6447 = DIRECTION('',(0.,0.,1.));
#6448 = ORIENTED_EDGE('',*,*,#5850,.F.);
#6449 = ORIENTED_EDGE('',*,*,#6443,.F.);
#6450 = CYLINDRICAL_SURFACE('',#6451,0.3);
#6451 = AXIS2_PLACEMENT_3D('',#6452,#6453,#6454);
#6452 = CARTESIAN_POINT('',(-30.2183,-3.6663,-4.6E-02));
#6453 = DIRECTION('',(-0.,-0.,-1.));
#6454 = DIRECTION('',(-0.,-1.,0.));
#6455 = ADVANCED_FACE('',(#6456),#6467,.F.);
#6456 = FACE_BOUND('',#6457,.T.);
#6457 = EDGE_LOOP('',(#6458,#6459,#6465,#6466));
#6458 = ORIENTED_EDGE('',*,*,#5379,.T.);
#6459 = ORIENTED_EDGE('',*,*,#6460,.T.);
#6460 = EDGE_CURVE('',#5380,#5862,#6461,.T.);
#6461 = LINE('',#6462,#6463);
#6462 = CARTESIAN_POINT('',(-33.2183,-0.9663,-4.6E-02));
#6463 = VECTOR('',#6464,1.);
#6464 = DIRECTION('',(0.,0.,1.));
#6465 = ORIENTED_EDGE('',*,*,#5861,.F.);
#6466 = ORIENTED_EDGE('',*,*,#6460,.F.);
#6467 = CYLINDRICAL_SURFACE('',#6468,0.3);
#6468 = AXIS2_PLACEMENT_3D('',#6469,#6470,#6471);
#6469 = CARTESIAN_POINT('',(-33.2183,-0.6663,-4.6E-02));
#6470 = DIRECTION('',(-0.,-0.,-1.));
#6471 = DIRECTION('',(-0.,-1.,0.));
#6472 = ADVANCED_FACE('',(#6473),#6484,.F.);
#6473 = FACE_BOUND('',#6474,.T.);
#6474 = EDGE_LOOP('',(#6475,#6476,#6482,#6483));
#6475 = ORIENTED_EDGE('',*,*,#5390,.T.);
#6476 = ORIENTED_EDGE('',*,*,#6477,.T.);
#6477 = EDGE_CURVE('',#5391,#5873,#6478,.T.);
#6478 = LINE('',#6479,#6480);
#6479 = CARTESIAN_POINT('',(-32.33962,-3.08762,-4.6E-02));
#6480 = VECTOR('',#6481,1.);
#6481 = DIRECTION('',(0.,0.,1.));
#6482 = ORIENTED_EDGE('',*,*,#5872,.F.);
#6483 = ORIENTED_EDGE('',*,*,#6477,.F.);
#6484 = CYLINDRICAL_SURFACE('',#6485,0.3);
#6485 = AXIS2_PLACEMENT_3D('',#6486,#6487,#6488);
#6486 = CARTESIAN_POINT('',(-32.33962,-2.78762,-4.6E-02));
#6487 = DIRECTION('',(-0.,-0.,-1.));
#6488 = DIRECTION('',(-0.,-1.,0.));
#6489 = ADVANCED_FACE('',(#6490),#6501,.F.);
#6490 = FACE_BOUND('',#6491,.T.);
#6491 = EDGE_LOOP('',(#6492,#6493,#6499,#6500));
#6492 = ORIENTED_EDGE('',*,*,#5401,.T.);
#6493 = ORIENTED_EDGE('',*,*,#6494,.T.);
#6494 = EDGE_CURVE('',#5402,#5884,#6495,.T.);
#6495 = LINE('',#6496,#6497);
#6496 = CARTESIAN_POINT('',(-28.09698,-3.08762,-4.6E-02));
#6497 = VECTOR('',#6498,1.);
#6498 = DIRECTION('',(0.,0.,1.));
#6499 = ORIENTED_EDGE('',*,*,#5883,.F.);
#6500 = ORIENTED_EDGE('',*,*,#6494,.F.);
#6501 = CYLINDRICAL_SURFACE('',#6502,0.3);
#6502 = AXIS2_PLACEMENT_3D('',#6503,#6504,#6505);
#6503 = CARTESIAN_POINT('',(-28.09698,-2.78762,-4.6E-02));
#6504 = DIRECTION('',(-0.,0.,-1.));
#6505 = DIRECTION('',(1.184237892933E-14,-1.,-0.));
#6506 = ADVANCED_FACE('',(#6507),#6518,.F.);
#6507 = FACE_BOUND('',#6508,.T.);
#6508 = EDGE_LOOP('',(#6509,#6510,#6516,#6517));
#6509 = ORIENTED_EDGE('',*,*,#5412,.T.);
#6510 = ORIENTED_EDGE('',*,*,#6511,.T.);
#6511 = EDGE_CURVE('',#5413,#5895,#6512,.T.);
#6512 = LINE('',#6513,#6514);
#6513 = CARTESIAN_POINT('',(-30.2183,-2.56495,-4.6E-02));
#6514 = VECTOR('',#6515,1.);
#6515 = DIRECTION('',(0.,0.,1.));
#6516 = ORIENTED_EDGE('',*,*,#5894,.F.);
#6517 = ORIENTED_EDGE('',*,*,#6511,.F.);
#6518 = CYLINDRICAL_SURFACE('',#6519,1.89865);
#6519 = AXIS2_PLACEMENT_3D('',#6520,#6521,#6522);
#6520 = CARTESIAN_POINT('',(-30.2183,-0.6663,-4.6E-02));
#6521 = DIRECTION('',(-0.,-0.,-1.));
#6522 = DIRECTION('',(-0.,-1.,0.));
#6523 = ADVANCED_FACE('',(#6524),#6535,.F.);
#6524 = FACE_BOUND('',#6525,.T.);
#6525 = EDGE_LOOP('',(#6526,#6527,#6533,#6534));
#6526 = ORIENTED_EDGE('',*,*,#5423,.T.);
#6527 = ORIENTED_EDGE('',*,*,#6528,.T.);
#6528 = EDGE_CURVE('',#5424,#5906,#6529,.T.);
#6529 = LINE('',#6530,#6531);
#6530 = CARTESIAN_POINT('',(-27.2183,-0.9663,-4.6E-02));
#6531 = VECTOR('',#6532,1.);
#6532 = DIRECTION('',(0.,0.,1.));
#6533 = ORIENTED_EDGE('',*,*,#5905,.F.);
#6534 = ORIENTED_EDGE('',*,*,#6528,.F.);
#6535 = CYLINDRICAL_SURFACE('',#6536,0.3);
#6536 = AXIS2_PLACEMENT_3D('',#6537,#6538,#6539);
#6537 = CARTESIAN_POINT('',(-27.2183,-0.6663,-4.6E-02));
#6538 = DIRECTION('',(-0.,-0.,-1.));
#6539 = DIRECTION('',(-0.,-1.,0.));
#6540 = ADVANCED_FACE('',(#6541),#6552,.F.);
#6541 = FACE_BOUND('',#6542,.T.);
#6542 = EDGE_LOOP('',(#6543,#6544,#6550,#6551));
#6543 = ORIENTED_EDGE('',*,*,#5434,.T.);
#6544 = ORIENTED_EDGE('',*,*,#6545,.T.);
#6545 = EDGE_CURVE('',#5435,#5917,#6546,.T.);
#6546 = LINE('',#6547,#6548);
#6547 = CARTESIAN_POINT('',(-4.75,-10.7,-4.6E-02));
#6548 = VECTOR('',#6549,1.);
#6549 = DIRECTION('',(0.,0.,1.));
#6550 = ORIENTED_EDGE('',*,*,#5916,.F.);
#6551 = ORIENTED_EDGE('',*,*,#6545,.F.);
#6552 = CYLINDRICAL_SURFACE('',#6553,0.25);
#6553 = AXIS2_PLACEMENT_3D('',#6554,#6555,#6556);
#6554 = CARTESIAN_POINT('',(-4.75,-10.45,-4.6E-02));
#6555 = DIRECTION('',(-0.,-0.,-1.));
#6556 = DIRECTION('',(-0.,-1.,0.));
#6557 = ADVANCED_FACE('',(#6558),#6569,.F.);
#6558 = FACE_BOUND('',#6559,.T.);
#6559 = EDGE_LOOP('',(#6560,#6561,#6567,#6568));
#6560 = ORIENTED_EDGE('',*,*,#5445,.T.);
#6561 = ORIENTED_EDGE('',*,*,#6562,.T.);
#6562 = EDGE_CURVE('',#5446,#5928,#6563,.T.);
#6563 = LINE('',#6564,#6565);
#6564 = CARTESIAN_POINT('',(12.,-10.65,-4.6E-02));
#6565 = VECTOR('',#6566,1.);
#6566 = DIRECTION('',(0.,0.,1.));
#6567 = ORIENTED_EDGE('',*,*,#5927,.F.);
#6568 = ORIENTED_EDGE('',*,*,#6562,.F.);
#6569 = CYLINDRICAL_SURFACE('',#6570,0.25);
#6570 = AXIS2_PLACEMENT_3D('',#6571,#6572,#6573);
#6571 = CARTESIAN_POINT('',(12.,-10.4,-4.6E-02));
#6572 = DIRECTION('',(-0.,-0.,-1.));
#6573 = DIRECTION('',(-0.,-1.,0.));
#6574 = ADVANCED_FACE('',(#6575),#6586,.F.);
#6575 = FACE_BOUND('',#6576,.T.);
#6576 = EDGE_LOOP('',(#6577,#6578,#6584,#6585));
#6577 = ORIENTED_EDGE('',*,*,#5456,.T.);
#6578 = ORIENTED_EDGE('',*,*,#6579,.T.);
#6579 = EDGE_CURVE('',#5457,#5939,#6580,.T.);
#6580 = LINE('',#6581,#6582);
#6581 = CARTESIAN_POINT('',(19.1,-9.9,-4.6E-02));
#6582 = VECTOR('',#6583,1.);
#6583 = DIRECTION('',(0.,0.,1.));
#6584 = ORIENTED_EDGE('',*,*,#5938,.F.);
#6585 = ORIENTED_EDGE('',*,*,#6579,.F.);
#6586 = CYLINDRICAL_SURFACE('',#6587,0.25);
#6587 = AXIS2_PLACEMENT_3D('',#6588,#6589,#6590);
#6588 = CARTESIAN_POINT('',(19.1,-9.65,-4.6E-02));
#6589 = DIRECTION('',(-0.,-0.,-1.));
#6590 = DIRECTION('',(-0.,-1.,0.));
#6591 = ADVANCED_FACE('',(#6592),#6603,.F.);
#6592 = FACE_BOUND('',#6593,.T.);
#6593 = EDGE_LOOP('',(#6594,#6595,#6601,#6602));
#6594 = ORIENTED_EDGE('',*,*,#5467,.T.);
#6595 = ORIENTED_EDGE('',*,*,#6596,.T.);
#6596 = EDGE_CURVE('',#5468,#5950,#6597,.T.);
#6597 = LINE('',#6598,#6599);
#6598 = CARTESIAN_POINT('',(-32.33962,1.15502,-4.6E-02));
#6599 = VECTOR('',#6600,1.);
#6600 = DIRECTION('',(0.,0.,1.));
#6601 = ORIENTED_EDGE('',*,*,#5949,.F.);
#6602 = ORIENTED_EDGE('',*,*,#6596,.F.);
#6603 = CYLINDRICAL_SURFACE('',#6604,0.3);
#6604 = AXIS2_PLACEMENT_3D('',#6605,#6606,#6607);
#6605 = CARTESIAN_POINT('',(-32.33962,1.45502,-4.6E-02));
#6606 = DIRECTION('',(-0.,-0.,-1.));
#6607 = DIRECTION('',(-0.,-1.,0.));
#6608 = ADVANCED_FACE('',(#6609),#6620,.F.);
#6609 = FACE_BOUND('',#6610,.T.);
#6610 = EDGE_LOOP('',(#6611,#6612,#6618,#6619));
#6611 = ORIENTED_EDGE('',*,*,#5478,.T.);
#6612 = ORIENTED_EDGE('',*,*,#6613,.T.);
#6613 = EDGE_CURVE('',#5479,#5961,#6614,.T.);
#6614 = LINE('',#6615,#6616);
#6615 = CARTESIAN_POINT('',(-28.09698,1.15502,-4.6E-02));
#6616 = VECTOR('',#6617,1.);
#6617 = DIRECTION('',(0.,0.,1.));
#6618 = ORIENTED_EDGE('',*,*,#5960,.F.);
#6619 = ORIENTED_EDGE('',*,*,#6613,.F.);
#6620 = CYLINDRICAL_SURFACE('',#6621,0.3);
#6621 = AXIS2_PLACEMENT_3D('',#6622,#6623,#6624);
#6622 = CARTESIAN_POINT('',(-28.09698,1.45502,-4.6E-02));
#6623 = DIRECTION('',(-0.,0.,-1.));
#6624 = DIRECTION('',(1.184237892933E-14,-1.,-0.));
#6625 = ADVANCED_FACE('',(#6626),#6637,.F.);
#6626 = FACE_BOUND('',#6627,.T.);
#6627 = EDGE_LOOP('',(#6628,#6629,#6635,#6636));
#6628 = ORIENTED_EDGE('',*,*,#5489,.T.);
#6629 = ORIENTED_EDGE('',*,*,#6630,.T.);
#6630 = EDGE_CURVE('',#5490,#5972,#6631,.T.);
#6631 = LINE('',#6632,#6633);
#6632 = CARTESIAN_POINT('',(-30.2183,2.0337,-4.6E-02));
#6633 = VECTOR('',#6634,1.);
#6634 = DIRECTION('',(0.,0.,1.));
#6635 = ORIENTED_EDGE('',*,*,#5971,.F.);
#6636 = ORIENTED_EDGE('',*,*,#6630,.F.);
#6637 = CYLINDRICAL_SURFACE('',#6638,0.3);
#6638 = AXIS2_PLACEMENT_3D('',#6639,#6640,#6641);
#6639 = CARTESIAN_POINT('',(-30.2183,2.3337,-4.6E-02));
#6640 = DIRECTION('',(-0.,-0.,-1.));
#6641 = DIRECTION('',(-0.,-1.,0.));
#6642 = ADVANCED_FACE('',(#6643),#6654,.F.);
#6643 = FACE_BOUND('',#6644,.T.);
#6644 = EDGE_LOOP('',(#6645,#6646,#6652,#6653));
#6645 = ORIENTED_EDGE('',*,*,#5500,.T.);
#6646 = ORIENTED_EDGE('',*,*,#6647,.T.);
#6647 = EDGE_CURVE('',#5501,#5983,#6648,.T.);
#6648 = LINE('',#6649,#6650);
#6649 = CARTESIAN_POINT('',(-18.1,-0.55,-4.6E-02));
#6650 = VECTOR('',#6651,1.);
#6651 = DIRECTION('',(0.,0.,1.));
#6652 = ORIENTED_EDGE('',*,*,#5982,.F.);
#6653 = ORIENTED_EDGE('',*,*,#6647,.F.);
#6654 = CYLINDRICAL_SURFACE('',#6655,0.6);
#6655 = AXIS2_PLACEMENT_3D('',#6656,#6657,#6658);
#6656 = CARTESIAN_POINT('',(-18.1,5.E-02,-4.6E-02));
#6657 = DIRECTION('',(-0.,-0.,-1.));
#6658 = DIRECTION('',(-0.,-1.,0.));
#6659 = ADVANCED_FACE('',(#6660),#6671,.F.);
#6660 = FACE_BOUND('',#6661,.T.);
#6661 = EDGE_LOOP('',(#6662,#6663,#6669,#6670));
#6662 = ORIENTED_EDGE('',*,*,#5511,.T.);
#6663 = ORIENTED_EDGE('',*,*,#6664,.T.);
#6664 = EDGE_CURVE('',#5512,#5994,#6665,.T.);
#6665 = LINE('',#6666,#6667);
#6666 = CARTESIAN_POINT('',(18.1,-0.35,-4.6E-02));
#6667 = VECTOR('',#6668,1.);
#6668 = DIRECTION('',(0.,0.,1.));
#6669 = ORIENTED_EDGE('',*,*,#5993,.F.);
#6670 = ORIENTED_EDGE('',*,*,#6664,.F.);
#6671 = CYLINDRICAL_SURFACE('',#6672,0.4);
#6672 = AXIS2_PLACEMENT_3D('',#6673,#6674,#6675);
#6673 = CARTESIAN_POINT('',(18.1,5.E-02,-4.6E-02));
#6674 = DIRECTION('',(-0.,-0.,-1.));
#6675 = DIRECTION('',(-0.,-1.,0.));
#6676 = ADVANCED_FACE('',(#6677),#6688,.F.);
#6677 = FACE_BOUND('',#6678,.T.);
#6678 = EDGE_LOOP('',(#6679,#6680,#6686,#6687));
#6679 = ORIENTED_EDGE('',*,*,#5522,.T.);
#6680 = ORIENTED_EDGE('',*,*,#6681,.T.);
#6681 = EDGE_CURVE('',#5523,#6005,#6682,.T.);
#6682 = LINE('',#6683,#6684);
#6683 = CARTESIAN_POINT('',(-18.75,5.8868,-4.6E-02));
#6684 = VECTOR('',#6685,1.);
#6685 = DIRECTION('',(0.,0.,1.));
#6686 = ORIENTED_EDGE('',*,*,#6004,.F.);
#6687 = ORIENTED_EDGE('',*,*,#6681,.F.);
#6688 = CYLINDRICAL_SURFACE('',#6689,0.4445);
#6689 = AXIS2_PLACEMENT_3D('',#6690,#6691,#6692);
#6690 = CARTESIAN_POINT('',(-18.75,6.3313,-4.6E-02));
#6691 = DIRECTION('',(-0.,-0.,-1.));
#6692 = DIRECTION('',(-0.,-1.,0.));
#6693 = ADVANCED_FACE('',(#6694),#6705,.F.);
#6694 = FACE_BOUND('',#6695,.T.);
#6695 = EDGE_LOOP('',(#6696,#6697,#6703,#6704));
#6696 = ORIENTED_EDGE('',*,*,#5533,.T.);
#6697 = ORIENTED_EDGE('',*,*,#6698,.T.);
#6698 = EDGE_CURVE('',#5534,#6016,#6699,.T.);
#6699 = LINE('',#6700,#6701);
#6700 = CARTESIAN_POINT('',(-16.21,5.8868,-4.6E-02));
#6701 = VECTOR('',#6702,1.);
#6702 = DIRECTION('',(0.,0.,1.));
#6703 = ORIENTED_EDGE('',*,*,#6015,.F.);
#6704 = ORIENTED_EDGE('',*,*,#6698,.F.);
#6705 = CYLINDRICAL_SURFACE('',#6706,0.4445);
#6706 = AXIS2_PLACEMENT_3D('',#6707,#6708,#6709);
#6707 = CARTESIAN_POINT('',(-16.21,6.3313,-4.6E-02));
#6708 = DIRECTION('',(-0.,-0.,-1.));
#6709 = DIRECTION('',(-0.,-1.,0.));
#6710 = ADVANCED_FACE('',(#6711),#6722,.F.);
#6711 = FACE_BOUND('',#6712,.T.);
#6712 = EDGE_LOOP('',(#6713,#6714,#6720,#6721));
#6713 = ORIENTED_EDGE('',*,*,#5544,.T.);
#6714 = ORIENTED_EDGE('',*,*,#6715,.T.);
#6715 = EDGE_CURVE('',#5545,#6027,#6716,.T.);
#6716 = LINE('',#6717,#6718);
#6717 = CARTESIAN_POINT('',(-13.67,5.8868,-4.6E-02));
#6718 = VECTOR('',#6719,1.);
#6719 = DIRECTION('',(0.,0.,1.));
#6720 = ORIENTED_EDGE('',*,*,#6026,.F.);
#6721 = ORIENTED_EDGE('',*,*,#6715,.F.);
#6722 = CYLINDRICAL_SURFACE('',#6723,0.4445);
#6723 = AXIS2_PLACEMENT_3D('',#6724,#6725,#6726);
#6724 = CARTESIAN_POINT('',(-13.67,6.3313,-4.6E-02));
#6725 = DIRECTION('',(-0.,-0.,-1.));
#6726 = DIRECTION('',(-0.,-1.,0.));
#6727 = ADVANCED_FACE('',(#6728),#6739,.F.);
#6728 = FACE_BOUND('',#6729,.T.);
#6729 = EDGE_LOOP('',(#6730,#6731,#6737,#6738));
#6730 = ORIENTED_EDGE('',*,*,#5555,.T.);
#6731 = ORIENTED_EDGE('',*,*,#6732,.T.);
#6732 = EDGE_CURVE('',#5556,#6038,#6733,.T.);
#6733 = LINE('',#6734,#6735);
#6734 = CARTESIAN_POINT('',(-11.13,5.8868,-4.6E-02));
#6735 = VECTOR('',#6736,1.);
#6736 = DIRECTION('',(0.,0.,1.));
#6737 = ORIENTED_EDGE('',*,*,#6037,.F.);
#6738 = ORIENTED_EDGE('',*,*,#6732,.F.);
#6739 = CYLINDRICAL_SURFACE('',#6740,0.4445);
#6740 = AXIS2_PLACEMENT_3D('',#6741,#6742,#6743);
#6741 = CARTESIAN_POINT('',(-11.13,6.3313,-4.6E-02));
#6742 = DIRECTION('',(-0.,-0.,-1.));
#6743 = DIRECTION('',(-3.996303350732E-15,-1.,0.));
#6744 = ADVANCED_FACE('',(#6745),#6756,.F.);
#6745 = FACE_BOUND('',#6746,.T.);
#6746 = EDGE_LOOP('',(#6747,#6748,#6754,#6755));
#6747 = ORIENTED_EDGE('',*,*,#5566,.T.);
#6748 = ORIENTED_EDGE('',*,*,#6749,.T.);
#6749 = EDGE_CURVE('',#5567,#6049,#6750,.T.);
#6750 = LINE('',#6751,#6752);
#6751 = CARTESIAN_POINT('',(-8.59,5.8868,-4.6E-02));
#6752 = VECTOR('',#6753,1.);
#6753 = DIRECTION('',(0.,0.,1.));
#6754 = ORIENTED_EDGE('',*,*,#6048,.F.);
#6755 = ORIENTED_EDGE('',*,*,#6749,.F.);
#6756 = CYLINDRICAL_SURFACE('',#6757,0.4445);
#6757 = AXIS2_PLACEMENT_3D('',#6758,#6759,#6760);
#6758 = CARTESIAN_POINT('',(-8.59,6.3313,-4.6E-02));
#6759 = DIRECTION('',(-0.,-0.,-1.));
#6760 = DIRECTION('',(-0.,-1.,0.));
#6761 = ADVANCED_FACE('',(#6762),#6773,.F.);
#6762 = FACE_BOUND('',#6763,.T.);
#6763 = EDGE_LOOP('',(#6764,#6765,#6771,#6772));
#6764 = ORIENTED_EDGE('',*,*,#5577,.T.);
#6765 = ORIENTED_EDGE('',*,*,#6766,.T.);
#6766 = EDGE_CURVE('',#5578,#6060,#6767,.T.);
#6767 = LINE('',#6768,#6769);
#6768 = CARTESIAN_POINT('',(-6.05,5.8868,-4.6E-02));
#6769 = VECTOR('',#6770,1.);
#6770 = DIRECTION('',(0.,0.,1.));
#6771 = ORIENTED_EDGE('',*,*,#6059,.F.);
#6772 = ORIENTED_EDGE('',*,*,#6766,.F.);
#6773 = CYLINDRICAL_SURFACE('',#6774,0.4445);
#6774 = AXIS2_PLACEMENT_3D('',#6775,#6776,#6777);
#6775 = CARTESIAN_POINT('',(-6.05,6.3313,-4.6E-02));
#6776 = DIRECTION('',(-0.,0.,-1.));
#6777 = DIRECTION('',(1.998151675366E-15,-1.,-0.));
#6778 = ADVANCED_FACE('',(#6779),#6790,.F.);
#6779 = FACE_BOUND('',#6780,.T.);
#6780 = EDGE_LOOP('',(#6781,#6782,#6788,#6789));
#6781 = ORIENTED_EDGE('',*,*,#5588,.T.);
#6782 = ORIENTED_EDGE('',*,*,#6783,.T.);
#6783 = EDGE_CURVE('',#5589,#6071,#6784,.T.);
#6784 = LINE('',#6785,#6786);
#6785 = CARTESIAN_POINT('',(-18.75,8.4268,-4.6E-02));
#6786 = VECTOR('',#6787,1.);
#6787 = DIRECTION('',(0.,0.,1.));
#6788 = ORIENTED_EDGE('',*,*,#6070,.F.);
#6789 = ORIENTED_EDGE('',*,*,#6783,.F.);
#6790 = CYLINDRICAL_SURFACE('',#6791,0.4445);
#6791 = AXIS2_PLACEMENT_3D('',#6792,#6793,#6794);
#6792 = CARTESIAN_POINT('',(-18.75,8.8713,-4.6E-02));
#6793 = DIRECTION('',(-0.,-0.,-1.));
#6794 = DIRECTION('',(-0.,-1.,0.));
#6795 = ADVANCED_FACE('',(#6796),#6807,.F.);
#6796 = FACE_BOUND('',#6797,.T.);
#6797 = EDGE_LOOP('',(#6798,#6799,#6805,#6806));
#6798 = ORIENTED_EDGE('',*,*,#5599,.T.);
#6799 = ORIENTED_EDGE('',*,*,#6800,.T.);
#6800 = EDGE_CURVE('',#5600,#6082,#6801,.T.);
#6801 = LINE('',#6802,#6803);
#6802 = CARTESIAN_POINT('',(-16.21,8.4268,-4.6E-02));
#6803 = VECTOR('',#6804,1.);
#6804 = DIRECTION('',(0.,0.,1.));
#6805 = ORIENTED_EDGE('',*,*,#6081,.F.);
#6806 = ORIENTED_EDGE('',*,*,#6800,.F.);
#6807 = CYLINDRICAL_SURFACE('',#6808,0.4445);
#6808 = AXIS2_PLACEMENT_3D('',#6809,#6810,#6811);
#6809 = CARTESIAN_POINT('',(-16.21,8.8713,-4.6E-02));
#6810 = DIRECTION('',(-0.,-0.,-1.));
#6811 = DIRECTION('',(-0.,-1.,0.));
#6812 = ADVANCED_FACE('',(#6813),#6824,.F.);
#6813 = FACE_BOUND('',#6814,.T.);
#6814 = EDGE_LOOP('',(#6815,#6816,#6822,#6823));
#6815 = ORIENTED_EDGE('',*,*,#5610,.T.);
#6816 = ORIENTED_EDGE('',*,*,#6817,.T.);
#6817 = EDGE_CURVE('',#5611,#6093,#6818,.T.);
#6818 = LINE('',#6819,#6820);
#6819 = CARTESIAN_POINT('',(-13.67,8.4268,-4.6E-02));
#6820 = VECTOR('',#6821,1.);
#6821 = DIRECTION('',(0.,0.,1.));
#6822 = ORIENTED_EDGE('',*,*,#6092,.F.);
#6823 = ORIENTED_EDGE('',*,*,#6817,.F.);
#6824 = CYLINDRICAL_SURFACE('',#6825,0.4445);
#6825 = AXIS2_PLACEMENT_3D('',#6826,#6827,#6828);
#6826 = CARTESIAN_POINT('',(-13.67,8.8713,-4.6E-02));
#6827 = DIRECTION('',(-0.,-0.,-1.));
#6828 = DIRECTION('',(-0.,-1.,0.));
#6829 = ADVANCED_FACE('',(#6830),#6841,.F.);
#6830 = FACE_BOUND('',#6831,.T.);
#6831 = EDGE_LOOP('',(#6832,#6833,#6839,#6840));
#6832 = ORIENTED_EDGE('',*,*,#5621,.T.);
#6833 = ORIENTED_EDGE('',*,*,#6834,.T.);
#6834 = EDGE_CURVE('',#5622,#6104,#6835,.T.);
#6835 = LINE('',#6836,#6837);
#6836 = CARTESIAN_POINT('',(-11.13,8.4268,-4.6E-02));
#6837 = VECTOR('',#6838,1.);
#6838 = DIRECTION('',(0.,0.,1.));
#6839 = ORIENTED_EDGE('',*,*,#6103,.F.);
#6840 = ORIENTED_EDGE('',*,*,#6834,.F.);
#6841 = CYLINDRICAL_SURFACE('',#6842,0.4445);
#6842 = AXIS2_PLACEMENT_3D('',#6843,#6844,#6845);
#6843 = CARTESIAN_POINT('',(-11.13,8.8713,-4.6E-02));
#6844 = DIRECTION('',(-0.,-0.,-1.));
#6845 = DIRECTION('',(-3.996303350732E-15,-1.,0.));
#6846 = ADVANCED_FACE('',(#6847),#6858,.F.);
#6847 = FACE_BOUND('',#6848,.T.);
#6848 = EDGE_LOOP('',(#6849,#6850,#6856,#6857));
#6849 = ORIENTED_EDGE('',*,*,#5632,.T.);
#6850 = ORIENTED_EDGE('',*,*,#6851,.T.);
#6851 = EDGE_CURVE('',#5633,#6115,#6852,.T.);
#6852 = LINE('',#6853,#6854);
#6853 = CARTESIAN_POINT('',(-8.59,8.4268,-4.6E-02));
#6854 = VECTOR('',#6855,1.);
#6855 = DIRECTION('',(0.,0.,1.));
#6856 = ORIENTED_EDGE('',*,*,#6114,.F.);
#6857 = ORIENTED_EDGE('',*,*,#6851,.F.);
#6858 = CYLINDRICAL_SURFACE('',#6859,0.4445);
#6859 = AXIS2_PLACEMENT_3D('',#6860,#6861,#6862);
#6860 = CARTESIAN_POINT('',(-8.59,8.8713,-4.6E-02));
#6861 = DIRECTION('',(-0.,-0.,-1.));
#6862 = DIRECTION('',(-0.,-1.,0.));
#6863 = ADVANCED_FACE('',(#6864),#6875,.F.);
#6864 = FACE_BOUND('',#6865,.T.);
#6865 = EDGE_LOOP('',(#6866,#6867,#6873,#6874));
#6866 = ORIENTED_EDGE('',*,*,#5643,.T.);
#6867 = ORIENTED_EDGE('',*,*,#6868,.T.);
#6868 = EDGE_CURVE('',#5644,#6126,#6869,.T.);
#6869 = LINE('',#6870,#6871);
#6870 = CARTESIAN_POINT('',(-6.05,8.4268,-4.6E-02));
#6871 = VECTOR('',#6872,1.);
#6872 = DIRECTION('',(0.,0.,1.));
#6873 = ORIENTED_EDGE('',*,*,#6125,.F.);
#6874 = ORIENTED_EDGE('',*,*,#6868,.F.);
#6875 = CYLINDRICAL_SURFACE('',#6876,0.4445);
#6876 = AXIS2_PLACEMENT_3D('',#6877,#6878,#6879);
#6877 = CARTESIAN_POINT('',(-6.05,8.8713,-4.6E-02));
#6878 = DIRECTION('',(-0.,0.,-1.));
#6879 = DIRECTION('',(1.998151675366E-15,-1.,-0.));
#6880 = ADVANCED_FACE('',(#6881),#6892,.F.);
#6881 = FACE_BOUND('',#6882,.T.);
#6882 = EDGE_LOOP('',(#6883,#6884,#6890,#6891));
#6883 = ORIENTED_EDGE('',*,*,#5654,.T.);
#6884 = ORIENTED_EDGE('',*,*,#6885,.T.);
#6885 = EDGE_CURVE('',#5655,#6137,#6886,.T.);
#6886 = LINE('',#6887,#6888);
#6887 = CARTESIAN_POINT('',(16.4,5.7,-4.6E-02));
#6888 = VECTOR('',#6889,1.);
#6889 = DIRECTION('',(0.,0.,1.));
#6890 = ORIENTED_EDGE('',*,*,#6136,.F.);
#6891 = ORIENTED_EDGE('',*,*,#6885,.F.);
#6892 = CYLINDRICAL_SURFACE('',#6893,0.25);
#6893 = AXIS2_PLACEMENT_3D('',#6894,#6895,#6896);
#6894 = CARTESIAN_POINT('',(16.4,5.95,-4.6E-02));
#6895 = DIRECTION('',(-0.,-0.,-1.));
#6896 = DIRECTION('',(-0.,-1.,0.));
#6897 = ADVANCED_FACE('',(#6898),#6909,.F.);
#6898 = FACE_BOUND('',#6899,.T.);
#6899 = EDGE_LOOP('',(#6900,#6901,#6907,#6908));
#6900 = ORIENTED_EDGE('',*,*,#5665,.T.);
#6901 = ORIENTED_EDGE('',*,*,#6902,.T.);
#6902 = EDGE_CURVE('',#5666,#6148,#6903,.T.);
#6903 = LINE('',#6904,#6905);
#6904 = CARTESIAN_POINT('',(16.4,7.75,-4.6E-02));
#6905 = VECTOR('',#6906,1.);
#6906 = DIRECTION('',(0.,0.,1.));
#6907 = ORIENTED_EDGE('',*,*,#6147,.F.);
#6908 = ORIENTED_EDGE('',*,*,#6902,.F.);
#6909 = CYLINDRICAL_SURFACE('',#6910,0.25);
#6910 = AXIS2_PLACEMENT_3D('',#6911,#6912,#6913);
#6911 = CARTESIAN_POINT('',(16.4,8.,-4.6E-02));
#6912 = DIRECTION('',(-0.,-0.,-1.));
#6913 = DIRECTION('',(-0.,-1.,0.));
#6914 = ADVANCED_FACE('',(#6915),#6926,.F.);
#6915 = FACE_BOUND('',#6916,.T.);
#6916 = EDGE_LOOP('',(#6917,#6918,#6924,#6925));
#6917 = ORIENTED_EDGE('',*,*,#5676,.T.);
#6918 = ORIENTED_EDGE('',*,*,#6919,.T.);
#6919 = EDGE_CURVE('',#5677,#6159,#6920,.T.);
#6920 = LINE('',#6921,#6922);
#6921 = CARTESIAN_POINT('',(16.4,9.8,-4.6E-02));
#6922 = VECTOR('',#6923,1.);
#6923 = DIRECTION('',(0.,0.,1.));
#6924 = ORIENTED_EDGE('',*,*,#6158,.F.);
#6925 = ORIENTED_EDGE('',*,*,#6919,.F.);
#6926 = CYLINDRICAL_SURFACE('',#6927,0.25);
#6927 = AXIS2_PLACEMENT_3D('',#6928,#6929,#6930);
#6928 = CARTESIAN_POINT('',(16.4,10.05,-4.6E-02));
#6929 = DIRECTION('',(-0.,-0.,-1.));
#6930 = DIRECTION('',(-0.,-1.,0.));
#6931 = ( GEOMETRIC_REPRESENTATION_CONTEXT(3) 
GLOBAL_UNCERTAINTY_ASSIGNED_CONTEXT((#6935)) 
GLOBAL_UNIT_ASSIGNED_CONTEXT((#6932,#6933,#6934)) REPRESENTATION_CONTEXT
('Context #1','3D Context with UNIT and UNCERTAINTY') );
#6932 = ( LENGTH_UNIT() NAMED_UNIT(*) SI_UNIT(.MILLI.,.METRE.) );
#6933 = ( NAMED_UNIT(*) PLANE_ANGLE_UNIT() SI_UNIT($,.RADIAN.) );
#6934 = ( NAMED_UNIT(*) SI_UNIT($,.STERADIAN.) SOLID_ANGLE_UNIT() );
#6935 = UNCERTAINTY_MEASURE_WITH_UNIT(LENGTH_MEASURE(1.E-07),#6932,
  'distance_accuracy_value','confusion accuracy');
#6936 = CONTEXT_DEPENDENT_SHAPE_REPRESENTATION(#6937,#6939);
#6937 = ( REPRESENTATION_RELATIONSHIP('','',#5100,#10) 
REPRESENTATION_RELATIONSHIP_WITH_TRANSFORMATION(#6938) 
SHAPE_REPRESENTATION_RELATIONSHIP() );
#6938 = ITEM_DEFINED_TRANSFORMATION('','',#11,#47);
#6939 = PRODUCT_DEFINITION_SHAPE('Placement','Placement of an item',
  #6940);
#6940 = NEXT_ASSEMBLY_USAGE_OCCURRENCE('14','=>[0:1:1:12]','',#5,#5095,$
  );
#6941 = PRODUCT_RELATED_PRODUCT_CATEGORY('part',$,(#5097));
#6942 = MECHANICAL_DESIGN_GEOMETRIC_PRESENTATION_REPRESENTATION('',(
    #6943),#6931);
#6943 = STYLED_ITEM('color',(#6944),#5101);
#6944 = PRESENTATION_STYLE_ASSIGNMENT((#6945));
#6945 = SURFACE_STYLE_USAGE(.BOTH.,#6946);
#6946 = SURFACE_SIDE_STYLE('',(#6947));
#6947 = SURFACE_STYLE_FILL_AREA(#6948);
#6948 = FILL_AREA_STYLE('',(#6949));
#6949 = FILL_AREA_STYLE_COLOUR('',#6950);
#6950 = COLOUR_RGB('',0.313304153717,0.484529207832,0.410020903123);
#6951 = MECHANICAL_DESIGN_GEOMETRIC_PRESENTATION_REPRESENTATION('',(
    #6952,#6960,#6967,#6974,#6981,#6988,#6995,#7002,#7010,#7017,#7024,
    #7031,#7038,#7045,#7052,#7059,#7066,#7073,#7080,#7087,#7094,#7101,
    #7108,#7115,#7122,#7129,#7136,#7143,#7150,#7157,#7164,#7171,#7178,
    #7185,#7192,#7199,#7207,#7214,#7221,#7228,#7235,#7242,#7249,#7256,
    #7263,#7270,#7277,#7284,#7291,#7298),#3280);
#6952 = STYLED_ITEM('color',(#6953),#1759);
#6953 = PRESENTATION_STYLE_ASSIGNMENT((#6954));
#6954 = SURFACE_STYLE_USAGE(.BOTH.,#6955);
#6955 = SURFACE_SIDE_STYLE('',(#6956));
#6956 = SURFACE_STYLE_FILL_AREA(#6957);
#6957 = FILL_AREA_STYLE('',(#6958));
#6958 = FILL_AREA_STYLE_COLOUR('',#6959);
#6959 = COLOUR_RGB('',0.894999966383,0.890999961016,0.813000030345);
#6960 = STYLED_ITEM('color',(#6961),#1799);
#6961 = PRESENTATION_STYLE_ASSIGNMENT((#6962));
#6962 = SURFACE_STYLE_USAGE(.BOTH.,#6963);
#6963 = SURFACE_SIDE_STYLE('',(#6964));
#6964 = SURFACE_STYLE_FILL_AREA(#6965);
#6965 = FILL_AREA_STYLE('',(#6966));
#6966 = FILL_AREA_STYLE_COLOUR('',#6959);
#6967 = STYLED_ITEM('color',(#6968),#1846);
#6968 = PRESENTATION_STYLE_ASSIGNMENT((#6969));
#6969 = SURFACE_STYLE_USAGE(.BOTH.,#6970);
#6970 = SURFACE_SIDE_STYLE('',(#6971));
#6971 = SURFACE_STYLE_FILL_AREA(#6972);
#6972 = FILL_AREA_STYLE('',(#6973));
#6973 = FILL_AREA_STYLE_COLOUR('',#6959);
#6974 = STYLED_ITEM('color',(#6975),#1925);
#6975 = PRESENTATION_STYLE_ASSIGNMENT((#6976));
#6976 = SURFACE_STYLE_USAGE(.BOTH.,#6977);
#6977 = SURFACE_SIDE_STYLE('',(#6978));
#6978 = SURFACE_STYLE_FILL_AREA(#6979);
#6979 = FILL_AREA_STYLE('',(#6980));
#6980 = FILL_AREA_STYLE_COLOUR('',#6959);
#6981 = STYLED_ITEM('color',(#6982),#1949);
#6982 = PRESENTATION_STYLE_ASSIGNMENT((#6983));
#6983 = SURFACE_STYLE_USAGE(.BOTH.,#6984);
#6984 = SURFACE_SIDE_STYLE('',(#6985));
#6985 = SURFACE_STYLE_FILL_AREA(#6986);
#6986 = FILL_AREA_STYLE('',(#6987));
#6987 = FILL_AREA_STYLE_COLOUR('',#6959);
#6988 = STYLED_ITEM('color',(#6989),#1989);
#6989 = PRESENTATION_STYLE_ASSIGNMENT((#6990));
#6990 = SURFACE_STYLE_USAGE(.BOTH.,#6991);
#6991 = SURFACE_SIDE_STYLE('',(#6992));
#6992 = SURFACE_STYLE_FILL_AREA(#6993);
#6993 = FILL_AREA_STYLE('',(#6994));
#6994 = FILL_AREA_STYLE_COLOUR('',#6959);
#6995 = STYLED_ITEM('color',(#6996),#2020);
#6996 = PRESENTATION_STYLE_ASSIGNMENT((#6997));
#6997 = SURFACE_STYLE_USAGE(.BOTH.,#6998);
#6998 = SURFACE_SIDE_STYLE('',(#6999));
#6999 = SURFACE_STYLE_FILL_AREA(#7000);
#7000 = FILL_AREA_STYLE('',(#7001));
#7001 = FILL_AREA_STYLE_COLOUR('',#6959);
#7002 = STYLED_ITEM('color',(#7003),#2037);
#7003 = PRESENTATION_STYLE_ASSIGNMENT((#7004));
#7004 = SURFACE_STYLE_USAGE(.BOTH.,#7005);
#7005 = SURFACE_SIDE_STYLE('',(#7006));
#7006 = SURFACE_STYLE_FILL_AREA(#7007);
#7007 = FILL_AREA_STYLE('',(#7008));
#7008 = FILL_AREA_STYLE_COLOUR('',#7009);
#7009 = COLOUR_RGB('',0.859000020776,0.737999965183,0.495999988746);
#7010 = STYLED_ITEM('color',(#7011),#2070);
#7011 = PRESENTATION_STYLE_ASSIGNMENT((#7012));
#7012 = SURFACE_STYLE_USAGE(.BOTH.,#7013);
#7013 = SURFACE_SIDE_STYLE('',(#7014));
#7014 = SURFACE_STYLE_FILL_AREA(#7015);
#7015 = FILL_AREA_STYLE('',(#7016));
#7016 = FILL_AREA_STYLE_COLOUR('',#6959);
#7017 = STYLED_ITEM('color',(#7018),#2094);
#7018 = PRESENTATION_STYLE_ASSIGNMENT((#7019));
#7019 = SURFACE_STYLE_USAGE(.BOTH.,#7020);
#7020 = SURFACE_SIDE_STYLE('',(#7021));
#7021 = SURFACE_STYLE_FILL_AREA(#7022);
#7022 = FILL_AREA_STYLE('',(#7023));
#7023 = FILL_AREA_STYLE_COLOUR('',#7009);
#7024 = STYLED_ITEM('color',(#7025),#2161);
#7025 = PRESENTATION_STYLE_ASSIGNMENT((#7026));
#7026 = SURFACE_STYLE_USAGE(.BOTH.,#7027);
#7027 = SURFACE_SIDE_STYLE('',(#7028));
#7028 = SURFACE_STYLE_FILL_AREA(#7029);
#7029 = FILL_AREA_STYLE('',(#7030));
#7030 = FILL_AREA_STYLE_COLOUR('',#6959);
#7031 = STYLED_ITEM('color',(#7032),#2282);
#7032 = PRESENTATION_STYLE_ASSIGNMENT((#7033));
#7033 = SURFACE_STYLE_USAGE(.BOTH.,#7034);
#7034 = SURFACE_SIDE_STYLE('',(#7035));
#7035 = SURFACE_STYLE_FILL_AREA(#7036);
#7036 = FILL_AREA_STYLE('',(#7037));
#7037 = FILL_AREA_STYLE_COLOUR('',#7009);
#7038 = STYLED_ITEM('color',(#7039),#2349);
#7039 = PRESENTATION_STYLE_ASSIGNMENT((#7040));
#7040 = SURFACE_STYLE_USAGE(.BOTH.,#7041);
#7041 = SURFACE_SIDE_STYLE('',(#7042));
#7042 = SURFACE_STYLE_FILL_AREA(#7043);
#7043 = FILL_AREA_STYLE('',(#7044));
#7044 = FILL_AREA_STYLE_COLOUR('',#6959);
#7045 = STYLED_ITEM('color',(#7046),#2373);
#7046 = PRESENTATION_STYLE_ASSIGNMENT((#7047));
#7047 = SURFACE_STYLE_USAGE(.BOTH.,#7048);
#7048 = SURFACE_SIDE_STYLE('',(#7049));
#7049 = SURFACE_STYLE_FILL_AREA(#7050);
#7050 = FILL_AREA_STYLE('',(#7051));
#7051 = FILL_AREA_STYLE_COLOUR('',#6959);
#7052 = STYLED_ITEM('color',(#7053),#2404);
#7053 = PRESENTATION_STYLE_ASSIGNMENT((#7054));
#7054 = SURFACE_STYLE_USAGE(.BOTH.,#7055);
#7055 = SURFACE_SIDE_STYLE('',(#7056));
#7056 = SURFACE_STYLE_FILL_AREA(#7057);
#7057 = FILL_AREA_STYLE('',(#7058));
#7058 = FILL_AREA_STYLE_COLOUR('',#7009);
#7059 = STYLED_ITEM('color',(#7060),#2437);
#7060 = PRESENTATION_STYLE_ASSIGNMENT((#7061));
#7061 = SURFACE_STYLE_USAGE(.BOTH.,#7062);
#7062 = SURFACE_SIDE_STYLE('',(#7063));
#7063 = SURFACE_STYLE_FILL_AREA(#7064);
#7064 = FILL_AREA_STYLE('',(#7065));
#7065 = FILL_AREA_STYLE_COLOUR('',#6959);
#7066 = STYLED_ITEM('color',(#7067),#2493);
#7067 = PRESENTATION_STYLE_ASSIGNMENT((#7068));
#7068 = SURFACE_STYLE_USAGE(.BOTH.,#7069);
#7069 = SURFACE_SIDE_STYLE('',(#7070));
#7070 = SURFACE_STYLE_FILL_AREA(#7071);
#7071 = FILL_AREA_STYLE('',(#7072));
#7072 = FILL_AREA_STYLE_COLOUR('',#7009);
#7073 = STYLED_ITEM('color',(#7074),#2517);
#7074 = PRESENTATION_STYLE_ASSIGNMENT((#7075));
#7075 = SURFACE_STYLE_USAGE(.BOTH.,#7076);
#7076 = SURFACE_SIDE_STYLE('',(#7077));
#7077 = SURFACE_STYLE_FILL_AREA(#7078);
#7078 = FILL_AREA_STYLE('',(#7079));
#7079 = FILL_AREA_STYLE_COLOUR('',#7009);
#7080 = STYLED_ITEM('color',(#7081),#2541);
#7081 = PRESENTATION_STYLE_ASSIGNMENT((#7082));
#7082 = SURFACE_STYLE_USAGE(.BOTH.,#7083);
#7083 = SURFACE_SIDE_STYLE('',(#7084));
#7084 = SURFACE_STYLE_FILL_AREA(#7085);
#7085 = FILL_AREA_STYLE('',(#7086));
#7086 = FILL_AREA_STYLE_COLOUR('',#7009);
#7087 = STYLED_ITEM('color',(#7088),#2565);
#7088 = PRESENTATION_STYLE_ASSIGNMENT((#7089));
#7089 = SURFACE_STYLE_USAGE(.BOTH.,#7090);
#7090 = SURFACE_SIDE_STYLE('',(#7091));
#7091 = SURFACE_STYLE_FILL_AREA(#7092);
#7092 = FILL_AREA_STYLE('',(#7093));
#7093 = FILL_AREA_STYLE_COLOUR('',#7009);
#7094 = STYLED_ITEM('color',(#7095),#2598);
#7095 = PRESENTATION_STYLE_ASSIGNMENT((#7096));
#7096 = SURFACE_STYLE_USAGE(.BOTH.,#7097);
#7097 = SURFACE_SIDE_STYLE('',(#7098));
#7098 = SURFACE_STYLE_FILL_AREA(#7099);
#7099 = FILL_AREA_STYLE('',(#7100));
#7100 = FILL_AREA_STYLE_COLOUR('',#7009);
#7101 = STYLED_ITEM('color',(#7102),#2610);
#7102 = PRESENTATION_STYLE_ASSIGNMENT((#7103));
#7103 = SURFACE_STYLE_USAGE(.BOTH.,#7104);
#7104 = SURFACE_SIDE_STYLE('',(#7105));
#7105 = SURFACE_STYLE_FILL_AREA(#7106);
#7106 = FILL_AREA_STYLE('',(#7107));
#7107 = FILL_AREA_STYLE_COLOUR('',#7009);
#7108 = STYLED_ITEM('color',(#7109),#2673);
#7109 = PRESENTATION_STYLE_ASSIGNMENT((#7110));
#7110 = SURFACE_STYLE_USAGE(.BOTH.,#7111);
#7111 = SURFACE_SIDE_STYLE('',(#7112));
#7112 = SURFACE_STYLE_FILL_AREA(#7113);
#7113 = FILL_AREA_STYLE('',(#7114));
#7114 = FILL_AREA_STYLE_COLOUR('',#7009);
#7115 = STYLED_ITEM('color',(#7116),#2698);
#7116 = PRESENTATION_STYLE_ASSIGNMENT((#7117));
#7117 = SURFACE_STYLE_USAGE(.BOTH.,#7118);
#7118 = SURFACE_SIDE_STYLE('',(#7119));
#7119 = SURFACE_STYLE_FILL_AREA(#7120);
#7120 = FILL_AREA_STYLE('',(#7121));
#7121 = FILL_AREA_STYLE_COLOUR('',#7009);
#7122 = STYLED_ITEM('color',(#7123),#2715);
#7123 = PRESENTATION_STYLE_ASSIGNMENT((#7124));
#7124 = SURFACE_STYLE_USAGE(.BOTH.,#7125);
#7125 = SURFACE_SIDE_STYLE('',(#7126));
#7126 = SURFACE_STYLE_FILL_AREA(#7127);
#7127 = FILL_AREA_STYLE('',(#7128));
#7128 = FILL_AREA_STYLE_COLOUR('',#7009);
#7129 = STYLED_ITEM('color',(#7130),#2739);
#7130 = PRESENTATION_STYLE_ASSIGNMENT((#7131));
#7131 = SURFACE_STYLE_USAGE(.BOTH.,#7132);
#7132 = SURFACE_SIDE_STYLE('',(#7133));
#7133 = SURFACE_STYLE_FILL_AREA(#7134);
#7134 = FILL_AREA_STYLE('',(#7135));
#7135 = FILL_AREA_STYLE_COLOUR('',#7009);
#7136 = STYLED_ITEM('color',(#7137),#2757);
#7137 = PRESENTATION_STYLE_ASSIGNMENT((#7138));
#7138 = SURFACE_STYLE_USAGE(.BOTH.,#7139);
#7139 = SURFACE_SIDE_STYLE('',(#7140));
#7140 = SURFACE_STYLE_FILL_AREA(#7141);
#7141 = FILL_AREA_STYLE('',(#7142));
#7142 = FILL_AREA_STYLE_COLOUR('',#7009);
#7143 = STYLED_ITEM('color',(#7144),#2775);
#7144 = PRESENTATION_STYLE_ASSIGNMENT((#7145));
#7145 = SURFACE_STYLE_USAGE(.BOTH.,#7146);
#7146 = SURFACE_SIDE_STYLE('',(#7147));
#7147 = SURFACE_STYLE_FILL_AREA(#7148);
#7148 = FILL_AREA_STYLE('',(#7149));
#7149 = FILL_AREA_STYLE_COLOUR('',#7009);
#7150 = STYLED_ITEM('color',(#7151),#2793);
#7151 = PRESENTATION_STYLE_ASSIGNMENT((#7152));
#7152 = SURFACE_STYLE_USAGE(.BOTH.,#7153);
#7153 = SURFACE_SIDE_STYLE('',(#7154));
#7154 = SURFACE_STYLE_FILL_AREA(#7155);
#7155 = FILL_AREA_STYLE('',(#7156));
#7156 = FILL_AREA_STYLE_COLOUR('',#7009);
#7157 = STYLED_ITEM('color',(#7158),#2810);
#7158 = PRESENTATION_STYLE_ASSIGNMENT((#7159));
#7159 = SURFACE_STYLE_USAGE(.BOTH.,#7160);
#7160 = SURFACE_SIDE_STYLE('',(#7161));
#7161 = SURFACE_STYLE_FILL_AREA(#7162);
#7162 = FILL_AREA_STYLE('',(#7163));
#7163 = FILL_AREA_STYLE_COLOUR('',#7009);
#7164 = STYLED_ITEM('color',(#7165),#2827);
#7165 = PRESENTATION_STYLE_ASSIGNMENT((#7166));
#7166 = SURFACE_STYLE_USAGE(.BOTH.,#7167);
#7167 = SURFACE_SIDE_STYLE('',(#7168));
#7168 = SURFACE_STYLE_FILL_AREA(#7169);
#7169 = FILL_AREA_STYLE('',(#7170));
#7170 = FILL_AREA_STYLE_COLOUR('',#7009);
#7171 = STYLED_ITEM('color',(#7172),#2858);
#7172 = PRESENTATION_STYLE_ASSIGNMENT((#7173));
#7173 = SURFACE_STYLE_USAGE(.BOTH.,#7174);
#7174 = SURFACE_SIDE_STYLE('',(#7175));
#7175 = SURFACE_STYLE_FILL_AREA(#7176);
#7176 = FILL_AREA_STYLE('',(#7177));
#7177 = FILL_AREA_STYLE_COLOUR('',#7009);
#7178 = STYLED_ITEM('color',(#7179),#2883);
#7179 = PRESENTATION_STYLE_ASSIGNMENT((#7180));
#7180 = SURFACE_STYLE_USAGE(.BOTH.,#7181);
#7181 = SURFACE_SIDE_STYLE('',(#7182));
#7182 = SURFACE_STYLE_FILL_AREA(#7183);
#7183 = FILL_AREA_STYLE('',(#7184));
#7184 = FILL_AREA_STYLE_COLOUR('',#7009);
#7185 = STYLED_ITEM('color',(#7186),#2908);
#7186 = PRESENTATION_STYLE_ASSIGNMENT((#7187));
#7187 = SURFACE_STYLE_USAGE(.BOTH.,#7188);
#7188 = SURFACE_SIDE_STYLE('',(#7189));
#7189 = SURFACE_STYLE_FILL_AREA(#7190);
#7190 = FILL_AREA_STYLE('',(#7191));
#7191 = FILL_AREA_STYLE_COLOUR('',#7009);
#7192 = STYLED_ITEM('color',(#7193),#2932);
#7193 = PRESENTATION_STYLE_ASSIGNMENT((#7194));
#7194 = SURFACE_STYLE_USAGE(.BOTH.,#7195);
#7195 = SURFACE_SIDE_STYLE('',(#7196));
#7196 = SURFACE_STYLE_FILL_AREA(#7197);
#7197 = FILL_AREA_STYLE('',(#7198));
#7198 = FILL_AREA_STYLE_COLOUR('',#7009);
#7199 = STYLED_ITEM('color',(#7200),#2949);
#7200 = PRESENTATION_STYLE_ASSIGNMENT((#7201));
#7201 = SURFACE_STYLE_USAGE(.BOTH.,#7202);
#7202 = SURFACE_SIDE_STYLE('',(#7203));
#7203 = SURFACE_STYLE_FILL_AREA(#7204);
#7204 = FILL_AREA_STYLE('',(#7205));
#7205 = FILL_AREA_STYLE_COLOUR('',#7206);
#7206 = COLOUR_RGB('',0.340000006699,0.68000001254,0.444999988852);
#7207 = STYLED_ITEM('color',(#7208),#2980);
#7208 = PRESENTATION_STYLE_ASSIGNMENT((#7209));
#7209 = SURFACE_STYLE_USAGE(.BOTH.,#7210);
#7210 = SURFACE_SIDE_STYLE('',(#7211));
#7211 = SURFACE_STYLE_FILL_AREA(#7212);
#7212 = FILL_AREA_STYLE('',(#7213));
#7213 = FILL_AREA_STYLE_COLOUR('',#7206);
#7214 = STYLED_ITEM('color',(#7215),#3004);
#7215 = PRESENTATION_STYLE_ASSIGNMENT((#7216));
#7216 = SURFACE_STYLE_USAGE(.BOTH.,#7217);
#7217 = SURFACE_SIDE_STYLE('',(#7218));
#7218 = SURFACE_STYLE_FILL_AREA(#7219);
#7219 = FILL_AREA_STYLE('',(#7220));
#7220 = FILL_AREA_STYLE_COLOUR('',#7206);
#7221 = STYLED_ITEM('color',(#7222),#3021);
#7222 = PRESENTATION_STYLE_ASSIGNMENT((#7223));
#7223 = SURFACE_STYLE_USAGE(.BOTH.,#7224);
#7224 = SURFACE_SIDE_STYLE('',(#7225));
#7225 = SURFACE_STYLE_FILL_AREA(#7226);
#7226 = FILL_AREA_STYLE('',(#7227));
#7227 = FILL_AREA_STYLE_COLOUR('',#7009);
#7228 = STYLED_ITEM('color',(#7229),#3049);
#7229 = PRESENTATION_STYLE_ASSIGNMENT((#7230));
#7230 = SURFACE_STYLE_USAGE(.BOTH.,#7231);
#7231 = SURFACE_SIDE_STYLE('',(#7232));
#7232 = SURFACE_STYLE_FILL_AREA(#7233);
#7233 = FILL_AREA_STYLE('',(#7234));
#7234 = FILL_AREA_STYLE_COLOUR('',#7009);
#7235 = STYLED_ITEM('color',(#7236),#3074);
#7236 = PRESENTATION_STYLE_ASSIGNMENT((#7237));
#7237 = SURFACE_STYLE_USAGE(.BOTH.,#7238);
#7238 = SURFACE_SIDE_STYLE('',(#7239));
#7239 = SURFACE_STYLE_FILL_AREA(#7240);
#7240 = FILL_AREA_STYLE('',(#7241));
#7241 = FILL_AREA_STYLE_COLOUR('',#7009);
#7242 = STYLED_ITEM('color',(#7243),#3098);
#7243 = PRESENTATION_STYLE_ASSIGNMENT((#7244));
#7244 = SURFACE_STYLE_USAGE(.BOTH.,#7245);
#7245 = SURFACE_SIDE_STYLE('',(#7246));
#7246 = SURFACE_STYLE_FILL_AREA(#7247);
#7247 = FILL_AREA_STYLE('',(#7248));
#7248 = FILL_AREA_STYLE_COLOUR('',#7009);
#7249 = STYLED_ITEM('color',(#7250),#3123);
#7250 = PRESENTATION_STYLE_ASSIGNMENT((#7251));
#7251 = SURFACE_STYLE_USAGE(.BOTH.,#7252);
#7252 = SURFACE_SIDE_STYLE('',(#7253));
#7253 = SURFACE_STYLE_FILL_AREA(#7254);
#7254 = FILL_AREA_STYLE('',(#7255));
#7255 = FILL_AREA_STYLE_COLOUR('',#7009);
#7256 = STYLED_ITEM('color',(#7257),#3170);
#7257 = PRESENTATION_STYLE_ASSIGNMENT((#7258));
#7258 = SURFACE_STYLE_USAGE(.BOTH.,#7259);
#7259 = SURFACE_SIDE_STYLE('',(#7260));
#7260 = SURFACE_STYLE_FILL_AREA(#7261);
#7261 = FILL_AREA_STYLE('',(#7262));
#7262 = FILL_AREA_STYLE_COLOUR('',#7009);
#7263 = STYLED_ITEM('color',(#7264),#3187);
#7264 = PRESENTATION_STYLE_ASSIGNMENT((#7265));
#7265 = SURFACE_STYLE_USAGE(.BOTH.,#7266);
#7266 = SURFACE_SIDE_STYLE('',(#7267));
#7267 = SURFACE_STYLE_FILL_AREA(#7268);
#7268 = FILL_AREA_STYLE('',(#7269));
#7269 = FILL_AREA_STYLE_COLOUR('',#7009);
#7270 = STYLED_ITEM('color',(#7271),#3199);
#7271 = PRESENTATION_STYLE_ASSIGNMENT((#7272));
#7272 = SURFACE_STYLE_USAGE(.BOTH.,#7273);
#7273 = SURFACE_SIDE_STYLE('',(#7274));
#7274 = SURFACE_STYLE_FILL_AREA(#7275);
#7275 = FILL_AREA_STYLE('',(#7276));
#7276 = FILL_AREA_STYLE_COLOUR('',#7009);
#7277 = STYLED_ITEM('color',(#7278),#3221);
#7278 = PRESENTATION_STYLE_ASSIGNMENT((#7279));
#7279 = SURFACE_STYLE_USAGE(.BOTH.,#7280);
#7280 = SURFACE_SIDE_STYLE('',(#7281));
#7281 = SURFACE_STYLE_FILL_AREA(#7282);
#7282 = FILL_AREA_STYLE('',(#7283));
#7283 = FILL_AREA_STYLE_COLOUR('',#7009);
#7284 = STYLED_ITEM('color',(#7285),#3233);
#7285 = PRESENTATION_STYLE_ASSIGNMENT((#7286));
#7286 = SURFACE_STYLE_USAGE(.BOTH.,#7287);
#7287 = SURFACE_SIDE_STYLE('',(#7288));
#7288 = SURFACE_STYLE_FILL_AREA(#7289);
#7289 = FILL_AREA_STYLE('',(#7290));
#7290 = FILL_AREA_STYLE_COLOUR('',#7009);
#7291 = STYLED_ITEM('color',(#7292),#3251);
#7292 = PRESENTATION_STYLE_ASSIGNMENT((#7293));
#7293 = SURFACE_STYLE_USAGE(.BOTH.,#7294);
#7294 = SURFACE_SIDE_STYLE('',(#7295));
#7295 = SURFACE_STYLE_FILL_AREA(#7296);
#7296 = FILL_AREA_STYLE('',(#7297));
#7297 = FILL_AREA_STYLE_COLOUR('',#7009);
#7298 = STYLED_ITEM('color',(#7299),#3269);
#7299 = PRESENTATION_STYLE_ASSIGNMENT((#7300));
#7300 = SURFACE_STYLE_USAGE(.BOTH.,#7301);
#7301 = SURFACE_SIDE_STYLE('',(#7302));
#7302 = SURFACE_STYLE_FILL_AREA(#7303);
#7303 = FILL_AREA_STYLE('',(#7304));
#7304 = FILL_AREA_STYLE_COLOUR('',#7206);
#7305 = MECHANICAL_DESIGN_GEOMETRIC_PRESENTATION_REPRESENTATION('',(
    #7306,#7314,#7321,#7328,#7335,#7342,#7349,#7356,#7363,#7370,#7377,
    #7385,#7392,#7399,#7406,#7413,#7420,#7427,#7434,#7441,#7448,#7455,
    #7462,#7469,#7476,#7483,#7490,#7497),#4176);
#7306 = STYLED_ITEM('color',(#7307),#3324);
#7307 = PRESENTATION_STYLE_ASSIGNMENT((#7308));
#7308 = SURFACE_STYLE_USAGE(.BOTH.,#7309);
#7309 = SURFACE_SIDE_STYLE('',(#7310));
#7310 = SURFACE_STYLE_FILL_AREA(#7311);
#7311 = FILL_AREA_STYLE('',(#7312));
#7312 = FILL_AREA_STYLE_COLOUR('',#7313);
#7313 = COLOUR_RGB('',0.823999987314,0.819999987296,0.781000009244);
#7314 = STYLED_ITEM('color',(#7315),#3400);
#7315 = PRESENTATION_STYLE_ASSIGNMENT((#7316));
#7316 = SURFACE_STYLE_USAGE(.BOTH.,#7317);
#7317 = SURFACE_SIDE_STYLE('',(#7318));
#7318 = SURFACE_STYLE_FILL_AREA(#7319);
#7319 = FILL_AREA_STYLE('',(#7320));
#7320 = FILL_AREA_STYLE_COLOUR('',#7313);
#7321 = STYLED_ITEM('color',(#7322),#3431);
#7322 = PRESENTATION_STYLE_ASSIGNMENT((#7323));
#7323 = SURFACE_STYLE_USAGE(.BOTH.,#7324);
#7324 = SURFACE_SIDE_STYLE('',(#7325));
#7325 = SURFACE_STYLE_FILL_AREA(#7326);
#7326 = FILL_AREA_STYLE('',(#7327));
#7327 = FILL_AREA_STYLE_COLOUR('',#7313);
#7328 = STYLED_ITEM('color',(#7329),#3456);
#7329 = PRESENTATION_STYLE_ASSIGNMENT((#7330));
#7330 = SURFACE_STYLE_USAGE(.BOTH.,#7331);
#7331 = SURFACE_SIDE_STYLE('',(#7332));
#7332 = SURFACE_STYLE_FILL_AREA(#7333);
#7333 = FILL_AREA_STYLE('',(#7334));
#7334 = FILL_AREA_STYLE_COLOUR('',#7313);
#7335 = STYLED_ITEM('color',(#7336),#3481);
#7336 = PRESENTATION_STYLE_ASSIGNMENT((#7337));
#7337 = SURFACE_STYLE_USAGE(.BOTH.,#7338);
#7338 = SURFACE_SIDE_STYLE('',(#7339));
#7339 = SURFACE_STYLE_FILL_AREA(#7340);
#7340 = FILL_AREA_STYLE('',(#7341));
#7341 = FILL_AREA_STYLE_COLOUR('',#7313);
#7342 = STYLED_ITEM('color',(#7343),#3505);
#7343 = PRESENTATION_STYLE_ASSIGNMENT((#7344));
#7344 = SURFACE_STYLE_USAGE(.BOTH.,#7345);
#7345 = SURFACE_SIDE_STYLE('',(#7346));
#7346 = SURFACE_STYLE_FILL_AREA(#7347);
#7347 = FILL_AREA_STYLE('',(#7348));
#7348 = FILL_AREA_STYLE_COLOUR('',#7313);
#7349 = STYLED_ITEM('color',(#7350),#3529);
#7350 = PRESENTATION_STYLE_ASSIGNMENT((#7351));
#7351 = SURFACE_STYLE_USAGE(.BOTH.,#7352);
#7352 = SURFACE_SIDE_STYLE('',(#7353));
#7353 = SURFACE_STYLE_FILL_AREA(#7354);
#7354 = FILL_AREA_STYLE('',(#7355));
#7355 = FILL_AREA_STYLE_COLOUR('',#7313);
#7356 = STYLED_ITEM('color',(#7357),#3554);
#7357 = PRESENTATION_STYLE_ASSIGNMENT((#7358));
#7358 = SURFACE_STYLE_USAGE(.BOTH.,#7359);
#7359 = SURFACE_SIDE_STYLE('',(#7360));
#7360 = SURFACE_STYLE_FILL_AREA(#7361);
#7361 = FILL_AREA_STYLE('',(#7362));
#7362 = FILL_AREA_STYLE_COLOUR('',#7313);
#7363 = STYLED_ITEM('color',(#7364),#3579);
#7364 = PRESENTATION_STYLE_ASSIGNMENT((#7365));
#7365 = SURFACE_STYLE_USAGE(.BOTH.,#7366);
#7366 = SURFACE_SIDE_STYLE('',(#7367));
#7367 = SURFACE_STYLE_FILL_AREA(#7368);
#7368 = FILL_AREA_STYLE('',(#7369));
#7369 = FILL_AREA_STYLE_COLOUR('',#7313);
#7370 = STYLED_ITEM('color',(#7371),#3596);
#7371 = PRESENTATION_STYLE_ASSIGNMENT((#7372));
#7372 = SURFACE_STYLE_USAGE(.BOTH.,#7373);
#7373 = SURFACE_SIDE_STYLE('',(#7374));
#7374 = SURFACE_STYLE_FILL_AREA(#7375);
#7375 = FILL_AREA_STYLE('',(#7376));
#7376 = FILL_AREA_STYLE_COLOUR('',#7313);
#7377 = STYLED_ITEM('color',(#7378),#3682);
#7378 = PRESENTATION_STYLE_ASSIGNMENT((#7379));
#7379 = SURFACE_STYLE_USAGE(.BOTH.,#7380);
#7380 = SURFACE_SIDE_STYLE('',(#7381));
#7381 = SURFACE_STYLE_FILL_AREA(#7382);
#7382 = FILL_AREA_STYLE('',(#7383));
#7383 = FILL_AREA_STYLE_COLOUR('',#7384);
#7384 = COLOUR_RGB('',0.379000005575,0.270000008848,0.214999999939);
#7385 = STYLED_ITEM('color',(#7386),#3714);
#7386 = PRESENTATION_STYLE_ASSIGNMENT((#7387));
#7387 = SURFACE_STYLE_USAGE(.BOTH.,#7388);
#7388 = SURFACE_SIDE_STYLE('',(#7389));
#7389 = SURFACE_STYLE_FILL_AREA(#7390);
#7390 = FILL_AREA_STYLE('',(#7391));
#7391 = FILL_AREA_STYLE_COLOUR('',#7384);
#7392 = STYLED_ITEM('color',(#7393),#3738);
#7393 = PRESENTATION_STYLE_ASSIGNMENT((#7394));
#7394 = SURFACE_STYLE_USAGE(.BOTH.,#7395);
#7395 = SURFACE_SIDE_STYLE('',(#7396));
#7396 = SURFACE_STYLE_FILL_AREA(#7397);
#7397 = FILL_AREA_STYLE('',(#7398));
#7398 = FILL_AREA_STYLE_COLOUR('',#7384);
#7399 = STYLED_ITEM('color',(#7400),#3763);
#7400 = PRESENTATION_STYLE_ASSIGNMENT((#7401));
#7401 = SURFACE_STYLE_USAGE(.BOTH.,#7402);
#7402 = SURFACE_SIDE_STYLE('',(#7403));
#7403 = SURFACE_STYLE_FILL_AREA(#7404);
#7404 = FILL_AREA_STYLE('',(#7405));
#7405 = FILL_AREA_STYLE_COLOUR('',#7384);
#7406 = STYLED_ITEM('color',(#7407),#3787);
#7407 = PRESENTATION_STYLE_ASSIGNMENT((#7408));
#7408 = SURFACE_STYLE_USAGE(.BOTH.,#7409);
#7409 = SURFACE_SIDE_STYLE('',(#7410));
#7410 = SURFACE_STYLE_FILL_AREA(#7411);
#7411 = FILL_AREA_STYLE('',(#7412));
#7412 = FILL_AREA_STYLE_COLOUR('',#7384);
#7413 = STYLED_ITEM('color',(#7414),#3812);
#7414 = PRESENTATION_STYLE_ASSIGNMENT((#7415));
#7415 = SURFACE_STYLE_USAGE(.BOTH.,#7416);
#7416 = SURFACE_SIDE_STYLE('',(#7417));
#7417 = SURFACE_STYLE_FILL_AREA(#7418);
#7418 = FILL_AREA_STYLE('',(#7419));
#7419 = FILL_AREA_STYLE_COLOUR('',#7384);
#7420 = STYLED_ITEM('color',(#7421),#3836);
#7421 = PRESENTATION_STYLE_ASSIGNMENT((#7422));
#7422 = SURFACE_STYLE_USAGE(.BOTH.,#7423);
#7423 = SURFACE_SIDE_STYLE('',(#7424));
#7424 = SURFACE_STYLE_FILL_AREA(#7425);
#7425 = FILL_AREA_STYLE('',(#7426));
#7426 = FILL_AREA_STYLE_COLOUR('',#7384);
#7427 = STYLED_ITEM('color',(#7428),#3861);
#7428 = PRESENTATION_STYLE_ASSIGNMENT((#7429));
#7429 = SURFACE_STYLE_USAGE(.BOTH.,#7430);
#7430 = SURFACE_SIDE_STYLE('',(#7431));
#7431 = SURFACE_STYLE_FILL_AREA(#7432);
#7432 = FILL_AREA_STYLE('',(#7433));
#7433 = FILL_AREA_STYLE_COLOUR('',#7384);
#7434 = STYLED_ITEM('color',(#7435),#3878);
#7435 = PRESENTATION_STYLE_ASSIGNMENT((#7436));
#7436 = SURFACE_STYLE_USAGE(.BOTH.,#7437);
#7437 = SURFACE_SIDE_STYLE('',(#7438));
#7438 = SURFACE_STYLE_FILL_AREA(#7439);
#7439 = FILL_AREA_STYLE('',(#7440));
#7440 = FILL_AREA_STYLE_COLOUR('',#7313);
#7441 = STYLED_ITEM('color',(#7442),#3964);
#7442 = PRESENTATION_STYLE_ASSIGNMENT((#7443));
#7443 = SURFACE_STYLE_USAGE(.BOTH.,#7444);
#7444 = SURFACE_SIDE_STYLE('',(#7445));
#7445 = SURFACE_STYLE_FILL_AREA(#7446);
#7446 = FILL_AREA_STYLE('',(#7447));
#7447 = FILL_AREA_STYLE_COLOUR('',#7313);
#7448 = STYLED_ITEM('color',(#7449),#3995);
#7449 = PRESENTATION_STYLE_ASSIGNMENT((#7450));
#7450 = SURFACE_STYLE_USAGE(.BOTH.,#7451);
#7451 = SURFACE_SIDE_STYLE('',(#7452));
#7452 = SURFACE_STYLE_FILL_AREA(#7453);
#7453 = FILL_AREA_STYLE('',(#7454));
#7454 = FILL_AREA_STYLE_COLOUR('',#7313);
#7455 = STYLED_ITEM('color',(#7456),#4020);
#7456 = PRESENTATION_STYLE_ASSIGNMENT((#7457));
#7457 = SURFACE_STYLE_USAGE(.BOTH.,#7458);
#7458 = SURFACE_SIDE_STYLE('',(#7459));
#7459 = SURFACE_STYLE_FILL_AREA(#7460);
#7460 = FILL_AREA_STYLE('',(#7461));
#7461 = FILL_AREA_STYLE_COLOUR('',#7313);
#7462 = STYLED_ITEM('color',(#7463),#4045);
#7463 = PRESENTATION_STYLE_ASSIGNMENT((#7464));
#7464 = SURFACE_STYLE_USAGE(.BOTH.,#7465);
#7465 = SURFACE_SIDE_STYLE('',(#7466));
#7466 = SURFACE_STYLE_FILL_AREA(#7467);
#7467 = FILL_AREA_STYLE('',(#7468));
#7468 = FILL_AREA_STYLE_COLOUR('',#7313);
#7469 = STYLED_ITEM('color',(#7470),#4069);
#7470 = PRESENTATION_STYLE_ASSIGNMENT((#7471));
#7471 = SURFACE_STYLE_USAGE(.BOTH.,#7472);
#7472 = SURFACE_SIDE_STYLE('',(#7473));
#7473 = SURFACE_STYLE_FILL_AREA(#7474);
#7474 = FILL_AREA_STYLE('',(#7475));
#7475 = FILL_AREA_STYLE_COLOUR('',#7313);
#7476 = STYLED_ITEM('color',(#7477),#4093);
#7477 = PRESENTATION_STYLE_ASSIGNMENT((#7478));
#7478 = SURFACE_STYLE_USAGE(.BOTH.,#7479);
#7479 = SURFACE_SIDE_STYLE('',(#7480));
#7480 = SURFACE_STYLE_FILL_AREA(#7481);
#7481 = FILL_AREA_STYLE('',(#7482));
#7482 = FILL_AREA_STYLE_COLOUR('',#7313);
#7483 = STYLED_ITEM('color',(#7484),#4118);
#7484 = PRESENTATION_STYLE_ASSIGNMENT((#7485));
#7485 = SURFACE_STYLE_USAGE(.BOTH.,#7486);
#7486 = SURFACE_SIDE_STYLE('',(#7487));
#7487 = SURFACE_STYLE_FILL_AREA(#7488);
#7488 = FILL_AREA_STYLE('',(#7489));
#7489 = FILL_AREA_STYLE_COLOUR('',#7313);
#7490 = STYLED_ITEM('color',(#7491),#4143);
#7491 = PRESENTATION_STYLE_ASSIGNMENT((#7492));
#7492 = SURFACE_STYLE_USAGE(.BOTH.,#7493);
#7493 = SURFACE_SIDE_STYLE('',(#7494));
#7494 = SURFACE_STYLE_FILL_AREA(#7495);
#7495 = FILL_AREA_STYLE('',(#7496));
#7496 = FILL_AREA_STYLE_COLOUR('',#7313);
#7497 = STYLED_ITEM('color',(#7498),#4160);
#7498 = PRESENTATION_STYLE_ASSIGNMENT((#7499));
#7499 = SURFACE_STYLE_USAGE(.BOTH.,#7500);
#7500 = SURFACE_SIDE_STYLE('',(#7501));
#7501 = SURFACE_STYLE_FILL_AREA(#7502);
#7502 = FILL_AREA_STYLE('',(#7503));
#7503 = FILL_AREA_STYLE_COLOUR('',#7313);
#7504 = MECHANICAL_DESIGN_GEOMETRIC_PRESENTATION_REPRESENTATION('',(
    #7505,#7512,#7519,#7526,#7533,#7540,#7547,#7554,#7561,#7568,#7575,
    #7582,#7589,#7596,#7603,#7610,#7617,#7624,#7631,#7638,#7645,#7652,
    #7659,#7666,#7673,#7680,#7687,#7694),#5077);
#7505 = STYLED_ITEM('color',(#7506),#4225);
#7506 = PRESENTATION_STYLE_ASSIGNMENT((#7507));
#7507 = SURFACE_STYLE_USAGE(.BOTH.,#7508);
#7508 = SURFACE_SIDE_STYLE('',(#7509));
#7509 = SURFACE_STYLE_FILL_AREA(#7510);
#7510 = FILL_AREA_STYLE('',(#7511));
#7511 = FILL_AREA_STYLE_COLOUR('',#7313);
#7512 = STYLED_ITEM('color',(#7513),#4301);
#7513 = PRESENTATION_STYLE_ASSIGNMENT((#7514));
#7514 = SURFACE_STYLE_USAGE(.BOTH.,#7515);
#7515 = SURFACE_SIDE_STYLE('',(#7516));
#7516 = SURFACE_STYLE_FILL_AREA(#7517);
#7517 = FILL_AREA_STYLE('',(#7518));
#7518 = FILL_AREA_STYLE_COLOUR('',#7313);
#7519 = STYLED_ITEM('color',(#7520),#4332);
#7520 = PRESENTATION_STYLE_ASSIGNMENT((#7521));
#7521 = SURFACE_STYLE_USAGE(.BOTH.,#7522);
#7522 = SURFACE_SIDE_STYLE('',(#7523));
#7523 = SURFACE_STYLE_FILL_AREA(#7524);
#7524 = FILL_AREA_STYLE('',(#7525));
#7525 = FILL_AREA_STYLE_COLOUR('',#7313);
#7526 = STYLED_ITEM('color',(#7527),#4357);
#7527 = PRESENTATION_STYLE_ASSIGNMENT((#7528));
#7528 = SURFACE_STYLE_USAGE(.BOTH.,#7529);
#7529 = SURFACE_SIDE_STYLE('',(#7530));
#7530 = SURFACE_STYLE_FILL_AREA(#7531);
#7531 = FILL_AREA_STYLE('',(#7532));
#7532 = FILL_AREA_STYLE_COLOUR('',#7313);
#7533 = STYLED_ITEM('color',(#7534),#4382);
#7534 = PRESENTATION_STYLE_ASSIGNMENT((#7535));
#7535 = SURFACE_STYLE_USAGE(.BOTH.,#7536);
#7536 = SURFACE_SIDE_STYLE('',(#7537));
#7537 = SURFACE_STYLE_FILL_AREA(#7538);
#7538 = FILL_AREA_STYLE('',(#7539));
#7539 = FILL_AREA_STYLE_COLOUR('',#7313);
#7540 = STYLED_ITEM('color',(#7541),#4406);
#7541 = PRESENTATION_STYLE_ASSIGNMENT((#7542));
#7542 = SURFACE_STYLE_USAGE(.BOTH.,#7543);
#7543 = SURFACE_SIDE_STYLE('',(#7544));
#7544 = SURFACE_STYLE_FILL_AREA(#7545);
#7545 = FILL_AREA_STYLE('',(#7546));
#7546 = FILL_AREA_STYLE_COLOUR('',#7313);
#7547 = STYLED_ITEM('color',(#7548),#4430);
#7548 = PRESENTATION_STYLE_ASSIGNMENT((#7549));
#7549 = SURFACE_STYLE_USAGE(.BOTH.,#7550);
#7550 = SURFACE_SIDE_STYLE('',(#7551));
#7551 = SURFACE_STYLE_FILL_AREA(#7552);
#7552 = FILL_AREA_STYLE('',(#7553));
#7553 = FILL_AREA_STYLE_COLOUR('',#7313);
#7554 = STYLED_ITEM('color',(#7555),#4455);
#7555 = PRESENTATION_STYLE_ASSIGNMENT((#7556));
#7556 = SURFACE_STYLE_USAGE(.BOTH.,#7557);
#7557 = SURFACE_SIDE_STYLE('',(#7558));
#7558 = SURFACE_STYLE_FILL_AREA(#7559);
#7559 = FILL_AREA_STYLE('',(#7560));
#7560 = FILL_AREA_STYLE_COLOUR('',#7313);
#7561 = STYLED_ITEM('color',(#7562),#4480);
#7562 = PRESENTATION_STYLE_ASSIGNMENT((#7563));
#7563 = SURFACE_STYLE_USAGE(.BOTH.,#7564);
#7564 = SURFACE_SIDE_STYLE('',(#7565));
#7565 = SURFACE_STYLE_FILL_AREA(#7566);
#7566 = FILL_AREA_STYLE('',(#7567));
#7567 = FILL_AREA_STYLE_COLOUR('',#7313);
#7568 = STYLED_ITEM('color',(#7569),#4497);
#7569 = PRESENTATION_STYLE_ASSIGNMENT((#7570));
#7570 = SURFACE_STYLE_USAGE(.BOTH.,#7571);
#7571 = SURFACE_SIDE_STYLE('',(#7572));
#7572 = SURFACE_STYLE_FILL_AREA(#7573);
#7573 = FILL_AREA_STYLE('',(#7574));
#7574 = FILL_AREA_STYLE_COLOUR('',#7313);
#7575 = STYLED_ITEM('color',(#7576),#4583);
#7576 = PRESENTATION_STYLE_ASSIGNMENT((#7577));
#7577 = SURFACE_STYLE_USAGE(.BOTH.,#7578);
#7578 = SURFACE_SIDE_STYLE('',(#7579));
#7579 = SURFACE_STYLE_FILL_AREA(#7580);
#7580 = FILL_AREA_STYLE('',(#7581));
#7581 = FILL_AREA_STYLE_COLOUR('',#7384);
#7582 = STYLED_ITEM('color',(#7583),#4615);
#7583 = PRESENTATION_STYLE_ASSIGNMENT((#7584));
#7584 = SURFACE_STYLE_USAGE(.BOTH.,#7585);
#7585 = SURFACE_SIDE_STYLE('',(#7586));
#7586 = SURFACE_STYLE_FILL_AREA(#7587);
#7587 = FILL_AREA_STYLE('',(#7588));
#7588 = FILL_AREA_STYLE_COLOUR('',#7384);
#7589 = STYLED_ITEM('color',(#7590),#4639);
#7590 = PRESENTATION_STYLE_ASSIGNMENT((#7591));
#7591 = SURFACE_STYLE_USAGE(.BOTH.,#7592);
#7592 = SURFACE_SIDE_STYLE('',(#7593));
#7593 = SURFACE_STYLE_FILL_AREA(#7594);
#7594 = FILL_AREA_STYLE('',(#7595));
#7595 = FILL_AREA_STYLE_COLOUR('',#7384);
#7596 = STYLED_ITEM('color',(#7597),#4664);
#7597 = PRESENTATION_STYLE_ASSIGNMENT((#7598));
#7598 = SURFACE_STYLE_USAGE(.BOTH.,#7599);
#7599 = SURFACE_SIDE_STYLE('',(#7600));
#7600 = SURFACE_STYLE_FILL_AREA(#7601);
#7601 = FILL_AREA_STYLE('',(#7602));
#7602 = FILL_AREA_STYLE_COLOUR('',#7384);
#7603 = STYLED_ITEM('color',(#7604),#4688);
#7604 = PRESENTATION_STYLE_ASSIGNMENT((#7605));
#7605 = SURFACE_STYLE_USAGE(.BOTH.,#7606);
#7606 = SURFACE_SIDE_STYLE('',(#7607));
#7607 = SURFACE_STYLE_FILL_AREA(#7608);
#7608 = FILL_AREA_STYLE('',(#7609));
#7609 = FILL_AREA_STYLE_COLOUR('',#7384);
#7610 = STYLED_ITEM('color',(#7611),#4713);
#7611 = PRESENTATION_STYLE_ASSIGNMENT((#7612));
#7612 = SURFACE_STYLE_USAGE(.BOTH.,#7613);
#7613 = SURFACE_SIDE_STYLE('',(#7614));
#7614 = SURFACE_STYLE_FILL_AREA(#7615);
#7615 = FILL_AREA_STYLE('',(#7616));
#7616 = FILL_AREA_STYLE_COLOUR('',#7384);
#7617 = STYLED_ITEM('color',(#7618),#4737);
#7618 = PRESENTATION_STYLE_ASSIGNMENT((#7619));
#7619 = SURFACE_STYLE_USAGE(.BOTH.,#7620);
#7620 = SURFACE_SIDE_STYLE('',(#7621));
#7621 = SURFACE_STYLE_FILL_AREA(#7622);
#7622 = FILL_AREA_STYLE('',(#7623));
#7623 = FILL_AREA_STYLE_COLOUR('',#7384);
#7624 = STYLED_ITEM('color',(#7625),#4762);
#7625 = PRESENTATION_STYLE_ASSIGNMENT((#7626));
#7626 = SURFACE_STYLE_USAGE(.BOTH.,#7627);
#7627 = SURFACE_SIDE_STYLE('',(#7628));
#7628 = SURFACE_STYLE_FILL_AREA(#7629);
#7629 = FILL_AREA_STYLE('',(#7630));
#7630 = FILL_AREA_STYLE_COLOUR('',#7384);
#7631 = STYLED_ITEM('color',(#7632),#4779);
#7632 = PRESENTATION_STYLE_ASSIGNMENT((#7633));
#7633 = SURFACE_STYLE_USAGE(.BOTH.,#7634);
#7634 = SURFACE_SIDE_STYLE('',(#7635));
#7635 = SURFACE_STYLE_FILL_AREA(#7636);
#7636 = FILL_AREA_STYLE('',(#7637));
#7637 = FILL_AREA_STYLE_COLOUR('',#7313);
#7638 = STYLED_ITEM('color',(#7639),#4865);
#7639 = PRESENTATION_STYLE_ASSIGNMENT((#7640));
#7640 = SURFACE_STYLE_USAGE(.BOTH.,#7641);
#7641 = SURFACE_SIDE_STYLE('',(#7642));
#7642 = SURFACE_STYLE_FILL_AREA(#7643);
#7643 = FILL_AREA_STYLE('',(#7644));
#7644 = FILL_AREA_STYLE_COLOUR('',#7313);
#7645 = STYLED_ITEM('color',(#7646),#4896);
#7646 = PRESENTATION_STYLE_ASSIGNMENT((#7647));
#7647 = SURFACE_STYLE_USAGE(.BOTH.,#7648);
#7648 = SURFACE_SIDE_STYLE('',(#7649));
#7649 = SURFACE_STYLE_FILL_AREA(#7650);
#7650 = FILL_AREA_STYLE('',(#7651));
#7651 = FILL_AREA_STYLE_COLOUR('',#7313);
#7652 = STYLED_ITEM('color',(#7653),#4921);
#7653 = PRESENTATION_STYLE_ASSIGNMENT((#7654));
#7654 = SURFACE_STYLE_USAGE(.BOTH.,#7655);
#7655 = SURFACE_SIDE_STYLE('',(#7656));
#7656 = SURFACE_STYLE_FILL_AREA(#7657);
#7657 = FILL_AREA_STYLE('',(#7658));
#7658 = FILL_AREA_STYLE_COLOUR('',#7313);
#7659 = STYLED_ITEM('color',(#7660),#4946);
#7660 = PRESENTATION_STYLE_ASSIGNMENT((#7661));
#7661 = SURFACE_STYLE_USAGE(.BOTH.,#7662);
#7662 = SURFACE_SIDE_STYLE('',(#7663));
#7663 = SURFACE_STYLE_FILL_AREA(#7664);
#7664 = FILL_AREA_STYLE('',(#7665));
#7665 = FILL_AREA_STYLE_COLOUR('',#7313);
#7666 = STYLED_ITEM('color',(#7667),#4970);
#7667 = PRESENTATION_STYLE_ASSIGNMENT((#7668));
#7668 = SURFACE_STYLE_USAGE(.BOTH.,#7669);
#7669 = SURFACE_SIDE_STYLE('',(#7670));
#7670 = SURFACE_STYLE_FILL_AREA(#7671);
#7671 = FILL_AREA_STYLE('',(#7672));
#7672 = FILL_AREA_STYLE_COLOUR('',#7313);
#7673 = STYLED_ITEM('color',(#7674),#4994);
#7674 = PRESENTATION_STYLE_ASSIGNMENT((#7675));
#7675 = SURFACE_STYLE_USAGE(.BOTH.,#7676);
#7676 = SURFACE_SIDE_STYLE('',(#7677));
#7677 = SURFACE_STYLE_FILL_AREA(#7678);
#7678 = FILL_AREA_STYLE('',(#7679));
#7679 = FILL_AREA_STYLE_COLOUR('',#7313);
#7680 = STYLED_ITEM('color',(#7681),#5019);
#7681 = PRESENTATION_STYLE_ASSIGNMENT((#7682));
#7682 = SURFACE_STYLE_USAGE(.BOTH.,#7683);
#7683 = SURFACE_SIDE_STYLE('',(#7684));
#7684 = SURFACE_STYLE_FILL_AREA(#7685);
#7685 = FILL_AREA_STYLE('',(#7686));
#7686 = FILL_AREA_STYLE_COLOUR('',#7313);
#7687 = STYLED_ITEM('color',(#7688),#5044);
#7688 = PRESENTATION_STYLE_ASSIGNMENT((#7689));
#7689 = SURFACE_STYLE_USAGE(.BOTH.,#7690);
#7690 = SURFACE_SIDE_STYLE('',(#7691));
#7691 = SURFACE_STYLE_FILL_AREA(#7692);
#7692 = FILL_AREA_STYLE('',(#7693));
#7693 = FILL_AREA_STYLE_COLOUR('',#7313);
#7694 = STYLED_ITEM('color',(#7695),#5061);
#7695 = PRESENTATION_STYLE_ASSIGNMENT((#7696));
#7696 = SURFACE_STYLE_USAGE(.BOTH.,#7697);
#7697 = SURFACE_SIDE_STYLE('',(#7698));
#7698 = SURFACE_STYLE_FILL_AREA(#7699);
#7699 = FILL_AREA_STYLE('',(#7700));
#7700 = FILL_AREA_STYLE_COLOUR('',#7313);
#7701 = MECHANICAL_DESIGN_GEOMETRIC_PRESENTATION_REPRESENTATION('',(
    #7702,#7709,#7716,#7723,#7730,#7737,#7744,#7751,#7758,#7765,#7772,
    #7779,#7786,#7793,#7801,#7808,#7815,#7822,#7829,#7836,#7843,#7850,
    #7857,#7864,#7871,#7878),#878);
#7702 = STYLED_ITEM('color',(#7703),#90);
#7703 = PRESENTATION_STYLE_ASSIGNMENT((#7704));
#7704 = SURFACE_STYLE_USAGE(.BOTH.,#7705);
#7705 = SURFACE_SIDE_STYLE('',(#7706));
#7706 = SURFACE_STYLE_FILL_AREA(#7707);
#7707 = FILL_AREA_STYLE('',(#7708));
#7708 = FILL_AREA_STYLE_COLOUR('',#7313);
#7709 = STYLED_ITEM('color',(#7710),#130);
#7710 = PRESENTATION_STYLE_ASSIGNMENT((#7711));
#7711 = SURFACE_STYLE_USAGE(.BOTH.,#7712);
#7712 = SURFACE_SIDE_STYLE('',(#7713));
#7713 = SURFACE_STYLE_FILL_AREA(#7714);
#7714 = FILL_AREA_STYLE('',(#7715));
#7715 = FILL_AREA_STYLE_COLOUR('',#7313);
#7716 = STYLED_ITEM('color',(#7717),#213);
#7717 = PRESENTATION_STYLE_ASSIGNMENT((#7718));
#7718 = SURFACE_STYLE_USAGE(.BOTH.,#7719);
#7719 = SURFACE_SIDE_STYLE('',(#7720));
#7720 = SURFACE_STYLE_FILL_AREA(#7721);
#7721 = FILL_AREA_STYLE('',(#7722));
#7722 = FILL_AREA_STYLE_COLOUR('',#7313);
#7723 = STYLED_ITEM('color',(#7724),#238);
#7724 = PRESENTATION_STYLE_ASSIGNMENT((#7725));
#7725 = SURFACE_STYLE_USAGE(.BOTH.,#7726);
#7726 = SURFACE_SIDE_STYLE('',(#7727));
#7727 = SURFACE_STYLE_FILL_AREA(#7728);
#7728 = FILL_AREA_STYLE('',(#7729));
#7729 = FILL_AREA_STYLE_COLOUR('',#7313);
#7730 = STYLED_ITEM('color',(#7731),#263);
#7731 = PRESENTATION_STYLE_ASSIGNMENT((#7732));
#7732 = SURFACE_STYLE_USAGE(.BOTH.,#7733);
#7733 = SURFACE_SIDE_STYLE('',(#7734));
#7734 = SURFACE_STYLE_FILL_AREA(#7735);
#7735 = FILL_AREA_STYLE('',(#7736));
#7736 = FILL_AREA_STYLE_COLOUR('',#7313);
#7737 = STYLED_ITEM('color',(#7738),#330);
#7738 = PRESENTATION_STYLE_ASSIGNMENT((#7739));
#7739 = SURFACE_STYLE_USAGE(.BOTH.,#7740);
#7740 = SURFACE_SIDE_STYLE('',(#7741));
#7741 = SURFACE_STYLE_FILL_AREA(#7742);
#7742 = FILL_AREA_STYLE('',(#7743));
#7743 = FILL_AREA_STYLE_COLOUR('',#7313);
#7744 = STYLED_ITEM('color',(#7745),#347);
#7745 = PRESENTATION_STYLE_ASSIGNMENT((#7746));
#7746 = SURFACE_STYLE_USAGE(.BOTH.,#7747);
#7747 = SURFACE_SIDE_STYLE('',(#7748));
#7748 = SURFACE_STYLE_FILL_AREA(#7749);
#7749 = FILL_AREA_STYLE('',(#7750));
#7750 = FILL_AREA_STYLE_COLOUR('',#7313);
#7751 = STYLED_ITEM('color',(#7752),#364);
#7752 = PRESENTATION_STYLE_ASSIGNMENT((#7753));
#7753 = SURFACE_STYLE_USAGE(.BOTH.,#7754);
#7754 = SURFACE_SIDE_STYLE('',(#7755));
#7755 = SURFACE_STYLE_FILL_AREA(#7756);
#7756 = FILL_AREA_STYLE('',(#7757));
#7757 = FILL_AREA_STYLE_COLOUR('',#6959);
#7758 = STYLED_ITEM('color',(#7759),#413);
#7759 = PRESENTATION_STYLE_ASSIGNMENT((#7760));
#7760 = SURFACE_STYLE_USAGE(.BOTH.,#7761);
#7761 = SURFACE_SIDE_STYLE('',(#7762));
#7762 = SURFACE_STYLE_FILL_AREA(#7763);
#7763 = FILL_AREA_STYLE('',(#7764));
#7764 = FILL_AREA_STYLE_COLOUR('',#7313);
#7765 = STYLED_ITEM('color',(#7766),#430);
#7766 = PRESENTATION_STYLE_ASSIGNMENT((#7767));
#7767 = SURFACE_STYLE_USAGE(.BOTH.,#7768);
#7768 = SURFACE_SIDE_STYLE('',(#7769));
#7769 = SURFACE_STYLE_FILL_AREA(#7770);
#7770 = FILL_AREA_STYLE('',(#7771));
#7771 = FILL_AREA_STYLE_COLOUR('',#7313);
#7772 = STYLED_ITEM('color',(#7773),#447);
#7773 = PRESENTATION_STYLE_ASSIGNMENT((#7774));
#7774 = SURFACE_STYLE_USAGE(.BOTH.,#7775);
#7775 = SURFACE_SIDE_STYLE('',(#7776));
#7776 = SURFACE_STYLE_FILL_AREA(#7777);
#7777 = FILL_AREA_STYLE('',(#7778));
#7778 = FILL_AREA_STYLE_COLOUR('',#6959);
#7779 = STYLED_ITEM('color',(#7780),#496);
#7780 = PRESENTATION_STYLE_ASSIGNMENT((#7781));
#7781 = SURFACE_STYLE_USAGE(.BOTH.,#7782);
#7782 = SURFACE_SIDE_STYLE('',(#7783));
#7783 = SURFACE_STYLE_FILL_AREA(#7784);
#7784 = FILL_AREA_STYLE('',(#7785));
#7785 = FILL_AREA_STYLE_COLOUR('',#6959);
#7786 = STYLED_ITEM('color',(#7787),#513);
#7787 = PRESENTATION_STYLE_ASSIGNMENT((#7788));
#7788 = SURFACE_STYLE_USAGE(.BOTH.,#7789);
#7789 = SURFACE_SIDE_STYLE('',(#7790));
#7790 = SURFACE_STYLE_FILL_AREA(#7791);
#7791 = FILL_AREA_STYLE('',(#7792));
#7792 = FILL_AREA_STYLE_COLOUR('',#7313);
#7793 = STYLED_ITEM('color',(#7794),#582);
#7794 = PRESENTATION_STYLE_ASSIGNMENT((#7795));
#7795 = SURFACE_STYLE_USAGE(.BOTH.,#7796);
#7796 = SURFACE_SIDE_STYLE('',(#7797));
#7797 = SURFACE_STYLE_FILL_AREA(#7798);
#7798 = FILL_AREA_STYLE('',(#7799));
#7799 = FILL_AREA_STYLE_COLOUR('',#7800);
#7800 = COLOUR_RGB('',8.200000279077E-02,8.600000121357E-02,
  9.399999706163E-02);
#7801 = STYLED_ITEM('color',(#7802),#613);
#7802 = PRESENTATION_STYLE_ASSIGNMENT((#7803));
#7803 = SURFACE_STYLE_USAGE(.BOTH.,#7804);
#7804 = SURFACE_SIDE_STYLE('',(#7805));
#7805 = SURFACE_STYLE_FILL_AREA(#7806);
#7806 = FILL_AREA_STYLE('',(#7807));
#7807 = FILL_AREA_STYLE_COLOUR('',#7800);
#7808 = STYLED_ITEM('color',(#7809),#637);
#7809 = PRESENTATION_STYLE_ASSIGNMENT((#7810));
#7810 = SURFACE_STYLE_USAGE(.BOTH.,#7811);
#7811 = SURFACE_SIDE_STYLE('',(#7812));
#7812 = SURFACE_STYLE_FILL_AREA(#7813);
#7813 = FILL_AREA_STYLE('',(#7814));
#7814 = FILL_AREA_STYLE_COLOUR('',#7313);
#7815 = STYLED_ITEM('color',(#7816),#706);
#7816 = PRESENTATION_STYLE_ASSIGNMENT((#7817));
#7817 = SURFACE_STYLE_USAGE(.BOTH.,#7818);
#7818 = SURFACE_SIDE_STYLE('',(#7819));
#7819 = SURFACE_STYLE_FILL_AREA(#7820);
#7820 = FILL_AREA_STYLE('',(#7821));
#7821 = FILL_AREA_STYLE_COLOUR('',#7800);
#7822 = STYLED_ITEM('color',(#7823),#730);
#7823 = PRESENTATION_STYLE_ASSIGNMENT((#7824));
#7824 = SURFACE_STYLE_USAGE(.BOTH.,#7825);
#7825 = SURFACE_SIDE_STYLE('',(#7826));
#7826 = SURFACE_STYLE_FILL_AREA(#7827);
#7827 = FILL_AREA_STYLE('',(#7828));
#7828 = FILL_AREA_STYLE_COLOUR('',#7313);
#7829 = STYLED_ITEM('color',(#7830),#747);
#7830 = PRESENTATION_STYLE_ASSIGNMENT((#7831));
#7831 = SURFACE_STYLE_USAGE(.BOTH.,#7832);
#7832 = SURFACE_SIDE_STYLE('',(#7833));
#7833 = SURFACE_STYLE_FILL_AREA(#7834);
#7834 = FILL_AREA_STYLE('',(#7835));
#7835 = FILL_AREA_STYLE_COLOUR('',#7313);
#7836 = STYLED_ITEM('color',(#7837),#764);
#7837 = PRESENTATION_STYLE_ASSIGNMENT((#7838));
#7838 = SURFACE_STYLE_USAGE(.BOTH.,#7839);
#7839 = SURFACE_SIDE_STYLE('',(#7840));
#7840 = SURFACE_STYLE_FILL_AREA(#7841);
#7841 = FILL_AREA_STYLE('',(#7842));
#7842 = FILL_AREA_STYLE_COLOUR('',#7313);
#7843 = STYLED_ITEM('color',(#7844),#781);
#7844 = PRESENTATION_STYLE_ASSIGNMENT((#7845));
#7845 = SURFACE_STYLE_USAGE(.BOTH.,#7846);
#7846 = SURFACE_SIDE_STYLE('',(#7847));
#7847 = SURFACE_STYLE_FILL_AREA(#7848);
#7848 = FILL_AREA_STYLE('',(#7849));
#7849 = FILL_AREA_STYLE_COLOUR('',#7313);
#7850 = STYLED_ITEM('color',(#7851),#798);
#7851 = PRESENTATION_STYLE_ASSIGNMENT((#7852));
#7852 = SURFACE_STYLE_USAGE(.BOTH.,#7853);
#7853 = SURFACE_SIDE_STYLE('',(#7854));
#7854 = SURFACE_STYLE_FILL_AREA(#7855);
#7855 = FILL_AREA_STYLE('',(#7856));
#7856 = FILL_AREA_STYLE_COLOUR('',#7313);
#7857 = STYLED_ITEM('color',(#7858),#815);
#7858 = PRESENTATION_STYLE_ASSIGNMENT((#7859));
#7859 = SURFACE_STYLE_USAGE(.BOTH.,#7860);
#7860 = SURFACE_SIDE_STYLE('',(#7861));
#7861 = SURFACE_STYLE_FILL_AREA(#7862);
#7862 = FILL_AREA_STYLE('',(#7863));
#7863 = FILL_AREA_STYLE_COLOUR('',#7313);
#7864 = STYLED_ITEM('color',(#7865),#832);
#7865 = PRESENTATION_STYLE_ASSIGNMENT((#7866));
#7866 = SURFACE_STYLE_USAGE(.BOTH.,#7867);
#7867 = SURFACE_SIDE_STYLE('',(#7868));
#7868 = SURFACE_STYLE_FILL_AREA(#7869);
#7869 = FILL_AREA_STYLE('',(#7870));
#7870 = FILL_AREA_STYLE_COLOUR('',#7313);
#7871 = STYLED_ITEM('color',(#7872),#849);
#7872 = PRESENTATION_STYLE_ASSIGNMENT((#7873));
#7873 = SURFACE_STYLE_USAGE(.BOTH.,#7874);
#7874 = SURFACE_SIDE_STYLE('',(#7875));
#7875 = SURFACE_STYLE_FILL_AREA(#7876);
#7876 = FILL_AREA_STYLE('',(#7877));
#7877 = FILL_AREA_STYLE_COLOUR('',#7800);
#7878 = STYLED_ITEM('color',(#7879),#866);
#7879 = PRESENTATION_STYLE_ASSIGNMENT((#7880));
#7880 = SURFACE_STYLE_USAGE(.BOTH.,#7881);
#7881 = SURFACE_SIDE_STYLE('',(#7882));
#7882 = SURFACE_STYLE_FILL_AREA(#7883);
#7883 = FILL_AREA_STYLE('',(#7884));
#7884 = FILL_AREA_STYLE_COLOUR('',#7800);
#7885 = MECHANICAL_DESIGN_GEOMETRIC_PRESENTATION_REPRESENTATION('',(
    #7886,#7893,#7900,#7907,#7914,#7921,#7928,#7935,#7942,#7949,#7956,
    #7963,#7970,#7977,#7984,#7991,#7998,#8005,#8012,#8019,#8026,#8033,
    #8040,#8047,#8054,#8061),#1715);
#7886 = STYLED_ITEM('color',(#7887),#927);
#7887 = PRESENTATION_STYLE_ASSIGNMENT((#7888));
#7888 = SURFACE_STYLE_USAGE(.BOTH.,#7889);
#7889 = SURFACE_SIDE_STYLE('',(#7890));
#7890 = SURFACE_STYLE_FILL_AREA(#7891);
#7891 = FILL_AREA_STYLE('',(#7892));
#7892 = FILL_AREA_STYLE_COLOUR('',#7313);
#7893 = STYLED_ITEM('color',(#7894),#967);
#7894 = PRESENTATION_STYLE_ASSIGNMENT((#7895));
#7895 = SURFACE_STYLE_USAGE(.BOTH.,#7896);
#7896 = SURFACE_SIDE_STYLE('',(#7897));
#7897 = SURFACE_STYLE_FILL_AREA(#7898);
#7898 = FILL_AREA_STYLE('',(#7899));
#7899 = FILL_AREA_STYLE_COLOUR('',#7313);
#7900 = STYLED_ITEM('color',(#7901),#1050);
#7901 = PRESENTATION_STYLE_ASSIGNMENT((#7902));
#7902 = SURFACE_STYLE_USAGE(.BOTH.,#7903);
#7903 = SURFACE_SIDE_STYLE('',(#7904));
#7904 = SURFACE_STYLE_FILL_AREA(#7905);
#7905 = FILL_AREA_STYLE('',(#7906));
#7906 = FILL_AREA_STYLE_COLOUR('',#7313);
#7907 = STYLED_ITEM('color',(#7908),#1075);
#7908 = PRESENTATION_STYLE_ASSIGNMENT((#7909));
#7909 = SURFACE_STYLE_USAGE(.BOTH.,#7910);
#7910 = SURFACE_SIDE_STYLE('',(#7911));
#7911 = SURFACE_STYLE_FILL_AREA(#7912);
#7912 = FILL_AREA_STYLE('',(#7913));
#7913 = FILL_AREA_STYLE_COLOUR('',#7313);
#7914 = STYLED_ITEM('color',(#7915),#1100);
#7915 = PRESENTATION_STYLE_ASSIGNMENT((#7916));
#7916 = SURFACE_STYLE_USAGE(.BOTH.,#7917);
#7917 = SURFACE_SIDE_STYLE('',(#7918));
#7918 = SURFACE_STYLE_FILL_AREA(#7919);
#7919 = FILL_AREA_STYLE('',(#7920));
#7920 = FILL_AREA_STYLE_COLOUR('',#7313);
#7921 = STYLED_ITEM('color',(#7922),#1167);
#7922 = PRESENTATION_STYLE_ASSIGNMENT((#7923));
#7923 = SURFACE_STYLE_USAGE(.BOTH.,#7924);
#7924 = SURFACE_SIDE_STYLE('',(#7925));
#7925 = SURFACE_STYLE_FILL_AREA(#7926);
#7926 = FILL_AREA_STYLE('',(#7927));
#7927 = FILL_AREA_STYLE_COLOUR('',#7313);
#7928 = STYLED_ITEM('color',(#7929),#1184);
#7929 = PRESENTATION_STYLE_ASSIGNMENT((#7930));
#7930 = SURFACE_STYLE_USAGE(.BOTH.,#7931);
#7931 = SURFACE_SIDE_STYLE('',(#7932));
#7932 = SURFACE_STYLE_FILL_AREA(#7933);
#7933 = FILL_AREA_STYLE('',(#7934));
#7934 = FILL_AREA_STYLE_COLOUR('',#7313);
#7935 = STYLED_ITEM('color',(#7936),#1201);
#7936 = PRESENTATION_STYLE_ASSIGNMENT((#7937));
#7937 = SURFACE_STYLE_USAGE(.BOTH.,#7938);
#7938 = SURFACE_SIDE_STYLE('',(#7939));
#7939 = SURFACE_STYLE_FILL_AREA(#7940);
#7940 = FILL_AREA_STYLE('',(#7941));
#7941 = FILL_AREA_STYLE_COLOUR('',#6959);
#7942 = STYLED_ITEM('color',(#7943),#1250);
#7943 = PRESENTATION_STYLE_ASSIGNMENT((#7944));
#7944 = SURFACE_STYLE_USAGE(.BOTH.,#7945);
#7945 = SURFACE_SIDE_STYLE('',(#7946));
#7946 = SURFACE_STYLE_FILL_AREA(#7947);
#7947 = FILL_AREA_STYLE('',(#7948));
#7948 = FILL_AREA_STYLE_COLOUR('',#7313);
#7949 = STYLED_ITEM('color',(#7950),#1267);
#7950 = PRESENTATION_STYLE_ASSIGNMENT((#7951));
#7951 = SURFACE_STYLE_USAGE(.BOTH.,#7952);
#7952 = SURFACE_SIDE_STYLE('',(#7953));
#7953 = SURFACE_STYLE_FILL_AREA(#7954);
#7954 = FILL_AREA_STYLE('',(#7955));
#7955 = FILL_AREA_STYLE_COLOUR('',#7313);
#7956 = STYLED_ITEM('color',(#7957),#1284);
#7957 = PRESENTATION_STYLE_ASSIGNMENT((#7958));
#7958 = SURFACE_STYLE_USAGE(.BOTH.,#7959);
#7959 = SURFACE_SIDE_STYLE('',(#7960));
#7960 = SURFACE_STYLE_FILL_AREA(#7961);
#7961 = FILL_AREA_STYLE('',(#7962));
#7962 = FILL_AREA_STYLE_COLOUR('',#6959);
#7963 = STYLED_ITEM('color',(#7964),#1333);
#7964 = PRESENTATION_STYLE_ASSIGNMENT((#7965));
#7965 = SURFACE_STYLE_USAGE(.BOTH.,#7966);
#7966 = SURFACE_SIDE_STYLE('',(#7967));
#7967 = SURFACE_STYLE_FILL_AREA(#7968);
#7968 = FILL_AREA_STYLE('',(#7969));
#7969 = FILL_AREA_STYLE_COLOUR('',#6959);
#7970 = STYLED_ITEM('color',(#7971),#1350);
#7971 = PRESENTATION_STYLE_ASSIGNMENT((#7972));
#7972 = SURFACE_STYLE_USAGE(.BOTH.,#7973);
#7973 = SURFACE_SIDE_STYLE('',(#7974));
#7974 = SURFACE_STYLE_FILL_AREA(#7975);
#7975 = FILL_AREA_STYLE('',(#7976));
#7976 = FILL_AREA_STYLE_COLOUR('',#7313);
#7977 = STYLED_ITEM('color',(#7978),#1419);
#7978 = PRESENTATION_STYLE_ASSIGNMENT((#7979));
#7979 = SURFACE_STYLE_USAGE(.BOTH.,#7980);
#7980 = SURFACE_SIDE_STYLE('',(#7981));
#7981 = SURFACE_STYLE_FILL_AREA(#7982);
#7982 = FILL_AREA_STYLE('',(#7983));
#7983 = FILL_AREA_STYLE_COLOUR('',#7800);
#7984 = STYLED_ITEM('color',(#7985),#1450);
#7985 = PRESENTATION_STYLE_ASSIGNMENT((#7986));
#7986 = SURFACE_STYLE_USAGE(.BOTH.,#7987);
#7987 = SURFACE_SIDE_STYLE('',(#7988));
#7988 = SURFACE_STYLE_FILL_AREA(#7989);
#7989 = FILL_AREA_STYLE('',(#7990));
#7990 = FILL_AREA_STYLE_COLOUR('',#7800);
#7991 = STYLED_ITEM('color',(#7992),#1474);
#7992 = PRESENTATION_STYLE_ASSIGNMENT((#7993));
#7993 = SURFACE_STYLE_USAGE(.BOTH.,#7994);
#7994 = SURFACE_SIDE_STYLE('',(#7995));
#7995 = SURFACE_STYLE_FILL_AREA(#7996);
#7996 = FILL_AREA_STYLE('',(#7997));
#7997 = FILL_AREA_STYLE_COLOUR('',#7313);
#7998 = STYLED_ITEM('color',(#7999),#1543);
#7999 = PRESENTATION_STYLE_ASSIGNMENT((#8000));
#8000 = SURFACE_STYLE_USAGE(.BOTH.,#8001);
#8001 = SURFACE_SIDE_STYLE('',(#8002));
#8002 = SURFACE_STYLE_FILL_AREA(#8003);
#8003 = FILL_AREA_STYLE('',(#8004));
#8004 = FILL_AREA_STYLE_COLOUR('',#7800);
#8005 = STYLED_ITEM('color',(#8006),#1567);
#8006 = PRESENTATION_STYLE_ASSIGNMENT((#8007));
#8007 = SURFACE_STYLE_USAGE(.BOTH.,#8008);
#8008 = SURFACE_SIDE_STYLE('',(#8009));
#8009 = SURFACE_STYLE_FILL_AREA(#8010);
#8010 = FILL_AREA_STYLE('',(#8011));
#8011 = FILL_AREA_STYLE_COLOUR('',#7313);
#8012 = STYLED_ITEM('color',(#8013),#1584);
#8013 = PRESENTATION_STYLE_ASSIGNMENT((#8014));
#8014 = SURFACE_STYLE_USAGE(.BOTH.,#8015);
#8015 = SURFACE_SIDE_STYLE('',(#8016));
#8016 = SURFACE_STYLE_FILL_AREA(#8017);
#8017 = FILL_AREA_STYLE('',(#8018));
#8018 = FILL_AREA_STYLE_COLOUR('',#7313);
#8019 = STYLED_ITEM('color',(#8020),#1601);
#8020 = PRESENTATION_STYLE_ASSIGNMENT((#8021));
#8021 = SURFACE_STYLE_USAGE(.BOTH.,#8022);
#8022 = SURFACE_SIDE_STYLE('',(#8023));
#8023 = SURFACE_STYLE_FILL_AREA(#8024);
#8024 = FILL_AREA_STYLE('',(#8025));
#8025 = FILL_AREA_STYLE_COLOUR('',#7313);
#8026 = STYLED_ITEM('color',(#8027),#1618);
#8027 = PRESENTATION_STYLE_ASSIGNMENT((#8028));
#8028 = SURFACE_STYLE_USAGE(.BOTH.,#8029);
#8029 = SURFACE_SIDE_STYLE('',(#8030));
#8030 = SURFACE_STYLE_FILL_AREA(#8031);
#8031 = FILL_AREA_STYLE('',(#8032));
#8032 = FILL_AREA_STYLE_COLOUR('',#7313);
#8033 = STYLED_ITEM('color',(#8034),#1635);
#8034 = PRESENTATION_STYLE_ASSIGNMENT((#8035));
#8035 = SURFACE_STYLE_USAGE(.BOTH.,#8036);
#8036 = SURFACE_SIDE_STYLE('',(#8037));
#8037 = SURFACE_STYLE_FILL_AREA(#8038);
#8038 = FILL_AREA_STYLE('',(#8039));
#8039 = FILL_AREA_STYLE_COLOUR('',#7313);
#8040 = STYLED_ITEM('color',(#8041),#1652);
#8041 = PRESENTATION_STYLE_ASSIGNMENT((#8042));
#8042 = SURFACE_STYLE_USAGE(.BOTH.,#8043);
#8043 = SURFACE_SIDE_STYLE('',(#8044));
#8044 = SURFACE_STYLE_FILL_AREA(#8045);
#8045 = FILL_AREA_STYLE('',(#8046));
#8046 = FILL_AREA_STYLE_COLOUR('',#7313);
#8047 = STYLED_ITEM('color',(#8048),#1669);
#8048 = PRESENTATION_STYLE_ASSIGNMENT((#8049));
#8049 = SURFACE_STYLE_USAGE(.BOTH.,#8050);
#8050 = SURFACE_SIDE_STYLE('',(#8051));
#8051 = SURFACE_STYLE_FILL_AREA(#8052);
#8052 = FILL_AREA_STYLE('',(#8053));
#8053 = FILL_AREA_STYLE_COLOUR('',#7313);
#8054 = STYLED_ITEM('color',(#8055),#1686);
#8055 = PRESENTATION_STYLE_ASSIGNMENT((#8056));
#8056 = SURFACE_STYLE_USAGE(.BOTH.,#8057);
#8057 = SURFACE_SIDE_STYLE('',(#8058));
#8058 = SURFACE_STYLE_FILL_AREA(#8059);
#8059 = FILL_AREA_STYLE('',(#8060));
#8060 = FILL_AREA_STYLE_COLOUR('',#7800);
#8061 = STYLED_ITEM('color',(#8062),#1703);
#8062 = PRESENTATION_STYLE_ASSIGNMENT((#8063));
#8063 = SURFACE_STYLE_USAGE(.BOTH.,#8064);
#8064 = SURFACE_SIDE_STYLE('',(#8065));
#8065 = SURFACE_STYLE_FILL_AREA(#8066);
#8066 = FILL_AREA_STYLE('',(#8067));
#8067 = FILL_AREA_STYLE_COLOUR('',#7800);
ENDSEC;
END-ISO-10303-21;
