ISO-10303-21;
HEADER;
FILE_DESCRIPTION(('STEP AP214'),'1');
FILE_NAME('CON8_2X4_TU_TSW_SAI','2025-09-05T11:38:53',(''),(''),'','','');
FILE_SCHEMA(('AUTOMOTIVE_DESIGN'));
ENDSEC;
DATA;
#1=SHAPE_DEFINITION_REPRESENTATION(#2,#3);
#2=PRODUCT_DEFINITION_SHAPE('',$,#4);
#3=SHAPE_REPRESENTATION('',(#188,#2640,#5093,#5095,#6077,#6079,#7061,#7063,#8045,#8047,#9029,#9031,#10013,#10015,#10997,#10999,#11981,#11983,#19),#11);
#4=PRODUCT_DEFINITION('design','example product_definition',#6,#5);
#5=PRODUCT_DEFINITION_CONTEXT('3D Mechanical Parts',#10,'design');
#6=PRODUCT_DEFINITION_FORMATION('1.0','first version',#8);
#7=APPLICATION_PROTOCOL_DEFINITION('international standard','automotive_design',2003,#10);
#8=PRODUCT('product','part','',(#9));
#9=PRODUCT_CONTEXT('3D Mechanical Parts',#10,'mechanical');
#10=APPLICATION_CONTEXT('Core Data for Automotive Mechanical Design Process');
#11=(GEOMETRIC_REPRESENTATION_CONTEXT(3) GLOBAL_UNCERTAINTY_ASSIGNED_CONTEXT((#12)) GLOBAL_UNIT_ASSIGNED_CONTEXT((#13,#14,#18)) REPRESENTATION_CONTEXT('ID1','3D'));
#12=UNCERTAINTY_MEASURE_WITH_UNIT(LENGTH_MEASURE(1.E-005),#13,'DISTANCE_ACCURACY_VALUE','Maximum model space distance between geometric entities at asserted connectivities');
#13=(LENGTH_UNIT() NAMED_UNIT(*) SI_UNIT(.MILLI.,.METRE.));
#14=(CONVERSION_BASED_UNIT('degree',#16) NAMED_UNIT(#15) PLANE_ANGLE_UNIT());
#15=DIMENSIONAL_EXPONENTS(0.,0.,0.,0.,0.,0.,0.);
#16=MEASURE_WITH_UNIT(PLANE_ANGLE_MEASURE(0.01745329252),#17);
#17=(NAMED_UNIT(*) PLANE_ANGLE_UNIT() SI_UNIT($,.RADIAN.));
#18=(NAMED_UNIT(*) SI_UNIT($,.STERADIAN.) SOLID_ANGLE_UNIT());
#19=AXIS2_PLACEMENT_3D('',#20,#21,#22);
#20=CARTESIAN_POINT('',(0.0,0.0,0.0));
#21=DIRECTION('',(0.0,0.0,1.0));
#22=DIRECTION('',(1.0,0.0,0.0));
#25=MECHANICAL_DESIGN_GEOMETRIC_PRESENTATION_REPRESENTATION($,(#190,#239,#288,#337,#386,#435,#484,#533,#582,#631,#680,#729,#778,#827,#876,#925,#974,#1023,#1072,#1121,#1170,#1219,#1268,#1317,#1366,#1415,#1464,#1513,#1562,#1611,#1660,#1709,#1758,#1807,#1856,#1905,#1954,#2003,#2052,#2101,#2150,#2199,#2248,#2297,#2346,#2395,#2444,#2493,#2542,#2591,#2642,#2691,#2740,#2789,#2838,#2887,#2936,#2985,#3034,#3083,#3132,#3181,#3230,#3279,#3328,#3377,#3426,#3475,#3524,#3573,#3622,#3671,#3720,#3769,#3818,#3867,#3916,#3965,#4014,#4063,#4112,#4161,#4210,#4259,#4308,#4357,#4406,#4455,#4504,#4553,#4602,#4651,#4700,#4749,#4798,#4847,#4896,#4945,#4994,#5043,#5097,#5146,#5195,#5244,#5293,#5342,#5391,#5440,#5489,#5538,#5587,#5636,#5685,#5734,#5783,#5832,#5881,#5930,#5979,#6028,#6081,#6130,#6179,#6228,#6277,#6326,#6375,#6424,#6473,#6522,#6571,#6620,#6669,#6718,#6767,#6816,#6865,#6914,#6963,#7012,#7065,#7114,#7163,#7212,#7261,#7310,#7359,#7408,#7457,#7506,#7555,#7604,#7653,#7702,#7751,#7800,#7849,#7898,#7947,#7996,#8049,#8098,#8147,#8196,#8245,#8294,#8343,#8392,#8441,#8490,#8539,#8588,#8637,#8686,#8735,#8784,#8833,#8882,#8931,#8980,#9033,#9082,#9131,#9180,#9229,#9278,#9327,#9376,#9425,#9474,#9523,#9572,#9621,#9670,#9719,#9768,#9817,#9866,#9915,#9964,#10017,#10066,#10115,#10164,#10213,#10262,#10311,#10360,#10409,#10458,#10507,#10556,#10605,#10654,#10703,#10752,#10801,#10850,#10899,#10948,#11001,#11050,#11099,#11148,#11197,#11246,#11295,#11344,#11393,#11442,#11491,#11540,#11589,#11638,#11687,#11736,#11785,#11834,#11883,#11932,#11985,#12034,#12083,#12132,#12181,#12230,#12279,#12328,#12377,#12426,#12475,#12524,#12573,#12622,#12671,#12720,#12769,#12818,#12867,#12916),#11);
#26=PRODUCT_CATEGORY_RELATIONSHIP('','',#27,#28);
#27=PRODUCT_CATEGORY('part','');
#28=PRODUCT_RELATED_PRODUCT_CATEGORY('','',(#8));
#34=PRESENTATION_STYLE_ASSIGNMENT((#35,#40));
#35=SURFACE_STYLE_USAGE(.BOTH.,#36);
#36=SURFACE_SIDE_STYLE('',(#37));
#37=SURFACE_STYLE_FILL_AREA(#38);
#38=FILL_AREA_STYLE('',(#39));
#39=FILL_AREA_STYLE_COLOUR('',#41);
#40=CURVE_STYLE('',#42,POSITIVE_LENGTH_MEASURE(0.1),#41);
#41=COLOUR_RGB('Gold',0.843,0.686,0.0);
#42=DRAUGHTING_PRE_DEFINED_CURVE_FONT('continuous');
#43=PRESENTATION_STYLE_ASSIGNMENT((#44,#49));
#44=SURFACE_STYLE_USAGE(.BOTH.,#45);
#45=SURFACE_SIDE_STYLE('',(#46));
#46=SURFACE_STYLE_FILL_AREA(#47);
#47=FILL_AREA_STYLE('',(#48));
#48=FILL_AREA_STYLE_COLOUR('',#50);
#49=CURVE_STYLE('',#51,POSITIVE_LENGTH_MEASURE(0.1),#50);
#50=COLOUR_RGB('Black',0.196,0.196,0.196);
#51=DRAUGHTING_PRE_DEFINED_CURVE_FONT('continuous');
#52=PRESENTATION_STYLE_ASSIGNMENT((#53,#58));
#53=SURFACE_STYLE_USAGE(.BOTH.,#54);
#54=SURFACE_SIDE_STYLE('',(#55));
#55=SURFACE_STYLE_FILL_AREA(#56);
#56=FILL_AREA_STYLE('',(#57));
#57=FILL_AREA_STYLE_COLOUR('',#59);
#58=CURVE_STYLE('',#60,POSITIVE_LENGTH_MEASURE(0.1),#59);
#59=COLOUR_RGB('Shroud',0.235,0.235,0.235);
#60=DRAUGHTING_PRE_DEFINED_CURVE_FONT('continuous');
#61=PRESENTATION_STYLE_ASSIGNMENT((#62,#67));
#62=SURFACE_STYLE_USAGE(.BOTH.,#63);
#63=SURFACE_SIDE_STYLE('',(#64));
#64=SURFACE_STYLE_FILL_AREA(#65);
#65=FILL_AREA_STYLE('',(#66));
#66=FILL_AREA_STYLE_COLOUR('',#68);
#67=CURVE_STYLE('',#69,POSITIVE_LENGTH_MEASURE(0.1),#68);
#68=COLOUR_RGB('HeatTab',0.588,0.588,0.588);
#69=DRAUGHTING_PRE_DEFINED_CURVE_FONT('continuous');
#70=PRESENTATION_STYLE_ASSIGNMENT((#71,#76));
#71=SURFACE_STYLE_USAGE(.BOTH.,#72);
#72=SURFACE_SIDE_STYLE('',(#73));
#73=SURFACE_STYLE_FILL_AREA(#74);
#74=FILL_AREA_STYLE('',(#75));
#75=FILL_AREA_STYLE_COLOUR('',#77);
#76=CURVE_STYLE('',#78,POSITIVE_LENGTH_MEASURE(0.1),#77);
#77=COLOUR_RGB('Aluminum',0.725,0.725,0.725);
#78=DRAUGHTING_PRE_DEFINED_CURVE_FONT('continuous');
#79=PRESENTATION_STYLE_ASSIGNMENT((#80,#85));
#80=SURFACE_STYLE_USAGE(.BOTH.,#81);
#81=SURFACE_SIDE_STYLE('',(#82));
#82=SURFACE_STYLE_FILL_AREA(#83);
#83=FILL_AREA_STYLE('',(#84));
#84=FILL_AREA_STYLE_COLOUR('',#86);
#85=CURVE_STYLE('',#87,POSITIVE_LENGTH_MEASURE(0.1),#86);
#86=COLOUR_RGB('Brown',0.459,0.345,0.176);
#87=DRAUGHTING_PRE_DEFINED_CURVE_FONT('continuous');
#88=PRESENTATION_STYLE_ASSIGNMENT((#89,#94));
#89=SURFACE_STYLE_USAGE(.BOTH.,#90);
#90=SURFACE_SIDE_STYLE('',(#91));
#91=SURFACE_STYLE_FILL_AREA(#92);
#92=FILL_AREA_STYLE('',(#93));
#93=FILL_AREA_STYLE_COLOUR('',#95);
#94=CURVE_STYLE('',#96,POSITIVE_LENGTH_MEASURE(0.1),#95);
#95=COLOUR_RGB('Tan',0.784,0.686,0.51);
#96=DRAUGHTING_PRE_DEFINED_CURVE_FONT('continuous');
#97=PRESENTATION_STYLE_ASSIGNMENT((#98,#103));
#98=SURFACE_STYLE_USAGE(.BOTH.,#99);
#99=SURFACE_SIDE_STYLE('',(#100));
#100=SURFACE_STYLE_FILL_AREA(#101);
#101=FILL_AREA_STYLE('',(#102));
#102=FILL_AREA_STYLE_COLOUR('',#104);
#103=CURVE_STYLE('',#105,POSITIVE_LENGTH_MEASURE(0.1),#104);
#104=COLOUR_RGB('Gray',0.431,0.431,0.431);
#105=DRAUGHTING_PRE_DEFINED_CURVE_FONT('continuous');
#106=PRESENTATION_STYLE_ASSIGNMENT((#107,#112));
#107=SURFACE_STYLE_USAGE(.BOTH.,#108);
#108=SURFACE_SIDE_STYLE('',(#109));
#109=SURFACE_STYLE_FILL_AREA(#110);
#110=FILL_AREA_STYLE('',(#111));
#111=FILL_AREA_STYLE_COLOUR('',#113);
#112=CURVE_STYLE('',#114,POSITIVE_LENGTH_MEASURE(0.1),#113);
#113=COLOUR_RGB('Red',0.6,0.0,0.0);
#114=DRAUGHTING_PRE_DEFINED_CURVE_FONT('continuous');
#115=PRESENTATION_STYLE_ASSIGNMENT((#116,#121));
#116=SURFACE_STYLE_USAGE(.BOTH.,#117);
#117=SURFACE_SIDE_STYLE('',(#118));
#118=SURFACE_STYLE_FILL_AREA(#119);
#119=FILL_AREA_STYLE('',(#120));
#120=FILL_AREA_STYLE_COLOUR('',#122);
#121=CURVE_STYLE('',#123,POSITIVE_LENGTH_MEASURE(0.1),#122);
#122=COLOUR_RGB('Blue',0.157,0.157,0.588);
#123=DRAUGHTING_PRE_DEFINED_CURVE_FONT('continuous');
#124=PRESENTATION_STYLE_ASSIGNMENT((#125,#130));
#125=SURFACE_STYLE_USAGE(.BOTH.,#126);
#126=SURFACE_SIDE_STYLE('',(#127));
#127=SURFACE_STYLE_FILL_AREA(#128);
#128=FILL_AREA_STYLE('',(#129));
#129=FILL_AREA_STYLE_COLOUR('',#131);
#130=CURVE_STYLE('',#132,POSITIVE_LENGTH_MEASURE(0.1),#131);
#131=COLOUR_RGB('Maroon',0.294,0.0,0.0);
#132=DRAUGHTING_PRE_DEFINED_CURVE_FONT('continuous');
#133=PRESENTATION_STYLE_ASSIGNMENT((#134,#139));
#134=SURFACE_STYLE_USAGE(.BOTH.,#135);
#135=SURFACE_SIDE_STYLE('',(#136));
#136=SURFACE_STYLE_FILL_AREA(#137);
#137=FILL_AREA_STYLE('',(#138));
#138=FILL_AREA_STYLE_COLOUR('',#140);
#139=CURVE_STYLE('',#141,POSITIVE_LENGTH_MEASURE(0.1),#140);
#140=COLOUR_RGB('Green',0.0,0.294,0.0);
#141=DRAUGHTING_PRE_DEFINED_CURVE_FONT('continuous');
#142=PRESENTATION_STYLE_ASSIGNMENT((#143,#148));
#143=SURFACE_STYLE_USAGE(.BOTH.,#144);
#144=SURFACE_SIDE_STYLE('',(#145));
#145=SURFACE_STYLE_FILL_AREA(#146);
#146=FILL_AREA_STYLE('',(#147));
#147=FILL_AREA_STYLE_COLOUR('',#149);
#148=CURVE_STYLE('',#150,POSITIVE_LENGTH_MEASURE(0.1),#149);
#149=COLOUR_RGB('Pin1',0.588,0.588,0.059);
#150=DRAUGHTING_PRE_DEFINED_CURVE_FONT('continuous');
#151=PRESENTATION_STYLE_ASSIGNMENT((#152,#157));
#152=SURFACE_STYLE_USAGE(.BOTH.,#153);
#153=SURFACE_SIDE_STYLE('',(#154));
#154=SURFACE_STYLE_FILL_AREA(#155);
#155=FILL_AREA_STYLE('',(#156));
#156=FILL_AREA_STYLE_COLOUR('',#158);
#157=CURVE_STYLE('',#159,POSITIVE_LENGTH_MEASURE(0.1),#158);
#158=COLOUR_RGB('Pin1Wrap',0.98,0.706,0.176);
#159=DRAUGHTING_PRE_DEFINED_CURVE_FONT('continuous');
#160=PRESENTATION_STYLE_ASSIGNMENT((#161,#166));
#161=SURFACE_STYLE_USAGE(.BOTH.,#162);
#162=SURFACE_SIDE_STYLE('',(#163));
#163=SURFACE_STYLE_FILL_AREA(#164);
#164=FILL_AREA_STYLE('',(#165));
#165=FILL_AREA_STYLE_COLOUR('',#167);
#166=CURVE_STYLE('',#168,POSITIVE_LENGTH_MEASURE(0.1),#167);
#167=COLOUR_RGB('Pin1Rad',0.588,0.588,0.588);
#168=DRAUGHTING_PRE_DEFINED_CURVE_FONT('continuous');
#169=PRESENTATION_STYLE_ASSIGNMENT((#170,#175));
#170=SURFACE_STYLE_USAGE(.BOTH.,#171);
#171=SURFACE_SIDE_STYLE('',(#172));
#172=SURFACE_STYLE_FILL_AREA(#173);
#173=FILL_AREA_STYLE('',(#174));
#174=FILL_AREA_STYLE_COLOUR('',#176);
#175=CURVE_STYLE('',#177,POSITIVE_LENGTH_MEASURE(0.1),#176);
#176=COLOUR_RGB('Pin1Axial',0.98,0.706,0.176);
#177=DRAUGHTING_PRE_DEFINED_CURVE_FONT('continuous');
#178=PRESENTATION_STYLE_ASSIGNMENT((#179,#184));
#179=SURFACE_STYLE_USAGE(.BOTH.,#180);
#180=SURFACE_SIDE_STYLE('',(#181));
#181=SURFACE_STYLE_FILL_AREA(#182);
#182=FILL_AREA_STYLE('',(#183));
#183=FILL_AREA_STYLE_COLOUR('',#185);
#184=CURVE_STYLE('',#186,POSITIVE_LENGTH_MEASURE(0.1),#185);
#185=COLOUR_RGB('Pin1Tant',0.459,0.345,0.176);
#186=DRAUGHTING_PRE_DEFINED_CURVE_FONT('continuous');
#188=MANIFOLD_SOLID_BREP($,#189);
#189=CLOSED_SHELL('',(#191,#240,#289,#338,#387,#436,#485,#534,#583,#632,#681,#730,#779,#828,#877,#926,#975,#1024,#1073,#1122,#1171,#1220,#1269,#1318,#1367,#1416,#1465,#1514,#1563,#1612,#1661,#1710,#1759,#1808,#1857,#1906,#1955,#2004,#2053,#2102,#2151,#2200,#2249,#2298,#2347,#2396,#2445,#2494,#2543,#2592));
#190=STYLED_ITEM('',(#43),#191);
#191=ADVANCED_FACE('',(#197),#192,.T.);
#192=PLANE('',#193);
#193=AXIS2_PLACEMENT_3D('',#194,#195,#196);
#194=CARTESIAN_POINT('',(5.08,0.159,8.001));
#195=DIRECTION('',(0.881,0.0,0.472));
#196=DIRECTION('',(0.,0.,1.));
#197=FACE_OUTER_BOUND('',#198,.T.);
#198=EDGE_LOOP('',(#199,#209,#219,#229));
#202=CARTESIAN_POINT('',(5.08,2.381,8.001));
#201=VERTEX_POINT('',#202);
#204=CARTESIAN_POINT('',(5.08,0.159,8.001));
#203=VERTEX_POINT('',#204);
#200=EDGE_CURVE('',#201,#203,#205,.T.);
#205=LINE('',#202,#207);
#207=VECTOR('',#208,2.2224873);
#208=DIRECTION('',(0.0,-1.0,0.0));
#199=ORIENTED_EDGE('',*,*,#200,.F.);
#212=CARTESIAN_POINT('',(4.604,2.54,8.89));
#211=VERTEX_POINT('',#212);
#210=EDGE_CURVE('',#211,#201,#215,.T.);
#215=LINE('',#212,#217);
#217=VECTOR('',#218,1.02094469816788);
#218=DIRECTION('',(0.466,-0.155,-0.871));
#209=ORIENTED_EDGE('',*,*,#210,.F.);
#222=CARTESIAN_POINT('',(4.604,0.0,8.89));
#221=VERTEX_POINT('',#222);
#220=EDGE_CURVE('',#221,#211,#225,.T.);
#225=LINE('',#222,#227);
#227=VECTOR('',#228,2.54);
#228=DIRECTION('',(0.0,1.0,0.0));
#219=ORIENTED_EDGE('',*,*,#220,.F.);
#230=EDGE_CURVE('',#203,#221,#235,.T.);
#235=LINE('',#204,#237);
#237=VECTOR('',#238,1.02094469816788);
#238=DIRECTION('',(-0.466,-0.155,0.871));
#229=ORIENTED_EDGE('',*,*,#230,.F.);
#239=STYLED_ITEM('',(#43),#240);
#240=ADVANCED_FACE('',(#246),#241,.T.);
#241=PLANE('',#242);
#242=AXIS2_PLACEMENT_3D('',#243,#244,#245);
#243=CARTESIAN_POINT('',(3.016,0.0,8.89));
#244=DIRECTION('',(0.0,0.0,1.0));
#245=DIRECTION('',(0.,1.,0.));
#246=FACE_OUTER_BOUND('',#247,.T.);
#247=EDGE_LOOP('',(#248,#258,#268,#278));
#253=CARTESIAN_POINT('',(3.016,0.0,8.89));
#252=VERTEX_POINT('',#253);
#249=EDGE_CURVE('',#221,#252,#254,.T.);
#254=LINE('',#222,#256);
#256=VECTOR('',#257,1.5875127);
#257=DIRECTION('',(-1.0,0.0,0.0));
#248=ORIENTED_EDGE('',*,*,#249,.F.);
#258=ORIENTED_EDGE('',*,*,#220,.T.);
#271=CARTESIAN_POINT('',(3.016,2.54,8.89));
#270=VERTEX_POINT('',#271);
#269=EDGE_CURVE('',#270,#211,#274,.T.);
#274=LINE('',#271,#276);
#276=VECTOR('',#277,1.5875127);
#277=DIRECTION('',(1.0,0.0,0.0));
#268=ORIENTED_EDGE('',*,*,#269,.F.);
#279=EDGE_CURVE('',#252,#270,#284,.T.);
#284=LINE('',#253,#286);
#286=VECTOR('',#287,2.54);
#287=DIRECTION('',(0.0,1.0,0.0));
#278=ORIENTED_EDGE('',*,*,#279,.F.);
#288=STYLED_ITEM('',(#43),#289);
#289=ADVANCED_FACE('',(#295),#290,.T.);
#290=PLANE('',#291);
#291=AXIS2_PLACEMENT_3D('',#292,#293,#294);
#292=CARTESIAN_POINT('',(2.54,0.159,8.001));
#293=DIRECTION('',(-0.881,0.0,0.472));
#294=DIRECTION('',(0.,0.,1.));
#295=FACE_OUTER_BOUND('',#296,.T.);
#296=EDGE_LOOP('',(#297,#307,#317,#327));
#302=CARTESIAN_POINT('',(2.54,0.159,8.001));
#301=VERTEX_POINT('',#302);
#298=EDGE_CURVE('',#252,#301,#303,.T.);
#303=LINE('',#253,#305);
#305=VECTOR('',#306,1.02094469816788);
#306=DIRECTION('',(-0.466,0.155,-0.871));
#297=ORIENTED_EDGE('',*,*,#298,.F.);
#307=ORIENTED_EDGE('',*,*,#279,.T.);
#320=CARTESIAN_POINT('',(2.54,2.381,8.001));
#319=VERTEX_POINT('',#320);
#318=EDGE_CURVE('',#319,#270,#323,.T.);
#323=LINE('',#320,#325);
#325=VECTOR('',#326,1.02094469816788);
#326=DIRECTION('',(0.466,0.155,0.871));
#317=ORIENTED_EDGE('',*,*,#318,.F.);
#328=EDGE_CURVE('',#301,#319,#333,.T.);
#333=LINE('',#302,#335);
#335=VECTOR('',#336,2.2224873);
#336=DIRECTION('',(0.0,1.0,0.0));
#327=ORIENTED_EDGE('',*,*,#328,.F.);
#337=STYLED_ITEM('',(#43),#338);
#338=ADVANCED_FACE('',(#344),#339,.T.);
#339=PLANE('',#340);
#340=AXIS2_PLACEMENT_3D('',#341,#342,#343);
#341=CARTESIAN_POINT('',(5.08,0.159,2.223));
#342=DIRECTION('',(1.0,0.0,0.0));
#343=DIRECTION('',(0.,0.,1.));
#344=FACE_OUTER_BOUND('',#345,.T.);
#345=EDGE_LOOP('',(#346,#356,#366,#376));
#349=CARTESIAN_POINT('',(5.08,2.381,2.223));
#348=VERTEX_POINT('',#349);
#351=CARTESIAN_POINT('',(5.08,0.159,2.223));
#350=VERTEX_POINT('',#351);
#347=EDGE_CURVE('',#348,#350,#352,.T.);
#352=LINE('',#349,#354);
#354=VECTOR('',#355,2.2224873);
#355=DIRECTION('',(0.0,-1.0,0.0));
#346=ORIENTED_EDGE('',*,*,#347,.F.);
#357=EDGE_CURVE('',#201,#348,#362,.T.);
#362=LINE('',#202,#364);
#364=VECTOR('',#365,5.77848349);
#365=DIRECTION('',(0.0,0.0,-1.0));
#356=ORIENTED_EDGE('',*,*,#357,.F.);
#366=ORIENTED_EDGE('',*,*,#200,.T.);
#377=EDGE_CURVE('',#350,#203,#382,.T.);
#382=LINE('',#351,#384);
#384=VECTOR('',#385,5.77848349);
#385=DIRECTION('',(0.0,0.0,1.0));
#376=ORIENTED_EDGE('',*,*,#377,.F.);
#386=STYLED_ITEM('',(#43),#387);
#387=ADVANCED_FACE('',(#393),#388,.T.);
#388=PLANE('',#389);
#389=AXIS2_PLACEMENT_3D('',#390,#391,#392);
#390=CARTESIAN_POINT('',(5.08,2.381,2.223));
#391=DIRECTION('',(0.316,0.949,0.0));
#392=DIRECTION('',(0.,0.,1.));
#393=FACE_OUTER_BOUND('',#394,.T.);
#394=EDGE_LOOP('',(#395,#405,#415,#425));
#398=CARTESIAN_POINT('',(4.604,2.54,0.0));
#397=VERTEX_POINT('',#398);
#396=EDGE_CURVE('',#397,#348,#401,.T.);
#401=LINE('',#398,#403);
#403=VECTOR('',#404,2.27848406119529);
#404=DIRECTION('',(0.209,-0.07,0.975));
#395=ORIENTED_EDGE('',*,*,#396,.F.);
#406=EDGE_CURVE('',#211,#397,#411,.T.);
#411=LINE('',#212,#413);
#413=VECTOR('',#414,8.8899746);
#414=DIRECTION('',(0.0,0.0,-1.0));
#405=ORIENTED_EDGE('',*,*,#406,.F.);
#415=ORIENTED_EDGE('',*,*,#210,.T.);
#425=ORIENTED_EDGE('',*,*,#357,.T.);
#435=STYLED_ITEM('',(#43),#436);
#436=ADVANCED_FACE('',(#442),#437,.T.);
#437=PLANE('',#438);
#438=AXIS2_PLACEMENT_3D('',#439,#440,#441);
#439=CARTESIAN_POINT('',(4.604,2.54,0.0));
#440=DIRECTION('',(0.0,1.0,0.0));
#441=DIRECTION('',(0.,0.,1.));
#442=FACE_OUTER_BOUND('',#443,.T.);
#443=EDGE_LOOP('',(#444,#454,#464,#474));
#447=CARTESIAN_POINT('',(3.016,2.54,0.0));
#446=VERTEX_POINT('',#447);
#445=EDGE_CURVE('',#446,#397,#450,.T.);
#450=LINE('',#447,#452);
#452=VECTOR('',#453,1.5875127);
#453=DIRECTION('',(1.0,0.0,0.0));
#444=ORIENTED_EDGE('',*,*,#445,.F.);
#455=EDGE_CURVE('',#270,#446,#460,.T.);
#460=LINE('',#271,#462);
#462=VECTOR('',#463,8.8899746);
#463=DIRECTION('',(0.0,0.0,-1.0));
#454=ORIENTED_EDGE('',*,*,#455,.F.);
#464=ORIENTED_EDGE('',*,*,#269,.T.);
#474=ORIENTED_EDGE('',*,*,#406,.T.);
#484=STYLED_ITEM('',(#43),#485);
#485=ADVANCED_FACE('',(#491),#486,.T.);
#486=PLANE('',#487);
#487=AXIS2_PLACEMENT_3D('',#488,#489,#490);
#488=CARTESIAN_POINT('',(3.016,2.54,0.0));
#489=DIRECTION('',(-0.316,0.949,0.0));
#490=DIRECTION('',(0.,0.,1.));
#491=FACE_OUTER_BOUND('',#492,.T.);
#492=EDGE_LOOP('',(#493,#503,#513,#523));
#496=CARTESIAN_POINT('',(2.54,2.381,2.223));
#495=VERTEX_POINT('',#496);
#494=EDGE_CURVE('',#495,#446,#499,.T.);
#499=LINE('',#496,#501);
#501=VECTOR('',#502,2.27848406119529);
#502=DIRECTION('',(0.209,0.07,-0.975));
#493=ORIENTED_EDGE('',*,*,#494,.F.);
#504=EDGE_CURVE('',#319,#495,#509,.T.);
#509=LINE('',#320,#511);
#511=VECTOR('',#512,5.77848349);
#512=DIRECTION('',(0.0,0.0,-1.0));
#503=ORIENTED_EDGE('',*,*,#504,.F.);
#513=ORIENTED_EDGE('',*,*,#318,.T.);
#523=ORIENTED_EDGE('',*,*,#455,.T.);
#533=STYLED_ITEM('',(#43),#534);
#534=ADVANCED_FACE('',(#540),#535,.T.);
#535=PLANE('',#536);
#536=AXIS2_PLACEMENT_3D('',#537,#538,#539);
#537=CARTESIAN_POINT('',(2.54,0.159,2.223));
#538=DIRECTION('',(-0.316,-0.949,0.0));
#539=DIRECTION('',(0.,0.,1.));
#540=FACE_OUTER_BOUND('',#541,.T.);
#541=EDGE_LOOP('',(#542,#552,#562,#572));
#545=CARTESIAN_POINT('',(3.016,0.0,0.0));
#544=VERTEX_POINT('',#545);
#547=CARTESIAN_POINT('',(2.54,0.159,2.223));
#546=VERTEX_POINT('',#547);
#543=EDGE_CURVE('',#544,#546,#548,.T.);
#548=LINE('',#545,#550);
#550=VECTOR('',#551,2.27848406119529);
#551=DIRECTION('',(-0.209,0.07,0.975));
#542=ORIENTED_EDGE('',*,*,#543,.F.);
#553=EDGE_CURVE('',#252,#544,#558,.T.);
#558=LINE('',#253,#560);
#560=VECTOR('',#561,8.8899746);
#561=DIRECTION('',(0.0,0.0,-1.0));
#552=ORIENTED_EDGE('',*,*,#553,.F.);
#562=ORIENTED_EDGE('',*,*,#298,.T.);
#573=EDGE_CURVE('',#546,#301,#578,.T.);
#578=LINE('',#547,#580);
#580=VECTOR('',#581,5.77848349);
#581=DIRECTION('',(0.0,0.0,1.0));
#572=ORIENTED_EDGE('',*,*,#573,.F.);
#582=STYLED_ITEM('',(#43),#583);
#583=ADVANCED_FACE('',(#589),#584,.T.);
#584=PLANE('',#585);
#585=AXIS2_PLACEMENT_3D('',#586,#587,#588);
#586=CARTESIAN_POINT('',(3.016,0.0,0.0));
#587=DIRECTION('',(0.0,-1.0,0.0));
#588=DIRECTION('',(0.,0.,1.));
#589=FACE_OUTER_BOUND('',#590,.T.);
#590=EDGE_LOOP('',(#591,#601,#611,#621));
#594=CARTESIAN_POINT('',(4.604,0.0,0.0));
#593=VERTEX_POINT('',#594);
#592=EDGE_CURVE('',#593,#544,#597,.T.);
#597=LINE('',#594,#599);
#599=VECTOR('',#600,1.5875127);
#600=DIRECTION('',(-1.0,0.0,0.0));
#591=ORIENTED_EDGE('',*,*,#592,.F.);
#602=EDGE_CURVE('',#221,#593,#607,.T.);
#607=LINE('',#222,#609);
#609=VECTOR('',#610,8.8899746);
#610=DIRECTION('',(0.0,0.0,-1.0));
#601=ORIENTED_EDGE('',*,*,#602,.F.);
#611=ORIENTED_EDGE('',*,*,#249,.T.);
#621=ORIENTED_EDGE('',*,*,#553,.T.);
#631=STYLED_ITEM('',(#43),#632);
#632=ADVANCED_FACE('',(#638),#633,.T.);
#633=PLANE('',#634);
#634=AXIS2_PLACEMENT_3D('',#635,#636,#637);
#635=CARTESIAN_POINT('',(4.604,0.0,0.0));
#636=DIRECTION('',(0.316,-0.949,0.0));
#637=DIRECTION('',(0.,0.,1.));
#638=FACE_OUTER_BOUND('',#639,.T.);
#639=EDGE_LOOP('',(#640,#650,#660,#670));
#641=EDGE_CURVE('',#350,#593,#646,.T.);
#646=LINE('',#351,#648);
#648=VECTOR('',#649,2.27848406119529);
#649=DIRECTION('',(-0.209,-0.07,-0.975));
#640=ORIENTED_EDGE('',*,*,#641,.F.);
#650=ORIENTED_EDGE('',*,*,#377,.T.);
#660=ORIENTED_EDGE('',*,*,#230,.T.);
#670=ORIENTED_EDGE('',*,*,#602,.T.);
#680=STYLED_ITEM('',(#43),#681);
#681=ADVANCED_FACE('',(#687),#682,.T.);
#682=PLANE('',#683);
#683=AXIS2_PLACEMENT_3D('',#684,#685,#686);
#684=CARTESIAN_POINT('',(4.604,0.0,0.0));
#685=DIRECTION('',(0.978,0.0,-0.21));
#686=DIRECTION('',(0.,0.,1.));
#687=FACE_OUTER_BOUND('',#688,.T.);
#688=EDGE_LOOP('',(#689,#699,#709,#719));
#690=EDGE_CURVE('',#397,#593,#695,.T.);
#695=LINE('',#398,#697);
#697=VECTOR('',#698,2.54);
#698=DIRECTION('',(0.0,-1.0,0.0));
#689=ORIENTED_EDGE('',*,*,#690,.F.);
#699=ORIENTED_EDGE('',*,*,#396,.T.);
#709=ORIENTED_EDGE('',*,*,#347,.T.);
#719=ORIENTED_EDGE('',*,*,#641,.T.);
#729=STYLED_ITEM('',(#43),#730);
#730=ADVANCED_FACE('',(#736),#731,.T.);
#731=PLANE('',#732);
#732=AXIS2_PLACEMENT_3D('',#733,#734,#735);
#733=CARTESIAN_POINT('',(3.016,2.54,0.0));
#734=DIRECTION('',(0.0,0.0,-1.0));
#735=DIRECTION('',(0.,1.,0.));
#736=FACE_OUTER_BOUND('',#737,.T.);
#737=EDGE_LOOP('',(#738,#748,#758,#768));
#738=ORIENTED_EDGE('',*,*,#445,.T.);
#748=ORIENTED_EDGE('',*,*,#690,.T.);
#758=ORIENTED_EDGE('',*,*,#592,.T.);
#769=EDGE_CURVE('',#446,#544,#774,.T.);
#774=LINE('',#447,#776);
#776=VECTOR('',#777,2.54);
#777=DIRECTION('',(0.0,-1.0,0.0));
#768=ORIENTED_EDGE('',*,*,#769,.F.);
#778=STYLED_ITEM('',(#43),#779);
#779=ADVANCED_FACE('',(#785),#780,.T.);
#780=PLANE('',#781);
#781=AXIS2_PLACEMENT_3D('',#782,#783,#784);
#782=CARTESIAN_POINT('',(3.016,2.54,0.0));
#783=DIRECTION('',(-0.978,0.0,-0.21));
#784=DIRECTION('',(0.,0.,1.));
#785=FACE_OUTER_BOUND('',#786,.T.);
#786=EDGE_LOOP('',(#787,#797,#807,#817));
#787=ORIENTED_EDGE('',*,*,#769,.T.);
#797=ORIENTED_EDGE('',*,*,#543,.T.);
#808=EDGE_CURVE('',#495,#546,#813,.T.);
#813=LINE('',#496,#815);
#815=VECTOR('',#816,2.2224873);
#816=DIRECTION('',(0.0,-1.0,0.0));
#807=ORIENTED_EDGE('',*,*,#808,.F.);
#817=ORIENTED_EDGE('',*,*,#494,.T.);
#827=STYLED_ITEM('',(#43),#828);
#828=ADVANCED_FACE('',(#834),#829,.T.);
#829=PLANE('',#830);
#830=AXIS2_PLACEMENT_3D('',#831,#832,#833);
#831=CARTESIAN_POINT('',(2.54,0.159,8.001));
#832=DIRECTION('',(0.881,0.0,0.472));
#833=DIRECTION('',(0.,0.,1.));
#834=FACE_OUTER_BOUND('',#835,.T.);
#835=EDGE_LOOP('',(#836,#846,#856,#866));
#836=ORIENTED_EDGE('',*,*,#328,.T.);
#849=CARTESIAN_POINT('',(2.064,2.54,8.89));
#848=VERTEX_POINT('',#849);
#847=EDGE_CURVE('',#848,#319,#852,.T.);
#852=LINE('',#849,#854);
#854=VECTOR('',#855,1.02094469816788);
#855=DIRECTION('',(0.466,-0.155,-0.871));
#846=ORIENTED_EDGE('',*,*,#847,.F.);
#859=CARTESIAN_POINT('',(2.064,0.0,8.89));
#858=VERTEX_POINT('',#859);
#857=EDGE_CURVE('',#858,#848,#862,.T.);
#862=LINE('',#859,#864);
#864=VECTOR('',#865,2.54);
#865=DIRECTION('',(0.0,1.0,0.0));
#856=ORIENTED_EDGE('',*,*,#857,.F.);
#867=EDGE_CURVE('',#301,#858,#872,.T.);
#872=LINE('',#302,#874);
#874=VECTOR('',#875,1.02094469816788);
#875=DIRECTION('',(-0.466,-0.155,0.871));
#866=ORIENTED_EDGE('',*,*,#867,.F.);
#876=STYLED_ITEM('',(#43),#877);
#877=ADVANCED_FACE('',(#883),#878,.T.);
#878=PLANE('',#879);
#879=AXIS2_PLACEMENT_3D('',#880,#881,#882);
#880=CARTESIAN_POINT('',(0.476,0.0,8.89));
#881=DIRECTION('',(0.0,0.0,1.0));
#882=DIRECTION('',(0.,1.,0.));
#883=FACE_OUTER_BOUND('',#884,.T.);
#884=EDGE_LOOP('',(#885,#895,#905,#915));
#890=CARTESIAN_POINT('',(0.476,0.0,8.89));
#889=VERTEX_POINT('',#890);
#886=EDGE_CURVE('',#858,#889,#891,.T.);
#891=LINE('',#859,#893);
#893=VECTOR('',#894,1.5875127);
#894=DIRECTION('',(-1.0,0.0,0.0));
#885=ORIENTED_EDGE('',*,*,#886,.F.);
#895=ORIENTED_EDGE('',*,*,#857,.T.);
#908=CARTESIAN_POINT('',(0.476,2.54,8.89));
#907=VERTEX_POINT('',#908);
#906=EDGE_CURVE('',#907,#848,#911,.T.);
#911=LINE('',#908,#913);
#913=VECTOR('',#914,1.5875127);
#914=DIRECTION('',(1.0,0.0,0.0));
#905=ORIENTED_EDGE('',*,*,#906,.F.);
#916=EDGE_CURVE('',#889,#907,#921,.T.);
#921=LINE('',#890,#923);
#923=VECTOR('',#924,2.54);
#924=DIRECTION('',(0.0,1.0,0.0));
#915=ORIENTED_EDGE('',*,*,#916,.F.);
#925=STYLED_ITEM('',(#43),#926);
#926=ADVANCED_FACE('',(#932),#927,.T.);
#927=PLANE('',#928);
#928=AXIS2_PLACEMENT_3D('',#929,#930,#931);
#929=CARTESIAN_POINT('',(0.0,0.159,8.001));
#930=DIRECTION('',(-0.881,0.0,0.472));
#931=DIRECTION('',(0.,0.,1.));
#932=FACE_OUTER_BOUND('',#933,.T.);
#933=EDGE_LOOP('',(#934,#944,#954,#964));
#939=CARTESIAN_POINT('',(0.0,0.159,8.001));
#938=VERTEX_POINT('',#939);
#935=EDGE_CURVE('',#889,#938,#940,.T.);
#940=LINE('',#890,#942);
#942=VECTOR('',#943,1.02094469816788);
#943=DIRECTION('',(-0.466,0.155,-0.871));
#934=ORIENTED_EDGE('',*,*,#935,.F.);
#944=ORIENTED_EDGE('',*,*,#916,.T.);
#957=CARTESIAN_POINT('',(0.0,2.381,8.001));
#956=VERTEX_POINT('',#957);
#955=EDGE_CURVE('',#956,#907,#960,.T.);
#960=LINE('',#957,#962);
#962=VECTOR('',#963,1.02094469816788);
#963=DIRECTION('',(0.466,0.155,0.871));
#954=ORIENTED_EDGE('',*,*,#955,.F.);
#965=EDGE_CURVE('',#938,#956,#970,.T.);
#970=LINE('',#939,#972);
#972=VECTOR('',#973,2.2224873);
#973=DIRECTION('',(0.0,1.0,0.0));
#964=ORIENTED_EDGE('',*,*,#965,.F.);
#974=STYLED_ITEM('',(#43),#975);
#975=ADVANCED_FACE('',(#981),#976,.T.);
#976=PLANE('',#977);
#977=AXIS2_PLACEMENT_3D('',#978,#979,#980);
#978=CARTESIAN_POINT('',(2.54,2.381,2.223));
#979=DIRECTION('',(0.316,0.949,0.0));
#980=DIRECTION('',(0.,0.,1.));
#981=FACE_OUTER_BOUND('',#982,.T.);
#982=EDGE_LOOP('',(#983,#993,#1003,#1013));
#986=CARTESIAN_POINT('',(2.064,2.54,0.0));
#985=VERTEX_POINT('',#986);
#984=EDGE_CURVE('',#985,#495,#989,.T.);
#989=LINE('',#986,#991);
#991=VECTOR('',#992,2.27848406119529);
#992=DIRECTION('',(0.209,-0.07,0.975));
#983=ORIENTED_EDGE('',*,*,#984,.F.);
#994=EDGE_CURVE('',#848,#985,#999,.T.);
#999=LINE('',#849,#1001);
#1001=VECTOR('',#1002,8.8899746);
#1002=DIRECTION('',(0.0,0.0,-1.0));
#993=ORIENTED_EDGE('',*,*,#994,.F.);
#1003=ORIENTED_EDGE('',*,*,#847,.T.);
#1013=ORIENTED_EDGE('',*,*,#504,.T.);
#1023=STYLED_ITEM('',(#43),#1024);
#1024=ADVANCED_FACE('',(#1030),#1025,.T.);
#1025=PLANE('',#1026);
#1026=AXIS2_PLACEMENT_3D('',#1027,#1028,#1029);
#1027=CARTESIAN_POINT('',(2.064,2.54,0.0));
#1028=DIRECTION('',(0.0,1.0,0.0));
#1029=DIRECTION('',(0.,0.,1.));
#1030=FACE_OUTER_BOUND('',#1031,.T.);
#1031=EDGE_LOOP('',(#1032,#1042,#1052,#1062));
#1035=CARTESIAN_POINT('',(0.476,2.54,0.0));
#1034=VERTEX_POINT('',#1035);
#1033=EDGE_CURVE('',#1034,#985,#1038,.T.);
#1038=LINE('',#1035,#1040);
#1040=VECTOR('',#1041,1.5875127);
#1041=DIRECTION('',(1.0,0.0,0.0));
#1032=ORIENTED_EDGE('',*,*,#1033,.F.);
#1043=EDGE_CURVE('',#907,#1034,#1048,.T.);
#1048=LINE('',#908,#1050);
#1050=VECTOR('',#1051,8.8899746);
#1051=DIRECTION('',(0.0,0.0,-1.0));
#1042=ORIENTED_EDGE('',*,*,#1043,.F.);
#1052=ORIENTED_EDGE('',*,*,#906,.T.);
#1062=ORIENTED_EDGE('',*,*,#994,.T.);
#1072=STYLED_ITEM('',(#43),#1073);
#1073=ADVANCED_FACE('',(#1079),#1074,.T.);
#1074=PLANE('',#1075);
#1075=AXIS2_PLACEMENT_3D('',#1076,#1077,#1078);
#1076=CARTESIAN_POINT('',(0.476,2.54,0.0));
#1077=DIRECTION('',(-0.316,0.949,0.0));
#1078=DIRECTION('',(0.,0.,1.));
#1079=FACE_OUTER_BOUND('',#1080,.T.);
#1080=EDGE_LOOP('',(#1081,#1091,#1101,#1111));
#1084=CARTESIAN_POINT('',(0.0,2.381,2.223));
#1083=VERTEX_POINT('',#1084);
#1082=EDGE_CURVE('',#1083,#1034,#1087,.T.);
#1087=LINE('',#1084,#1089);
#1089=VECTOR('',#1090,2.27848406119529);
#1090=DIRECTION('',(0.209,0.07,-0.975));
#1081=ORIENTED_EDGE('',*,*,#1082,.F.);
#1092=EDGE_CURVE('',#956,#1083,#1097,.T.);
#1097=LINE('',#957,#1099);
#1099=VECTOR('',#1100,5.77848349);
#1100=DIRECTION('',(0.0,0.0,-1.0));
#1091=ORIENTED_EDGE('',*,*,#1092,.F.);
#1101=ORIENTED_EDGE('',*,*,#955,.T.);
#1111=ORIENTED_EDGE('',*,*,#1043,.T.);
#1121=STYLED_ITEM('',(#43),#1122);
#1122=ADVANCED_FACE('',(#1128),#1123,.T.);
#1123=PLANE('',#1124);
#1124=AXIS2_PLACEMENT_3D('',#1125,#1126,#1127);
#1125=CARTESIAN_POINT('',(0.0,0.159,2.223));
#1126=DIRECTION('',(-0.316,-0.949,0.0));
#1127=DIRECTION('',(0.,0.,1.));
#1128=FACE_OUTER_BOUND('',#1129,.T.);
#1129=EDGE_LOOP('',(#1130,#1140,#1150,#1160));
#1133=CARTESIAN_POINT('',(0.476,0.0,0.0));
#1132=VERTEX_POINT('',#1133);
#1135=CARTESIAN_POINT('',(0.0,0.159,2.223));
#1134=VERTEX_POINT('',#1135);
#1131=EDGE_CURVE('',#1132,#1134,#1136,.T.);
#1136=LINE('',#1133,#1138);
#1138=VECTOR('',#1139,2.27848406119529);
#1139=DIRECTION('',(-0.209,0.07,0.975));
#1130=ORIENTED_EDGE('',*,*,#1131,.F.);
#1141=EDGE_CURVE('',#889,#1132,#1146,.T.);
#1146=LINE('',#890,#1148);
#1148=VECTOR('',#1149,8.8899746);
#1149=DIRECTION('',(0.0,0.0,-1.0));
#1140=ORIENTED_EDGE('',*,*,#1141,.F.);
#1150=ORIENTED_EDGE('',*,*,#935,.T.);
#1161=EDGE_CURVE('',#1134,#938,#1166,.T.);
#1166=LINE('',#1135,#1168);
#1168=VECTOR('',#1169,5.77848349);
#1169=DIRECTION('',(0.0,0.0,1.0));
#1160=ORIENTED_EDGE('',*,*,#1161,.F.);
#1170=STYLED_ITEM('',(#43),#1171);
#1171=ADVANCED_FACE('',(#1177),#1172,.T.);
#1172=PLANE('',#1173);
#1173=AXIS2_PLACEMENT_3D('',#1174,#1175,#1176);
#1174=CARTESIAN_POINT('',(0.476,0.0,0.0));
#1175=DIRECTION('',(0.0,-1.0,0.0));
#1176=DIRECTION('',(0.,0.,1.));
#1177=FACE_OUTER_BOUND('',#1178,.T.);
#1178=EDGE_LOOP('',(#1179,#1189,#1199,#1209));
#1182=CARTESIAN_POINT('',(2.064,0.0,0.0));
#1181=VERTEX_POINT('',#1182);
#1180=EDGE_CURVE('',#1181,#1132,#1185,.T.);
#1185=LINE('',#1182,#1187);
#1187=VECTOR('',#1188,1.5875127);
#1188=DIRECTION('',(-1.0,0.0,0.0));
#1179=ORIENTED_EDGE('',*,*,#1180,.F.);
#1190=EDGE_CURVE('',#858,#1181,#1195,.T.);
#1195=LINE('',#859,#1197);
#1197=VECTOR('',#1198,8.8899746);
#1198=DIRECTION('',(0.0,0.0,-1.0));
#1189=ORIENTED_EDGE('',*,*,#1190,.F.);
#1199=ORIENTED_EDGE('',*,*,#886,.T.);
#1209=ORIENTED_EDGE('',*,*,#1141,.T.);
#1219=STYLED_ITEM('',(#43),#1220);
#1220=ADVANCED_FACE('',(#1226),#1221,.T.);
#1221=PLANE('',#1222);
#1222=AXIS2_PLACEMENT_3D('',#1223,#1224,#1225);
#1223=CARTESIAN_POINT('',(2.064,0.0,0.0));
#1224=DIRECTION('',(0.316,-0.949,0.0));
#1225=DIRECTION('',(0.,0.,1.));
#1226=FACE_OUTER_BOUND('',#1227,.T.);
#1227=EDGE_LOOP('',(#1228,#1238,#1248,#1258));
#1229=EDGE_CURVE('',#546,#1181,#1234,.T.);
#1234=LINE('',#547,#1236);
#1236=VECTOR('',#1237,2.27848406119529);
#1237=DIRECTION('',(-0.209,-0.07,-0.975));
#1228=ORIENTED_EDGE('',*,*,#1229,.F.);
#1238=ORIENTED_EDGE('',*,*,#573,.T.);
#1248=ORIENTED_EDGE('',*,*,#867,.T.);
#1258=ORIENTED_EDGE('',*,*,#1190,.T.);
#1268=STYLED_ITEM('',(#43),#1269);
#1269=ADVANCED_FACE('',(#1275),#1270,.T.);
#1270=PLANE('',#1271);
#1271=AXIS2_PLACEMENT_3D('',#1272,#1273,#1274);
#1272=CARTESIAN_POINT('',(2.064,0.0,0.0));
#1273=DIRECTION('',(0.978,0.0,-0.21));
#1274=DIRECTION('',(0.,0.,1.));
#1275=FACE_OUTER_BOUND('',#1276,.T.);
#1276=EDGE_LOOP('',(#1277,#1287,#1297,#1307));
#1278=EDGE_CURVE('',#985,#1181,#1283,.T.);
#1283=LINE('',#986,#1285);
#1285=VECTOR('',#1286,2.54);
#1286=DIRECTION('',(0.0,-1.0,0.0));
#1277=ORIENTED_EDGE('',*,*,#1278,.F.);
#1287=ORIENTED_EDGE('',*,*,#984,.T.);
#1297=ORIENTED_EDGE('',*,*,#808,.T.);
#1307=ORIENTED_EDGE('',*,*,#1229,.T.);
#1317=STYLED_ITEM('',(#43),#1318);
#1318=ADVANCED_FACE('',(#1324),#1319,.T.);
#1319=PLANE('',#1320);
#1320=AXIS2_PLACEMENT_3D('',#1321,#1322,#1323);
#1321=CARTESIAN_POINT('',(0.476,0.0,0.0));
#1322=DIRECTION('',(0.0,0.0,-1.0));
#1323=DIRECTION('',(0.,1.,0.));
#1324=FACE_OUTER_BOUND('',#1325,.T.);
#1325=EDGE_LOOP('',(#1326,#1336,#1346,#1356));
#1327=EDGE_CURVE('',#1034,#1132,#1332,.T.);
#1332=LINE('',#1035,#1334);
#1334=VECTOR('',#1335,2.54);
#1335=DIRECTION('',(0.0,-1.0,0.0));
#1326=ORIENTED_EDGE('',*,*,#1327,.F.);
#1336=ORIENTED_EDGE('',*,*,#1033,.T.);
#1346=ORIENTED_EDGE('',*,*,#1278,.T.);
#1356=ORIENTED_EDGE('',*,*,#1180,.T.);
#1366=STYLED_ITEM('',(#43),#1367);
#1367=ADVANCED_FACE('',(#1373),#1368,.T.);
#1368=PLANE('',#1369);
#1369=AXIS2_PLACEMENT_3D('',#1370,#1371,#1372);
#1370=CARTESIAN_POINT('',(0.0,0.159,2.223));
#1371=DIRECTION('',(-0.978,0.0,-0.21));
#1372=DIRECTION('',(0.,0.,1.));
#1373=FACE_OUTER_BOUND('',#1374,.T.);
#1374=EDGE_LOOP('',(#1375,#1385,#1395,#1405));
#1376=EDGE_CURVE('',#1083,#1134,#1381,.T.);
#1381=LINE('',#1084,#1383);
#1383=VECTOR('',#1384,2.2224873);
#1384=DIRECTION('',(0.0,-1.0,0.0));
#1375=ORIENTED_EDGE('',*,*,#1376,.F.);
#1385=ORIENTED_EDGE('',*,*,#1082,.T.);
#1395=ORIENTED_EDGE('',*,*,#1327,.T.);
#1405=ORIENTED_EDGE('',*,*,#1131,.T.);
#1415=STYLED_ITEM('',(#43),#1416);
#1416=ADVANCED_FACE('',(#1422),#1417,.T.);
#1417=PLANE('',#1418);
#1418=AXIS2_PLACEMENT_3D('',#1419,#1420,#1421);
#1419=CARTESIAN_POINT('',(0.0,0.159,8.001));
#1420=DIRECTION('',(0.881,0.0,0.472));
#1421=DIRECTION('',(0.,0.,1.));
#1422=FACE_OUTER_BOUND('',#1423,.T.);
#1423=EDGE_LOOP('',(#1424,#1434,#1444,#1454));
#1424=ORIENTED_EDGE('',*,*,#965,.T.);
#1437=CARTESIAN_POINT('',(-0.476,2.54,8.89));
#1436=VERTEX_POINT('',#1437);
#1435=EDGE_CURVE('',#1436,#956,#1440,.T.);
#1440=LINE('',#1437,#1442);
#1442=VECTOR('',#1443,1.02094469816788);
#1443=DIRECTION('',(0.466,-0.155,-0.871));
#1434=ORIENTED_EDGE('',*,*,#1435,.F.);
#1447=CARTESIAN_POINT('',(-0.476,0.0,8.89));
#1446=VERTEX_POINT('',#1447);
#1445=EDGE_CURVE('',#1446,#1436,#1450,.T.);
#1450=LINE('',#1447,#1452);
#1452=VECTOR('',#1453,2.54);
#1453=DIRECTION('',(0.0,1.0,0.0));
#1444=ORIENTED_EDGE('',*,*,#1445,.F.);
#1455=EDGE_CURVE('',#938,#1446,#1460,.T.);
#1460=LINE('',#939,#1462);
#1462=VECTOR('',#1463,1.02094469816788);
#1463=DIRECTION('',(-0.466,-0.155,0.871));
#1454=ORIENTED_EDGE('',*,*,#1455,.F.);
#1464=STYLED_ITEM('',(#43),#1465);
#1465=ADVANCED_FACE('',(#1471),#1466,.T.);
#1466=PLANE('',#1467);
#1467=AXIS2_PLACEMENT_3D('',#1468,#1469,#1470);
#1468=CARTESIAN_POINT('',(-2.064,0.0,8.89));
#1469=DIRECTION('',(0.0,0.0,1.0));
#1470=DIRECTION('',(0.,1.,0.));
#1471=FACE_OUTER_BOUND('',#1472,.T.);
#1472=EDGE_LOOP('',(#1473,#1483,#1493,#1503));
#1478=CARTESIAN_POINT('',(-2.064,0.0,8.89));
#1477=VERTEX_POINT('',#1478);
#1474=EDGE_CURVE('',#1446,#1477,#1479,.T.);
#1479=LINE('',#1447,#1481);
#1481=VECTOR('',#1482,1.5875127);
#1482=DIRECTION('',(-1.0,0.0,0.0));
#1473=ORIENTED_EDGE('',*,*,#1474,.F.);
#1483=ORIENTED_EDGE('',*,*,#1445,.T.);
#1496=CARTESIAN_POINT('',(-2.064,2.54,8.89));
#1495=VERTEX_POINT('',#1496);
#1494=EDGE_CURVE('',#1495,#1436,#1499,.T.);
#1499=LINE('',#1496,#1501);
#1501=VECTOR('',#1502,1.5875127);
#1502=DIRECTION('',(1.0,0.0,0.0));
#1493=ORIENTED_EDGE('',*,*,#1494,.F.);
#1504=EDGE_CURVE('',#1477,#1495,#1509,.T.);
#1509=LINE('',#1478,#1511);
#1511=VECTOR('',#1512,2.54);
#1512=DIRECTION('',(0.0,1.0,0.0));
#1503=ORIENTED_EDGE('',*,*,#1504,.F.);
#1513=STYLED_ITEM('',(#43),#1514);
#1514=ADVANCED_FACE('',(#1520),#1515,.T.);
#1515=PLANE('',#1516);
#1516=AXIS2_PLACEMENT_3D('',#1517,#1518,#1519);
#1517=CARTESIAN_POINT('',(-2.54,0.159,8.001));
#1518=DIRECTION('',(-0.881,0.0,0.472));
#1519=DIRECTION('',(0.,0.,1.));
#1520=FACE_OUTER_BOUND('',#1521,.T.);
#1521=EDGE_LOOP('',(#1522,#1532,#1542,#1552));
#1527=CARTESIAN_POINT('',(-2.54,0.159,8.001));
#1526=VERTEX_POINT('',#1527);
#1523=EDGE_CURVE('',#1477,#1526,#1528,.T.);
#1528=LINE('',#1478,#1530);
#1530=VECTOR('',#1531,1.02094469816788);
#1531=DIRECTION('',(-0.466,0.155,-0.871));
#1522=ORIENTED_EDGE('',*,*,#1523,.F.);
#1532=ORIENTED_EDGE('',*,*,#1504,.T.);
#1545=CARTESIAN_POINT('',(-2.54,2.381,8.001));
#1544=VERTEX_POINT('',#1545);
#1543=EDGE_CURVE('',#1544,#1495,#1548,.T.);
#1548=LINE('',#1545,#1550);
#1550=VECTOR('',#1551,1.02094469816788);
#1551=DIRECTION('',(0.466,0.155,0.871));
#1542=ORIENTED_EDGE('',*,*,#1543,.F.);
#1553=EDGE_CURVE('',#1526,#1544,#1558,.T.);
#1558=LINE('',#1527,#1560);
#1560=VECTOR('',#1561,2.2224873);
#1561=DIRECTION('',(0.0,1.0,0.0));
#1552=ORIENTED_EDGE('',*,*,#1553,.F.);
#1562=STYLED_ITEM('',(#43),#1563);
#1563=ADVANCED_FACE('',(#1569),#1564,.T.);
#1564=PLANE('',#1565);
#1565=AXIS2_PLACEMENT_3D('',#1566,#1567,#1568);
#1566=CARTESIAN_POINT('',(0.0,2.381,2.223));
#1567=DIRECTION('',(0.316,0.949,0.0));
#1568=DIRECTION('',(0.,0.,1.));
#1569=FACE_OUTER_BOUND('',#1570,.T.);
#1570=EDGE_LOOP('',(#1571,#1581,#1591,#1601));
#1574=CARTESIAN_POINT('',(-0.476,2.54,0.0));
#1573=VERTEX_POINT('',#1574);
#1572=EDGE_CURVE('',#1573,#1083,#1577,.T.);
#1577=LINE('',#1574,#1579);
#1579=VECTOR('',#1580,2.27848406119529);
#1580=DIRECTION('',(0.209,-0.07,0.975));
#1571=ORIENTED_EDGE('',*,*,#1572,.F.);
#1582=EDGE_CURVE('',#1436,#1573,#1587,.T.);
#1587=LINE('',#1437,#1589);
#1589=VECTOR('',#1590,8.8899746);
#1590=DIRECTION('',(0.0,0.0,-1.0));
#1581=ORIENTED_EDGE('',*,*,#1582,.F.);
#1591=ORIENTED_EDGE('',*,*,#1435,.T.);
#1601=ORIENTED_EDGE('',*,*,#1092,.T.);
#1611=STYLED_ITEM('',(#43),#1612);
#1612=ADVANCED_FACE('',(#1618),#1613,.T.);
#1613=PLANE('',#1614);
#1614=AXIS2_PLACEMENT_3D('',#1615,#1616,#1617);
#1615=CARTESIAN_POINT('',(-0.476,2.54,0.0));
#1616=DIRECTION('',(0.0,1.0,0.0));
#1617=DIRECTION('',(0.,0.,1.));
#1618=FACE_OUTER_BOUND('',#1619,.T.);
#1619=EDGE_LOOP('',(#1620,#1630,#1640,#1650));
#1623=CARTESIAN_POINT('',(-2.064,2.54,0.0));
#1622=VERTEX_POINT('',#1623);
#1621=EDGE_CURVE('',#1622,#1573,#1626,.T.);
#1626=LINE('',#1623,#1628);
#1628=VECTOR('',#1629,1.5875127);
#1629=DIRECTION('',(1.0,0.0,0.0));
#1620=ORIENTED_EDGE('',*,*,#1621,.F.);
#1631=EDGE_CURVE('',#1495,#1622,#1636,.T.);
#1636=LINE('',#1496,#1638);
#1638=VECTOR('',#1639,8.8899746);
#1639=DIRECTION('',(0.0,0.0,-1.0));
#1630=ORIENTED_EDGE('',*,*,#1631,.F.);
#1640=ORIENTED_EDGE('',*,*,#1494,.T.);
#1650=ORIENTED_EDGE('',*,*,#1582,.T.);
#1660=STYLED_ITEM('',(#43),#1661);
#1661=ADVANCED_FACE('',(#1667),#1662,.T.);
#1662=PLANE('',#1663);
#1663=AXIS2_PLACEMENT_3D('',#1664,#1665,#1666);
#1664=CARTESIAN_POINT('',(-2.064,2.54,0.0));
#1665=DIRECTION('',(-0.316,0.949,0.0));
#1666=DIRECTION('',(0.,0.,1.));
#1667=FACE_OUTER_BOUND('',#1668,.T.);
#1668=EDGE_LOOP('',(#1669,#1679,#1689,#1699));
#1672=CARTESIAN_POINT('',(-2.54,2.381,2.223));
#1671=VERTEX_POINT('',#1672);
#1670=EDGE_CURVE('',#1671,#1622,#1675,.T.);
#1675=LINE('',#1672,#1677);
#1677=VECTOR('',#1678,2.27848406119529);
#1678=DIRECTION('',(0.209,0.07,-0.975));
#1669=ORIENTED_EDGE('',*,*,#1670,.F.);
#1680=EDGE_CURVE('',#1544,#1671,#1685,.T.);
#1685=LINE('',#1545,#1687);
#1687=VECTOR('',#1688,5.77848349);
#1688=DIRECTION('',(0.0,0.0,-1.0));
#1679=ORIENTED_EDGE('',*,*,#1680,.F.);
#1689=ORIENTED_EDGE('',*,*,#1543,.T.);
#1699=ORIENTED_EDGE('',*,*,#1631,.T.);
#1709=STYLED_ITEM('',(#43),#1710);
#1710=ADVANCED_FACE('',(#1716),#1711,.T.);
#1711=PLANE('',#1712);
#1712=AXIS2_PLACEMENT_3D('',#1713,#1714,#1715);
#1713=CARTESIAN_POINT('',(-2.54,0.159,2.223));
#1714=DIRECTION('',(-0.316,-0.949,0.0));
#1715=DIRECTION('',(0.,0.,1.));
#1716=FACE_OUTER_BOUND('',#1717,.T.);
#1717=EDGE_LOOP('',(#1718,#1728,#1738,#1748));
#1721=CARTESIAN_POINT('',(-2.064,0.0,0.0));
#1720=VERTEX_POINT('',#1721);
#1723=CARTESIAN_POINT('',(-2.54,0.159,2.223));
#1722=VERTEX_POINT('',#1723);
#1719=EDGE_CURVE('',#1720,#1722,#1724,.T.);
#1724=LINE('',#1721,#1726);
#1726=VECTOR('',#1727,2.27848406119529);
#1727=DIRECTION('',(-0.209,0.07,0.975));
#1718=ORIENTED_EDGE('',*,*,#1719,.F.);
#1729=EDGE_CURVE('',#1477,#1720,#1734,.T.);
#1734=LINE('',#1478,#1736);
#1736=VECTOR('',#1737,8.8899746);
#1737=DIRECTION('',(0.0,0.0,-1.0));
#1728=ORIENTED_EDGE('',*,*,#1729,.F.);
#1738=ORIENTED_EDGE('',*,*,#1523,.T.);
#1749=EDGE_CURVE('',#1722,#1526,#1754,.T.);
#1754=LINE('',#1723,#1756);
#1756=VECTOR('',#1757,5.77848349);
#1757=DIRECTION('',(0.0,0.0,1.0));
#1748=ORIENTED_EDGE('',*,*,#1749,.F.);
#1758=STYLED_ITEM('',(#43),#1759);
#1759=ADVANCED_FACE('',(#1765),#1760,.T.);
#1760=PLANE('',#1761);
#1761=AXIS2_PLACEMENT_3D('',#1762,#1763,#1764);
#1762=CARTESIAN_POINT('',(-2.064,0.0,0.0));
#1763=DIRECTION('',(0.0,-1.0,0.0));
#1764=DIRECTION('',(0.,0.,1.));
#1765=FACE_OUTER_BOUND('',#1766,.T.);
#1766=EDGE_LOOP('',(#1767,#1777,#1787,#1797));
#1770=CARTESIAN_POINT('',(-0.476,0.0,0.0));
#1769=VERTEX_POINT('',#1770);
#1768=EDGE_CURVE('',#1769,#1720,#1773,.T.);
#1773=LINE('',#1770,#1775);
#1775=VECTOR('',#1776,1.5875127);
#1776=DIRECTION('',(-1.0,0.0,0.0));
#1767=ORIENTED_EDGE('',*,*,#1768,.F.);
#1778=EDGE_CURVE('',#1446,#1769,#1783,.T.);
#1783=LINE('',#1447,#1785);
#1785=VECTOR('',#1786,8.8899746);
#1786=DIRECTION('',(0.0,0.0,-1.0));
#1777=ORIENTED_EDGE('',*,*,#1778,.F.);
#1787=ORIENTED_EDGE('',*,*,#1474,.T.);
#1797=ORIENTED_EDGE('',*,*,#1729,.T.);
#1807=STYLED_ITEM('',(#43),#1808);
#1808=ADVANCED_FACE('',(#1814),#1809,.T.);
#1809=PLANE('',#1810);
#1810=AXIS2_PLACEMENT_3D('',#1811,#1812,#1813);
#1811=CARTESIAN_POINT('',(-0.476,0.0,0.0));
#1812=DIRECTION('',(0.316,-0.949,0.0));
#1813=DIRECTION('',(0.,0.,1.));
#1814=FACE_OUTER_BOUND('',#1815,.T.);
#1815=EDGE_LOOP('',(#1816,#1826,#1836,#1846));
#1817=EDGE_CURVE('',#1134,#1769,#1822,.T.);
#1822=LINE('',#1135,#1824);
#1824=VECTOR('',#1825,2.27848406119529);
#1825=DIRECTION('',(-0.209,-0.07,-0.975));
#1816=ORIENTED_EDGE('',*,*,#1817,.F.);
#1826=ORIENTED_EDGE('',*,*,#1161,.T.);
#1836=ORIENTED_EDGE('',*,*,#1455,.T.);
#1846=ORIENTED_EDGE('',*,*,#1778,.T.);
#1856=STYLED_ITEM('',(#43),#1857);
#1857=ADVANCED_FACE('',(#1863),#1858,.T.);
#1858=PLANE('',#1859);
#1859=AXIS2_PLACEMENT_3D('',#1860,#1861,#1862);
#1860=CARTESIAN_POINT('',(-0.476,0.0,0.0));
#1861=DIRECTION('',(0.978,0.0,-0.21));
#1862=DIRECTION('',(0.,0.,1.));
#1863=FACE_OUTER_BOUND('',#1864,.T.);
#1864=EDGE_LOOP('',(#1865,#1875,#1885,#1895));
#1866=EDGE_CURVE('',#1573,#1769,#1871,.T.);
#1871=LINE('',#1574,#1873);
#1873=VECTOR('',#1874,2.54);
#1874=DIRECTION('',(0.0,-1.0,0.0));
#1865=ORIENTED_EDGE('',*,*,#1866,.F.);
#1875=ORIENTED_EDGE('',*,*,#1572,.T.);
#1885=ORIENTED_EDGE('',*,*,#1376,.T.);
#1895=ORIENTED_EDGE('',*,*,#1817,.T.);
#1905=STYLED_ITEM('',(#43),#1906);
#1906=ADVANCED_FACE('',(#1912),#1907,.T.);
#1907=PLANE('',#1908);
#1908=AXIS2_PLACEMENT_3D('',#1909,#1910,#1911);
#1909=CARTESIAN_POINT('',(-2.064,2.54,0.0));
#1910=DIRECTION('',(0.0,0.0,-1.0));
#1911=DIRECTION('',(0.,1.,0.));
#1912=FACE_OUTER_BOUND('',#1913,.T.);
#1913=EDGE_LOOP('',(#1914,#1924,#1934,#1944));
#1914=ORIENTED_EDGE('',*,*,#1621,.T.);
#1924=ORIENTED_EDGE('',*,*,#1866,.T.);
#1934=ORIENTED_EDGE('',*,*,#1768,.T.);
#1945=EDGE_CURVE('',#1622,#1720,#1950,.T.);
#1950=LINE('',#1623,#1952);
#1952=VECTOR('',#1953,2.54);
#1953=DIRECTION('',(0.0,-1.0,0.0));
#1944=ORIENTED_EDGE('',*,*,#1945,.F.);
#1954=STYLED_ITEM('',(#43),#1955);
#1955=ADVANCED_FACE('',(#1961),#1956,.T.);
#1956=PLANE('',#1957);
#1957=AXIS2_PLACEMENT_3D('',#1958,#1959,#1960);
#1958=CARTESIAN_POINT('',(-2.064,2.54,0.0));
#1959=DIRECTION('',(-0.978,0.0,-0.21));
#1960=DIRECTION('',(0.,0.,1.));
#1961=FACE_OUTER_BOUND('',#1962,.T.);
#1962=EDGE_LOOP('',(#1963,#1973,#1983,#1993));
#1963=ORIENTED_EDGE('',*,*,#1945,.T.);
#1973=ORIENTED_EDGE('',*,*,#1719,.T.);
#1984=EDGE_CURVE('',#1671,#1722,#1989,.T.);
#1989=LINE('',#1672,#1991);
#1991=VECTOR('',#1992,2.2224873);
#1992=DIRECTION('',(0.0,-1.0,0.0));
#1983=ORIENTED_EDGE('',*,*,#1984,.F.);
#1993=ORIENTED_EDGE('',*,*,#1670,.T.);
#2003=STYLED_ITEM('',(#43),#2004);
#2004=ADVANCED_FACE('',(#2010),#2005,.T.);
#2005=PLANE('',#2006);
#2006=AXIS2_PLACEMENT_3D('',#2007,#2008,#2009);
#2007=CARTESIAN_POINT('',(-2.54,0.159,8.001));
#2008=DIRECTION('',(0.881,0.0,0.472));
#2009=DIRECTION('',(0.,0.,1.));
#2010=FACE_OUTER_BOUND('',#2011,.T.);
#2011=EDGE_LOOP('',(#2012,#2022,#2032,#2042));
#2012=ORIENTED_EDGE('',*,*,#1553,.T.);
#2025=CARTESIAN_POINT('',(-3.016,2.54,8.89));
#2024=VERTEX_POINT('',#2025);
#2023=EDGE_CURVE('',#2024,#1544,#2028,.T.);
#2028=LINE('',#2025,#2030);
#2030=VECTOR('',#2031,1.02094469816788);
#2031=DIRECTION('',(0.466,-0.155,-0.871));
#2022=ORIENTED_EDGE('',*,*,#2023,.F.);
#2035=CARTESIAN_POINT('',(-3.016,0.0,8.89));
#2034=VERTEX_POINT('',#2035);
#2033=EDGE_CURVE('',#2034,#2024,#2038,.T.);
#2038=LINE('',#2035,#2040);
#2040=VECTOR('',#2041,2.54);
#2041=DIRECTION('',(0.0,1.0,0.0));
#2032=ORIENTED_EDGE('',*,*,#2033,.F.);
#2043=EDGE_CURVE('',#1526,#2034,#2048,.T.);
#2048=LINE('',#1527,#2050);
#2050=VECTOR('',#2051,1.02094469816788);
#2051=DIRECTION('',(-0.466,-0.155,0.871));
#2042=ORIENTED_EDGE('',*,*,#2043,.F.);
#2052=STYLED_ITEM('',(#43),#2053);
#2053=ADVANCED_FACE('',(#2059),#2054,.T.);
#2054=PLANE('',#2055);
#2055=AXIS2_PLACEMENT_3D('',#2056,#2057,#2058);
#2056=CARTESIAN_POINT('',(-4.604,0.0,8.89));
#2057=DIRECTION('',(0.0,0.0,1.0));
#2058=DIRECTION('',(0.,1.,0.));
#2059=FACE_OUTER_BOUND('',#2060,.T.);
#2060=EDGE_LOOP('',(#2061,#2071,#2081,#2091));
#2066=CARTESIAN_POINT('',(-4.604,0.0,8.89));
#2065=VERTEX_POINT('',#2066);
#2062=EDGE_CURVE('',#2034,#2065,#2067,.T.);
#2067=LINE('',#2035,#2069);
#2069=VECTOR('',#2070,1.5875127);
#2070=DIRECTION('',(-1.0,0.0,0.0));
#2061=ORIENTED_EDGE('',*,*,#2062,.F.);
#2071=ORIENTED_EDGE('',*,*,#2033,.T.);
#2084=CARTESIAN_POINT('',(-4.604,2.54,8.89));
#2083=VERTEX_POINT('',#2084);
#2082=EDGE_CURVE('',#2083,#2024,#2087,.T.);
#2087=LINE('',#2084,#2089);
#2089=VECTOR('',#2090,1.5875127);
#2090=DIRECTION('',(1.0,0.0,0.0));
#2081=ORIENTED_EDGE('',*,*,#2082,.F.);
#2092=EDGE_CURVE('',#2065,#2083,#2097,.T.);
#2097=LINE('',#2066,#2099);
#2099=VECTOR('',#2100,2.54);
#2100=DIRECTION('',(0.0,1.0,0.0));
#2091=ORIENTED_EDGE('',*,*,#2092,.F.);
#2101=STYLED_ITEM('',(#43),#2102);
#2102=ADVANCED_FACE('',(#2108),#2103,.T.);
#2103=PLANE('',#2104);
#2104=AXIS2_PLACEMENT_3D('',#2105,#2106,#2107);
#2105=CARTESIAN_POINT('',(-5.08,0.159,8.001));
#2106=DIRECTION('',(-0.881,0.0,0.472));
#2107=DIRECTION('',(0.,0.,1.));
#2108=FACE_OUTER_BOUND('',#2109,.T.);
#2109=EDGE_LOOP('',(#2110,#2120,#2130,#2140));
#2115=CARTESIAN_POINT('',(-5.08,0.159,8.001));
#2114=VERTEX_POINT('',#2115);
#2111=EDGE_CURVE('',#2065,#2114,#2116,.T.);
#2116=LINE('',#2066,#2118);
#2118=VECTOR('',#2119,1.02094469816788);
#2119=DIRECTION('',(-0.466,0.155,-0.871));
#2110=ORIENTED_EDGE('',*,*,#2111,.F.);
#2120=ORIENTED_EDGE('',*,*,#2092,.T.);
#2133=CARTESIAN_POINT('',(-5.08,2.381,8.001));
#2132=VERTEX_POINT('',#2133);
#2131=EDGE_CURVE('',#2132,#2083,#2136,.T.);
#2136=LINE('',#2133,#2138);
#2138=VECTOR('',#2139,1.02094469816788);
#2139=DIRECTION('',(0.466,0.155,0.871));
#2130=ORIENTED_EDGE('',*,*,#2131,.F.);
#2141=EDGE_CURVE('',#2114,#2132,#2146,.T.);
#2146=LINE('',#2115,#2148);
#2148=VECTOR('',#2149,2.2224873);
#2149=DIRECTION('',(0.0,1.0,0.0));
#2140=ORIENTED_EDGE('',*,*,#2141,.F.);
#2150=STYLED_ITEM('',(#43),#2151);
#2151=ADVANCED_FACE('',(#2157),#2152,.T.);
#2152=PLANE('',#2153);
#2153=AXIS2_PLACEMENT_3D('',#2154,#2155,#2156);
#2154=CARTESIAN_POINT('',(-2.54,2.381,2.223));
#2155=DIRECTION('',(0.316,0.949,0.0));
#2156=DIRECTION('',(0.,0.,1.));
#2157=FACE_OUTER_BOUND('',#2158,.T.);
#2158=EDGE_LOOP('',(#2159,#2169,#2179,#2189));
#2162=CARTESIAN_POINT('',(-3.016,2.54,0.0));
#2161=VERTEX_POINT('',#2162);
#2160=EDGE_CURVE('',#2161,#1671,#2165,.T.);
#2165=LINE('',#2162,#2167);
#2167=VECTOR('',#2168,2.27848406119529);
#2168=DIRECTION('',(0.209,-0.07,0.975));
#2159=ORIENTED_EDGE('',*,*,#2160,.F.);
#2170=EDGE_CURVE('',#2024,#2161,#2175,.T.);
#2175=LINE('',#2025,#2177);
#2177=VECTOR('',#2178,8.8899746);
#2178=DIRECTION('',(0.0,0.0,-1.0));
#2169=ORIENTED_EDGE('',*,*,#2170,.F.);
#2179=ORIENTED_EDGE('',*,*,#2023,.T.);
#2189=ORIENTED_EDGE('',*,*,#1680,.T.);
#2199=STYLED_ITEM('',(#43),#2200);
#2200=ADVANCED_FACE('',(#2206),#2201,.T.);
#2201=PLANE('',#2202);
#2202=AXIS2_PLACEMENT_3D('',#2203,#2204,#2205);
#2203=CARTESIAN_POINT('',(-3.016,2.54,0.0));
#2204=DIRECTION('',(0.0,1.0,0.0));
#2205=DIRECTION('',(0.,0.,1.));
#2206=FACE_OUTER_BOUND('',#2207,.T.);
#2207=EDGE_LOOP('',(#2208,#2218,#2228,#2238));
#2211=CARTESIAN_POINT('',(-4.604,2.54,0.0));
#2210=VERTEX_POINT('',#2211);
#2209=EDGE_CURVE('',#2210,#2161,#2214,.T.);
#2214=LINE('',#2211,#2216);
#2216=VECTOR('',#2217,1.5875127);
#2217=DIRECTION('',(1.0,0.0,0.0));
#2208=ORIENTED_EDGE('',*,*,#2209,.F.);
#2219=EDGE_CURVE('',#2083,#2210,#2224,.T.);
#2224=LINE('',#2084,#2226);
#2226=VECTOR('',#2227,8.8899746);
#2227=DIRECTION('',(0.0,0.0,-1.0));
#2218=ORIENTED_EDGE('',*,*,#2219,.F.);
#2228=ORIENTED_EDGE('',*,*,#2082,.T.);
#2238=ORIENTED_EDGE('',*,*,#2170,.T.);
#2248=STYLED_ITEM('',(#43),#2249);
#2249=ADVANCED_FACE('',(#2255),#2250,.T.);
#2250=PLANE('',#2251);
#2251=AXIS2_PLACEMENT_3D('',#2252,#2253,#2254);
#2252=CARTESIAN_POINT('',(-4.604,2.54,0.0));
#2253=DIRECTION('',(-0.316,0.949,0.0));
#2254=DIRECTION('',(0.,0.,1.));
#2255=FACE_OUTER_BOUND('',#2256,.T.);
#2256=EDGE_LOOP('',(#2257,#2267,#2277,#2287));
#2260=CARTESIAN_POINT('',(-5.08,2.381,2.223));
#2259=VERTEX_POINT('',#2260);
#2258=EDGE_CURVE('',#2259,#2210,#2263,.T.);
#2263=LINE('',#2260,#2265);
#2265=VECTOR('',#2266,2.27848406119529);
#2266=DIRECTION('',(0.209,0.07,-0.975));
#2257=ORIENTED_EDGE('',*,*,#2258,.F.);
#2268=EDGE_CURVE('',#2132,#2259,#2273,.T.);
#2273=LINE('',#2133,#2275);
#2275=VECTOR('',#2276,5.77848349);
#2276=DIRECTION('',(0.0,0.0,-1.0));
#2267=ORIENTED_EDGE('',*,*,#2268,.F.);
#2277=ORIENTED_EDGE('',*,*,#2131,.T.);
#2287=ORIENTED_EDGE('',*,*,#2219,.T.);
#2297=STYLED_ITEM('',(#43),#2298);
#2298=ADVANCED_FACE('',(#2304),#2299,.T.);
#2299=PLANE('',#2300);
#2300=AXIS2_PLACEMENT_3D('',#2301,#2302,#2303);
#2301=CARTESIAN_POINT('',(-5.08,0.159,2.223));
#2302=DIRECTION('',(-0.316,-0.949,0.0));
#2303=DIRECTION('',(0.,0.,1.));
#2304=FACE_OUTER_BOUND('',#2305,.T.);
#2305=EDGE_LOOP('',(#2306,#2316,#2326,#2336));
#2309=CARTESIAN_POINT('',(-4.604,0.0,0.0));
#2308=VERTEX_POINT('',#2309);
#2311=CARTESIAN_POINT('',(-5.08,0.159,2.223));
#2310=VERTEX_POINT('',#2311);
#2307=EDGE_CURVE('',#2308,#2310,#2312,.T.);
#2312=LINE('',#2309,#2314);
#2314=VECTOR('',#2315,2.27848406119529);
#2315=DIRECTION('',(-0.209,0.07,0.975));
#2306=ORIENTED_EDGE('',*,*,#2307,.F.);
#2317=EDGE_CURVE('',#2065,#2308,#2322,.T.);
#2322=LINE('',#2066,#2324);
#2324=VECTOR('',#2325,8.8899746);
#2325=DIRECTION('',(0.0,0.0,-1.0));
#2316=ORIENTED_EDGE('',*,*,#2317,.F.);
#2326=ORIENTED_EDGE('',*,*,#2111,.T.);
#2337=EDGE_CURVE('',#2310,#2114,#2342,.T.);
#2342=LINE('',#2311,#2344);
#2344=VECTOR('',#2345,5.77848349);
#2345=DIRECTION('',(0.0,0.0,1.0));
#2336=ORIENTED_EDGE('',*,*,#2337,.F.);
#2346=STYLED_ITEM('',(#43),#2347);
#2347=ADVANCED_FACE('',(#2353),#2348,.T.);
#2348=PLANE('',#2349);
#2349=AXIS2_PLACEMENT_3D('',#2350,#2351,#2352);
#2350=CARTESIAN_POINT('',(-4.604,0.0,0.0));
#2351=DIRECTION('',(0.0,-1.0,0.0));
#2352=DIRECTION('',(0.,0.,1.));
#2353=FACE_OUTER_BOUND('',#2354,.T.);
#2354=EDGE_LOOP('',(#2355,#2365,#2375,#2385));
#2358=CARTESIAN_POINT('',(-3.016,0.0,0.0));
#2357=VERTEX_POINT('',#2358);
#2356=EDGE_CURVE('',#2357,#2308,#2361,.T.);
#2361=LINE('',#2358,#2363);
#2363=VECTOR('',#2364,1.5875127);
#2364=DIRECTION('',(-1.0,0.0,0.0));
#2355=ORIENTED_EDGE('',*,*,#2356,.F.);
#2366=EDGE_CURVE('',#2034,#2357,#2371,.T.);
#2371=LINE('',#2035,#2373);
#2373=VECTOR('',#2374,8.8899746);
#2374=DIRECTION('',(0.0,0.0,-1.0));
#2365=ORIENTED_EDGE('',*,*,#2366,.F.);
#2375=ORIENTED_EDGE('',*,*,#2062,.T.);
#2385=ORIENTED_EDGE('',*,*,#2317,.T.);
#2395=STYLED_ITEM('',(#43),#2396);
#2396=ADVANCED_FACE('',(#2402),#2397,.T.);
#2397=PLANE('',#2398);
#2398=AXIS2_PLACEMENT_3D('',#2399,#2400,#2401);
#2399=CARTESIAN_POINT('',(-3.016,0.0,0.0));
#2400=DIRECTION('',(0.316,-0.949,0.0));
#2401=DIRECTION('',(0.,0.,1.));
#2402=FACE_OUTER_BOUND('',#2403,.T.);
#2403=EDGE_LOOP('',(#2404,#2414,#2424,#2434));
#2405=EDGE_CURVE('',#1722,#2357,#2410,.T.);
#2410=LINE('',#1723,#2412);
#2412=VECTOR('',#2413,2.27848406119529);
#2413=DIRECTION('',(-0.209,-0.07,-0.975));
#2404=ORIENTED_EDGE('',*,*,#2405,.F.);
#2414=ORIENTED_EDGE('',*,*,#1749,.T.);
#2424=ORIENTED_EDGE('',*,*,#2043,.T.);
#2434=ORIENTED_EDGE('',*,*,#2366,.T.);
#2444=STYLED_ITEM('',(#43),#2445);
#2445=ADVANCED_FACE('',(#2451),#2446,.T.);
#2446=PLANE('',#2447);
#2447=AXIS2_PLACEMENT_3D('',#2448,#2449,#2450);
#2448=CARTESIAN_POINT('',(-3.016,0.0,0.0));
#2449=DIRECTION('',(0.978,0.0,-0.21));
#2450=DIRECTION('',(0.,0.,1.));
#2451=FACE_OUTER_BOUND('',#2452,.T.);
#2452=EDGE_LOOP('',(#2453,#2463,#2473,#2483));
#2454=EDGE_CURVE('',#2161,#2357,#2459,.T.);
#2459=LINE('',#2162,#2461);
#2461=VECTOR('',#2462,2.54);
#2462=DIRECTION('',(0.0,-1.0,0.0));
#2453=ORIENTED_EDGE('',*,*,#2454,.F.);
#2463=ORIENTED_EDGE('',*,*,#2160,.T.);
#2473=ORIENTED_EDGE('',*,*,#1984,.T.);
#2483=ORIENTED_EDGE('',*,*,#2405,.T.);
#2493=STYLED_ITEM('',(#43),#2494);
#2494=ADVANCED_FACE('',(#2500),#2495,.T.);
#2495=PLANE('',#2496);
#2496=AXIS2_PLACEMENT_3D('',#2497,#2498,#2499);
#2497=CARTESIAN_POINT('',(-4.604,2.54,0.0));
#2498=DIRECTION('',(0.0,0.0,-1.0));
#2499=DIRECTION('',(0.,1.,0.));
#2500=FACE_OUTER_BOUND('',#2501,.T.);
#2501=EDGE_LOOP('',(#2502,#2512,#2522,#2532));
#2502=ORIENTED_EDGE('',*,*,#2209,.T.);
#2512=ORIENTED_EDGE('',*,*,#2454,.T.);
#2522=ORIENTED_EDGE('',*,*,#2356,.T.);
#2533=EDGE_CURVE('',#2210,#2308,#2538,.T.);
#2538=LINE('',#2211,#2540);
#2540=VECTOR('',#2541,2.54);
#2541=DIRECTION('',(0.0,-1.0,0.0));
#2532=ORIENTED_EDGE('',*,*,#2533,.F.);
#2542=STYLED_ITEM('',(#43),#2543);
#2543=ADVANCED_FACE('',(#2549),#2544,.T.);
#2544=PLANE('',#2545);
#2545=AXIS2_PLACEMENT_3D('',#2546,#2547,#2548);
#2546=CARTESIAN_POINT('',(-4.604,2.54,0.0));
#2547=DIRECTION('',(-0.978,0.0,-0.21));
#2548=DIRECTION('',(0.,0.,1.));
#2549=FACE_OUTER_BOUND('',#2550,.T.);
#2550=EDGE_LOOP('',(#2551,#2561,#2571,#2581));
#2551=ORIENTED_EDGE('',*,*,#2533,.T.);
#2561=ORIENTED_EDGE('',*,*,#2307,.T.);
#2572=EDGE_CURVE('',#2259,#2310,#2577,.T.);
#2577=LINE('',#2260,#2579);
#2579=VECTOR('',#2580,2.2224873);
#2580=DIRECTION('',(0.0,-1.0,0.0));
#2571=ORIENTED_EDGE('',*,*,#2572,.F.);
#2581=ORIENTED_EDGE('',*,*,#2258,.T.);
#2591=STYLED_ITEM('',(#43),#2592);
#2592=ADVANCED_FACE('',(#2598),#2593,.T.);
#2593=PLANE('',#2594);
#2594=AXIS2_PLACEMENT_3D('',#2595,#2596,#2597);
#2595=CARTESIAN_POINT('',(-5.08,2.381,2.223));
#2596=DIRECTION('',(-1.0,0.0,0.0));
#2597=DIRECTION('',(0.,0.,1.));
#2598=FACE_OUTER_BOUND('',#2599,.T.);
#2599=EDGE_LOOP('',(#2600,#2610,#2620,#2630));
#2600=ORIENTED_EDGE('',*,*,#2572,.T.);
#2610=ORIENTED_EDGE('',*,*,#2337,.T.);
#2620=ORIENTED_EDGE('',*,*,#2141,.T.);
#2630=ORIENTED_EDGE('',*,*,#2268,.T.);
#2640=MANIFOLD_SOLID_BREP($,#2641);
#2641=CLOSED_SHELL('',(#2643,#2692,#2741,#2790,#2839,#2888,#2937,#2986,#3035,#3084,#3133,#3182,#3231,#3280,#3329,#3378,#3427,#3476,#3525,#3574,#3623,#3672,#3721,#3770,#3819,#3868,#3917,#3966,#4015,#4064,#4113,#4162,#4211,#4260,#4309,#4358,#4407,#4456,#4505,#4554,#4603,#4652,#4701,#4750,#4799,#4848,#4897,#4946,#4995,#5044));
#2642=STYLED_ITEM('',(#43),#2643);
#2643=ADVANCED_FACE('',(#2649),#2644,.T.);
#2644=PLANE('',#2645);
#2645=AXIS2_PLACEMENT_3D('',#2646,#2647,#2648);
#2646=CARTESIAN_POINT('',(5.08,-2.381,8.001));
#2647=DIRECTION('',(0.881,0.0,0.472));
#2648=DIRECTION('',(0.,0.,1.));
#2649=FACE_OUTER_BOUND('',#2650,.T.);
#2650=EDGE_LOOP('',(#2651,#2661,#2671,#2681));
#2654=CARTESIAN_POINT('',(5.08,-0.159,8.001));
#2653=VERTEX_POINT('',#2654);
#2656=CARTESIAN_POINT('',(5.08,-2.381,8.001));
#2655=VERTEX_POINT('',#2656);
#2652=EDGE_CURVE('',#2653,#2655,#2657,.T.);
#2657=LINE('',#2654,#2659);
#2659=VECTOR('',#2660,2.2224873);
#2660=DIRECTION('',(0.0,-1.0,0.0));
#2651=ORIENTED_EDGE('',*,*,#2652,.F.);
#2664=CARTESIAN_POINT('',(4.604,0.0,8.89));
#2663=VERTEX_POINT('',#2664);
#2662=EDGE_CURVE('',#2663,#2653,#2667,.T.);
#2667=LINE('',#2664,#2669);
#2669=VECTOR('',#2670,1.02094469816788);
#2670=DIRECTION('',(0.466,-0.155,-0.871));
#2661=ORIENTED_EDGE('',*,*,#2662,.F.);
#2674=CARTESIAN_POINT('',(4.604,-2.54,8.89));
#2673=VERTEX_POINT('',#2674);
#2672=EDGE_CURVE('',#2673,#2663,#2677,.T.);
#2677=LINE('',#2674,#2679);
#2679=VECTOR('',#2680,2.54);
#2680=DIRECTION('',(0.0,1.0,0.0));
#2671=ORIENTED_EDGE('',*,*,#2672,.F.);
#2682=EDGE_CURVE('',#2655,#2673,#2687,.T.);
#2687=LINE('',#2656,#2689);
#2689=VECTOR('',#2690,1.02094469816788);
#2690=DIRECTION('',(-0.466,-0.155,0.871));
#2681=ORIENTED_EDGE('',*,*,#2682,.F.);
#2691=STYLED_ITEM('',(#43),#2692);
#2692=ADVANCED_FACE('',(#2698),#2693,.T.);
#2693=PLANE('',#2694);
#2694=AXIS2_PLACEMENT_3D('',#2695,#2696,#2697);
#2695=CARTESIAN_POINT('',(3.016,-2.54,8.89));
#2696=DIRECTION('',(0.0,0.0,1.0));
#2697=DIRECTION('',(0.,1.,0.));
#2698=FACE_OUTER_BOUND('',#2699,.T.);
#2699=EDGE_LOOP('',(#2700,#2710,#2720,#2730));
#2705=CARTESIAN_POINT('',(3.016,-2.54,8.89));
#2704=VERTEX_POINT('',#2705);
#2701=EDGE_CURVE('',#2673,#2704,#2706,.T.);
#2706=LINE('',#2674,#2708);
#2708=VECTOR('',#2709,1.5875127);
#2709=DIRECTION('',(-1.0,0.0,0.0));
#2700=ORIENTED_EDGE('',*,*,#2701,.F.);
#2710=ORIENTED_EDGE('',*,*,#2672,.T.);
#2723=CARTESIAN_POINT('',(3.016,0.0,8.89));
#2722=VERTEX_POINT('',#2723);
#2721=EDGE_CURVE('',#2722,#2663,#2726,.T.);
#2726=LINE('',#2723,#2728);
#2728=VECTOR('',#2729,1.5875127);
#2729=DIRECTION('',(1.0,0.0,0.0));
#2720=ORIENTED_EDGE('',*,*,#2721,.F.);
#2731=EDGE_CURVE('',#2704,#2722,#2736,.T.);
#2736=LINE('',#2705,#2738);
#2738=VECTOR('',#2739,2.54);
#2739=DIRECTION('',(0.0,1.0,0.0));
#2730=ORIENTED_EDGE('',*,*,#2731,.F.);
#2740=STYLED_ITEM('',(#43),#2741);
#2741=ADVANCED_FACE('',(#2747),#2742,.T.);
#2742=PLANE('',#2743);
#2743=AXIS2_PLACEMENT_3D('',#2744,#2745,#2746);
#2744=CARTESIAN_POINT('',(2.54,-2.381,8.001));
#2745=DIRECTION('',(-0.881,0.0,0.472));
#2746=DIRECTION('',(0.,0.,1.));
#2747=FACE_OUTER_BOUND('',#2748,.T.);
#2748=EDGE_LOOP('',(#2749,#2759,#2769,#2779));
#2754=CARTESIAN_POINT('',(2.54,-2.381,8.001));
#2753=VERTEX_POINT('',#2754);
#2750=EDGE_CURVE('',#2704,#2753,#2755,.T.);
#2755=LINE('',#2705,#2757);
#2757=VECTOR('',#2758,1.02094469816788);
#2758=DIRECTION('',(-0.466,0.155,-0.871));
#2749=ORIENTED_EDGE('',*,*,#2750,.F.);
#2759=ORIENTED_EDGE('',*,*,#2731,.T.);
#2772=CARTESIAN_POINT('',(2.54,-0.159,8.001));
#2771=VERTEX_POINT('',#2772);
#2770=EDGE_CURVE('',#2771,#2722,#2775,.T.);
#2775=LINE('',#2772,#2777);
#2777=VECTOR('',#2778,1.02094469816788);
#2778=DIRECTION('',(0.466,0.155,0.871));
#2769=ORIENTED_EDGE('',*,*,#2770,.F.);
#2780=EDGE_CURVE('',#2753,#2771,#2785,.T.);
#2785=LINE('',#2754,#2787);
#2787=VECTOR('',#2788,2.2224873);
#2788=DIRECTION('',(0.0,1.0,0.0));
#2779=ORIENTED_EDGE('',*,*,#2780,.F.);
#2789=STYLED_ITEM('',(#43),#2790);
#2790=ADVANCED_FACE('',(#2796),#2791,.T.);
#2791=PLANE('',#2792);
#2792=AXIS2_PLACEMENT_3D('',#2793,#2794,#2795);
#2793=CARTESIAN_POINT('',(5.08,-2.381,2.223));
#2794=DIRECTION('',(1.0,0.0,0.0));
#2795=DIRECTION('',(0.,0.,1.));
#2796=FACE_OUTER_BOUND('',#2797,.T.);
#2797=EDGE_LOOP('',(#2798,#2808,#2818,#2828));
#2801=CARTESIAN_POINT('',(5.08,-0.159,2.223));
#2800=VERTEX_POINT('',#2801);
#2803=CARTESIAN_POINT('',(5.08,-2.381,2.223));
#2802=VERTEX_POINT('',#2803);
#2799=EDGE_CURVE('',#2800,#2802,#2804,.T.);
#2804=LINE('',#2801,#2806);
#2806=VECTOR('',#2807,2.2224873);
#2807=DIRECTION('',(0.0,-1.0,0.0));
#2798=ORIENTED_EDGE('',*,*,#2799,.F.);
#2809=EDGE_CURVE('',#2653,#2800,#2814,.T.);
#2814=LINE('',#2654,#2816);
#2816=VECTOR('',#2817,5.77848349);
#2817=DIRECTION('',(0.0,0.0,-1.0));
#2808=ORIENTED_EDGE('',*,*,#2809,.F.);
#2818=ORIENTED_EDGE('',*,*,#2652,.T.);
#2829=EDGE_CURVE('',#2802,#2655,#2834,.T.);
#2834=LINE('',#2803,#2836);
#2836=VECTOR('',#2837,5.77848349);
#2837=DIRECTION('',(0.0,0.0,1.0));
#2828=ORIENTED_EDGE('',*,*,#2829,.F.);
#2838=STYLED_ITEM('',(#43),#2839);
#2839=ADVANCED_FACE('',(#2845),#2840,.T.);
#2840=PLANE('',#2841);
#2841=AXIS2_PLACEMENT_3D('',#2842,#2843,#2844);
#2842=CARTESIAN_POINT('',(5.08,-0.159,2.223));
#2843=DIRECTION('',(0.316,0.949,0.0));
#2844=DIRECTION('',(0.,0.,1.));
#2845=FACE_OUTER_BOUND('',#2846,.T.);
#2846=EDGE_LOOP('',(#2847,#2857,#2867,#2877));
#2850=CARTESIAN_POINT('',(4.604,0.0,0.0));
#2849=VERTEX_POINT('',#2850);
#2848=EDGE_CURVE('',#2849,#2800,#2853,.T.);
#2853=LINE('',#2850,#2855);
#2855=VECTOR('',#2856,2.27848406119529);
#2856=DIRECTION('',(0.209,-0.07,0.975));
#2847=ORIENTED_EDGE('',*,*,#2848,.F.);
#2858=EDGE_CURVE('',#2663,#2849,#2863,.T.);
#2863=LINE('',#2664,#2865);
#2865=VECTOR('',#2866,8.8899746);
#2866=DIRECTION('',(0.0,0.0,-1.0));
#2857=ORIENTED_EDGE('',*,*,#2858,.F.);
#2867=ORIENTED_EDGE('',*,*,#2662,.T.);
#2877=ORIENTED_EDGE('',*,*,#2809,.T.);
#2887=STYLED_ITEM('',(#43),#2888);
#2888=ADVANCED_FACE('',(#2894),#2889,.T.);
#2889=PLANE('',#2890);
#2890=AXIS2_PLACEMENT_3D('',#2891,#2892,#2893);
#2891=CARTESIAN_POINT('',(4.604,0.0,0.0));
#2892=DIRECTION('',(0.0,1.0,0.0));
#2893=DIRECTION('',(0.,0.,1.));
#2894=FACE_OUTER_BOUND('',#2895,.T.);
#2895=EDGE_LOOP('',(#2896,#2906,#2916,#2926));
#2899=CARTESIAN_POINT('',(3.016,0.0,0.0));
#2898=VERTEX_POINT('',#2899);
#2897=EDGE_CURVE('',#2898,#2849,#2902,.T.);
#2902=LINE('',#2899,#2904);
#2904=VECTOR('',#2905,1.5875127);
#2905=DIRECTION('',(1.0,0.0,0.0));
#2896=ORIENTED_EDGE('',*,*,#2897,.F.);
#2907=EDGE_CURVE('',#2722,#2898,#2912,.T.);
#2912=LINE('',#2723,#2914);
#2914=VECTOR('',#2915,8.8899746);
#2915=DIRECTION('',(0.0,0.0,-1.0));
#2906=ORIENTED_EDGE('',*,*,#2907,.F.);
#2916=ORIENTED_EDGE('',*,*,#2721,.T.);
#2926=ORIENTED_EDGE('',*,*,#2858,.T.);
#2936=STYLED_ITEM('',(#43),#2937);
#2937=ADVANCED_FACE('',(#2943),#2938,.T.);
#2938=PLANE('',#2939);
#2939=AXIS2_PLACEMENT_3D('',#2940,#2941,#2942);
#2940=CARTESIAN_POINT('',(3.016,0.0,0.0));
#2941=DIRECTION('',(-0.316,0.949,0.0));
#2942=DIRECTION('',(0.,0.,1.));
#2943=FACE_OUTER_BOUND('',#2944,.T.);
#2944=EDGE_LOOP('',(#2945,#2955,#2965,#2975));
#2948=CARTESIAN_POINT('',(2.54,-0.159,2.223));
#2947=VERTEX_POINT('',#2948);
#2946=EDGE_CURVE('',#2947,#2898,#2951,.T.);
#2951=LINE('',#2948,#2953);
#2953=VECTOR('',#2954,2.27848406119529);
#2954=DIRECTION('',(0.209,0.07,-0.975));
#2945=ORIENTED_EDGE('',*,*,#2946,.F.);
#2956=EDGE_CURVE('',#2771,#2947,#2961,.T.);
#2961=LINE('',#2772,#2963);
#2963=VECTOR('',#2964,5.77848349);
#2964=DIRECTION('',(0.0,0.0,-1.0));
#2955=ORIENTED_EDGE('',*,*,#2956,.F.);
#2965=ORIENTED_EDGE('',*,*,#2770,.T.);
#2975=ORIENTED_EDGE('',*,*,#2907,.T.);
#2985=STYLED_ITEM('',(#43),#2986);
#2986=ADVANCED_FACE('',(#2992),#2987,.T.);
#2987=PLANE('',#2988);
#2988=AXIS2_PLACEMENT_3D('',#2989,#2990,#2991);
#2989=CARTESIAN_POINT('',(2.54,-2.381,2.223));
#2990=DIRECTION('',(-0.316,-0.949,0.0));
#2991=DIRECTION('',(0.,0.,1.));
#2992=FACE_OUTER_BOUND('',#2993,.T.);
#2993=EDGE_LOOP('',(#2994,#3004,#3014,#3024));
#2997=CARTESIAN_POINT('',(3.016,-2.54,0.0));
#2996=VERTEX_POINT('',#2997);
#2999=CARTESIAN_POINT('',(2.54,-2.381,2.223));
#2998=VERTEX_POINT('',#2999);
#2995=EDGE_CURVE('',#2996,#2998,#3000,.T.);
#3000=LINE('',#2997,#3002);
#3002=VECTOR('',#3003,2.27848406119529);
#3003=DIRECTION('',(-0.209,0.07,0.975));
#2994=ORIENTED_EDGE('',*,*,#2995,.F.);
#3005=EDGE_CURVE('',#2704,#2996,#3010,.T.);
#3010=LINE('',#2705,#3012);
#3012=VECTOR('',#3013,8.8899746);
#3013=DIRECTION('',(0.0,0.0,-1.0));
#3004=ORIENTED_EDGE('',*,*,#3005,.F.);
#3014=ORIENTED_EDGE('',*,*,#2750,.T.);
#3025=EDGE_CURVE('',#2998,#2753,#3030,.T.);
#3030=LINE('',#2999,#3032);
#3032=VECTOR('',#3033,5.77848349);
#3033=DIRECTION('',(0.0,0.0,1.0));
#3024=ORIENTED_EDGE('',*,*,#3025,.F.);
#3034=STYLED_ITEM('',(#43),#3035);
#3035=ADVANCED_FACE('',(#3041),#3036,.T.);
#3036=PLANE('',#3037);
#3037=AXIS2_PLACEMENT_3D('',#3038,#3039,#3040);
#3038=CARTESIAN_POINT('',(3.016,-2.54,0.0));
#3039=DIRECTION('',(0.0,-1.0,0.0));
#3040=DIRECTION('',(0.,0.,1.));
#3041=FACE_OUTER_BOUND('',#3042,.T.);
#3042=EDGE_LOOP('',(#3043,#3053,#3063,#3073));
#3046=CARTESIAN_POINT('',(4.604,-2.54,0.0));
#3045=VERTEX_POINT('',#3046);
#3044=EDGE_CURVE('',#3045,#2996,#3049,.T.);
#3049=LINE('',#3046,#3051);
#3051=VECTOR('',#3052,1.5875127);
#3052=DIRECTION('',(-1.0,0.0,0.0));
#3043=ORIENTED_EDGE('',*,*,#3044,.F.);
#3054=EDGE_CURVE('',#2673,#3045,#3059,.T.);
#3059=LINE('',#2674,#3061);
#3061=VECTOR('',#3062,8.8899746);
#3062=DIRECTION('',(0.0,0.0,-1.0));
#3053=ORIENTED_EDGE('',*,*,#3054,.F.);
#3063=ORIENTED_EDGE('',*,*,#2701,.T.);
#3073=ORIENTED_EDGE('',*,*,#3005,.T.);
#3083=STYLED_ITEM('',(#43),#3084);
#3084=ADVANCED_FACE('',(#3090),#3085,.T.);
#3085=PLANE('',#3086);
#3086=AXIS2_PLACEMENT_3D('',#3087,#3088,#3089);
#3087=CARTESIAN_POINT('',(4.604,-2.54,0.0));
#3088=DIRECTION('',(0.316,-0.949,0.0));
#3089=DIRECTION('',(0.,0.,1.));
#3090=FACE_OUTER_BOUND('',#3091,.T.);
#3091=EDGE_LOOP('',(#3092,#3102,#3112,#3122));
#3093=EDGE_CURVE('',#2802,#3045,#3098,.T.);
#3098=LINE('',#2803,#3100);
#3100=VECTOR('',#3101,2.27848406119529);
#3101=DIRECTION('',(-0.209,-0.07,-0.975));
#3092=ORIENTED_EDGE('',*,*,#3093,.F.);
#3102=ORIENTED_EDGE('',*,*,#2829,.T.);
#3112=ORIENTED_EDGE('',*,*,#2682,.T.);
#3122=ORIENTED_EDGE('',*,*,#3054,.T.);
#3132=STYLED_ITEM('',(#43),#3133);
#3133=ADVANCED_FACE('',(#3139),#3134,.T.);
#3134=PLANE('',#3135);
#3135=AXIS2_PLACEMENT_3D('',#3136,#3137,#3138);
#3136=CARTESIAN_POINT('',(4.604,-2.54,0.0));
#3137=DIRECTION('',(0.978,0.0,-0.21));
#3138=DIRECTION('',(0.,0.,1.));
#3139=FACE_OUTER_BOUND('',#3140,.T.);
#3140=EDGE_LOOP('',(#3141,#3151,#3161,#3171));
#3142=EDGE_CURVE('',#2849,#3045,#3147,.T.);
#3147=LINE('',#2850,#3149);
#3149=VECTOR('',#3150,2.54);
#3150=DIRECTION('',(0.0,-1.0,0.0));
#3141=ORIENTED_EDGE('',*,*,#3142,.F.);
#3151=ORIENTED_EDGE('',*,*,#2848,.T.);
#3161=ORIENTED_EDGE('',*,*,#2799,.T.);
#3171=ORIENTED_EDGE('',*,*,#3093,.T.);
#3181=STYLED_ITEM('',(#43),#3182);
#3182=ADVANCED_FACE('',(#3188),#3183,.T.);
#3183=PLANE('',#3184);
#3184=AXIS2_PLACEMENT_3D('',#3185,#3186,#3187);
#3185=CARTESIAN_POINT('',(3.016,0.0,0.0));
#3186=DIRECTION('',(0.0,0.0,-1.0));
#3187=DIRECTION('',(0.,1.,0.));
#3188=FACE_OUTER_BOUND('',#3189,.T.);
#3189=EDGE_LOOP('',(#3190,#3200,#3210,#3220));
#3190=ORIENTED_EDGE('',*,*,#2897,.T.);
#3200=ORIENTED_EDGE('',*,*,#3142,.T.);
#3210=ORIENTED_EDGE('',*,*,#3044,.T.);
#3221=EDGE_CURVE('',#2898,#2996,#3226,.T.);
#3226=LINE('',#2899,#3228);
#3228=VECTOR('',#3229,2.54);
#3229=DIRECTION('',(0.0,-1.0,0.0));
#3220=ORIENTED_EDGE('',*,*,#3221,.F.);
#3230=STYLED_ITEM('',(#43),#3231);
#3231=ADVANCED_FACE('',(#3237),#3232,.T.);
#3232=PLANE('',#3233);
#3233=AXIS2_PLACEMENT_3D('',#3234,#3235,#3236);
#3234=CARTESIAN_POINT('',(3.016,0.0,0.0));
#3235=DIRECTION('',(-0.978,0.0,-0.21));
#3236=DIRECTION('',(0.,0.,1.));
#3237=FACE_OUTER_BOUND('',#3238,.T.);
#3238=EDGE_LOOP('',(#3239,#3249,#3259,#3269));
#3239=ORIENTED_EDGE('',*,*,#3221,.T.);
#3249=ORIENTED_EDGE('',*,*,#2995,.T.);
#3260=EDGE_CURVE('',#2947,#2998,#3265,.T.);
#3265=LINE('',#2948,#3267);
#3267=VECTOR('',#3268,2.2224873);
#3268=DIRECTION('',(0.0,-1.0,0.0));
#3259=ORIENTED_EDGE('',*,*,#3260,.F.);
#3269=ORIENTED_EDGE('',*,*,#2946,.T.);
#3279=STYLED_ITEM('',(#43),#3280);
#3280=ADVANCED_FACE('',(#3286),#3281,.T.);
#3281=PLANE('',#3282);
#3282=AXIS2_PLACEMENT_3D('',#3283,#3284,#3285);
#3283=CARTESIAN_POINT('',(2.54,-2.381,8.001));
#3284=DIRECTION('',(0.881,0.0,0.472));
#3285=DIRECTION('',(0.,0.,1.));
#3286=FACE_OUTER_BOUND('',#3287,.T.);
#3287=EDGE_LOOP('',(#3288,#3298,#3308,#3318));
#3288=ORIENTED_EDGE('',*,*,#2780,.T.);
#3301=CARTESIAN_POINT('',(2.064,0.0,8.89));
#3300=VERTEX_POINT('',#3301);
#3299=EDGE_CURVE('',#3300,#2771,#3304,.T.);
#3304=LINE('',#3301,#3306);
#3306=VECTOR('',#3307,1.02094469816788);
#3307=DIRECTION('',(0.466,-0.155,-0.871));
#3298=ORIENTED_EDGE('',*,*,#3299,.F.);
#3311=CARTESIAN_POINT('',(2.064,-2.54,8.89));
#3310=VERTEX_POINT('',#3311);
#3309=EDGE_CURVE('',#3310,#3300,#3314,.T.);
#3314=LINE('',#3311,#3316);
#3316=VECTOR('',#3317,2.54);
#3317=DIRECTION('',(0.0,1.0,0.0));
#3308=ORIENTED_EDGE('',*,*,#3309,.F.);
#3319=EDGE_CURVE('',#2753,#3310,#3324,.T.);
#3324=LINE('',#2754,#3326);
#3326=VECTOR('',#3327,1.02094469816788);
#3327=DIRECTION('',(-0.466,-0.155,0.871));
#3318=ORIENTED_EDGE('',*,*,#3319,.F.);
#3328=STYLED_ITEM('',(#43),#3329);
#3329=ADVANCED_FACE('',(#3335),#3330,.T.);
#3330=PLANE('',#3331);
#3331=AXIS2_PLACEMENT_3D('',#3332,#3333,#3334);
#3332=CARTESIAN_POINT('',(0.476,-2.54,8.89));
#3333=DIRECTION('',(0.0,0.0,1.0));
#3334=DIRECTION('',(0.,1.,0.));
#3335=FACE_OUTER_BOUND('',#3336,.T.);
#3336=EDGE_LOOP('',(#3337,#3347,#3357,#3367));
#3342=CARTESIAN_POINT('',(0.476,-2.54,8.89));
#3341=VERTEX_POINT('',#3342);
#3338=EDGE_CURVE('',#3310,#3341,#3343,.T.);
#3343=LINE('',#3311,#3345);
#3345=VECTOR('',#3346,1.5875127);
#3346=DIRECTION('',(-1.0,0.0,0.0));
#3337=ORIENTED_EDGE('',*,*,#3338,.F.);
#3347=ORIENTED_EDGE('',*,*,#3309,.T.);
#3360=CARTESIAN_POINT('',(0.476,0.0,8.89));
#3359=VERTEX_POINT('',#3360);
#3358=EDGE_CURVE('',#3359,#3300,#3363,.T.);
#3363=LINE('',#3360,#3365);
#3365=VECTOR('',#3366,1.5875127);
#3366=DIRECTION('',(1.0,0.0,0.0));
#3357=ORIENTED_EDGE('',*,*,#3358,.F.);
#3368=EDGE_CURVE('',#3341,#3359,#3373,.T.);
#3373=LINE('',#3342,#3375);
#3375=VECTOR('',#3376,2.54);
#3376=DIRECTION('',(0.0,1.0,0.0));
#3367=ORIENTED_EDGE('',*,*,#3368,.F.);
#3377=STYLED_ITEM('',(#43),#3378);
#3378=ADVANCED_FACE('',(#3384),#3379,.T.);
#3379=PLANE('',#3380);
#3380=AXIS2_PLACEMENT_3D('',#3381,#3382,#3383);
#3381=CARTESIAN_POINT('',(0.0,-2.381,8.001));
#3382=DIRECTION('',(-0.881,0.0,0.472));
#3383=DIRECTION('',(0.,0.,1.));
#3384=FACE_OUTER_BOUND('',#3385,.T.);
#3385=EDGE_LOOP('',(#3386,#3396,#3406,#3416));
#3391=CARTESIAN_POINT('',(0.0,-2.381,8.001));
#3390=VERTEX_POINT('',#3391);
#3387=EDGE_CURVE('',#3341,#3390,#3392,.T.);
#3392=LINE('',#3342,#3394);
#3394=VECTOR('',#3395,1.02094469816788);
#3395=DIRECTION('',(-0.466,0.155,-0.871));
#3386=ORIENTED_EDGE('',*,*,#3387,.F.);
#3396=ORIENTED_EDGE('',*,*,#3368,.T.);
#3409=CARTESIAN_POINT('',(0.0,-0.159,8.001));
#3408=VERTEX_POINT('',#3409);
#3407=EDGE_CURVE('',#3408,#3359,#3412,.T.);
#3412=LINE('',#3409,#3414);
#3414=VECTOR('',#3415,1.02094469816788);
#3415=DIRECTION('',(0.466,0.155,0.871));
#3406=ORIENTED_EDGE('',*,*,#3407,.F.);
#3417=EDGE_CURVE('',#3390,#3408,#3422,.T.);
#3422=LINE('',#3391,#3424);
#3424=VECTOR('',#3425,2.2224873);
#3425=DIRECTION('',(0.0,1.0,0.0));
#3416=ORIENTED_EDGE('',*,*,#3417,.F.);
#3426=STYLED_ITEM('',(#43),#3427);
#3427=ADVANCED_FACE('',(#3433),#3428,.T.);
#3428=PLANE('',#3429);
#3429=AXIS2_PLACEMENT_3D('',#3430,#3431,#3432);
#3430=CARTESIAN_POINT('',(2.54,-0.159,2.223));
#3431=DIRECTION('',(0.316,0.949,0.0));
#3432=DIRECTION('',(0.,0.,1.));
#3433=FACE_OUTER_BOUND('',#3434,.T.);
#3434=EDGE_LOOP('',(#3435,#3445,#3455,#3465));
#3438=CARTESIAN_POINT('',(2.064,0.0,0.0));
#3437=VERTEX_POINT('',#3438);
#3436=EDGE_CURVE('',#3437,#2947,#3441,.T.);
#3441=LINE('',#3438,#3443);
#3443=VECTOR('',#3444,2.27848406119529);
#3444=DIRECTION('',(0.209,-0.07,0.975));
#3435=ORIENTED_EDGE('',*,*,#3436,.F.);
#3446=EDGE_CURVE('',#3300,#3437,#3451,.T.);
#3451=LINE('',#3301,#3453);
#3453=VECTOR('',#3454,8.8899746);
#3454=DIRECTION('',(0.0,0.0,-1.0));
#3445=ORIENTED_EDGE('',*,*,#3446,.F.);
#3455=ORIENTED_EDGE('',*,*,#3299,.T.);
#3465=ORIENTED_EDGE('',*,*,#2956,.T.);
#3475=STYLED_ITEM('',(#43),#3476);
#3476=ADVANCED_FACE('',(#3482),#3477,.T.);
#3477=PLANE('',#3478);
#3478=AXIS2_PLACEMENT_3D('',#3479,#3480,#3481);
#3479=CARTESIAN_POINT('',(2.064,0.0,0.0));
#3480=DIRECTION('',(0.0,1.0,0.0));
#3481=DIRECTION('',(0.,0.,1.));
#3482=FACE_OUTER_BOUND('',#3483,.T.);
#3483=EDGE_LOOP('',(#3484,#3494,#3504,#3514));
#3487=CARTESIAN_POINT('',(0.476,0.0,0.0));
#3486=VERTEX_POINT('',#3487);
#3485=EDGE_CURVE('',#3486,#3437,#3490,.T.);
#3490=LINE('',#3487,#3492);
#3492=VECTOR('',#3493,1.5875127);
#3493=DIRECTION('',(1.0,0.0,0.0));
#3484=ORIENTED_EDGE('',*,*,#3485,.F.);
#3495=EDGE_CURVE('',#3359,#3486,#3500,.T.);
#3500=LINE('',#3360,#3502);
#3502=VECTOR('',#3503,8.8899746);
#3503=DIRECTION('',(0.0,0.0,-1.0));
#3494=ORIENTED_EDGE('',*,*,#3495,.F.);
#3504=ORIENTED_EDGE('',*,*,#3358,.T.);
#3514=ORIENTED_EDGE('',*,*,#3446,.T.);
#3524=STYLED_ITEM('',(#43),#3525);
#3525=ADVANCED_FACE('',(#3531),#3526,.T.);
#3526=PLANE('',#3527);
#3527=AXIS2_PLACEMENT_3D('',#3528,#3529,#3530);
#3528=CARTESIAN_POINT('',(0.476,0.0,0.0));
#3529=DIRECTION('',(-0.316,0.949,0.0));
#3530=DIRECTION('',(0.,0.,1.));
#3531=FACE_OUTER_BOUND('',#3532,.T.);
#3532=EDGE_LOOP('',(#3533,#3543,#3553,#3563));
#3536=CARTESIAN_POINT('',(0.0,-0.159,2.223));
#3535=VERTEX_POINT('',#3536);
#3534=EDGE_CURVE('',#3535,#3486,#3539,.T.);
#3539=LINE('',#3536,#3541);
#3541=VECTOR('',#3542,2.27848406119529);
#3542=DIRECTION('',(0.209,0.07,-0.975));
#3533=ORIENTED_EDGE('',*,*,#3534,.F.);
#3544=EDGE_CURVE('',#3408,#3535,#3549,.T.);
#3549=LINE('',#3409,#3551);
#3551=VECTOR('',#3552,5.77848349);
#3552=DIRECTION('',(0.0,0.0,-1.0));
#3543=ORIENTED_EDGE('',*,*,#3544,.F.);
#3553=ORIENTED_EDGE('',*,*,#3407,.T.);
#3563=ORIENTED_EDGE('',*,*,#3495,.T.);
#3573=STYLED_ITEM('',(#43),#3574);
#3574=ADVANCED_FACE('',(#3580),#3575,.T.);
#3575=PLANE('',#3576);
#3576=AXIS2_PLACEMENT_3D('',#3577,#3578,#3579);
#3577=CARTESIAN_POINT('',(0.0,-2.381,2.223));
#3578=DIRECTION('',(-0.316,-0.949,0.0));
#3579=DIRECTION('',(0.,0.,1.));
#3580=FACE_OUTER_BOUND('',#3581,.T.);
#3581=EDGE_LOOP('',(#3582,#3592,#3602,#3612));
#3585=CARTESIAN_POINT('',(0.476,-2.54,0.0));
#3584=VERTEX_POINT('',#3585);
#3587=CARTESIAN_POINT('',(0.0,-2.381,2.223));
#3586=VERTEX_POINT('',#3587);
#3583=EDGE_CURVE('',#3584,#3586,#3588,.T.);
#3588=LINE('',#3585,#3590);
#3590=VECTOR('',#3591,2.27848406119529);
#3591=DIRECTION('',(-0.209,0.07,0.975));
#3582=ORIENTED_EDGE('',*,*,#3583,.F.);
#3593=EDGE_CURVE('',#3341,#3584,#3598,.T.);
#3598=LINE('',#3342,#3600);
#3600=VECTOR('',#3601,8.8899746);
#3601=DIRECTION('',(0.0,0.0,-1.0));
#3592=ORIENTED_EDGE('',*,*,#3593,.F.);
#3602=ORIENTED_EDGE('',*,*,#3387,.T.);
#3613=EDGE_CURVE('',#3586,#3390,#3618,.T.);
#3618=LINE('',#3587,#3620);
#3620=VECTOR('',#3621,5.77848349);
#3621=DIRECTION('',(0.0,0.0,1.0));
#3612=ORIENTED_EDGE('',*,*,#3613,.F.);
#3622=STYLED_ITEM('',(#43),#3623);
#3623=ADVANCED_FACE('',(#3629),#3624,.T.);
#3624=PLANE('',#3625);
#3625=AXIS2_PLACEMENT_3D('',#3626,#3627,#3628);
#3626=CARTESIAN_POINT('',(0.476,-2.54,0.0));
#3627=DIRECTION('',(0.0,-1.0,0.0));
#3628=DIRECTION('',(0.,0.,1.));
#3629=FACE_OUTER_BOUND('',#3630,.T.);
#3630=EDGE_LOOP('',(#3631,#3641,#3651,#3661));
#3634=CARTESIAN_POINT('',(2.064,-2.54,0.0));
#3633=VERTEX_POINT('',#3634);
#3632=EDGE_CURVE('',#3633,#3584,#3637,.T.);
#3637=LINE('',#3634,#3639);
#3639=VECTOR('',#3640,1.5875127);
#3640=DIRECTION('',(-1.0,0.0,0.0));
#3631=ORIENTED_EDGE('',*,*,#3632,.F.);
#3642=EDGE_CURVE('',#3310,#3633,#3647,.T.);
#3647=LINE('',#3311,#3649);
#3649=VECTOR('',#3650,8.8899746);
#3650=DIRECTION('',(0.0,0.0,-1.0));
#3641=ORIENTED_EDGE('',*,*,#3642,.F.);
#3651=ORIENTED_EDGE('',*,*,#3338,.T.);
#3661=ORIENTED_EDGE('',*,*,#3593,.T.);
#3671=STYLED_ITEM('',(#43),#3672);
#3672=ADVANCED_FACE('',(#3678),#3673,.T.);
#3673=PLANE('',#3674);
#3674=AXIS2_PLACEMENT_3D('',#3675,#3676,#3677);
#3675=CARTESIAN_POINT('',(2.064,-2.54,0.0));
#3676=DIRECTION('',(0.316,-0.949,0.0));
#3677=DIRECTION('',(0.,0.,1.));
#3678=FACE_OUTER_BOUND('',#3679,.T.);
#3679=EDGE_LOOP('',(#3680,#3690,#3700,#3710));
#3681=EDGE_CURVE('',#2998,#3633,#3686,.T.);
#3686=LINE('',#2999,#3688);
#3688=VECTOR('',#3689,2.27848406119529);
#3689=DIRECTION('',(-0.209,-0.07,-0.975));
#3680=ORIENTED_EDGE('',*,*,#3681,.F.);
#3690=ORIENTED_EDGE('',*,*,#3025,.T.);
#3700=ORIENTED_EDGE('',*,*,#3319,.T.);
#3710=ORIENTED_EDGE('',*,*,#3642,.T.);
#3720=STYLED_ITEM('',(#43),#3721);
#3721=ADVANCED_FACE('',(#3727),#3722,.T.);
#3722=PLANE('',#3723);
#3723=AXIS2_PLACEMENT_3D('',#3724,#3725,#3726);
#3724=CARTESIAN_POINT('',(2.064,-2.54,0.0));
#3725=DIRECTION('',(0.978,0.0,-0.21));
#3726=DIRECTION('',(0.,0.,1.));
#3727=FACE_OUTER_BOUND('',#3728,.T.);
#3728=EDGE_LOOP('',(#3729,#3739,#3749,#3759));
#3730=EDGE_CURVE('',#3437,#3633,#3735,.T.);
#3735=LINE('',#3438,#3737);
#3737=VECTOR('',#3738,2.54);
#3738=DIRECTION('',(0.0,-1.0,0.0));
#3729=ORIENTED_EDGE('',*,*,#3730,.F.);
#3739=ORIENTED_EDGE('',*,*,#3436,.T.);
#3749=ORIENTED_EDGE('',*,*,#3260,.T.);
#3759=ORIENTED_EDGE('',*,*,#3681,.T.);
#3769=STYLED_ITEM('',(#43),#3770);
#3770=ADVANCED_FACE('',(#3776),#3771,.T.);
#3771=PLANE('',#3772);
#3772=AXIS2_PLACEMENT_3D('',#3773,#3774,#3775);
#3773=CARTESIAN_POINT('',(0.476,-2.54,0.0));
#3774=DIRECTION('',(0.0,0.0,-1.0));
#3775=DIRECTION('',(0.,1.,0.));
#3776=FACE_OUTER_BOUND('',#3777,.T.);
#3777=EDGE_LOOP('',(#3778,#3788,#3798,#3808));
#3779=EDGE_CURVE('',#3486,#3584,#3784,.T.);
#3784=LINE('',#3487,#3786);
#3786=VECTOR('',#3787,2.54);
#3787=DIRECTION('',(0.0,-1.0,0.0));
#3778=ORIENTED_EDGE('',*,*,#3779,.F.);
#3788=ORIENTED_EDGE('',*,*,#3485,.T.);
#3798=ORIENTED_EDGE('',*,*,#3730,.T.);
#3808=ORIENTED_EDGE('',*,*,#3632,.T.);
#3818=STYLED_ITEM('',(#43),#3819);
#3819=ADVANCED_FACE('',(#3825),#3820,.T.);
#3820=PLANE('',#3821);
#3821=AXIS2_PLACEMENT_3D('',#3822,#3823,#3824);
#3822=CARTESIAN_POINT('',(0.0,-2.381,2.223));
#3823=DIRECTION('',(-0.978,0.0,-0.21));
#3824=DIRECTION('',(0.,0.,1.));
#3825=FACE_OUTER_BOUND('',#3826,.T.);
#3826=EDGE_LOOP('',(#3827,#3837,#3847,#3857));
#3828=EDGE_CURVE('',#3535,#3586,#3833,.T.);
#3833=LINE('',#3536,#3835);
#3835=VECTOR('',#3836,2.2224873);
#3836=DIRECTION('',(0.0,-1.0,0.0));
#3827=ORIENTED_EDGE('',*,*,#3828,.F.);
#3837=ORIENTED_EDGE('',*,*,#3534,.T.);
#3847=ORIENTED_EDGE('',*,*,#3779,.T.);
#3857=ORIENTED_EDGE('',*,*,#3583,.T.);
#3867=STYLED_ITEM('',(#43),#3868);
#3868=ADVANCED_FACE('',(#3874),#3869,.T.);
#3869=PLANE('',#3870);
#3870=AXIS2_PLACEMENT_3D('',#3871,#3872,#3873);
#3871=CARTESIAN_POINT('',(0.0,-2.381,8.001));
#3872=DIRECTION('',(0.881,0.0,0.472));
#3873=DIRECTION('',(0.,0.,1.));
#3874=FACE_OUTER_BOUND('',#3875,.T.);
#3875=EDGE_LOOP('',(#3876,#3886,#3896,#3906));
#3876=ORIENTED_EDGE('',*,*,#3417,.T.);
#3889=CARTESIAN_POINT('',(-0.476,0.0,8.89));
#3888=VERTEX_POINT('',#3889);
#3887=EDGE_CURVE('',#3888,#3408,#3892,.T.);
#3892=LINE('',#3889,#3894);
#3894=VECTOR('',#3895,1.02094469816788);
#3895=DIRECTION('',(0.466,-0.155,-0.871));
#3886=ORIENTED_EDGE('',*,*,#3887,.F.);
#3899=CARTESIAN_POINT('',(-0.476,-2.54,8.89));
#3898=VERTEX_POINT('',#3899);
#3897=EDGE_CURVE('',#3898,#3888,#3902,.T.);
#3902=LINE('',#3899,#3904);
#3904=VECTOR('',#3905,2.54);
#3905=DIRECTION('',(0.0,1.0,0.0));
#3896=ORIENTED_EDGE('',*,*,#3897,.F.);
#3907=EDGE_CURVE('',#3390,#3898,#3912,.T.);
#3912=LINE('',#3391,#3914);
#3914=VECTOR('',#3915,1.02094469816788);
#3915=DIRECTION('',(-0.466,-0.155,0.871));
#3906=ORIENTED_EDGE('',*,*,#3907,.F.);
#3916=STYLED_ITEM('',(#43),#3917);
#3917=ADVANCED_FACE('',(#3923),#3918,.T.);
#3918=PLANE('',#3919);
#3919=AXIS2_PLACEMENT_3D('',#3920,#3921,#3922);
#3920=CARTESIAN_POINT('',(-2.064,-2.54,8.89));
#3921=DIRECTION('',(0.0,0.0,1.0));
#3922=DIRECTION('',(0.,1.,0.));
#3923=FACE_OUTER_BOUND('',#3924,.T.);
#3924=EDGE_LOOP('',(#3925,#3935,#3945,#3955));
#3930=CARTESIAN_POINT('',(-2.064,-2.54,8.89));
#3929=VERTEX_POINT('',#3930);
#3926=EDGE_CURVE('',#3898,#3929,#3931,.T.);
#3931=LINE('',#3899,#3933);
#3933=VECTOR('',#3934,1.5875127);
#3934=DIRECTION('',(-1.0,0.0,0.0));
#3925=ORIENTED_EDGE('',*,*,#3926,.F.);
#3935=ORIENTED_EDGE('',*,*,#3897,.T.);
#3948=CARTESIAN_POINT('',(-2.064,0.0,8.89));
#3947=VERTEX_POINT('',#3948);
#3946=EDGE_CURVE('',#3947,#3888,#3951,.T.);
#3951=LINE('',#3948,#3953);
#3953=VECTOR('',#3954,1.5875127);
#3954=DIRECTION('',(1.0,0.0,0.0));
#3945=ORIENTED_EDGE('',*,*,#3946,.F.);
#3956=EDGE_CURVE('',#3929,#3947,#3961,.T.);
#3961=LINE('',#3930,#3963);
#3963=VECTOR('',#3964,2.54);
#3964=DIRECTION('',(0.0,1.0,0.0));
#3955=ORIENTED_EDGE('',*,*,#3956,.F.);
#3965=STYLED_ITEM('',(#43),#3966);
#3966=ADVANCED_FACE('',(#3972),#3967,.T.);
#3967=PLANE('',#3968);
#3968=AXIS2_PLACEMENT_3D('',#3969,#3970,#3971);
#3969=CARTESIAN_POINT('',(-2.54,-2.381,8.001));
#3970=DIRECTION('',(-0.881,0.0,0.472));
#3971=DIRECTION('',(0.,0.,1.));
#3972=FACE_OUTER_BOUND('',#3973,.T.);
#3973=EDGE_LOOP('',(#3974,#3984,#3994,#4004));
#3979=CARTESIAN_POINT('',(-2.54,-2.381,8.001));
#3978=VERTEX_POINT('',#3979);
#3975=EDGE_CURVE('',#3929,#3978,#3980,.T.);
#3980=LINE('',#3930,#3982);
#3982=VECTOR('',#3983,1.02094469816788);
#3983=DIRECTION('',(-0.466,0.155,-0.871));
#3974=ORIENTED_EDGE('',*,*,#3975,.F.);
#3984=ORIENTED_EDGE('',*,*,#3956,.T.);
#3997=CARTESIAN_POINT('',(-2.54,-0.159,8.001));
#3996=VERTEX_POINT('',#3997);
#3995=EDGE_CURVE('',#3996,#3947,#4000,.T.);
#4000=LINE('',#3997,#4002);
#4002=VECTOR('',#4003,1.02094469816788);
#4003=DIRECTION('',(0.466,0.155,0.871));
#3994=ORIENTED_EDGE('',*,*,#3995,.F.);
#4005=EDGE_CURVE('',#3978,#3996,#4010,.T.);
#4010=LINE('',#3979,#4012);
#4012=VECTOR('',#4013,2.2224873);
#4013=DIRECTION('',(0.0,1.0,0.0));
#4004=ORIENTED_EDGE('',*,*,#4005,.F.);
#4014=STYLED_ITEM('',(#43),#4015);
#4015=ADVANCED_FACE('',(#4021),#4016,.T.);
#4016=PLANE('',#4017);
#4017=AXIS2_PLACEMENT_3D('',#4018,#4019,#4020);
#4018=CARTESIAN_POINT('',(0.0,-0.159,2.223));
#4019=DIRECTION('',(0.316,0.949,0.0));
#4020=DIRECTION('',(0.,0.,1.));
#4021=FACE_OUTER_BOUND('',#4022,.T.);
#4022=EDGE_LOOP('',(#4023,#4033,#4043,#4053));
#4026=CARTESIAN_POINT('',(-0.476,0.0,0.0));
#4025=VERTEX_POINT('',#4026);
#4024=EDGE_CURVE('',#4025,#3535,#4029,.T.);
#4029=LINE('',#4026,#4031);
#4031=VECTOR('',#4032,2.27848406119529);
#4032=DIRECTION('',(0.209,-0.07,0.975));
#4023=ORIENTED_EDGE('',*,*,#4024,.F.);
#4034=EDGE_CURVE('',#3888,#4025,#4039,.T.);
#4039=LINE('',#3889,#4041);
#4041=VECTOR('',#4042,8.8899746);
#4042=DIRECTION('',(0.0,0.0,-1.0));
#4033=ORIENTED_EDGE('',*,*,#4034,.F.);
#4043=ORIENTED_EDGE('',*,*,#3887,.T.);
#4053=ORIENTED_EDGE('',*,*,#3544,.T.);
#4063=STYLED_ITEM('',(#43),#4064);
#4064=ADVANCED_FACE('',(#4070),#4065,.T.);
#4065=PLANE('',#4066);
#4066=AXIS2_PLACEMENT_3D('',#4067,#4068,#4069);
#4067=CARTESIAN_POINT('',(-0.476,0.0,0.0));
#4068=DIRECTION('',(0.0,1.0,0.0));
#4069=DIRECTION('',(0.,0.,1.));
#4070=FACE_OUTER_BOUND('',#4071,.T.);
#4071=EDGE_LOOP('',(#4072,#4082,#4092,#4102));
#4075=CARTESIAN_POINT('',(-2.064,0.0,0.0));
#4074=VERTEX_POINT('',#4075);
#4073=EDGE_CURVE('',#4074,#4025,#4078,.T.);
#4078=LINE('',#4075,#4080);
#4080=VECTOR('',#4081,1.5875127);
#4081=DIRECTION('',(1.0,0.0,0.0));
#4072=ORIENTED_EDGE('',*,*,#4073,.F.);
#4083=EDGE_CURVE('',#3947,#4074,#4088,.T.);
#4088=LINE('',#3948,#4090);
#4090=VECTOR('',#4091,8.8899746);
#4091=DIRECTION('',(0.0,0.0,-1.0));
#4082=ORIENTED_EDGE('',*,*,#4083,.F.);
#4092=ORIENTED_EDGE('',*,*,#3946,.T.);
#4102=ORIENTED_EDGE('',*,*,#4034,.T.);
#4112=STYLED_ITEM('',(#43),#4113);
#4113=ADVANCED_FACE('',(#4119),#4114,.T.);
#4114=PLANE('',#4115);
#4115=AXIS2_PLACEMENT_3D('',#4116,#4117,#4118);
#4116=CARTESIAN_POINT('',(-2.064,0.0,0.0));
#4117=DIRECTION('',(-0.316,0.949,0.0));
#4118=DIRECTION('',(0.,0.,1.));
#4119=FACE_OUTER_BOUND('',#4120,.T.);
#4120=EDGE_LOOP('',(#4121,#4131,#4141,#4151));
#4124=CARTESIAN_POINT('',(-2.54,-0.159,2.223));
#4123=VERTEX_POINT('',#4124);
#4122=EDGE_CURVE('',#4123,#4074,#4127,.T.);
#4127=LINE('',#4124,#4129);
#4129=VECTOR('',#4130,2.27848406119529);
#4130=DIRECTION('',(0.209,0.07,-0.975));
#4121=ORIENTED_EDGE('',*,*,#4122,.F.);
#4132=EDGE_CURVE('',#3996,#4123,#4137,.T.);
#4137=LINE('',#3997,#4139);
#4139=VECTOR('',#4140,5.77848349);
#4140=DIRECTION('',(0.0,0.0,-1.0));
#4131=ORIENTED_EDGE('',*,*,#4132,.F.);
#4141=ORIENTED_EDGE('',*,*,#3995,.T.);
#4151=ORIENTED_EDGE('',*,*,#4083,.T.);
#4161=STYLED_ITEM('',(#43),#4162);
#4162=ADVANCED_FACE('',(#4168),#4163,.T.);
#4163=PLANE('',#4164);
#4164=AXIS2_PLACEMENT_3D('',#4165,#4166,#4167);
#4165=CARTESIAN_POINT('',(-2.54,-2.381,2.223));
#4166=DIRECTION('',(-0.316,-0.949,0.0));
#4167=DIRECTION('',(0.,0.,1.));
#4168=FACE_OUTER_BOUND('',#4169,.T.);
#4169=EDGE_LOOP('',(#4170,#4180,#4190,#4200));
#4173=CARTESIAN_POINT('',(-2.064,-2.54,0.0));
#4172=VERTEX_POINT('',#4173);
#4175=CARTESIAN_POINT('',(-2.54,-2.381,2.223));
#4174=VERTEX_POINT('',#4175);
#4171=EDGE_CURVE('',#4172,#4174,#4176,.T.);
#4176=LINE('',#4173,#4178);
#4178=VECTOR('',#4179,2.27848406119529);
#4179=DIRECTION('',(-0.209,0.07,0.975));
#4170=ORIENTED_EDGE('',*,*,#4171,.F.);
#4181=EDGE_CURVE('',#3929,#4172,#4186,.T.);
#4186=LINE('',#3930,#4188);
#4188=VECTOR('',#4189,8.8899746);
#4189=DIRECTION('',(0.0,0.0,-1.0));
#4180=ORIENTED_EDGE('',*,*,#4181,.F.);
#4190=ORIENTED_EDGE('',*,*,#3975,.T.);
#4201=EDGE_CURVE('',#4174,#3978,#4206,.T.);
#4206=LINE('',#4175,#4208);
#4208=VECTOR('',#4209,5.77848349);
#4209=DIRECTION('',(0.0,0.0,1.0));
#4200=ORIENTED_EDGE('',*,*,#4201,.F.);
#4210=STYLED_ITEM('',(#43),#4211);
#4211=ADVANCED_FACE('',(#4217),#4212,.T.);
#4212=PLANE('',#4213);
#4213=AXIS2_PLACEMENT_3D('',#4214,#4215,#4216);
#4214=CARTESIAN_POINT('',(-2.064,-2.54,0.0));
#4215=DIRECTION('',(0.0,-1.0,0.0));
#4216=DIRECTION('',(0.,0.,1.));
#4217=FACE_OUTER_BOUND('',#4218,.T.);
#4218=EDGE_LOOP('',(#4219,#4229,#4239,#4249));
#4222=CARTESIAN_POINT('',(-0.476,-2.54,0.0));
#4221=VERTEX_POINT('',#4222);
#4220=EDGE_CURVE('',#4221,#4172,#4225,.T.);
#4225=LINE('',#4222,#4227);
#4227=VECTOR('',#4228,1.5875127);
#4228=DIRECTION('',(-1.0,0.0,0.0));
#4219=ORIENTED_EDGE('',*,*,#4220,.F.);
#4230=EDGE_CURVE('',#3898,#4221,#4235,.T.);
#4235=LINE('',#3899,#4237);
#4237=VECTOR('',#4238,8.8899746);
#4238=DIRECTION('',(0.0,0.0,-1.0));
#4229=ORIENTED_EDGE('',*,*,#4230,.F.);
#4239=ORIENTED_EDGE('',*,*,#3926,.T.);
#4249=ORIENTED_EDGE('',*,*,#4181,.T.);
#4259=STYLED_ITEM('',(#43),#4260);
#4260=ADVANCED_FACE('',(#4266),#4261,.T.);
#4261=PLANE('',#4262);
#4262=AXIS2_PLACEMENT_3D('',#4263,#4264,#4265);
#4263=CARTESIAN_POINT('',(-0.476,-2.54,0.0));
#4264=DIRECTION('',(0.316,-0.949,0.0));
#4265=DIRECTION('',(0.,0.,1.));
#4266=FACE_OUTER_BOUND('',#4267,.T.);
#4267=EDGE_LOOP('',(#4268,#4278,#4288,#4298));
#4269=EDGE_CURVE('',#3586,#4221,#4274,.T.);
#4274=LINE('',#3587,#4276);
#4276=VECTOR('',#4277,2.27848406119529);
#4277=DIRECTION('',(-0.209,-0.07,-0.975));
#4268=ORIENTED_EDGE('',*,*,#4269,.F.);
#4278=ORIENTED_EDGE('',*,*,#3613,.T.);
#4288=ORIENTED_EDGE('',*,*,#3907,.T.);
#4298=ORIENTED_EDGE('',*,*,#4230,.T.);
#4308=STYLED_ITEM('',(#43),#4309);
#4309=ADVANCED_FACE('',(#4315),#4310,.T.);
#4310=PLANE('',#4311);
#4311=AXIS2_PLACEMENT_3D('',#4312,#4313,#4314);
#4312=CARTESIAN_POINT('',(-0.476,-2.54,0.0));
#4313=DIRECTION('',(0.978,0.0,-0.21));
#4314=DIRECTION('',(0.,0.,1.));
#4315=FACE_OUTER_BOUND('',#4316,.T.);
#4316=EDGE_LOOP('',(#4317,#4327,#4337,#4347));
#4318=EDGE_CURVE('',#4025,#4221,#4323,.T.);
#4323=LINE('',#4026,#4325);
#4325=VECTOR('',#4326,2.54);
#4326=DIRECTION('',(0.0,-1.0,0.0));
#4317=ORIENTED_EDGE('',*,*,#4318,.F.);
#4327=ORIENTED_EDGE('',*,*,#4024,.T.);
#4337=ORIENTED_EDGE('',*,*,#3828,.T.);
#4347=ORIENTED_EDGE('',*,*,#4269,.T.);
#4357=STYLED_ITEM('',(#43),#4358);
#4358=ADVANCED_FACE('',(#4364),#4359,.T.);
#4359=PLANE('',#4360);
#4360=AXIS2_PLACEMENT_3D('',#4361,#4362,#4363);
#4361=CARTESIAN_POINT('',(-2.064,0.0,0.0));
#4362=DIRECTION('',(0.0,0.0,-1.0));
#4363=DIRECTION('',(0.,1.,0.));
#4364=FACE_OUTER_BOUND('',#4365,.T.);
#4365=EDGE_LOOP('',(#4366,#4376,#4386,#4396));
#4366=ORIENTED_EDGE('',*,*,#4073,.T.);
#4376=ORIENTED_EDGE('',*,*,#4318,.T.);
#4386=ORIENTED_EDGE('',*,*,#4220,.T.);
#4397=EDGE_CURVE('',#4074,#4172,#4402,.T.);
#4402=LINE('',#4075,#4404);
#4404=VECTOR('',#4405,2.54);
#4405=DIRECTION('',(0.0,-1.0,0.0));
#4396=ORIENTED_EDGE('',*,*,#4397,.F.);
#4406=STYLED_ITEM('',(#43),#4407);
#4407=ADVANCED_FACE('',(#4413),#4408,.T.);
#4408=PLANE('',#4409);
#4409=AXIS2_PLACEMENT_3D('',#4410,#4411,#4412);
#4410=CARTESIAN_POINT('',(-2.064,0.0,0.0));
#4411=DIRECTION('',(-0.978,0.0,-0.21));
#4412=DIRECTION('',(0.,0.,1.));
#4413=FACE_OUTER_BOUND('',#4414,.T.);
#4414=EDGE_LOOP('',(#4415,#4425,#4435,#4445));
#4415=ORIENTED_EDGE('',*,*,#4397,.T.);
#4425=ORIENTED_EDGE('',*,*,#4171,.T.);
#4436=EDGE_CURVE('',#4123,#4174,#4441,.T.);
#4441=LINE('',#4124,#4443);
#4443=VECTOR('',#4444,2.2224873);
#4444=DIRECTION('',(0.0,-1.0,0.0));
#4435=ORIENTED_EDGE('',*,*,#4436,.F.);
#4445=ORIENTED_EDGE('',*,*,#4122,.T.);
#4455=STYLED_ITEM('',(#43),#4456);
#4456=ADVANCED_FACE('',(#4462),#4457,.T.);
#4457=PLANE('',#4458);
#4458=AXIS2_PLACEMENT_3D('',#4459,#4460,#4461);
#4459=CARTESIAN_POINT('',(-2.54,-2.381,8.001));
#4460=DIRECTION('',(0.881,0.0,0.472));
#4461=DIRECTION('',(0.,0.,1.));
#4462=FACE_OUTER_BOUND('',#4463,.T.);
#4463=EDGE_LOOP('',(#4464,#4474,#4484,#4494));
#4464=ORIENTED_EDGE('',*,*,#4005,.T.);
#4477=CARTESIAN_POINT('',(-3.016,0.0,8.89));
#4476=VERTEX_POINT('',#4477);
#4475=EDGE_CURVE('',#4476,#3996,#4480,.T.);
#4480=LINE('',#4477,#4482);
#4482=VECTOR('',#4483,1.02094469816788);
#4483=DIRECTION('',(0.466,-0.155,-0.871));
#4474=ORIENTED_EDGE('',*,*,#4475,.F.);
#4487=CARTESIAN_POINT('',(-3.016,-2.54,8.89));
#4486=VERTEX_POINT('',#4487);
#4485=EDGE_CURVE('',#4486,#4476,#4490,.T.);
#4490=LINE('',#4487,#4492);
#4492=VECTOR('',#4493,2.54);
#4493=DIRECTION('',(0.0,1.0,0.0));
#4484=ORIENTED_EDGE('',*,*,#4485,.F.);
#4495=EDGE_CURVE('',#3978,#4486,#4500,.T.);
#4500=LINE('',#3979,#4502);
#4502=VECTOR('',#4503,1.02094469816788);
#4503=DIRECTION('',(-0.466,-0.155,0.871));
#4494=ORIENTED_EDGE('',*,*,#4495,.F.);
#4504=STYLED_ITEM('',(#43),#4505);
#4505=ADVANCED_FACE('',(#4511),#4506,.T.);
#4506=PLANE('',#4507);
#4507=AXIS2_PLACEMENT_3D('',#4508,#4509,#4510);
#4508=CARTESIAN_POINT('',(-4.604,-2.54,8.89));
#4509=DIRECTION('',(0.0,0.0,1.0));
#4510=DIRECTION('',(0.,1.,0.));
#4511=FACE_OUTER_BOUND('',#4512,.T.);
#4512=EDGE_LOOP('',(#4513,#4523,#4533,#4543));
#4518=CARTESIAN_POINT('',(-4.604,-2.54,8.89));
#4517=VERTEX_POINT('',#4518);
#4514=EDGE_CURVE('',#4486,#4517,#4519,.T.);
#4519=LINE('',#4487,#4521);
#4521=VECTOR('',#4522,1.5875127);
#4522=DIRECTION('',(-1.0,0.0,0.0));
#4513=ORIENTED_EDGE('',*,*,#4514,.F.);
#4523=ORIENTED_EDGE('',*,*,#4485,.T.);
#4536=CARTESIAN_POINT('',(-4.604,0.0,8.89));
#4535=VERTEX_POINT('',#4536);
#4534=EDGE_CURVE('',#4535,#4476,#4539,.T.);
#4539=LINE('',#4536,#4541);
#4541=VECTOR('',#4542,1.5875127);
#4542=DIRECTION('',(1.0,0.0,0.0));
#4533=ORIENTED_EDGE('',*,*,#4534,.F.);
#4544=EDGE_CURVE('',#4517,#4535,#4549,.T.);
#4549=LINE('',#4518,#4551);
#4551=VECTOR('',#4552,2.54);
#4552=DIRECTION('',(0.0,1.0,0.0));
#4543=ORIENTED_EDGE('',*,*,#4544,.F.);
#4553=STYLED_ITEM('',(#43),#4554);
#4554=ADVANCED_FACE('',(#4560),#4555,.T.);
#4555=PLANE('',#4556);
#4556=AXIS2_PLACEMENT_3D('',#4557,#4558,#4559);
#4557=CARTESIAN_POINT('',(-5.08,-2.381,8.001));
#4558=DIRECTION('',(-0.881,0.0,0.472));
#4559=DIRECTION('',(0.,0.,1.));
#4560=FACE_OUTER_BOUND('',#4561,.T.);
#4561=EDGE_LOOP('',(#4562,#4572,#4582,#4592));
#4567=CARTESIAN_POINT('',(-5.08,-2.381,8.001));
#4566=VERTEX_POINT('',#4567);
#4563=EDGE_CURVE('',#4517,#4566,#4568,.T.);
#4568=LINE('',#4518,#4570);
#4570=VECTOR('',#4571,1.02094469816788);
#4571=DIRECTION('',(-0.466,0.155,-0.871));
#4562=ORIENTED_EDGE('',*,*,#4563,.F.);
#4572=ORIENTED_EDGE('',*,*,#4544,.T.);
#4585=CARTESIAN_POINT('',(-5.08,-0.159,8.001));
#4584=VERTEX_POINT('',#4585);
#4583=EDGE_CURVE('',#4584,#4535,#4588,.T.);
#4588=LINE('',#4585,#4590);
#4590=VECTOR('',#4591,1.02094469816788);
#4591=DIRECTION('',(0.466,0.155,0.871));
#4582=ORIENTED_EDGE('',*,*,#4583,.F.);
#4593=EDGE_CURVE('',#4566,#4584,#4598,.T.);
#4598=LINE('',#4567,#4600);
#4600=VECTOR('',#4601,2.2224873);
#4601=DIRECTION('',(0.0,1.0,0.0));
#4592=ORIENTED_EDGE('',*,*,#4593,.F.);
#4602=STYLED_ITEM('',(#43),#4603);
#4603=ADVANCED_FACE('',(#4609),#4604,.T.);
#4604=PLANE('',#4605);
#4605=AXIS2_PLACEMENT_3D('',#4606,#4607,#4608);
#4606=CARTESIAN_POINT('',(-2.54,-0.159,2.223));
#4607=DIRECTION('',(0.316,0.949,0.0));
#4608=DIRECTION('',(0.,0.,1.));
#4609=FACE_OUTER_BOUND('',#4610,.T.);
#4610=EDGE_LOOP('',(#4611,#4621,#4631,#4641));
#4614=CARTESIAN_POINT('',(-3.016,0.0,0.0));
#4613=VERTEX_POINT('',#4614);
#4612=EDGE_CURVE('',#4613,#4123,#4617,.T.);
#4617=LINE('',#4614,#4619);
#4619=VECTOR('',#4620,2.27848406119529);
#4620=DIRECTION('',(0.209,-0.07,0.975));
#4611=ORIENTED_EDGE('',*,*,#4612,.F.);
#4622=EDGE_CURVE('',#4476,#4613,#4627,.T.);
#4627=LINE('',#4477,#4629);
#4629=VECTOR('',#4630,8.8899746);
#4630=DIRECTION('',(0.0,0.0,-1.0));
#4621=ORIENTED_EDGE('',*,*,#4622,.F.);
#4631=ORIENTED_EDGE('',*,*,#4475,.T.);
#4641=ORIENTED_EDGE('',*,*,#4132,.T.);
#4651=STYLED_ITEM('',(#43),#4652);
#4652=ADVANCED_FACE('',(#4658),#4653,.T.);
#4653=PLANE('',#4654);
#4654=AXIS2_PLACEMENT_3D('',#4655,#4656,#4657);
#4655=CARTESIAN_POINT('',(-3.016,0.0,0.0));
#4656=DIRECTION('',(0.0,1.0,0.0));
#4657=DIRECTION('',(0.,0.,1.));
#4658=FACE_OUTER_BOUND('',#4659,.T.);
#4659=EDGE_LOOP('',(#4660,#4670,#4680,#4690));
#4663=CARTESIAN_POINT('',(-4.604,0.0,0.0));
#4662=VERTEX_POINT('',#4663);
#4661=EDGE_CURVE('',#4662,#4613,#4666,.T.);
#4666=LINE('',#4663,#4668);
#4668=VECTOR('',#4669,1.5875127);
#4669=DIRECTION('',(1.0,0.0,0.0));
#4660=ORIENTED_EDGE('',*,*,#4661,.F.);
#4671=EDGE_CURVE('',#4535,#4662,#4676,.T.);
#4676=LINE('',#4536,#4678);
#4678=VECTOR('',#4679,8.8899746);
#4679=DIRECTION('',(0.0,0.0,-1.0));
#4670=ORIENTED_EDGE('',*,*,#4671,.F.);
#4680=ORIENTED_EDGE('',*,*,#4534,.T.);
#4690=ORIENTED_EDGE('',*,*,#4622,.T.);
#4700=STYLED_ITEM('',(#43),#4701);
#4701=ADVANCED_FACE('',(#4707),#4702,.T.);
#4702=PLANE('',#4703);
#4703=AXIS2_PLACEMENT_3D('',#4704,#4705,#4706);
#4704=CARTESIAN_POINT('',(-4.604,0.0,0.0));
#4705=DIRECTION('',(-0.316,0.949,0.0));
#4706=DIRECTION('',(0.,0.,1.));
#4707=FACE_OUTER_BOUND('',#4708,.T.);
#4708=EDGE_LOOP('',(#4709,#4719,#4729,#4739));
#4712=CARTESIAN_POINT('',(-5.08,-0.159,2.223));
#4711=VERTEX_POINT('',#4712);
#4710=EDGE_CURVE('',#4711,#4662,#4715,.T.);
#4715=LINE('',#4712,#4717);
#4717=VECTOR('',#4718,2.27848406119529);
#4718=DIRECTION('',(0.209,0.07,-0.975));
#4709=ORIENTED_EDGE('',*,*,#4710,.F.);
#4720=EDGE_CURVE('',#4584,#4711,#4725,.T.);
#4725=LINE('',#4585,#4727);
#4727=VECTOR('',#4728,5.77848349);
#4728=DIRECTION('',(0.0,0.0,-1.0));
#4719=ORIENTED_EDGE('',*,*,#4720,.F.);
#4729=ORIENTED_EDGE('',*,*,#4583,.T.);
#4739=ORIENTED_EDGE('',*,*,#4671,.T.);
#4749=STYLED_ITEM('',(#43),#4750);
#4750=ADVANCED_FACE('',(#4756),#4751,.T.);
#4751=PLANE('',#4752);
#4752=AXIS2_PLACEMENT_3D('',#4753,#4754,#4755);
#4753=CARTESIAN_POINT('',(-5.08,-2.381,2.223));
#4754=DIRECTION('',(-0.316,-0.949,0.0));
#4755=DIRECTION('',(0.,0.,1.));
#4756=FACE_OUTER_BOUND('',#4757,.T.);
#4757=EDGE_LOOP('',(#4758,#4768,#4778,#4788));
#4761=CARTESIAN_POINT('',(-4.604,-2.54,0.0));
#4760=VERTEX_POINT('',#4761);
#4763=CARTESIAN_POINT('',(-5.08,-2.381,2.223));
#4762=VERTEX_POINT('',#4763);
#4759=EDGE_CURVE('',#4760,#4762,#4764,.T.);
#4764=LINE('',#4761,#4766);
#4766=VECTOR('',#4767,2.27848406119529);
#4767=DIRECTION('',(-0.209,0.07,0.975));
#4758=ORIENTED_EDGE('',*,*,#4759,.F.);
#4769=EDGE_CURVE('',#4517,#4760,#4774,.T.);
#4774=LINE('',#4518,#4776);
#4776=VECTOR('',#4777,8.8899746);
#4777=DIRECTION('',(0.0,0.0,-1.0));
#4768=ORIENTED_EDGE('',*,*,#4769,.F.);
#4778=ORIENTED_EDGE('',*,*,#4563,.T.);
#4789=EDGE_CURVE('',#4762,#4566,#4794,.T.);
#4794=LINE('',#4763,#4796);
#4796=VECTOR('',#4797,5.77848349);
#4797=DIRECTION('',(0.0,0.0,1.0));
#4788=ORIENTED_EDGE('',*,*,#4789,.F.);
#4798=STYLED_ITEM('',(#43),#4799);
#4799=ADVANCED_FACE('',(#4805),#4800,.T.);
#4800=PLANE('',#4801);
#4801=AXIS2_PLACEMENT_3D('',#4802,#4803,#4804);
#4802=CARTESIAN_POINT('',(-4.604,-2.54,0.0));
#4803=DIRECTION('',(0.0,-1.0,0.0));
#4804=DIRECTION('',(0.,0.,1.));
#4805=FACE_OUTER_BOUND('',#4806,.T.);
#4806=EDGE_LOOP('',(#4807,#4817,#4827,#4837));
#4810=CARTESIAN_POINT('',(-3.016,-2.54,0.0));
#4809=VERTEX_POINT('',#4810);
#4808=EDGE_CURVE('',#4809,#4760,#4813,.T.);
#4813=LINE('',#4810,#4815);
#4815=VECTOR('',#4816,1.5875127);
#4816=DIRECTION('',(-1.0,0.0,0.0));
#4807=ORIENTED_EDGE('',*,*,#4808,.F.);
#4818=EDGE_CURVE('',#4486,#4809,#4823,.T.);
#4823=LINE('',#4487,#4825);
#4825=VECTOR('',#4826,8.8899746);
#4826=DIRECTION('',(0.0,0.0,-1.0));
#4817=ORIENTED_EDGE('',*,*,#4818,.F.);
#4827=ORIENTED_EDGE('',*,*,#4514,.T.);
#4837=ORIENTED_EDGE('',*,*,#4769,.T.);
#4847=STYLED_ITEM('',(#43),#4848);
#4848=ADVANCED_FACE('',(#4854),#4849,.T.);
#4849=PLANE('',#4850);
#4850=AXIS2_PLACEMENT_3D('',#4851,#4852,#4853);
#4851=CARTESIAN_POINT('',(-3.016,-2.54,0.0));
#4852=DIRECTION('',(0.316,-0.949,0.0));
#4853=DIRECTION('',(0.,0.,1.));
#4854=FACE_OUTER_BOUND('',#4855,.T.);
#4855=EDGE_LOOP('',(#4856,#4866,#4876,#4886));
#4857=EDGE_CURVE('',#4174,#4809,#4862,.T.);
#4862=LINE('',#4175,#4864);
#4864=VECTOR('',#4865,2.27848406119529);
#4865=DIRECTION('',(-0.209,-0.07,-0.975));
#4856=ORIENTED_EDGE('',*,*,#4857,.F.);
#4866=ORIENTED_EDGE('',*,*,#4201,.T.);
#4876=ORIENTED_EDGE('',*,*,#4495,.T.);
#4886=ORIENTED_EDGE('',*,*,#4818,.T.);
#4896=STYLED_ITEM('',(#43),#4897);
#4897=ADVANCED_FACE('',(#4903),#4898,.T.);
#4898=PLANE('',#4899);
#4899=AXIS2_PLACEMENT_3D('',#4900,#4901,#4902);
#4900=CARTESIAN_POINT('',(-3.016,-2.54,0.0));
#4901=DIRECTION('',(0.978,0.0,-0.21));
#4902=DIRECTION('',(0.,0.,1.));
#4903=FACE_OUTER_BOUND('',#4904,.T.);
#4904=EDGE_LOOP('',(#4905,#4915,#4925,#4935));
#4906=EDGE_CURVE('',#4613,#4809,#4911,.T.);
#4911=LINE('',#4614,#4913);
#4913=VECTOR('',#4914,2.54);
#4914=DIRECTION('',(0.0,-1.0,0.0));
#4905=ORIENTED_EDGE('',*,*,#4906,.F.);
#4915=ORIENTED_EDGE('',*,*,#4612,.T.);
#4925=ORIENTED_EDGE('',*,*,#4436,.T.);
#4935=ORIENTED_EDGE('',*,*,#4857,.T.);
#4945=STYLED_ITEM('',(#43),#4946);
#4946=ADVANCED_FACE('',(#4952),#4947,.T.);
#4947=PLANE('',#4948);
#4948=AXIS2_PLACEMENT_3D('',#4949,#4950,#4951);
#4949=CARTESIAN_POINT('',(-4.604,0.0,0.0));
#4950=DIRECTION('',(0.0,0.0,-1.0));
#4951=DIRECTION('',(0.,1.,0.));
#4952=FACE_OUTER_BOUND('',#4953,.T.);
#4953=EDGE_LOOP('',(#4954,#4964,#4974,#4984));
#4954=ORIENTED_EDGE('',*,*,#4661,.T.);
#4964=ORIENTED_EDGE('',*,*,#4906,.T.);
#4974=ORIENTED_EDGE('',*,*,#4808,.T.);
#4985=EDGE_CURVE('',#4662,#4760,#4990,.T.);
#4990=LINE('',#4663,#4992);
#4992=VECTOR('',#4993,2.54);
#4993=DIRECTION('',(0.0,-1.0,0.0));
#4984=ORIENTED_EDGE('',*,*,#4985,.F.);
#4994=STYLED_ITEM('',(#43),#4995);
#4995=ADVANCED_FACE('',(#5001),#4996,.T.);
#4996=PLANE('',#4997);
#4997=AXIS2_PLACEMENT_3D('',#4998,#4999,#5000);
#4998=CARTESIAN_POINT('',(-4.604,0.0,0.0));
#4999=DIRECTION('',(-0.978,0.0,-0.21));
#5000=DIRECTION('',(0.,0.,1.));
#5001=FACE_OUTER_BOUND('',#5002,.T.);
#5002=EDGE_LOOP('',(#5003,#5013,#5023,#5033));
#5003=ORIENTED_EDGE('',*,*,#4985,.T.);
#5013=ORIENTED_EDGE('',*,*,#4759,.T.);
#5024=EDGE_CURVE('',#4711,#4762,#5029,.T.);
#5029=LINE('',#4712,#5031);
#5031=VECTOR('',#5032,2.2224873);
#5032=DIRECTION('',(0.0,-1.0,0.0));
#5023=ORIENTED_EDGE('',*,*,#5024,.F.);
#5033=ORIENTED_EDGE('',*,*,#4710,.T.);
#5043=STYLED_ITEM('',(#43),#5044);
#5044=ADVANCED_FACE('',(#5050),#5045,.T.);
#5045=PLANE('',#5046);
#5046=AXIS2_PLACEMENT_3D('',#5047,#5048,#5049);
#5047=CARTESIAN_POINT('',(-5.08,-0.159,2.223));
#5048=DIRECTION('',(-1.0,0.0,0.0));
#5049=DIRECTION('',(0.,0.,1.));
#5050=FACE_OUTER_BOUND('',#5051,.T.);
#5051=EDGE_LOOP('',(#5052,#5062,#5072,#5082));
#5052=ORIENTED_EDGE('',*,*,#5024,.T.);
#5062=ORIENTED_EDGE('',*,*,#4789,.T.);
#5072=ORIENTED_EDGE('',*,*,#4593,.T.);
#5082=ORIENTED_EDGE('',*,*,#4720,.T.);
#5093=MANIFOLD_SOLID_BREP($,#5094);
#5094=CLOSED_SHELL('',(#5098,#5147,#5196,#5245,#5294,#5343,#5392,#5441,#5490,#5539));
#5095=MANIFOLD_SOLID_BREP($,#5096);
#5096=CLOSED_SHELL('',(#5588,#5637,#5686,#5735,#5784,#5833,#5882,#5931,#5980,#6029));
#5097=STYLED_ITEM('',(#34),#5098);
#5098=ADVANCED_FACE('',(#5104),#5099,.T.);
#5099=PLANE('',#5100);
#5100=AXIS2_PLACEMENT_3D('',#5101,#5102,#5103);
#5101=CARTESIAN_POINT('',(3.651,1.111,12.7));
#5102=DIRECTION('',(0.0,0.0,1.0));
#5103=DIRECTION('',(0.,1.,0.));
#5104=FACE_OUTER_BOUND('',#5105,.T.);
#5105=EDGE_LOOP('',(#5106,#5116,#5126,#5136));
#5109=CARTESIAN_POINT('',(3.969,1.111,12.7));
#5108=VERTEX_POINT('',#5109);
#5111=CARTESIAN_POINT('',(3.651,1.111,12.7));
#5110=VERTEX_POINT('',#5111);
#5107=EDGE_CURVE('',#5108,#5110,#5112,.T.);
#5112=LINE('',#5109,#5114);
#5114=VECTOR('',#5115,0.3175);
#5115=DIRECTION('',(-1.0,0.0,0.0));
#5106=ORIENTED_EDGE('',*,*,#5107,.F.);
#5119=CARTESIAN_POINT('',(3.969,1.429,12.7));
#5118=VERTEX_POINT('',#5119);
#5117=EDGE_CURVE('',#5118,#5108,#5122,.T.);
#5122=LINE('',#5119,#5124);
#5124=VECTOR('',#5125,0.3175);
#5125=DIRECTION('',(0.0,-1.0,0.0));
#5116=ORIENTED_EDGE('',*,*,#5117,.F.);
#5129=CARTESIAN_POINT('',(3.651,1.429,12.7));
#5128=VERTEX_POINT('',#5129);
#5127=EDGE_CURVE('',#5128,#5118,#5132,.T.);
#5132=LINE('',#5129,#5134);
#5134=VECTOR('',#5135,0.3175);
#5135=DIRECTION('',(1.0,0.0,0.0));
#5126=ORIENTED_EDGE('',*,*,#5127,.F.);
#5137=EDGE_CURVE('',#5110,#5128,#5142,.T.);
#5142=LINE('',#5111,#5144);
#5144=VECTOR('',#5145,0.3175);
#5145=DIRECTION('',(0.0,1.0,0.0));
#5136=ORIENTED_EDGE('',*,*,#5137,.F.);
#5146=STYLED_ITEM('',(#34),#5147);
#5147=ADVANCED_FACE('',(#5153),#5148,.T.);
#5148=PLANE('',#5149);
#5149=AXIS2_PLACEMENT_3D('',#5150,#5151,#5152);
#5150=CARTESIAN_POINT('',(4.127,0.952,12.541));
#5151=DIRECTION('',(0.707,0.0,0.707));
#5152=DIRECTION('',(0.,0.,1.));
#5153=FACE_OUTER_BOUND('',#5154,.T.);
#5154=EDGE_LOOP('',(#5155,#5165,#5175,#5185));
#5158=CARTESIAN_POINT('',(4.127,1.588,12.541));
#5157=VERTEX_POINT('',#5158);
#5160=CARTESIAN_POINT('',(4.127,0.952,12.541));
#5159=VERTEX_POINT('',#5160);
#5156=EDGE_CURVE('',#5157,#5159,#5161,.T.);
#5161=LINE('',#5158,#5163);
#5163=VECTOR('',#5164,0.635);
#5164=DIRECTION('',(0.0,-1.0,0.0));
#5155=ORIENTED_EDGE('',*,*,#5156,.F.);
#5166=EDGE_CURVE('',#5118,#5157,#5171,.T.);
#5171=LINE('',#5119,#5173);
#5173=VECTOR('',#5174,0.274963065701559);
#5174=DIRECTION('',(0.577,0.577,-0.577));
#5165=ORIENTED_EDGE('',*,*,#5166,.F.);
#5175=ORIENTED_EDGE('',*,*,#5117,.T.);
#5186=EDGE_CURVE('',#5159,#5108,#5191,.T.);
#5191=LINE('',#5160,#5193);
#5193=VECTOR('',#5194,0.274963065701559);
#5194=DIRECTION('',(-0.577,0.577,0.577));
#5185=ORIENTED_EDGE('',*,*,#5186,.F.);
#5195=STYLED_ITEM('',(#34),#5196);
#5196=ADVANCED_FACE('',(#5202),#5197,.T.);
#5197=PLANE('',#5198);
#5198=AXIS2_PLACEMENT_3D('',#5199,#5200,#5201);
#5199=CARTESIAN_POINT('',(4.127,1.588,12.541));
#5200=DIRECTION('',(0.0,0.707,0.707));
#5201=DIRECTION('',(0.,0.,1.));
#5202=FACE_OUTER_BOUND('',#5203,.T.);
#5203=EDGE_LOOP('',(#5204,#5214,#5224,#5234));
#5207=CARTESIAN_POINT('',(3.492,1.588,12.541));
#5206=VERTEX_POINT('',#5207);
#5205=EDGE_CURVE('',#5206,#5157,#5210,.T.);
#5210=LINE('',#5207,#5212);
#5212=VECTOR('',#5213,0.635);
#5213=DIRECTION('',(1.0,0.0,0.0));
#5204=ORIENTED_EDGE('',*,*,#5205,.F.);
#5215=EDGE_CURVE('',#5128,#5206,#5220,.T.);
#5220=LINE('',#5129,#5222);
#5222=VECTOR('',#5223,0.274963065701559);
#5223=DIRECTION('',(-0.577,0.577,-0.577));
#5214=ORIENTED_EDGE('',*,*,#5215,.F.);
#5224=ORIENTED_EDGE('',*,*,#5127,.T.);
#5234=ORIENTED_EDGE('',*,*,#5166,.T.);
#5244=STYLED_ITEM('',(#34),#5245);
#5245=ADVANCED_FACE('',(#5251),#5246,.T.);
#5246=PLANE('',#5247);
#5247=AXIS2_PLACEMENT_3D('',#5248,#5249,#5250);
#5248=CARTESIAN_POINT('',(3.492,1.588,12.541));
#5249=DIRECTION('',(-0.707,0.0,0.707));
#5250=DIRECTION('',(0.,0.,1.));
#5251=FACE_OUTER_BOUND('',#5252,.T.);
#5252=EDGE_LOOP('',(#5253,#5263,#5273,#5283));
#5256=CARTESIAN_POINT('',(3.492,0.952,12.541));
#5255=VERTEX_POINT('',#5256);
#5254=EDGE_CURVE('',#5255,#5206,#5259,.T.);
#5259=LINE('',#5256,#5261);
#5261=VECTOR('',#5262,0.635);
#5262=DIRECTION('',(0.0,1.0,0.0));
#5253=ORIENTED_EDGE('',*,*,#5254,.F.);
#5264=EDGE_CURVE('',#5110,#5255,#5269,.T.);
#5269=LINE('',#5111,#5271);
#5271=VECTOR('',#5272,0.274963065701559);
#5272=DIRECTION('',(-0.577,-0.577,-0.577));
#5263=ORIENTED_EDGE('',*,*,#5264,.F.);
#5273=ORIENTED_EDGE('',*,*,#5137,.T.);
#5283=ORIENTED_EDGE('',*,*,#5215,.T.);
#5293=STYLED_ITEM('',(#34),#5294);
#5294=ADVANCED_FACE('',(#5300),#5295,.T.);
#5295=PLANE('',#5296);
#5296=AXIS2_PLACEMENT_3D('',#5297,#5298,#5299);
#5297=CARTESIAN_POINT('',(3.492,0.952,12.541));
#5298=DIRECTION('',(0.0,-0.707,0.707));
#5299=DIRECTION('',(0.,0.,1.));
#5300=FACE_OUTER_BOUND('',#5301,.T.);
#5301=EDGE_LOOP('',(#5302,#5312,#5322,#5332));
#5303=EDGE_CURVE('',#5159,#5255,#5308,.T.);
#5308=LINE('',#5160,#5310);
#5310=VECTOR('',#5311,0.635);
#5311=DIRECTION('',(-1.0,0.0,0.0));
#5302=ORIENTED_EDGE('',*,*,#5303,.F.);
#5312=ORIENTED_EDGE('',*,*,#5186,.T.);
#5322=ORIENTED_EDGE('',*,*,#5107,.T.);
#5332=ORIENTED_EDGE('',*,*,#5264,.T.);
#5342=STYLED_ITEM('',(#34),#5343);
#5343=ADVANCED_FACE('',(#5349),#5344,.T.);
#5344=PLANE('',#5345);
#5345=AXIS2_PLACEMENT_3D('',#5346,#5347,#5348);
#5346=CARTESIAN_POINT('',(4.127,0.952,8.89));
#5347=DIRECTION('',(1.0,0.0,0.0));
#5348=DIRECTION('',(0.,0.,1.));
#5349=FACE_OUTER_BOUND('',#5350,.T.);
#5350=EDGE_LOOP('',(#5351,#5361,#5371,#5381));
#5354=CARTESIAN_POINT('',(4.127,1.588,8.89));
#5353=VERTEX_POINT('',#5354);
#5356=CARTESIAN_POINT('',(4.127,0.952,8.89));
#5355=VERTEX_POINT('',#5356);
#5352=EDGE_CURVE('',#5353,#5355,#5357,.T.);
#5357=LINE('',#5354,#5359);
#5359=VECTOR('',#5360,0.635);
#5360=DIRECTION('',(0.0,-1.0,0.0));
#5351=ORIENTED_EDGE('',*,*,#5352,.F.);
#5362=EDGE_CURVE('',#5157,#5353,#5367,.T.);
#5367=LINE('',#5158,#5369);
#5369=VECTOR('',#5370,3.65125);
#5370=DIRECTION('',(0.0,0.0,-1.0));
#5361=ORIENTED_EDGE('',*,*,#5362,.F.);
#5371=ORIENTED_EDGE('',*,*,#5156,.T.);
#5382=EDGE_CURVE('',#5355,#5159,#5387,.T.);
#5387=LINE('',#5356,#5389);
#5389=VECTOR('',#5390,3.65125);
#5390=DIRECTION('',(0.0,0.0,1.0));
#5381=ORIENTED_EDGE('',*,*,#5382,.F.);
#5391=STYLED_ITEM('',(#34),#5392);
#5392=ADVANCED_FACE('',(#5398),#5393,.T.);
#5393=PLANE('',#5394);
#5394=AXIS2_PLACEMENT_3D('',#5395,#5396,#5397);
#5395=CARTESIAN_POINT('',(4.127,1.588,8.89));
#5396=DIRECTION('',(0.0,1.0,0.0));
#5397=DIRECTION('',(0.,0.,1.));
#5398=FACE_OUTER_BOUND('',#5399,.T.);
#5399=EDGE_LOOP('',(#5400,#5410,#5420,#5430));
#5403=CARTESIAN_POINT('',(3.492,1.588,8.89));
#5402=VERTEX_POINT('',#5403);
#5401=EDGE_CURVE('',#5402,#5353,#5406,.T.);
#5406=LINE('',#5403,#5408);
#5408=VECTOR('',#5409,0.635);
#5409=DIRECTION('',(1.0,0.0,0.0));
#5400=ORIENTED_EDGE('',*,*,#5401,.F.);
#5411=EDGE_CURVE('',#5206,#5402,#5416,.T.);
#5416=LINE('',#5207,#5418);
#5418=VECTOR('',#5419,3.65125);
#5419=DIRECTION('',(0.0,0.0,-1.0));
#5410=ORIENTED_EDGE('',*,*,#5411,.F.);
#5420=ORIENTED_EDGE('',*,*,#5205,.T.);
#5430=ORIENTED_EDGE('',*,*,#5362,.T.);
#5440=STYLED_ITEM('',(#34),#5441);
#5441=ADVANCED_FACE('',(#5447),#5442,.T.);
#5442=PLANE('',#5443);
#5443=AXIS2_PLACEMENT_3D('',#5444,#5445,#5446);
#5444=CARTESIAN_POINT('',(3.492,1.588,8.89));
#5445=DIRECTION('',(-1.0,0.0,0.0));
#5446=DIRECTION('',(0.,0.,1.));
#5447=FACE_OUTER_BOUND('',#5448,.T.);
#5448=EDGE_LOOP('',(#5449,#5459,#5469,#5479));
#5452=CARTESIAN_POINT('',(3.492,0.952,8.89));
#5451=VERTEX_POINT('',#5452);
#5450=EDGE_CURVE('',#5451,#5402,#5455,.T.);
#5455=LINE('',#5452,#5457);
#5457=VECTOR('',#5458,0.635);
#5458=DIRECTION('',(0.0,1.0,0.0));
#5449=ORIENTED_EDGE('',*,*,#5450,.F.);
#5460=EDGE_CURVE('',#5255,#5451,#5465,.T.);
#5465=LINE('',#5256,#5467);
#5467=VECTOR('',#5468,3.65125);
#5468=DIRECTION('',(0.0,0.0,-1.0));
#5459=ORIENTED_EDGE('',*,*,#5460,.F.);
#5469=ORIENTED_EDGE('',*,*,#5254,.T.);
#5479=ORIENTED_EDGE('',*,*,#5411,.T.);
#5489=STYLED_ITEM('',(#34),#5490);
#5490=ADVANCED_FACE('',(#5496),#5491,.T.);
#5491=PLANE('',#5492);
#5492=AXIS2_PLACEMENT_3D('',#5493,#5494,#5495);
#5493=CARTESIAN_POINT('',(3.492,0.952,8.89));
#5494=DIRECTION('',(0.0,-1.0,0.0));
#5495=DIRECTION('',(0.,0.,1.));
#5496=FACE_OUTER_BOUND('',#5497,.T.);
#5497=EDGE_LOOP('',(#5498,#5508,#5518,#5528));
#5499=EDGE_CURVE('',#5355,#5451,#5504,.T.);
#5504=LINE('',#5356,#5506);
#5506=VECTOR('',#5507,0.635);
#5507=DIRECTION('',(-1.0,0.0,0.0));
#5498=ORIENTED_EDGE('',*,*,#5499,.F.);
#5508=ORIENTED_EDGE('',*,*,#5382,.T.);
#5518=ORIENTED_EDGE('',*,*,#5303,.T.);
#5528=ORIENTED_EDGE('',*,*,#5460,.T.);
#5538=STYLED_ITEM('',(#34),#5539);
#5539=ADVANCED_FACE('',(#5545),#5540,.T.);
#5540=PLANE('',#5541);
#5541=AXIS2_PLACEMENT_3D('',#5542,#5543,#5544);
#5542=CARTESIAN_POINT('',(3.492,1.588,8.89));
#5543=DIRECTION('',(0.0,0.0,-1.0));
#5544=DIRECTION('',(0.,1.,0.));
#5545=FACE_OUTER_BOUND('',#5546,.T.);
#5546=EDGE_LOOP('',(#5547,#5557,#5567,#5577));
#5547=ORIENTED_EDGE('',*,*,#5401,.T.);
#5557=ORIENTED_EDGE('',*,*,#5352,.T.);
#5567=ORIENTED_EDGE('',*,*,#5499,.T.);
#5577=ORIENTED_EDGE('',*,*,#5450,.T.);
#5587=STYLED_ITEM('',(#34),#5588);
#5588=ADVANCED_FACE('',(#5594),#5589,.T.);
#5589=PLANE('',#5590);
#5590=AXIS2_PLACEMENT_3D('',#5591,#5592,#5593);
#5591=CARTESIAN_POINT('',(3.492,0.952,0.0));
#5592=DIRECTION('',(0.0,0.0,1.0));
#5593=DIRECTION('',(0.,1.,0.));
#5594=FACE_OUTER_BOUND('',#5595,.T.);
#5595=EDGE_LOOP('',(#5596,#5606,#5616,#5626));
#5599=CARTESIAN_POINT('',(4.127,0.952,0.0));
#5598=VERTEX_POINT('',#5599);
#5601=CARTESIAN_POINT('',(3.492,0.952,0.0));
#5600=VERTEX_POINT('',#5601);
#5597=EDGE_CURVE('',#5598,#5600,#5602,.T.);
#5602=LINE('',#5599,#5604);
#5604=VECTOR('',#5605,0.635);
#5605=DIRECTION('',(-1.0,0.0,0.0));
#5596=ORIENTED_EDGE('',*,*,#5597,.F.);
#5609=CARTESIAN_POINT('',(4.127,1.588,0.0));
#5608=VERTEX_POINT('',#5609);
#5607=EDGE_CURVE('',#5608,#5598,#5612,.T.);
#5612=LINE('',#5609,#5614);
#5614=VECTOR('',#5615,0.635);
#5615=DIRECTION('',(0.0,-1.0,0.0));
#5606=ORIENTED_EDGE('',*,*,#5607,.F.);
#5619=CARTESIAN_POINT('',(3.492,1.588,0.0));
#5618=VERTEX_POINT('',#5619);
#5617=EDGE_CURVE('',#5618,#5608,#5622,.T.);
#5622=LINE('',#5619,#5624);
#5624=VECTOR('',#5625,0.635);
#5625=DIRECTION('',(1.0,0.0,0.0));
#5616=ORIENTED_EDGE('',*,*,#5617,.F.);
#5627=EDGE_CURVE('',#5600,#5618,#5632,.T.);
#5632=LINE('',#5601,#5634);
#5634=VECTOR('',#5635,0.635);
#5635=DIRECTION('',(0.0,1.0,0.0));
#5626=ORIENTED_EDGE('',*,*,#5627,.F.);
#5636=STYLED_ITEM('',(#34),#5637);
#5637=ADVANCED_FACE('',(#5643),#5638,.T.);
#5638=PLANE('',#5639);
#5639=AXIS2_PLACEMENT_3D('',#5640,#5641,#5642);
#5640=CARTESIAN_POINT('',(4.127,0.952,-4.921));
#5641=DIRECTION('',(1.0,0.0,0.0));
#5642=DIRECTION('',(0.,0.,1.));
#5643=FACE_OUTER_BOUND('',#5644,.T.);
#5644=EDGE_LOOP('',(#5645,#5655,#5665,#5675));
#5648=CARTESIAN_POINT('',(4.127,1.588,-4.921));
#5647=VERTEX_POINT('',#5648);
#5650=CARTESIAN_POINT('',(4.127,0.952,-4.921));
#5649=VERTEX_POINT('',#5650);
#5646=EDGE_CURVE('',#5647,#5649,#5651,.T.);
#5651=LINE('',#5648,#5653);
#5653=VECTOR('',#5654,0.635);
#5654=DIRECTION('',(0.0,-1.0,0.0));
#5645=ORIENTED_EDGE('',*,*,#5646,.F.);
#5656=EDGE_CURVE('',#5608,#5647,#5661,.T.);
#5661=LINE('',#5609,#5663);
#5663=VECTOR('',#5664,4.92125);
#5664=DIRECTION('',(0.0,0.0,-1.0));
#5655=ORIENTED_EDGE('',*,*,#5656,.F.);
#5665=ORIENTED_EDGE('',*,*,#5607,.T.);
#5676=EDGE_CURVE('',#5649,#5598,#5681,.T.);
#5681=LINE('',#5650,#5683);
#5683=VECTOR('',#5684,4.92125);
#5684=DIRECTION('',(0.0,0.0,1.0));
#5675=ORIENTED_EDGE('',*,*,#5676,.F.);
#5685=STYLED_ITEM('',(#34),#5686);
#5686=ADVANCED_FACE('',(#5692),#5687,.T.);
#5687=PLANE('',#5688);
#5688=AXIS2_PLACEMENT_3D('',#5689,#5690,#5691);
#5689=CARTESIAN_POINT('',(4.127,1.588,-4.921));
#5690=DIRECTION('',(0.0,1.0,0.0));
#5691=DIRECTION('',(0.,0.,1.));
#5692=FACE_OUTER_BOUND('',#5693,.T.);
#5693=EDGE_LOOP('',(#5694,#5704,#5714,#5724));
#5697=CARTESIAN_POINT('',(3.492,1.588,-4.921));
#5696=VERTEX_POINT('',#5697);
#5695=EDGE_CURVE('',#5696,#5647,#5700,.T.);
#5700=LINE('',#5697,#5702);
#5702=VECTOR('',#5703,0.635);
#5703=DIRECTION('',(1.0,0.0,0.0));
#5694=ORIENTED_EDGE('',*,*,#5695,.F.);
#5705=EDGE_CURVE('',#5618,#5696,#5710,.T.);
#5710=LINE('',#5619,#5712);
#5712=VECTOR('',#5713,4.92125);
#5713=DIRECTION('',(0.0,0.0,-1.0));
#5704=ORIENTED_EDGE('',*,*,#5705,.F.);
#5714=ORIENTED_EDGE('',*,*,#5617,.T.);
#5724=ORIENTED_EDGE('',*,*,#5656,.T.);
#5734=STYLED_ITEM('',(#34),#5735);
#5735=ADVANCED_FACE('',(#5741),#5736,.T.);
#5736=PLANE('',#5737);
#5737=AXIS2_PLACEMENT_3D('',#5738,#5739,#5740);
#5738=CARTESIAN_POINT('',(3.492,1.588,-4.921));
#5739=DIRECTION('',(-1.0,0.0,0.0));
#5740=DIRECTION('',(0.,0.,1.));
#5741=FACE_OUTER_BOUND('',#5742,.T.);
#5742=EDGE_LOOP('',(#5743,#5753,#5763,#5773));
#5746=CARTESIAN_POINT('',(3.492,0.952,-4.921));
#5745=VERTEX_POINT('',#5746);
#5744=EDGE_CURVE('',#5745,#5696,#5749,.T.);
#5749=LINE('',#5746,#5751);
#5751=VECTOR('',#5752,0.635);
#5752=DIRECTION('',(0.0,1.0,0.0));
#5743=ORIENTED_EDGE('',*,*,#5744,.F.);
#5754=EDGE_CURVE('',#5600,#5745,#5759,.T.);
#5759=LINE('',#5601,#5761);
#5761=VECTOR('',#5762,4.92125);
#5762=DIRECTION('',(0.0,0.0,-1.0));
#5753=ORIENTED_EDGE('',*,*,#5754,.F.);
#5763=ORIENTED_EDGE('',*,*,#5627,.T.);
#5773=ORIENTED_EDGE('',*,*,#5705,.T.);
#5783=STYLED_ITEM('',(#34),#5784);
#5784=ADVANCED_FACE('',(#5790),#5785,.T.);
#5785=PLANE('',#5786);
#5786=AXIS2_PLACEMENT_3D('',#5787,#5788,#5789);
#5787=CARTESIAN_POINT('',(3.492,0.952,-4.921));
#5788=DIRECTION('',(0.0,-1.0,0.0));
#5789=DIRECTION('',(0.,0.,1.));
#5790=FACE_OUTER_BOUND('',#5791,.T.);
#5791=EDGE_LOOP('',(#5792,#5802,#5812,#5822));
#5793=EDGE_CURVE('',#5649,#5745,#5798,.T.);
#5798=LINE('',#5650,#5800);
#5800=VECTOR('',#5801,0.635);
#5801=DIRECTION('',(-1.0,0.0,0.0));
#5792=ORIENTED_EDGE('',*,*,#5793,.F.);
#5802=ORIENTED_EDGE('',*,*,#5676,.T.);
#5812=ORIENTED_EDGE('',*,*,#5597,.T.);
#5822=ORIENTED_EDGE('',*,*,#5754,.T.);
#5832=STYLED_ITEM('',(#34),#5833);
#5833=ADVANCED_FACE('',(#5839),#5834,.T.);
#5834=PLANE('',#5835);
#5835=AXIS2_PLACEMENT_3D('',#5836,#5837,#5838);
#5836=CARTESIAN_POINT('',(3.969,1.111,-5.08));
#5837=DIRECTION('',(0.707,0.0,-0.707));
#5838=DIRECTION('',(0.,0.,1.));
#5839=FACE_OUTER_BOUND('',#5840,.T.);
#5840=EDGE_LOOP('',(#5841,#5851,#5861,#5871));
#5844=CARTESIAN_POINT('',(3.969,1.429,-5.08));
#5843=VERTEX_POINT('',#5844);
#5846=CARTESIAN_POINT('',(3.969,1.111,-5.08));
#5845=VERTEX_POINT('',#5846);
#5842=EDGE_CURVE('',#5843,#5845,#5847,.T.);
#5847=LINE('',#5844,#5849);
#5849=VECTOR('',#5850,0.3175);
#5850=DIRECTION('',(0.0,-1.0,0.0));
#5841=ORIENTED_EDGE('',*,*,#5842,.F.);
#5852=EDGE_CURVE('',#5647,#5843,#5857,.T.);
#5857=LINE('',#5648,#5859);
#5859=VECTOR('',#5860,0.274963065701559);
#5860=DIRECTION('',(-0.577,-0.577,-0.577));
#5851=ORIENTED_EDGE('',*,*,#5852,.F.);
#5861=ORIENTED_EDGE('',*,*,#5646,.T.);
#5872=EDGE_CURVE('',#5845,#5649,#5877,.T.);
#5877=LINE('',#5846,#5879);
#5879=VECTOR('',#5880,0.274963065701559);
#5880=DIRECTION('',(0.577,-0.577,0.577));
#5871=ORIENTED_EDGE('',*,*,#5872,.F.);
#5881=STYLED_ITEM('',(#34),#5882);
#5882=ADVANCED_FACE('',(#5888),#5883,.T.);
#5883=PLANE('',#5884);
#5884=AXIS2_PLACEMENT_3D('',#5885,#5886,#5887);
#5885=CARTESIAN_POINT('',(3.969,1.429,-5.08));
#5886=DIRECTION('',(0.0,0.707,-0.707));
#5887=DIRECTION('',(0.,0.,1.));
#5888=FACE_OUTER_BOUND('',#5889,.T.);
#5889=EDGE_LOOP('',(#5890,#5900,#5910,#5920));
#5893=CARTESIAN_POINT('',(3.651,1.429,-5.08));
#5892=VERTEX_POINT('',#5893);
#5891=EDGE_CURVE('',#5892,#5843,#5896,.T.);
#5896=LINE('',#5893,#5898);
#5898=VECTOR('',#5899,0.3175);
#5899=DIRECTION('',(1.0,0.0,0.0));
#5890=ORIENTED_EDGE('',*,*,#5891,.F.);
#5901=EDGE_CURVE('',#5696,#5892,#5906,.T.);
#5906=LINE('',#5697,#5908);
#5908=VECTOR('',#5909,0.274963065701559);
#5909=DIRECTION('',(0.577,-0.577,-0.577));
#5900=ORIENTED_EDGE('',*,*,#5901,.F.);
#5910=ORIENTED_EDGE('',*,*,#5695,.T.);
#5920=ORIENTED_EDGE('',*,*,#5852,.T.);
#5930=STYLED_ITEM('',(#34),#5931);
#5931=ADVANCED_FACE('',(#5937),#5932,.T.);
#5932=PLANE('',#5933);
#5933=AXIS2_PLACEMENT_3D('',#5934,#5935,#5936);
#5934=CARTESIAN_POINT('',(3.651,1.429,-5.08));
#5935=DIRECTION('',(-0.707,0.0,-0.707));
#5936=DIRECTION('',(0.,0.,1.));
#5937=FACE_OUTER_BOUND('',#5938,.T.);
#5938=EDGE_LOOP('',(#5939,#5949,#5959,#5969));
#5942=CARTESIAN_POINT('',(3.651,1.111,-5.08));
#5941=VERTEX_POINT('',#5942);
#5940=EDGE_CURVE('',#5941,#5892,#5945,.T.);
#5945=LINE('',#5942,#5947);
#5947=VECTOR('',#5948,0.3175);
#5948=DIRECTION('',(0.0,1.0,0.0));
#5939=ORIENTED_EDGE('',*,*,#5940,.F.);
#5950=EDGE_CURVE('',#5745,#5941,#5955,.T.);
#5955=LINE('',#5746,#5957);
#5957=VECTOR('',#5958,0.274963065701559);
#5958=DIRECTION('',(0.577,0.577,-0.577));
#5949=ORIENTED_EDGE('',*,*,#5950,.F.);
#5959=ORIENTED_EDGE('',*,*,#5744,.T.);
#5969=ORIENTED_EDGE('',*,*,#5901,.T.);
#5979=STYLED_ITEM('',(#34),#5980);
#5980=ADVANCED_FACE('',(#5986),#5981,.T.);
#5981=PLANE('',#5982);
#5982=AXIS2_PLACEMENT_3D('',#5983,#5984,#5985);
#5983=CARTESIAN_POINT('',(3.651,1.111,-5.08));
#5984=DIRECTION('',(0.0,-0.707,-0.707));
#5985=DIRECTION('',(0.,0.,1.));
#5986=FACE_OUTER_BOUND('',#5987,.T.);
#5987=EDGE_LOOP('',(#5988,#5998,#6008,#6018));
#5989=EDGE_CURVE('',#5845,#5941,#5994,.T.);
#5994=LINE('',#5846,#5996);
#5996=VECTOR('',#5997,0.3175);
#5997=DIRECTION('',(-1.0,0.0,0.0));
#5988=ORIENTED_EDGE('',*,*,#5989,.F.);
#5998=ORIENTED_EDGE('',*,*,#5872,.T.);
#6008=ORIENTED_EDGE('',*,*,#5793,.T.);
#6018=ORIENTED_EDGE('',*,*,#5950,.T.);
#6028=STYLED_ITEM('',(#34),#6029);
#6029=ADVANCED_FACE('',(#6035),#6030,.T.);
#6030=PLANE('',#6031);
#6031=AXIS2_PLACEMENT_3D('',#6032,#6033,#6034);
#6032=CARTESIAN_POINT('',(3.651,1.429,-5.08));
#6033=DIRECTION('',(0.0,0.0,-1.0));
#6034=DIRECTION('',(0.,1.,0.));
#6035=FACE_OUTER_BOUND('',#6036,.T.);
#6036=EDGE_LOOP('',(#6037,#6047,#6057,#6067));
#6037=ORIENTED_EDGE('',*,*,#5891,.T.);
#6047=ORIENTED_EDGE('',*,*,#5842,.T.);
#6057=ORIENTED_EDGE('',*,*,#5989,.T.);
#6067=ORIENTED_EDGE('',*,*,#5940,.T.);
#6077=MANIFOLD_SOLID_BREP($,#6078);
#6078=CLOSED_SHELL('',(#6082,#6131,#6180,#6229,#6278,#6327,#6376,#6425,#6474,#6523));
#6079=MANIFOLD_SOLID_BREP($,#6080);
#6080=CLOSED_SHELL('',(#6572,#6621,#6670,#6719,#6768,#6817,#6866,#6915,#6964,#7013));
#6081=STYLED_ITEM('',(#34),#6082);
#6082=ADVANCED_FACE('',(#6088),#6083,.T.);
#6083=PLANE('',#6084);
#6084=AXIS2_PLACEMENT_3D('',#6085,#6086,#6087);
#6085=CARTESIAN_POINT('',(1.111,1.111,12.7));
#6086=DIRECTION('',(0.0,0.0,1.0));
#6087=DIRECTION('',(0.,1.,0.));
#6088=FACE_OUTER_BOUND('',#6089,.T.);
#6089=EDGE_LOOP('',(#6090,#6100,#6110,#6120));
#6093=CARTESIAN_POINT('',(1.429,1.111,12.7));
#6092=VERTEX_POINT('',#6093);
#6095=CARTESIAN_POINT('',(1.111,1.111,12.7));
#6094=VERTEX_POINT('',#6095);
#6091=EDGE_CURVE('',#6092,#6094,#6096,.T.);
#6096=LINE('',#6093,#6098);
#6098=VECTOR('',#6099,0.3175);
#6099=DIRECTION('',(-1.0,0.0,0.0));
#6090=ORIENTED_EDGE('',*,*,#6091,.F.);
#6103=CARTESIAN_POINT('',(1.429,1.429,12.7));
#6102=VERTEX_POINT('',#6103);
#6101=EDGE_CURVE('',#6102,#6092,#6106,.T.);
#6106=LINE('',#6103,#6108);
#6108=VECTOR('',#6109,0.3175);
#6109=DIRECTION('',(0.0,-1.0,0.0));
#6100=ORIENTED_EDGE('',*,*,#6101,.F.);
#6113=CARTESIAN_POINT('',(1.111,1.429,12.7));
#6112=VERTEX_POINT('',#6113);
#6111=EDGE_CURVE('',#6112,#6102,#6116,.T.);
#6116=LINE('',#6113,#6118);
#6118=VECTOR('',#6119,0.3175);
#6119=DIRECTION('',(1.0,0.0,0.0));
#6110=ORIENTED_EDGE('',*,*,#6111,.F.);
#6121=EDGE_CURVE('',#6094,#6112,#6126,.T.);
#6126=LINE('',#6095,#6128);
#6128=VECTOR('',#6129,0.3175);
#6129=DIRECTION('',(0.0,1.0,0.0));
#6120=ORIENTED_EDGE('',*,*,#6121,.F.);
#6130=STYLED_ITEM('',(#34),#6131);
#6131=ADVANCED_FACE('',(#6137),#6132,.T.);
#6132=PLANE('',#6133);
#6133=AXIS2_PLACEMENT_3D('',#6134,#6135,#6136);
#6134=CARTESIAN_POINT('',(1.588,0.952,12.541));
#6135=DIRECTION('',(0.707,0.0,0.707));
#6136=DIRECTION('',(0.,0.,1.));
#6137=FACE_OUTER_BOUND('',#6138,.T.);
#6138=EDGE_LOOP('',(#6139,#6149,#6159,#6169));
#6142=CARTESIAN_POINT('',(1.588,1.588,12.541));
#6141=VERTEX_POINT('',#6142);
#6144=CARTESIAN_POINT('',(1.588,0.952,12.541));
#6143=VERTEX_POINT('',#6144);
#6140=EDGE_CURVE('',#6141,#6143,#6145,.T.);
#6145=LINE('',#6142,#6147);
#6147=VECTOR('',#6148,0.635);
#6148=DIRECTION('',(0.0,-1.0,0.0));
#6139=ORIENTED_EDGE('',*,*,#6140,.F.);
#6150=EDGE_CURVE('',#6102,#6141,#6155,.T.);
#6155=LINE('',#6103,#6157);
#6157=VECTOR('',#6158,0.274963065701559);
#6158=DIRECTION('',(0.577,0.577,-0.577));
#6149=ORIENTED_EDGE('',*,*,#6150,.F.);
#6159=ORIENTED_EDGE('',*,*,#6101,.T.);
#6170=EDGE_CURVE('',#6143,#6092,#6175,.T.);
#6175=LINE('',#6144,#6177);
#6177=VECTOR('',#6178,0.274963065701559);
#6178=DIRECTION('',(-0.577,0.577,0.577));
#6169=ORIENTED_EDGE('',*,*,#6170,.F.);
#6179=STYLED_ITEM('',(#34),#6180);
#6180=ADVANCED_FACE('',(#6186),#6181,.T.);
#6181=PLANE('',#6182);
#6182=AXIS2_PLACEMENT_3D('',#6183,#6184,#6185);
#6183=CARTESIAN_POINT('',(1.588,1.588,12.541));
#6184=DIRECTION('',(0.0,0.707,0.707));
#6185=DIRECTION('',(0.,0.,1.));
#6186=FACE_OUTER_BOUND('',#6187,.T.);
#6187=EDGE_LOOP('',(#6188,#6198,#6208,#6218));
#6191=CARTESIAN_POINT('',(0.952,1.588,12.541));
#6190=VERTEX_POINT('',#6191);
#6189=EDGE_CURVE('',#6190,#6141,#6194,.T.);
#6194=LINE('',#6191,#6196);
#6196=VECTOR('',#6197,0.635);
#6197=DIRECTION('',(1.0,0.0,0.0));
#6188=ORIENTED_EDGE('',*,*,#6189,.F.);
#6199=EDGE_CURVE('',#6112,#6190,#6204,.T.);
#6204=LINE('',#6113,#6206);
#6206=VECTOR('',#6207,0.274963065701559);
#6207=DIRECTION('',(-0.577,0.577,-0.577));
#6198=ORIENTED_EDGE('',*,*,#6199,.F.);
#6208=ORIENTED_EDGE('',*,*,#6111,.T.);
#6218=ORIENTED_EDGE('',*,*,#6150,.T.);
#6228=STYLED_ITEM('',(#34),#6229);
#6229=ADVANCED_FACE('',(#6235),#6230,.T.);
#6230=PLANE('',#6231);
#6231=AXIS2_PLACEMENT_3D('',#6232,#6233,#6234);
#6232=CARTESIAN_POINT('',(0.952,1.588,12.541));
#6233=DIRECTION('',(-0.707,0.0,0.707));
#6234=DIRECTION('',(0.,0.,1.));
#6235=FACE_OUTER_BOUND('',#6236,.T.);
#6236=EDGE_LOOP('',(#6237,#6247,#6257,#6267));
#6240=CARTESIAN_POINT('',(0.952,0.952,12.541));
#6239=VERTEX_POINT('',#6240);
#6238=EDGE_CURVE('',#6239,#6190,#6243,.T.);
#6243=LINE('',#6240,#6245);
#6245=VECTOR('',#6246,0.635);
#6246=DIRECTION('',(0.0,1.0,0.0));
#6237=ORIENTED_EDGE('',*,*,#6238,.F.);
#6248=EDGE_CURVE('',#6094,#6239,#6253,.T.);
#6253=LINE('',#6095,#6255);
#6255=VECTOR('',#6256,0.274963065701559);
#6256=DIRECTION('',(-0.577,-0.577,-0.577));
#6247=ORIENTED_EDGE('',*,*,#6248,.F.);
#6257=ORIENTED_EDGE('',*,*,#6121,.T.);
#6267=ORIENTED_EDGE('',*,*,#6199,.T.);
#6277=STYLED_ITEM('',(#34),#6278);
#6278=ADVANCED_FACE('',(#6284),#6279,.T.);
#6279=PLANE('',#6280);
#6280=AXIS2_PLACEMENT_3D('',#6281,#6282,#6283);
#6281=CARTESIAN_POINT('',(0.952,0.952,12.541));
#6282=DIRECTION('',(0.0,-0.707,0.707));
#6283=DIRECTION('',(0.,0.,1.));
#6284=FACE_OUTER_BOUND('',#6285,.T.);
#6285=EDGE_LOOP('',(#6286,#6296,#6306,#6316));
#6287=EDGE_CURVE('',#6143,#6239,#6292,.T.);
#6292=LINE('',#6144,#6294);
#6294=VECTOR('',#6295,0.635);
#6295=DIRECTION('',(-1.0,0.0,0.0));
#6286=ORIENTED_EDGE('',*,*,#6287,.F.);
#6296=ORIENTED_EDGE('',*,*,#6170,.T.);
#6306=ORIENTED_EDGE('',*,*,#6091,.T.);
#6316=ORIENTED_EDGE('',*,*,#6248,.T.);
#6326=STYLED_ITEM('',(#34),#6327);
#6327=ADVANCED_FACE('',(#6333),#6328,.T.);
#6328=PLANE('',#6329);
#6329=AXIS2_PLACEMENT_3D('',#6330,#6331,#6332);
#6330=CARTESIAN_POINT('',(1.588,0.952,8.89));
#6331=DIRECTION('',(1.0,0.0,0.0));
#6332=DIRECTION('',(0.,0.,1.));
#6333=FACE_OUTER_BOUND('',#6334,.T.);
#6334=EDGE_LOOP('',(#6335,#6345,#6355,#6365));
#6338=CARTESIAN_POINT('',(1.588,1.588,8.89));
#6337=VERTEX_POINT('',#6338);
#6340=CARTESIAN_POINT('',(1.588,0.952,8.89));
#6339=VERTEX_POINT('',#6340);
#6336=EDGE_CURVE('',#6337,#6339,#6341,.T.);
#6341=LINE('',#6338,#6343);
#6343=VECTOR('',#6344,0.635);
#6344=DIRECTION('',(0.0,-1.0,0.0));
#6335=ORIENTED_EDGE('',*,*,#6336,.F.);
#6346=EDGE_CURVE('',#6141,#6337,#6351,.T.);
#6351=LINE('',#6142,#6353);
#6353=VECTOR('',#6354,3.65125);
#6354=DIRECTION('',(0.0,0.0,-1.0));
#6345=ORIENTED_EDGE('',*,*,#6346,.F.);
#6355=ORIENTED_EDGE('',*,*,#6140,.T.);
#6366=EDGE_CURVE('',#6339,#6143,#6371,.T.);
#6371=LINE('',#6340,#6373);
#6373=VECTOR('',#6374,3.65125);
#6374=DIRECTION('',(0.0,0.0,1.0));
#6365=ORIENTED_EDGE('',*,*,#6366,.F.);
#6375=STYLED_ITEM('',(#34),#6376);
#6376=ADVANCED_FACE('',(#6382),#6377,.T.);
#6377=PLANE('',#6378);
#6378=AXIS2_PLACEMENT_3D('',#6379,#6380,#6381);
#6379=CARTESIAN_POINT('',(1.588,1.588,8.89));
#6380=DIRECTION('',(0.0,1.0,0.0));
#6381=DIRECTION('',(0.,0.,1.));
#6382=FACE_OUTER_BOUND('',#6383,.T.);
#6383=EDGE_LOOP('',(#6384,#6394,#6404,#6414));
#6387=CARTESIAN_POINT('',(0.952,1.588,8.89));
#6386=VERTEX_POINT('',#6387);
#6385=EDGE_CURVE('',#6386,#6337,#6390,.T.);
#6390=LINE('',#6387,#6392);
#6392=VECTOR('',#6393,0.635);
#6393=DIRECTION('',(1.0,0.0,0.0));
#6384=ORIENTED_EDGE('',*,*,#6385,.F.);
#6395=EDGE_CURVE('',#6190,#6386,#6400,.T.);
#6400=LINE('',#6191,#6402);
#6402=VECTOR('',#6403,3.65125);
#6403=DIRECTION('',(0.0,0.0,-1.0));
#6394=ORIENTED_EDGE('',*,*,#6395,.F.);
#6404=ORIENTED_EDGE('',*,*,#6189,.T.);
#6414=ORIENTED_EDGE('',*,*,#6346,.T.);
#6424=STYLED_ITEM('',(#34),#6425);
#6425=ADVANCED_FACE('',(#6431),#6426,.T.);
#6426=PLANE('',#6427);
#6427=AXIS2_PLACEMENT_3D('',#6428,#6429,#6430);
#6428=CARTESIAN_POINT('',(0.952,1.588,8.89));
#6429=DIRECTION('',(-1.0,0.0,0.0));
#6430=DIRECTION('',(0.,0.,1.));
#6431=FACE_OUTER_BOUND('',#6432,.T.);
#6432=EDGE_LOOP('',(#6433,#6443,#6453,#6463));
#6436=CARTESIAN_POINT('',(0.952,0.952,8.89));
#6435=VERTEX_POINT('',#6436);
#6434=EDGE_CURVE('',#6435,#6386,#6439,.T.);
#6439=LINE('',#6436,#6441);
#6441=VECTOR('',#6442,0.635);
#6442=DIRECTION('',(0.0,1.0,0.0));
#6433=ORIENTED_EDGE('',*,*,#6434,.F.);
#6444=EDGE_CURVE('',#6239,#6435,#6449,.T.);
#6449=LINE('',#6240,#6451);
#6451=VECTOR('',#6452,3.65125);
#6452=DIRECTION('',(0.0,0.0,-1.0));
#6443=ORIENTED_EDGE('',*,*,#6444,.F.);
#6453=ORIENTED_EDGE('',*,*,#6238,.T.);
#6463=ORIENTED_EDGE('',*,*,#6395,.T.);
#6473=STYLED_ITEM('',(#34),#6474);
#6474=ADVANCED_FACE('',(#6480),#6475,.T.);
#6475=PLANE('',#6476);
#6476=AXIS2_PLACEMENT_3D('',#6477,#6478,#6479);
#6477=CARTESIAN_POINT('',(0.952,0.952,8.89));
#6478=DIRECTION('',(0.0,-1.0,0.0));
#6479=DIRECTION('',(0.,0.,1.));
#6480=FACE_OUTER_BOUND('',#6481,.T.);
#6481=EDGE_LOOP('',(#6482,#6492,#6502,#6512));
#6483=EDGE_CURVE('',#6339,#6435,#6488,.T.);
#6488=LINE('',#6340,#6490);
#6490=VECTOR('',#6491,0.635);
#6491=DIRECTION('',(-1.0,0.0,0.0));
#6482=ORIENTED_EDGE('',*,*,#6483,.F.);
#6492=ORIENTED_EDGE('',*,*,#6366,.T.);
#6502=ORIENTED_EDGE('',*,*,#6287,.T.);
#6512=ORIENTED_EDGE('',*,*,#6444,.T.);
#6522=STYLED_ITEM('',(#34),#6523);
#6523=ADVANCED_FACE('',(#6529),#6524,.T.);
#6524=PLANE('',#6525);
#6525=AXIS2_PLACEMENT_3D('',#6526,#6527,#6528);
#6526=CARTESIAN_POINT('',(0.952,1.588,8.89));
#6527=DIRECTION('',(0.0,0.0,-1.0));
#6528=DIRECTION('',(0.,1.,0.));
#6529=FACE_OUTER_BOUND('',#6530,.T.);
#6530=EDGE_LOOP('',(#6531,#6541,#6551,#6561));
#6531=ORIENTED_EDGE('',*,*,#6385,.T.);
#6541=ORIENTED_EDGE('',*,*,#6336,.T.);
#6551=ORIENTED_EDGE('',*,*,#6483,.T.);
#6561=ORIENTED_EDGE('',*,*,#6434,.T.);
#6571=STYLED_ITEM('',(#34),#6572);
#6572=ADVANCED_FACE('',(#6578),#6573,.T.);
#6573=PLANE('',#6574);
#6574=AXIS2_PLACEMENT_3D('',#6575,#6576,#6577);
#6575=CARTESIAN_POINT('',(0.952,0.952,0.0));
#6576=DIRECTION('',(0.0,0.0,1.0));
#6577=DIRECTION('',(0.,1.,0.));
#6578=FACE_OUTER_BOUND('',#6579,.T.);
#6579=EDGE_LOOP('',(#6580,#6590,#6600,#6610));
#6583=CARTESIAN_POINT('',(1.588,0.952,0.0));
#6582=VERTEX_POINT('',#6583);
#6585=CARTESIAN_POINT('',(0.952,0.952,0.0));
#6584=VERTEX_POINT('',#6585);
#6581=EDGE_CURVE('',#6582,#6584,#6586,.T.);
#6586=LINE('',#6583,#6588);
#6588=VECTOR('',#6589,0.635);
#6589=DIRECTION('',(-1.0,0.0,0.0));
#6580=ORIENTED_EDGE('',*,*,#6581,.F.);
#6593=CARTESIAN_POINT('',(1.588,1.588,0.0));
#6592=VERTEX_POINT('',#6593);
#6591=EDGE_CURVE('',#6592,#6582,#6596,.T.);
#6596=LINE('',#6593,#6598);
#6598=VECTOR('',#6599,0.635);
#6599=DIRECTION('',(0.0,-1.0,0.0));
#6590=ORIENTED_EDGE('',*,*,#6591,.F.);
#6603=CARTESIAN_POINT('',(0.952,1.588,0.0));
#6602=VERTEX_POINT('',#6603);
#6601=EDGE_CURVE('',#6602,#6592,#6606,.T.);
#6606=LINE('',#6603,#6608);
#6608=VECTOR('',#6609,0.635);
#6609=DIRECTION('',(1.0,0.0,0.0));
#6600=ORIENTED_EDGE('',*,*,#6601,.F.);
#6611=EDGE_CURVE('',#6584,#6602,#6616,.T.);
#6616=LINE('',#6585,#6618);
#6618=VECTOR('',#6619,0.635);
#6619=DIRECTION('',(0.0,1.0,0.0));
#6610=ORIENTED_EDGE('',*,*,#6611,.F.);
#6620=STYLED_ITEM('',(#34),#6621);
#6621=ADVANCED_FACE('',(#6627),#6622,.T.);
#6622=PLANE('',#6623);
#6623=AXIS2_PLACEMENT_3D('',#6624,#6625,#6626);
#6624=CARTESIAN_POINT('',(1.588,0.952,-4.921));
#6625=DIRECTION('',(1.0,0.0,0.0));
#6626=DIRECTION('',(0.,0.,1.));
#6627=FACE_OUTER_BOUND('',#6628,.T.);
#6628=EDGE_LOOP('',(#6629,#6639,#6649,#6659));
#6632=CARTESIAN_POINT('',(1.588,1.588,-4.921));
#6631=VERTEX_POINT('',#6632);
#6634=CARTESIAN_POINT('',(1.588,0.952,-4.921));
#6633=VERTEX_POINT('',#6634);
#6630=EDGE_CURVE('',#6631,#6633,#6635,.T.);
#6635=LINE('',#6632,#6637);
#6637=VECTOR('',#6638,0.635);
#6638=DIRECTION('',(0.0,-1.0,0.0));
#6629=ORIENTED_EDGE('',*,*,#6630,.F.);
#6640=EDGE_CURVE('',#6592,#6631,#6645,.T.);
#6645=LINE('',#6593,#6647);
#6647=VECTOR('',#6648,4.92125);
#6648=DIRECTION('',(0.0,0.0,-1.0));
#6639=ORIENTED_EDGE('',*,*,#6640,.F.);
#6649=ORIENTED_EDGE('',*,*,#6591,.T.);
#6660=EDGE_CURVE('',#6633,#6582,#6665,.T.);
#6665=LINE('',#6634,#6667);
#6667=VECTOR('',#6668,4.92125);
#6668=DIRECTION('',(0.0,0.0,1.0));
#6659=ORIENTED_EDGE('',*,*,#6660,.F.);
#6669=STYLED_ITEM('',(#34),#6670);
#6670=ADVANCED_FACE('',(#6676),#6671,.T.);
#6671=PLANE('',#6672);
#6672=AXIS2_PLACEMENT_3D('',#6673,#6674,#6675);
#6673=CARTESIAN_POINT('',(1.588,1.588,-4.921));
#6674=DIRECTION('',(0.0,1.0,0.0));
#6675=DIRECTION('',(0.,0.,1.));
#6676=FACE_OUTER_BOUND('',#6677,.T.);
#6677=EDGE_LOOP('',(#6678,#6688,#6698,#6708));
#6681=CARTESIAN_POINT('',(0.952,1.588,-4.921));
#6680=VERTEX_POINT('',#6681);
#6679=EDGE_CURVE('',#6680,#6631,#6684,.T.);
#6684=LINE('',#6681,#6686);
#6686=VECTOR('',#6687,0.635);
#6687=DIRECTION('',(1.0,0.0,0.0));
#6678=ORIENTED_EDGE('',*,*,#6679,.F.);
#6689=EDGE_CURVE('',#6602,#6680,#6694,.T.);
#6694=LINE('',#6603,#6696);
#6696=VECTOR('',#6697,4.92125);
#6697=DIRECTION('',(0.0,0.0,-1.0));
#6688=ORIENTED_EDGE('',*,*,#6689,.F.);
#6698=ORIENTED_EDGE('',*,*,#6601,.T.);
#6708=ORIENTED_EDGE('',*,*,#6640,.T.);
#6718=STYLED_ITEM('',(#34),#6719);
#6719=ADVANCED_FACE('',(#6725),#6720,.T.);
#6720=PLANE('',#6721);
#6721=AXIS2_PLACEMENT_3D('',#6722,#6723,#6724);
#6722=CARTESIAN_POINT('',(0.952,1.588,-4.921));
#6723=DIRECTION('',(-1.0,0.0,0.0));
#6724=DIRECTION('',(0.,0.,1.));
#6725=FACE_OUTER_BOUND('',#6726,.T.);
#6726=EDGE_LOOP('',(#6727,#6737,#6747,#6757));
#6730=CARTESIAN_POINT('',(0.952,0.952,-4.921));
#6729=VERTEX_POINT('',#6730);
#6728=EDGE_CURVE('',#6729,#6680,#6733,.T.);
#6733=LINE('',#6730,#6735);
#6735=VECTOR('',#6736,0.635);
#6736=DIRECTION('',(0.0,1.0,0.0));
#6727=ORIENTED_EDGE('',*,*,#6728,.F.);
#6738=EDGE_CURVE('',#6584,#6729,#6743,.T.);
#6743=LINE('',#6585,#6745);
#6745=VECTOR('',#6746,4.92125);
#6746=DIRECTION('',(0.0,0.0,-1.0));
#6737=ORIENTED_EDGE('',*,*,#6738,.F.);
#6747=ORIENTED_EDGE('',*,*,#6611,.T.);
#6757=ORIENTED_EDGE('',*,*,#6689,.T.);
#6767=STYLED_ITEM('',(#34),#6768);
#6768=ADVANCED_FACE('',(#6774),#6769,.T.);
#6769=PLANE('',#6770);
#6770=AXIS2_PLACEMENT_3D('',#6771,#6772,#6773);
#6771=CARTESIAN_POINT('',(0.952,0.952,-4.921));
#6772=DIRECTION('',(0.0,-1.0,0.0));
#6773=DIRECTION('',(0.,0.,1.));
#6774=FACE_OUTER_BOUND('',#6775,.T.);
#6775=EDGE_LOOP('',(#6776,#6786,#6796,#6806));
#6777=EDGE_CURVE('',#6633,#6729,#6782,.T.);
#6782=LINE('',#6634,#6784);
#6784=VECTOR('',#6785,0.635);
#6785=DIRECTION('',(-1.0,0.0,0.0));
#6776=ORIENTED_EDGE('',*,*,#6777,.F.);
#6786=ORIENTED_EDGE('',*,*,#6660,.T.);
#6796=ORIENTED_EDGE('',*,*,#6581,.T.);
#6806=ORIENTED_EDGE('',*,*,#6738,.T.);
#6816=STYLED_ITEM('',(#34),#6817);
#6817=ADVANCED_FACE('',(#6823),#6818,.T.);
#6818=PLANE('',#6819);
#6819=AXIS2_PLACEMENT_3D('',#6820,#6821,#6822);
#6820=CARTESIAN_POINT('',(1.429,1.111,-5.08));
#6821=DIRECTION('',(0.707,0.0,-0.707));
#6822=DIRECTION('',(0.,0.,1.));
#6823=FACE_OUTER_BOUND('',#6824,.T.);
#6824=EDGE_LOOP('',(#6825,#6835,#6845,#6855));
#6828=CARTESIAN_POINT('',(1.429,1.429,-5.08));
#6827=VERTEX_POINT('',#6828);
#6830=CARTESIAN_POINT('',(1.429,1.111,-5.08));
#6829=VERTEX_POINT('',#6830);
#6826=EDGE_CURVE('',#6827,#6829,#6831,.T.);
#6831=LINE('',#6828,#6833);
#6833=VECTOR('',#6834,0.3175);
#6834=DIRECTION('',(0.0,-1.0,0.0));
#6825=ORIENTED_EDGE('',*,*,#6826,.F.);
#6836=EDGE_CURVE('',#6631,#6827,#6841,.T.);
#6841=LINE('',#6632,#6843);
#6843=VECTOR('',#6844,0.274963065701559);
#6844=DIRECTION('',(-0.577,-0.577,-0.577));
#6835=ORIENTED_EDGE('',*,*,#6836,.F.);
#6845=ORIENTED_EDGE('',*,*,#6630,.T.);
#6856=EDGE_CURVE('',#6829,#6633,#6861,.T.);
#6861=LINE('',#6830,#6863);
#6863=VECTOR('',#6864,0.274963065701559);
#6864=DIRECTION('',(0.577,-0.577,0.577));
#6855=ORIENTED_EDGE('',*,*,#6856,.F.);
#6865=STYLED_ITEM('',(#34),#6866);
#6866=ADVANCED_FACE('',(#6872),#6867,.T.);
#6867=PLANE('',#6868);
#6868=AXIS2_PLACEMENT_3D('',#6869,#6870,#6871);
#6869=CARTESIAN_POINT('',(1.429,1.429,-5.08));
#6870=DIRECTION('',(0.0,0.707,-0.707));
#6871=DIRECTION('',(0.,0.,1.));
#6872=FACE_OUTER_BOUND('',#6873,.T.);
#6873=EDGE_LOOP('',(#6874,#6884,#6894,#6904));
#6877=CARTESIAN_POINT('',(1.111,1.429,-5.08));
#6876=VERTEX_POINT('',#6877);
#6875=EDGE_CURVE('',#6876,#6827,#6880,.T.);
#6880=LINE('',#6877,#6882);
#6882=VECTOR('',#6883,0.3175);
#6883=DIRECTION('',(1.0,0.0,0.0));
#6874=ORIENTED_EDGE('',*,*,#6875,.F.);
#6885=EDGE_CURVE('',#6680,#6876,#6890,.T.);
#6890=LINE('',#6681,#6892);
#6892=VECTOR('',#6893,0.274963065701559);
#6893=DIRECTION('',(0.577,-0.577,-0.577));
#6884=ORIENTED_EDGE('',*,*,#6885,.F.);
#6894=ORIENTED_EDGE('',*,*,#6679,.T.);
#6904=ORIENTED_EDGE('',*,*,#6836,.T.);
#6914=STYLED_ITEM('',(#34),#6915);
#6915=ADVANCED_FACE('',(#6921),#6916,.T.);
#6916=PLANE('',#6917);
#6917=AXIS2_PLACEMENT_3D('',#6918,#6919,#6920);
#6918=CARTESIAN_POINT('',(1.111,1.429,-5.08));
#6919=DIRECTION('',(-0.707,0.0,-0.707));
#6920=DIRECTION('',(0.,0.,1.));
#6921=FACE_OUTER_BOUND('',#6922,.T.);
#6922=EDGE_LOOP('',(#6923,#6933,#6943,#6953));
#6926=CARTESIAN_POINT('',(1.111,1.111,-5.08));
#6925=VERTEX_POINT('',#6926);
#6924=EDGE_CURVE('',#6925,#6876,#6929,.T.);
#6929=LINE('',#6926,#6931);
#6931=VECTOR('',#6932,0.3175);
#6932=DIRECTION('',(0.0,1.0,0.0));
#6923=ORIENTED_EDGE('',*,*,#6924,.F.);
#6934=EDGE_CURVE('',#6729,#6925,#6939,.T.);
#6939=LINE('',#6730,#6941);
#6941=VECTOR('',#6942,0.274963065701559);
#6942=DIRECTION('',(0.577,0.577,-0.577));
#6933=ORIENTED_EDGE('',*,*,#6934,.F.);
#6943=ORIENTED_EDGE('',*,*,#6728,.T.);
#6953=ORIENTED_EDGE('',*,*,#6885,.T.);
#6963=STYLED_ITEM('',(#34),#6964);
#6964=ADVANCED_FACE('',(#6970),#6965,.T.);
#6965=PLANE('',#6966);
#6966=AXIS2_PLACEMENT_3D('',#6967,#6968,#6969);
#6967=CARTESIAN_POINT('',(1.111,1.111,-5.08));
#6968=DIRECTION('',(0.0,-0.707,-0.707));
#6969=DIRECTION('',(0.,0.,1.));
#6970=FACE_OUTER_BOUND('',#6971,.T.);
#6971=EDGE_LOOP('',(#6972,#6982,#6992,#7002));
#6973=EDGE_CURVE('',#6829,#6925,#6978,.T.);
#6978=LINE('',#6830,#6980);
#6980=VECTOR('',#6981,0.3175);
#6981=DIRECTION('',(-1.0,0.0,0.0));
#6972=ORIENTED_EDGE('',*,*,#6973,.F.);
#6982=ORIENTED_EDGE('',*,*,#6856,.T.);
#6992=ORIENTED_EDGE('',*,*,#6777,.T.);
#7002=ORIENTED_EDGE('',*,*,#6934,.T.);
#7012=STYLED_ITEM('',(#34),#7013);
#7013=ADVANCED_FACE('',(#7019),#7014,.T.);
#7014=PLANE('',#7015);
#7015=AXIS2_PLACEMENT_3D('',#7016,#7017,#7018);
#7016=CARTESIAN_POINT('',(1.111,1.429,-5.08));
#7017=DIRECTION('',(0.0,0.0,-1.0));
#7018=DIRECTION('',(0.,1.,0.));
#7019=FACE_OUTER_BOUND('',#7020,.T.);
#7020=EDGE_LOOP('',(#7021,#7031,#7041,#7051));
#7021=ORIENTED_EDGE('',*,*,#6875,.T.);
#7031=ORIENTED_EDGE('',*,*,#6826,.T.);
#7041=ORIENTED_EDGE('',*,*,#6973,.T.);
#7051=ORIENTED_EDGE('',*,*,#6924,.T.);
#7061=MANIFOLD_SOLID_BREP($,#7062);
#7062=CLOSED_SHELL('',(#7066,#7115,#7164,#7213,#7262,#7311,#7360,#7409,#7458,#7507));
#7063=MANIFOLD_SOLID_BREP($,#7064);
#7064=CLOSED_SHELL('',(#7556,#7605,#7654,#7703,#7752,#7801,#7850,#7899,#7948,#7997));
#7065=STYLED_ITEM('',(#34),#7066);
#7066=ADVANCED_FACE('',(#7072),#7067,.T.);
#7067=PLANE('',#7068);
#7068=AXIS2_PLACEMENT_3D('',#7069,#7070,#7071);
#7069=CARTESIAN_POINT('',(-1.429,1.111,12.7));
#7070=DIRECTION('',(0.0,0.0,1.0));
#7071=DIRECTION('',(0.,1.,0.));
#7072=FACE_OUTER_BOUND('',#7073,.T.);
#7073=EDGE_LOOP('',(#7074,#7084,#7094,#7104));
#7077=CARTESIAN_POINT('',(-1.111,1.111,12.7));
#7076=VERTEX_POINT('',#7077);
#7079=CARTESIAN_POINT('',(-1.429,1.111,12.7));
#7078=VERTEX_POINT('',#7079);
#7075=EDGE_CURVE('',#7076,#7078,#7080,.T.);
#7080=LINE('',#7077,#7082);
#7082=VECTOR('',#7083,0.3175);
#7083=DIRECTION('',(-1.0,0.0,0.0));
#7074=ORIENTED_EDGE('',*,*,#7075,.F.);
#7087=CARTESIAN_POINT('',(-1.111,1.429,12.7));
#7086=VERTEX_POINT('',#7087);
#7085=EDGE_CURVE('',#7086,#7076,#7090,.T.);
#7090=LINE('',#7087,#7092);
#7092=VECTOR('',#7093,0.3175);
#7093=DIRECTION('',(0.0,-1.0,0.0));
#7084=ORIENTED_EDGE('',*,*,#7085,.F.);
#7097=CARTESIAN_POINT('',(-1.429,1.429,12.7));
#7096=VERTEX_POINT('',#7097);
#7095=EDGE_CURVE('',#7096,#7086,#7100,.T.);
#7100=LINE('',#7097,#7102);
#7102=VECTOR('',#7103,0.3175);
#7103=DIRECTION('',(1.0,0.0,0.0));
#7094=ORIENTED_EDGE('',*,*,#7095,.F.);
#7105=EDGE_CURVE('',#7078,#7096,#7110,.T.);
#7110=LINE('',#7079,#7112);
#7112=VECTOR('',#7113,0.3175);
#7113=DIRECTION('',(0.0,1.0,0.0));
#7104=ORIENTED_EDGE('',*,*,#7105,.F.);
#7114=STYLED_ITEM('',(#34),#7115);
#7115=ADVANCED_FACE('',(#7121),#7116,.T.);
#7116=PLANE('',#7117);
#7117=AXIS2_PLACEMENT_3D('',#7118,#7119,#7120);
#7118=CARTESIAN_POINT('',(-0.952,0.952,12.541));
#7119=DIRECTION('',(0.707,0.0,0.707));
#7120=DIRECTION('',(0.,0.,1.));
#7121=FACE_OUTER_BOUND('',#7122,.T.);
#7122=EDGE_LOOP('',(#7123,#7133,#7143,#7153));
#7126=CARTESIAN_POINT('',(-0.952,1.588,12.541));
#7125=VERTEX_POINT('',#7126);
#7128=CARTESIAN_POINT('',(-0.952,0.952,12.541));
#7127=VERTEX_POINT('',#7128);
#7124=EDGE_CURVE('',#7125,#7127,#7129,.T.);
#7129=LINE('',#7126,#7131);
#7131=VECTOR('',#7132,0.635);
#7132=DIRECTION('',(0.0,-1.0,0.0));
#7123=ORIENTED_EDGE('',*,*,#7124,.F.);
#7134=EDGE_CURVE('',#7086,#7125,#7139,.T.);
#7139=LINE('',#7087,#7141);
#7141=VECTOR('',#7142,0.274963065701559);
#7142=DIRECTION('',(0.577,0.577,-0.577));
#7133=ORIENTED_EDGE('',*,*,#7134,.F.);
#7143=ORIENTED_EDGE('',*,*,#7085,.T.);
#7154=EDGE_CURVE('',#7127,#7076,#7159,.T.);
#7159=LINE('',#7128,#7161);
#7161=VECTOR('',#7162,0.274963065701559);
#7162=DIRECTION('',(-0.577,0.577,0.577));
#7153=ORIENTED_EDGE('',*,*,#7154,.F.);
#7163=STYLED_ITEM('',(#34),#7164);
#7164=ADVANCED_FACE('',(#7170),#7165,.T.);
#7165=PLANE('',#7166);
#7166=AXIS2_PLACEMENT_3D('',#7167,#7168,#7169);
#7167=CARTESIAN_POINT('',(-0.952,1.588,12.541));
#7168=DIRECTION('',(0.0,0.707,0.707));
#7169=DIRECTION('',(0.,0.,1.));
#7170=FACE_OUTER_BOUND('',#7171,.T.);
#7171=EDGE_LOOP('',(#7172,#7182,#7192,#7202));
#7175=CARTESIAN_POINT('',(-1.588,1.588,12.541));
#7174=VERTEX_POINT('',#7175);
#7173=EDGE_CURVE('',#7174,#7125,#7178,.T.);
#7178=LINE('',#7175,#7180);
#7180=VECTOR('',#7181,0.635);
#7181=DIRECTION('',(1.0,0.0,0.0));
#7172=ORIENTED_EDGE('',*,*,#7173,.F.);
#7183=EDGE_CURVE('',#7096,#7174,#7188,.T.);
#7188=LINE('',#7097,#7190);
#7190=VECTOR('',#7191,0.274963065701559);
#7191=DIRECTION('',(-0.577,0.577,-0.577));
#7182=ORIENTED_EDGE('',*,*,#7183,.F.);
#7192=ORIENTED_EDGE('',*,*,#7095,.T.);
#7202=ORIENTED_EDGE('',*,*,#7134,.T.);
#7212=STYLED_ITEM('',(#34),#7213);
#7213=ADVANCED_FACE('',(#7219),#7214,.T.);
#7214=PLANE('',#7215);
#7215=AXIS2_PLACEMENT_3D('',#7216,#7217,#7218);
#7216=CARTESIAN_POINT('',(-1.588,1.588,12.541));
#7217=DIRECTION('',(-0.707,0.0,0.707));
#7218=DIRECTION('',(0.,0.,1.));
#7219=FACE_OUTER_BOUND('',#7220,.T.);
#7220=EDGE_LOOP('',(#7221,#7231,#7241,#7251));
#7224=CARTESIAN_POINT('',(-1.588,0.952,12.541));
#7223=VERTEX_POINT('',#7224);
#7222=EDGE_CURVE('',#7223,#7174,#7227,.T.);
#7227=LINE('',#7224,#7229);
#7229=VECTOR('',#7230,0.635);
#7230=DIRECTION('',(0.0,1.0,0.0));
#7221=ORIENTED_EDGE('',*,*,#7222,.F.);
#7232=EDGE_CURVE('',#7078,#7223,#7237,.T.);
#7237=LINE('',#7079,#7239);
#7239=VECTOR('',#7240,0.274963065701559);
#7240=DIRECTION('',(-0.577,-0.577,-0.577));
#7231=ORIENTED_EDGE('',*,*,#7232,.F.);
#7241=ORIENTED_EDGE('',*,*,#7105,.T.);
#7251=ORIENTED_EDGE('',*,*,#7183,.T.);
#7261=STYLED_ITEM('',(#34),#7262);
#7262=ADVANCED_FACE('',(#7268),#7263,.T.);
#7263=PLANE('',#7264);
#7264=AXIS2_PLACEMENT_3D('',#7265,#7266,#7267);
#7265=CARTESIAN_POINT('',(-1.588,0.952,12.541));
#7266=DIRECTION('',(0.0,-0.707,0.707));
#7267=DIRECTION('',(0.,0.,1.));
#7268=FACE_OUTER_BOUND('',#7269,.T.);
#7269=EDGE_LOOP('',(#7270,#7280,#7290,#7300));
#7271=EDGE_CURVE('',#7127,#7223,#7276,.T.);
#7276=LINE('',#7128,#7278);
#7278=VECTOR('',#7279,0.635);
#7279=DIRECTION('',(-1.0,0.0,0.0));
#7270=ORIENTED_EDGE('',*,*,#7271,.F.);
#7280=ORIENTED_EDGE('',*,*,#7154,.T.);
#7290=ORIENTED_EDGE('',*,*,#7075,.T.);
#7300=ORIENTED_EDGE('',*,*,#7232,.T.);
#7310=STYLED_ITEM('',(#34),#7311);
#7311=ADVANCED_FACE('',(#7317),#7312,.T.);
#7312=PLANE('',#7313);
#7313=AXIS2_PLACEMENT_3D('',#7314,#7315,#7316);
#7314=CARTESIAN_POINT('',(-0.952,0.952,8.89));
#7315=DIRECTION('',(1.0,0.0,0.0));
#7316=DIRECTION('',(0.,0.,1.));
#7317=FACE_OUTER_BOUND('',#7318,.T.);
#7318=EDGE_LOOP('',(#7319,#7329,#7339,#7349));
#7322=CARTESIAN_POINT('',(-0.952,1.588,8.89));
#7321=VERTEX_POINT('',#7322);
#7324=CARTESIAN_POINT('',(-0.952,0.952,8.89));
#7323=VERTEX_POINT('',#7324);
#7320=EDGE_CURVE('',#7321,#7323,#7325,.T.);
#7325=LINE('',#7322,#7327);
#7327=VECTOR('',#7328,0.635);
#7328=DIRECTION('',(0.0,-1.0,0.0));
#7319=ORIENTED_EDGE('',*,*,#7320,.F.);
#7330=EDGE_CURVE('',#7125,#7321,#7335,.T.);
#7335=LINE('',#7126,#7337);
#7337=VECTOR('',#7338,3.65125);
#7338=DIRECTION('',(0.0,0.0,-1.0));
#7329=ORIENTED_EDGE('',*,*,#7330,.F.);
#7339=ORIENTED_EDGE('',*,*,#7124,.T.);
#7350=EDGE_CURVE('',#7323,#7127,#7355,.T.);
#7355=LINE('',#7324,#7357);
#7357=VECTOR('',#7358,3.65125);
#7358=DIRECTION('',(0.0,0.0,1.0));
#7349=ORIENTED_EDGE('',*,*,#7350,.F.);
#7359=STYLED_ITEM('',(#34),#7360);
#7360=ADVANCED_FACE('',(#7366),#7361,.T.);
#7361=PLANE('',#7362);
#7362=AXIS2_PLACEMENT_3D('',#7363,#7364,#7365);
#7363=CARTESIAN_POINT('',(-0.952,1.588,8.89));
#7364=DIRECTION('',(0.0,1.0,0.0));
#7365=DIRECTION('',(0.,0.,1.));
#7366=FACE_OUTER_BOUND('',#7367,.T.);
#7367=EDGE_LOOP('',(#7368,#7378,#7388,#7398));
#7371=CARTESIAN_POINT('',(-1.588,1.588,8.89));
#7370=VERTEX_POINT('',#7371);
#7369=EDGE_CURVE('',#7370,#7321,#7374,.T.);
#7374=LINE('',#7371,#7376);
#7376=VECTOR('',#7377,0.635);
#7377=DIRECTION('',(1.0,0.0,0.0));
#7368=ORIENTED_EDGE('',*,*,#7369,.F.);
#7379=EDGE_CURVE('',#7174,#7370,#7384,.T.);
#7384=LINE('',#7175,#7386);
#7386=VECTOR('',#7387,3.65125);
#7387=DIRECTION('',(0.0,0.0,-1.0));
#7378=ORIENTED_EDGE('',*,*,#7379,.F.);
#7388=ORIENTED_EDGE('',*,*,#7173,.T.);
#7398=ORIENTED_EDGE('',*,*,#7330,.T.);
#7408=STYLED_ITEM('',(#34),#7409);
#7409=ADVANCED_FACE('',(#7415),#7410,.T.);
#7410=PLANE('',#7411);
#7411=AXIS2_PLACEMENT_3D('',#7412,#7413,#7414);
#7412=CARTESIAN_POINT('',(-1.588,1.588,8.89));
#7413=DIRECTION('',(-1.0,0.0,0.0));
#7414=DIRECTION('',(0.,0.,1.));
#7415=FACE_OUTER_BOUND('',#7416,.T.);
#7416=EDGE_LOOP('',(#7417,#7427,#7437,#7447));
#7420=CARTESIAN_POINT('',(-1.588,0.952,8.89));
#7419=VERTEX_POINT('',#7420);
#7418=EDGE_CURVE('',#7419,#7370,#7423,.T.);
#7423=LINE('',#7420,#7425);
#7425=VECTOR('',#7426,0.635);
#7426=DIRECTION('',(0.0,1.0,0.0));
#7417=ORIENTED_EDGE('',*,*,#7418,.F.);
#7428=EDGE_CURVE('',#7223,#7419,#7433,.T.);
#7433=LINE('',#7224,#7435);
#7435=VECTOR('',#7436,3.65125);
#7436=DIRECTION('',(0.0,0.0,-1.0));
#7427=ORIENTED_EDGE('',*,*,#7428,.F.);
#7437=ORIENTED_EDGE('',*,*,#7222,.T.);
#7447=ORIENTED_EDGE('',*,*,#7379,.T.);
#7457=STYLED_ITEM('',(#34),#7458);
#7458=ADVANCED_FACE('',(#7464),#7459,.T.);
#7459=PLANE('',#7460);
#7460=AXIS2_PLACEMENT_3D('',#7461,#7462,#7463);
#7461=CARTESIAN_POINT('',(-1.588,0.952,8.89));
#7462=DIRECTION('',(0.0,-1.0,0.0));
#7463=DIRECTION('',(0.,0.,1.));
#7464=FACE_OUTER_BOUND('',#7465,.T.);
#7465=EDGE_LOOP('',(#7466,#7476,#7486,#7496));
#7467=EDGE_CURVE('',#7323,#7419,#7472,.T.);
#7472=LINE('',#7324,#7474);
#7474=VECTOR('',#7475,0.635);
#7475=DIRECTION('',(-1.0,0.0,0.0));
#7466=ORIENTED_EDGE('',*,*,#7467,.F.);
#7476=ORIENTED_EDGE('',*,*,#7350,.T.);
#7486=ORIENTED_EDGE('',*,*,#7271,.T.);
#7496=ORIENTED_EDGE('',*,*,#7428,.T.);
#7506=STYLED_ITEM('',(#34),#7507);
#7507=ADVANCED_FACE('',(#7513),#7508,.T.);
#7508=PLANE('',#7509);
#7509=AXIS2_PLACEMENT_3D('',#7510,#7511,#7512);
#7510=CARTESIAN_POINT('',(-1.588,1.588,8.89));
#7511=DIRECTION('',(0.0,0.0,-1.0));
#7512=DIRECTION('',(0.,1.,0.));
#7513=FACE_OUTER_BOUND('',#7514,.T.);
#7514=EDGE_LOOP('',(#7515,#7525,#7535,#7545));
#7515=ORIENTED_EDGE('',*,*,#7369,.T.);
#7525=ORIENTED_EDGE('',*,*,#7320,.T.);
#7535=ORIENTED_EDGE('',*,*,#7467,.T.);
#7545=ORIENTED_EDGE('',*,*,#7418,.T.);
#7555=STYLED_ITEM('',(#34),#7556);
#7556=ADVANCED_FACE('',(#7562),#7557,.T.);
#7557=PLANE('',#7558);
#7558=AXIS2_PLACEMENT_3D('',#7559,#7560,#7561);
#7559=CARTESIAN_POINT('',(-1.588,0.952,0.0));
#7560=DIRECTION('',(0.0,0.0,1.0));
#7561=DIRECTION('',(0.,1.,0.));
#7562=FACE_OUTER_BOUND('',#7563,.T.);
#7563=EDGE_LOOP('',(#7564,#7574,#7584,#7594));
#7567=CARTESIAN_POINT('',(-0.952,0.952,0.0));
#7566=VERTEX_POINT('',#7567);
#7569=CARTESIAN_POINT('',(-1.588,0.952,0.0));
#7568=VERTEX_POINT('',#7569);
#7565=EDGE_CURVE('',#7566,#7568,#7570,.T.);
#7570=LINE('',#7567,#7572);
#7572=VECTOR('',#7573,0.635);
#7573=DIRECTION('',(-1.0,0.0,0.0));
#7564=ORIENTED_EDGE('',*,*,#7565,.F.);
#7577=CARTESIAN_POINT('',(-0.952,1.588,0.0));
#7576=VERTEX_POINT('',#7577);
#7575=EDGE_CURVE('',#7576,#7566,#7580,.T.);
#7580=LINE('',#7577,#7582);
#7582=VECTOR('',#7583,0.635);
#7583=DIRECTION('',(0.0,-1.0,0.0));
#7574=ORIENTED_EDGE('',*,*,#7575,.F.);
#7587=CARTESIAN_POINT('',(-1.588,1.588,0.0));
#7586=VERTEX_POINT('',#7587);
#7585=EDGE_CURVE('',#7586,#7576,#7590,.T.);
#7590=LINE('',#7587,#7592);
#7592=VECTOR('',#7593,0.635);
#7593=DIRECTION('',(1.0,0.0,0.0));
#7584=ORIENTED_EDGE('',*,*,#7585,.F.);
#7595=EDGE_CURVE('',#7568,#7586,#7600,.T.);
#7600=LINE('',#7569,#7602);
#7602=VECTOR('',#7603,0.635);
#7603=DIRECTION('',(0.0,1.0,0.0));
#7594=ORIENTED_EDGE('',*,*,#7595,.F.);
#7604=STYLED_ITEM('',(#34),#7605);
#7605=ADVANCED_FACE('',(#7611),#7606,.T.);
#7606=PLANE('',#7607);
#7607=AXIS2_PLACEMENT_3D('',#7608,#7609,#7610);
#7608=CARTESIAN_POINT('',(-0.952,0.952,-4.921));
#7609=DIRECTION('',(1.0,0.0,0.0));
#7610=DIRECTION('',(0.,0.,1.));
#7611=FACE_OUTER_BOUND('',#7612,.T.);
#7612=EDGE_LOOP('',(#7613,#7623,#7633,#7643));
#7616=CARTESIAN_POINT('',(-0.952,1.588,-4.921));
#7615=VERTEX_POINT('',#7616);
#7618=CARTESIAN_POINT('',(-0.952,0.952,-4.921));
#7617=VERTEX_POINT('',#7618);
#7614=EDGE_CURVE('',#7615,#7617,#7619,.T.);
#7619=LINE('',#7616,#7621);
#7621=VECTOR('',#7622,0.635);
#7622=DIRECTION('',(0.0,-1.0,0.0));
#7613=ORIENTED_EDGE('',*,*,#7614,.F.);
#7624=EDGE_CURVE('',#7576,#7615,#7629,.T.);
#7629=LINE('',#7577,#7631);
#7631=VECTOR('',#7632,4.92125);
#7632=DIRECTION('',(0.0,0.0,-1.0));
#7623=ORIENTED_EDGE('',*,*,#7624,.F.);
#7633=ORIENTED_EDGE('',*,*,#7575,.T.);
#7644=EDGE_CURVE('',#7617,#7566,#7649,.T.);
#7649=LINE('',#7618,#7651);
#7651=VECTOR('',#7652,4.92125);
#7652=DIRECTION('',(0.0,0.0,1.0));
#7643=ORIENTED_EDGE('',*,*,#7644,.F.);
#7653=STYLED_ITEM('',(#34),#7654);
#7654=ADVANCED_FACE('',(#7660),#7655,.T.);
#7655=PLANE('',#7656);
#7656=AXIS2_PLACEMENT_3D('',#7657,#7658,#7659);
#7657=CARTESIAN_POINT('',(-0.952,1.588,-4.921));
#7658=DIRECTION('',(0.0,1.0,0.0));
#7659=DIRECTION('',(0.,0.,1.));
#7660=FACE_OUTER_BOUND('',#7661,.T.);
#7661=EDGE_LOOP('',(#7662,#7672,#7682,#7692));
#7665=CARTESIAN_POINT('',(-1.588,1.588,-4.921));
#7664=VERTEX_POINT('',#7665);
#7663=EDGE_CURVE('',#7664,#7615,#7668,.T.);
#7668=LINE('',#7665,#7670);
#7670=VECTOR('',#7671,0.635);
#7671=DIRECTION('',(1.0,0.0,0.0));
#7662=ORIENTED_EDGE('',*,*,#7663,.F.);
#7673=EDGE_CURVE('',#7586,#7664,#7678,.T.);
#7678=LINE('',#7587,#7680);
#7680=VECTOR('',#7681,4.92125);
#7681=DIRECTION('',(0.0,0.0,-1.0));
#7672=ORIENTED_EDGE('',*,*,#7673,.F.);
#7682=ORIENTED_EDGE('',*,*,#7585,.T.);
#7692=ORIENTED_EDGE('',*,*,#7624,.T.);
#7702=STYLED_ITEM('',(#34),#7703);
#7703=ADVANCED_FACE('',(#7709),#7704,.T.);
#7704=PLANE('',#7705);
#7705=AXIS2_PLACEMENT_3D('',#7706,#7707,#7708);
#7706=CARTESIAN_POINT('',(-1.588,1.588,-4.921));
#7707=DIRECTION('',(-1.0,0.0,0.0));
#7708=DIRECTION('',(0.,0.,1.));
#7709=FACE_OUTER_BOUND('',#7710,.T.);
#7710=EDGE_LOOP('',(#7711,#7721,#7731,#7741));
#7714=CARTESIAN_POINT('',(-1.588,0.952,-4.921));
#7713=VERTEX_POINT('',#7714);
#7712=EDGE_CURVE('',#7713,#7664,#7717,.T.);
#7717=LINE('',#7714,#7719);
#7719=VECTOR('',#7720,0.635);
#7720=DIRECTION('',(0.0,1.0,0.0));
#7711=ORIENTED_EDGE('',*,*,#7712,.F.);
#7722=EDGE_CURVE('',#7568,#7713,#7727,.T.);
#7727=LINE('',#7569,#7729);
#7729=VECTOR('',#7730,4.92125);
#7730=DIRECTION('',(0.0,0.0,-1.0));
#7721=ORIENTED_EDGE('',*,*,#7722,.F.);
#7731=ORIENTED_EDGE('',*,*,#7595,.T.);
#7741=ORIENTED_EDGE('',*,*,#7673,.T.);
#7751=STYLED_ITEM('',(#34),#7752);
#7752=ADVANCED_FACE('',(#7758),#7753,.T.);
#7753=PLANE('',#7754);
#7754=AXIS2_PLACEMENT_3D('',#7755,#7756,#7757);
#7755=CARTESIAN_POINT('',(-1.588,0.952,-4.921));
#7756=DIRECTION('',(0.0,-1.0,0.0));
#7757=DIRECTION('',(0.,0.,1.));
#7758=FACE_OUTER_BOUND('',#7759,.T.);
#7759=EDGE_LOOP('',(#7760,#7770,#7780,#7790));
#7761=EDGE_CURVE('',#7617,#7713,#7766,.T.);
#7766=LINE('',#7618,#7768);
#7768=VECTOR('',#7769,0.635);
#7769=DIRECTION('',(-1.0,0.0,0.0));
#7760=ORIENTED_EDGE('',*,*,#7761,.F.);
#7770=ORIENTED_EDGE('',*,*,#7644,.T.);
#7780=ORIENTED_EDGE('',*,*,#7565,.T.);
#7790=ORIENTED_EDGE('',*,*,#7722,.T.);
#7800=STYLED_ITEM('',(#34),#7801);
#7801=ADVANCED_FACE('',(#7807),#7802,.T.);
#7802=PLANE('',#7803);
#7803=AXIS2_PLACEMENT_3D('',#7804,#7805,#7806);
#7804=CARTESIAN_POINT('',(-1.111,1.111,-5.08));
#7805=DIRECTION('',(0.707,0.0,-0.707));
#7806=DIRECTION('',(0.,0.,1.));
#7807=FACE_OUTER_BOUND('',#7808,.T.);
#7808=EDGE_LOOP('',(#7809,#7819,#7829,#7839));
#7812=CARTESIAN_POINT('',(-1.111,1.429,-5.08));
#7811=VERTEX_POINT('',#7812);
#7814=CARTESIAN_POINT('',(-1.111,1.111,-5.08));
#7813=VERTEX_POINT('',#7814);
#7810=EDGE_CURVE('',#7811,#7813,#7815,.T.);
#7815=LINE('',#7812,#7817);
#7817=VECTOR('',#7818,0.3175);
#7818=DIRECTION('',(0.0,-1.0,0.0));
#7809=ORIENTED_EDGE('',*,*,#7810,.F.);
#7820=EDGE_CURVE('',#7615,#7811,#7825,.T.);
#7825=LINE('',#7616,#7827);
#7827=VECTOR('',#7828,0.274963065701559);
#7828=DIRECTION('',(-0.577,-0.577,-0.577));
#7819=ORIENTED_EDGE('',*,*,#7820,.F.);
#7829=ORIENTED_EDGE('',*,*,#7614,.T.);
#7840=EDGE_CURVE('',#7813,#7617,#7845,.T.);
#7845=LINE('',#7814,#7847);
#7847=VECTOR('',#7848,0.274963065701559);
#7848=DIRECTION('',(0.577,-0.577,0.577));
#7839=ORIENTED_EDGE('',*,*,#7840,.F.);
#7849=STYLED_ITEM('',(#34),#7850);
#7850=ADVANCED_FACE('',(#7856),#7851,.T.);
#7851=PLANE('',#7852);
#7852=AXIS2_PLACEMENT_3D('',#7853,#7854,#7855);
#7853=CARTESIAN_POINT('',(-1.111,1.429,-5.08));
#7854=DIRECTION('',(0.0,0.707,-0.707));
#7855=DIRECTION('',(0.,0.,1.));
#7856=FACE_OUTER_BOUND('',#7857,.T.);
#7857=EDGE_LOOP('',(#7858,#7868,#7878,#7888));
#7861=CARTESIAN_POINT('',(-1.429,1.429,-5.08));
#7860=VERTEX_POINT('',#7861);
#7859=EDGE_CURVE('',#7860,#7811,#7864,.T.);
#7864=LINE('',#7861,#7866);
#7866=VECTOR('',#7867,0.3175);
#7867=DIRECTION('',(1.0,0.0,0.0));
#7858=ORIENTED_EDGE('',*,*,#7859,.F.);
#7869=EDGE_CURVE('',#7664,#7860,#7874,.T.);
#7874=LINE('',#7665,#7876);
#7876=VECTOR('',#7877,0.274963065701559);
#7877=DIRECTION('',(0.577,-0.577,-0.577));
#7868=ORIENTED_EDGE('',*,*,#7869,.F.);
#7878=ORIENTED_EDGE('',*,*,#7663,.T.);
#7888=ORIENTED_EDGE('',*,*,#7820,.T.);
#7898=STYLED_ITEM('',(#34),#7899);
#7899=ADVANCED_FACE('',(#7905),#7900,.T.);
#7900=PLANE('',#7901);
#7901=AXIS2_PLACEMENT_3D('',#7902,#7903,#7904);
#7902=CARTESIAN_POINT('',(-1.429,1.429,-5.08));
#7903=DIRECTION('',(-0.707,0.0,-0.707));
#7904=DIRECTION('',(0.,0.,1.));
#7905=FACE_OUTER_BOUND('',#7906,.T.);
#7906=EDGE_LOOP('',(#7907,#7917,#7927,#7937));
#7910=CARTESIAN_POINT('',(-1.429,1.111,-5.08));
#7909=VERTEX_POINT('',#7910);
#7908=EDGE_CURVE('',#7909,#7860,#7913,.T.);
#7913=LINE('',#7910,#7915);
#7915=VECTOR('',#7916,0.3175);
#7916=DIRECTION('',(0.0,1.0,0.0));
#7907=ORIENTED_EDGE('',*,*,#7908,.F.);
#7918=EDGE_CURVE('',#7713,#7909,#7923,.T.);
#7923=LINE('',#7714,#7925);
#7925=VECTOR('',#7926,0.274963065701559);
#7926=DIRECTION('',(0.577,0.577,-0.577));
#7917=ORIENTED_EDGE('',*,*,#7918,.F.);
#7927=ORIENTED_EDGE('',*,*,#7712,.T.);
#7937=ORIENTED_EDGE('',*,*,#7869,.T.);
#7947=STYLED_ITEM('',(#34),#7948);
#7948=ADVANCED_FACE('',(#7954),#7949,.T.);
#7949=PLANE('',#7950);
#7950=AXIS2_PLACEMENT_3D('',#7951,#7952,#7953);
#7951=CARTESIAN_POINT('',(-1.429,1.111,-5.08));
#7952=DIRECTION('',(0.0,-0.707,-0.707));
#7953=DIRECTION('',(0.,0.,1.));
#7954=FACE_OUTER_BOUND('',#7955,.T.);
#7955=EDGE_LOOP('',(#7956,#7966,#7976,#7986));
#7957=EDGE_CURVE('',#7813,#7909,#7962,.T.);
#7962=LINE('',#7814,#7964);
#7964=VECTOR('',#7965,0.3175);
#7965=DIRECTION('',(-1.0,0.0,0.0));
#7956=ORIENTED_EDGE('',*,*,#7957,.F.);
#7966=ORIENTED_EDGE('',*,*,#7840,.T.);
#7976=ORIENTED_EDGE('',*,*,#7761,.T.);
#7986=ORIENTED_EDGE('',*,*,#7918,.T.);
#7996=STYLED_ITEM('',(#34),#7997);
#7997=ADVANCED_FACE('',(#8003),#7998,.T.);
#7998=PLANE('',#7999);
#7999=AXIS2_PLACEMENT_3D('',#8000,#8001,#8002);
#8000=CARTESIAN_POINT('',(-1.429,1.429,-5.08));
#8001=DIRECTION('',(0.0,0.0,-1.0));
#8002=DIRECTION('',(0.,1.,0.));
#8003=FACE_OUTER_BOUND('',#8004,.T.);
#8004=EDGE_LOOP('',(#8005,#8015,#8025,#8035));
#8005=ORIENTED_EDGE('',*,*,#7859,.T.);
#8015=ORIENTED_EDGE('',*,*,#7810,.T.);
#8025=ORIENTED_EDGE('',*,*,#7957,.T.);
#8035=ORIENTED_EDGE('',*,*,#7908,.T.);
#8045=MANIFOLD_SOLID_BREP($,#8046);
#8046=CLOSED_SHELL('',(#8050,#8099,#8148,#8197,#8246,#8295,#8344,#8393,#8442,#8491));
#8047=MANIFOLD_SOLID_BREP($,#8048);
#8048=CLOSED_SHELL('',(#8540,#8589,#8638,#8687,#8736,#8785,#8834,#8883,#8932,#8981));
#8049=STYLED_ITEM('',(#34),#8050);
#8050=ADVANCED_FACE('',(#8056),#8051,.T.);
#8051=PLANE('',#8052);
#8052=AXIS2_PLACEMENT_3D('',#8053,#8054,#8055);
#8053=CARTESIAN_POINT('',(-3.969,1.111,12.7));
#8054=DIRECTION('',(0.0,0.0,1.0));
#8055=DIRECTION('',(0.,1.,0.));
#8056=FACE_OUTER_BOUND('',#8057,.T.);
#8057=EDGE_LOOP('',(#8058,#8068,#8078,#8088));
#8061=CARTESIAN_POINT('',(-3.651,1.111,12.7));
#8060=VERTEX_POINT('',#8061);
#8063=CARTESIAN_POINT('',(-3.969,1.111,12.7));
#8062=VERTEX_POINT('',#8063);
#8059=EDGE_CURVE('',#8060,#8062,#8064,.T.);
#8064=LINE('',#8061,#8066);
#8066=VECTOR('',#8067,0.3175);
#8067=DIRECTION('',(-1.0,0.0,0.0));
#8058=ORIENTED_EDGE('',*,*,#8059,.F.);
#8071=CARTESIAN_POINT('',(-3.651,1.429,12.7));
#8070=VERTEX_POINT('',#8071);
#8069=EDGE_CURVE('',#8070,#8060,#8074,.T.);
#8074=LINE('',#8071,#8076);
#8076=VECTOR('',#8077,0.3175);
#8077=DIRECTION('',(0.0,-1.0,0.0));
#8068=ORIENTED_EDGE('',*,*,#8069,.F.);
#8081=CARTESIAN_POINT('',(-3.969,1.429,12.7));
#8080=VERTEX_POINT('',#8081);
#8079=EDGE_CURVE('',#8080,#8070,#8084,.T.);
#8084=LINE('',#8081,#8086);
#8086=VECTOR('',#8087,0.3175);
#8087=DIRECTION('',(1.0,0.0,0.0));
#8078=ORIENTED_EDGE('',*,*,#8079,.F.);
#8089=EDGE_CURVE('',#8062,#8080,#8094,.T.);
#8094=LINE('',#8063,#8096);
#8096=VECTOR('',#8097,0.3175);
#8097=DIRECTION('',(0.0,1.0,0.0));
#8088=ORIENTED_EDGE('',*,*,#8089,.F.);
#8098=STYLED_ITEM('',(#34),#8099);
#8099=ADVANCED_FACE('',(#8105),#8100,.T.);
#8100=PLANE('',#8101);
#8101=AXIS2_PLACEMENT_3D('',#8102,#8103,#8104);
#8102=CARTESIAN_POINT('',(-3.492,0.952,12.541));
#8103=DIRECTION('',(0.707,0.0,0.707));
#8104=DIRECTION('',(0.,0.,1.));
#8105=FACE_OUTER_BOUND('',#8106,.T.);
#8106=EDGE_LOOP('',(#8107,#8117,#8127,#8137));
#8110=CARTESIAN_POINT('',(-3.492,1.588,12.541));
#8109=VERTEX_POINT('',#8110);
#8112=CARTESIAN_POINT('',(-3.492,0.952,12.541));
#8111=VERTEX_POINT('',#8112);
#8108=EDGE_CURVE('',#8109,#8111,#8113,.T.);
#8113=LINE('',#8110,#8115);
#8115=VECTOR('',#8116,0.635);
#8116=DIRECTION('',(0.0,-1.0,0.0));
#8107=ORIENTED_EDGE('',*,*,#8108,.F.);
#8118=EDGE_CURVE('',#8070,#8109,#8123,.T.);
#8123=LINE('',#8071,#8125);
#8125=VECTOR('',#8126,0.274963065701559);
#8126=DIRECTION('',(0.577,0.577,-0.577));
#8117=ORIENTED_EDGE('',*,*,#8118,.F.);
#8127=ORIENTED_EDGE('',*,*,#8069,.T.);
#8138=EDGE_CURVE('',#8111,#8060,#8143,.T.);
#8143=LINE('',#8112,#8145);
#8145=VECTOR('',#8146,0.274963065701559);
#8146=DIRECTION('',(-0.577,0.577,0.577));
#8137=ORIENTED_EDGE('',*,*,#8138,.F.);
#8147=STYLED_ITEM('',(#34),#8148);
#8148=ADVANCED_FACE('',(#8154),#8149,.T.);
#8149=PLANE('',#8150);
#8150=AXIS2_PLACEMENT_3D('',#8151,#8152,#8153);
#8151=CARTESIAN_POINT('',(-3.492,1.588,12.541));
#8152=DIRECTION('',(0.0,0.707,0.707));
#8153=DIRECTION('',(0.,0.,1.));
#8154=FACE_OUTER_BOUND('',#8155,.T.);
#8155=EDGE_LOOP('',(#8156,#8166,#8176,#8186));
#8159=CARTESIAN_POINT('',(-4.127,1.588,12.541));
#8158=VERTEX_POINT('',#8159);
#8157=EDGE_CURVE('',#8158,#8109,#8162,.T.);
#8162=LINE('',#8159,#8164);
#8164=VECTOR('',#8165,0.635);
#8165=DIRECTION('',(1.0,0.0,0.0));
#8156=ORIENTED_EDGE('',*,*,#8157,.F.);
#8167=EDGE_CURVE('',#8080,#8158,#8172,.T.);
#8172=LINE('',#8081,#8174);
#8174=VECTOR('',#8175,0.274963065701559);
#8175=DIRECTION('',(-0.577,0.577,-0.577));
#8166=ORIENTED_EDGE('',*,*,#8167,.F.);
#8176=ORIENTED_EDGE('',*,*,#8079,.T.);
#8186=ORIENTED_EDGE('',*,*,#8118,.T.);
#8196=STYLED_ITEM('',(#34),#8197);
#8197=ADVANCED_FACE('',(#8203),#8198,.T.);
#8198=PLANE('',#8199);
#8199=AXIS2_PLACEMENT_3D('',#8200,#8201,#8202);
#8200=CARTESIAN_POINT('',(-4.127,1.588,12.541));
#8201=DIRECTION('',(-0.707,0.0,0.707));
#8202=DIRECTION('',(0.,0.,1.));
#8203=FACE_OUTER_BOUND('',#8204,.T.);
#8204=EDGE_LOOP('',(#8205,#8215,#8225,#8235));
#8208=CARTESIAN_POINT('',(-4.127,0.952,12.541));
#8207=VERTEX_POINT('',#8208);
#8206=EDGE_CURVE('',#8207,#8158,#8211,.T.);
#8211=LINE('',#8208,#8213);
#8213=VECTOR('',#8214,0.635);
#8214=DIRECTION('',(0.0,1.0,0.0));
#8205=ORIENTED_EDGE('',*,*,#8206,.F.);
#8216=EDGE_CURVE('',#8062,#8207,#8221,.T.);
#8221=LINE('',#8063,#8223);
#8223=VECTOR('',#8224,0.274963065701559);
#8224=DIRECTION('',(-0.577,-0.577,-0.577));
#8215=ORIENTED_EDGE('',*,*,#8216,.F.);
#8225=ORIENTED_EDGE('',*,*,#8089,.T.);
#8235=ORIENTED_EDGE('',*,*,#8167,.T.);
#8245=STYLED_ITEM('',(#34),#8246);
#8246=ADVANCED_FACE('',(#8252),#8247,.T.);
#8247=PLANE('',#8248);
#8248=AXIS2_PLACEMENT_3D('',#8249,#8250,#8251);
#8249=CARTESIAN_POINT('',(-4.127,0.952,12.541));
#8250=DIRECTION('',(0.0,-0.707,0.707));
#8251=DIRECTION('',(0.,0.,1.));
#8252=FACE_OUTER_BOUND('',#8253,.T.);
#8253=EDGE_LOOP('',(#8254,#8264,#8274,#8284));
#8255=EDGE_CURVE('',#8111,#8207,#8260,.T.);
#8260=LINE('',#8112,#8262);
#8262=VECTOR('',#8263,0.635);
#8263=DIRECTION('',(-1.0,0.0,0.0));
#8254=ORIENTED_EDGE('',*,*,#8255,.F.);
#8264=ORIENTED_EDGE('',*,*,#8138,.T.);
#8274=ORIENTED_EDGE('',*,*,#8059,.T.);
#8284=ORIENTED_EDGE('',*,*,#8216,.T.);
#8294=STYLED_ITEM('',(#34),#8295);
#8295=ADVANCED_FACE('',(#8301),#8296,.T.);
#8296=PLANE('',#8297);
#8297=AXIS2_PLACEMENT_3D('',#8298,#8299,#8300);
#8298=CARTESIAN_POINT('',(-3.492,0.952,8.89));
#8299=DIRECTION('',(1.0,0.0,0.0));
#8300=DIRECTION('',(0.,0.,1.));
#8301=FACE_OUTER_BOUND('',#8302,.T.);
#8302=EDGE_LOOP('',(#8303,#8313,#8323,#8333));
#8306=CARTESIAN_POINT('',(-3.492,1.588,8.89));
#8305=VERTEX_POINT('',#8306);
#8308=CARTESIAN_POINT('',(-3.492,0.952,8.89));
#8307=VERTEX_POINT('',#8308);
#8304=EDGE_CURVE('',#8305,#8307,#8309,.T.);
#8309=LINE('',#8306,#8311);
#8311=VECTOR('',#8312,0.635);
#8312=DIRECTION('',(0.0,-1.0,0.0));
#8303=ORIENTED_EDGE('',*,*,#8304,.F.);
#8314=EDGE_CURVE('',#8109,#8305,#8319,.T.);
#8319=LINE('',#8110,#8321);
#8321=VECTOR('',#8322,3.65125);
#8322=DIRECTION('',(0.0,0.0,-1.0));
#8313=ORIENTED_EDGE('',*,*,#8314,.F.);
#8323=ORIENTED_EDGE('',*,*,#8108,.T.);
#8334=EDGE_CURVE('',#8307,#8111,#8339,.T.);
#8339=LINE('',#8308,#8341);
#8341=VECTOR('',#8342,3.65125);
#8342=DIRECTION('',(0.0,0.0,1.0));
#8333=ORIENTED_EDGE('',*,*,#8334,.F.);
#8343=STYLED_ITEM('',(#34),#8344);
#8344=ADVANCED_FACE('',(#8350),#8345,.T.);
#8345=PLANE('',#8346);
#8346=AXIS2_PLACEMENT_3D('',#8347,#8348,#8349);
#8347=CARTESIAN_POINT('',(-3.492,1.588,8.89));
#8348=DIRECTION('',(0.0,1.0,0.0));
#8349=DIRECTION('',(0.,0.,1.));
#8350=FACE_OUTER_BOUND('',#8351,.T.);
#8351=EDGE_LOOP('',(#8352,#8362,#8372,#8382));
#8355=CARTESIAN_POINT('',(-4.127,1.588,8.89));
#8354=VERTEX_POINT('',#8355);
#8353=EDGE_CURVE('',#8354,#8305,#8358,.T.);
#8358=LINE('',#8355,#8360);
#8360=VECTOR('',#8361,0.635);
#8361=DIRECTION('',(1.0,0.0,0.0));
#8352=ORIENTED_EDGE('',*,*,#8353,.F.);
#8363=EDGE_CURVE('',#8158,#8354,#8368,.T.);
#8368=LINE('',#8159,#8370);
#8370=VECTOR('',#8371,3.65125);
#8371=DIRECTION('',(0.0,0.0,-1.0));
#8362=ORIENTED_EDGE('',*,*,#8363,.F.);
#8372=ORIENTED_EDGE('',*,*,#8157,.T.);
#8382=ORIENTED_EDGE('',*,*,#8314,.T.);
#8392=STYLED_ITEM('',(#34),#8393);
#8393=ADVANCED_FACE('',(#8399),#8394,.T.);
#8394=PLANE('',#8395);
#8395=AXIS2_PLACEMENT_3D('',#8396,#8397,#8398);
#8396=CARTESIAN_POINT('',(-4.127,1.588,8.89));
#8397=DIRECTION('',(-1.0,0.0,0.0));
#8398=DIRECTION('',(0.,0.,1.));
#8399=FACE_OUTER_BOUND('',#8400,.T.);
#8400=EDGE_LOOP('',(#8401,#8411,#8421,#8431));
#8404=CARTESIAN_POINT('',(-4.127,0.952,8.89));
#8403=VERTEX_POINT('',#8404);
#8402=EDGE_CURVE('',#8403,#8354,#8407,.T.);
#8407=LINE('',#8404,#8409);
#8409=VECTOR('',#8410,0.635);
#8410=DIRECTION('',(0.0,1.0,0.0));
#8401=ORIENTED_EDGE('',*,*,#8402,.F.);
#8412=EDGE_CURVE('',#8207,#8403,#8417,.T.);
#8417=LINE('',#8208,#8419);
#8419=VECTOR('',#8420,3.65125);
#8420=DIRECTION('',(0.0,0.0,-1.0));
#8411=ORIENTED_EDGE('',*,*,#8412,.F.);
#8421=ORIENTED_EDGE('',*,*,#8206,.T.);
#8431=ORIENTED_EDGE('',*,*,#8363,.T.);
#8441=STYLED_ITEM('',(#34),#8442);
#8442=ADVANCED_FACE('',(#8448),#8443,.T.);
#8443=PLANE('',#8444);
#8444=AXIS2_PLACEMENT_3D('',#8445,#8446,#8447);
#8445=CARTESIAN_POINT('',(-4.127,0.952,8.89));
#8446=DIRECTION('',(0.0,-1.0,0.0));
#8447=DIRECTION('',(0.,0.,1.));
#8448=FACE_OUTER_BOUND('',#8449,.T.);
#8449=EDGE_LOOP('',(#8450,#8460,#8470,#8480));
#8451=EDGE_CURVE('',#8307,#8403,#8456,.T.);
#8456=LINE('',#8308,#8458);
#8458=VECTOR('',#8459,0.635);
#8459=DIRECTION('',(-1.0,0.0,0.0));
#8450=ORIENTED_EDGE('',*,*,#8451,.F.);
#8460=ORIENTED_EDGE('',*,*,#8334,.T.);
#8470=ORIENTED_EDGE('',*,*,#8255,.T.);
#8480=ORIENTED_EDGE('',*,*,#8412,.T.);
#8490=STYLED_ITEM('',(#34),#8491);
#8491=ADVANCED_FACE('',(#8497),#8492,.T.);
#8492=PLANE('',#8493);
#8493=AXIS2_PLACEMENT_3D('',#8494,#8495,#8496);
#8494=CARTESIAN_POINT('',(-4.127,1.588,8.89));
#8495=DIRECTION('',(0.0,0.0,-1.0));
#8496=DIRECTION('',(0.,1.,0.));
#8497=FACE_OUTER_BOUND('',#8498,.T.);
#8498=EDGE_LOOP('',(#8499,#8509,#8519,#8529));
#8499=ORIENTED_EDGE('',*,*,#8353,.T.);
#8509=ORIENTED_EDGE('',*,*,#8304,.T.);
#8519=ORIENTED_EDGE('',*,*,#8451,.T.);
#8529=ORIENTED_EDGE('',*,*,#8402,.T.);
#8539=STYLED_ITEM('',(#34),#8540);
#8540=ADVANCED_FACE('',(#8546),#8541,.T.);
#8541=PLANE('',#8542);
#8542=AXIS2_PLACEMENT_3D('',#8543,#8544,#8545);
#8543=CARTESIAN_POINT('',(-4.127,0.952,0.0));
#8544=DIRECTION('',(0.0,0.0,1.0));
#8545=DIRECTION('',(0.,1.,0.));
#8546=FACE_OUTER_BOUND('',#8547,.T.);
#8547=EDGE_LOOP('',(#8548,#8558,#8568,#8578));
#8551=CARTESIAN_POINT('',(-3.492,0.952,0.0));
#8550=VERTEX_POINT('',#8551);
#8553=CARTESIAN_POINT('',(-4.127,0.952,0.0));
#8552=VERTEX_POINT('',#8553);
#8549=EDGE_CURVE('',#8550,#8552,#8554,.T.);
#8554=LINE('',#8551,#8556);
#8556=VECTOR('',#8557,0.635);
#8557=DIRECTION('',(-1.0,0.0,0.0));
#8548=ORIENTED_EDGE('',*,*,#8549,.F.);
#8561=CARTESIAN_POINT('',(-3.492,1.588,0.0));
#8560=VERTEX_POINT('',#8561);
#8559=EDGE_CURVE('',#8560,#8550,#8564,.T.);
#8564=LINE('',#8561,#8566);
#8566=VECTOR('',#8567,0.635);
#8567=DIRECTION('',(0.0,-1.0,0.0));
#8558=ORIENTED_EDGE('',*,*,#8559,.F.);
#8571=CARTESIAN_POINT('',(-4.127,1.588,0.0));
#8570=VERTEX_POINT('',#8571);
#8569=EDGE_CURVE('',#8570,#8560,#8574,.T.);
#8574=LINE('',#8571,#8576);
#8576=VECTOR('',#8577,0.635);
#8577=DIRECTION('',(1.0,0.0,0.0));
#8568=ORIENTED_EDGE('',*,*,#8569,.F.);
#8579=EDGE_CURVE('',#8552,#8570,#8584,.T.);
#8584=LINE('',#8553,#8586);
#8586=VECTOR('',#8587,0.635);
#8587=DIRECTION('',(0.0,1.0,0.0));
#8578=ORIENTED_EDGE('',*,*,#8579,.F.);
#8588=STYLED_ITEM('',(#34),#8589);
#8589=ADVANCED_FACE('',(#8595),#8590,.T.);
#8590=PLANE('',#8591);
#8591=AXIS2_PLACEMENT_3D('',#8592,#8593,#8594);
#8592=CARTESIAN_POINT('',(-3.492,0.952,-4.921));
#8593=DIRECTION('',(1.0,0.0,0.0));
#8594=DIRECTION('',(0.,0.,1.));
#8595=FACE_OUTER_BOUND('',#8596,.T.);
#8596=EDGE_LOOP('',(#8597,#8607,#8617,#8627));
#8600=CARTESIAN_POINT('',(-3.492,1.588,-4.921));
#8599=VERTEX_POINT('',#8600);
#8602=CARTESIAN_POINT('',(-3.492,0.952,-4.921));
#8601=VERTEX_POINT('',#8602);
#8598=EDGE_CURVE('',#8599,#8601,#8603,.T.);
#8603=LINE('',#8600,#8605);
#8605=VECTOR('',#8606,0.635);
#8606=DIRECTION('',(0.0,-1.0,0.0));
#8597=ORIENTED_EDGE('',*,*,#8598,.F.);
#8608=EDGE_CURVE('',#8560,#8599,#8613,.T.);
#8613=LINE('',#8561,#8615);
#8615=VECTOR('',#8616,4.92125);
#8616=DIRECTION('',(0.0,0.0,-1.0));
#8607=ORIENTED_EDGE('',*,*,#8608,.F.);
#8617=ORIENTED_EDGE('',*,*,#8559,.T.);
#8628=EDGE_CURVE('',#8601,#8550,#8633,.T.);
#8633=LINE('',#8602,#8635);
#8635=VECTOR('',#8636,4.92125);
#8636=DIRECTION('',(0.0,0.0,1.0));
#8627=ORIENTED_EDGE('',*,*,#8628,.F.);
#8637=STYLED_ITEM('',(#34),#8638);
#8638=ADVANCED_FACE('',(#8644),#8639,.T.);
#8639=PLANE('',#8640);
#8640=AXIS2_PLACEMENT_3D('',#8641,#8642,#8643);
#8641=CARTESIAN_POINT('',(-3.492,1.588,-4.921));
#8642=DIRECTION('',(0.0,1.0,0.0));
#8643=DIRECTION('',(0.,0.,1.));
#8644=FACE_OUTER_BOUND('',#8645,.T.);
#8645=EDGE_LOOP('',(#8646,#8656,#8666,#8676));
#8649=CARTESIAN_POINT('',(-4.127,1.588,-4.921));
#8648=VERTEX_POINT('',#8649);
#8647=EDGE_CURVE('',#8648,#8599,#8652,.T.);
#8652=LINE('',#8649,#8654);
#8654=VECTOR('',#8655,0.635);
#8655=DIRECTION('',(1.0,0.0,0.0));
#8646=ORIENTED_EDGE('',*,*,#8647,.F.);
#8657=EDGE_CURVE('',#8570,#8648,#8662,.T.);
#8662=LINE('',#8571,#8664);
#8664=VECTOR('',#8665,4.92125);
#8665=DIRECTION('',(0.0,0.0,-1.0));
#8656=ORIENTED_EDGE('',*,*,#8657,.F.);
#8666=ORIENTED_EDGE('',*,*,#8569,.T.);
#8676=ORIENTED_EDGE('',*,*,#8608,.T.);
#8686=STYLED_ITEM('',(#34),#8687);
#8687=ADVANCED_FACE('',(#8693),#8688,.T.);
#8688=PLANE('',#8689);
#8689=AXIS2_PLACEMENT_3D('',#8690,#8691,#8692);
#8690=CARTESIAN_POINT('',(-4.127,1.588,-4.921));
#8691=DIRECTION('',(-1.0,0.0,0.0));
#8692=DIRECTION('',(0.,0.,1.));
#8693=FACE_OUTER_BOUND('',#8694,.T.);
#8694=EDGE_LOOP('',(#8695,#8705,#8715,#8725));
#8698=CARTESIAN_POINT('',(-4.127,0.952,-4.921));
#8697=VERTEX_POINT('',#8698);
#8696=EDGE_CURVE('',#8697,#8648,#8701,.T.);
#8701=LINE('',#8698,#8703);
#8703=VECTOR('',#8704,0.635);
#8704=DIRECTION('',(0.0,1.0,0.0));
#8695=ORIENTED_EDGE('',*,*,#8696,.F.);
#8706=EDGE_CURVE('',#8552,#8697,#8711,.T.);
#8711=LINE('',#8553,#8713);
#8713=VECTOR('',#8714,4.92125);
#8714=DIRECTION('',(0.0,0.0,-1.0));
#8705=ORIENTED_EDGE('',*,*,#8706,.F.);
#8715=ORIENTED_EDGE('',*,*,#8579,.T.);
#8725=ORIENTED_EDGE('',*,*,#8657,.T.);
#8735=STYLED_ITEM('',(#34),#8736);
#8736=ADVANCED_FACE('',(#8742),#8737,.T.);
#8737=PLANE('',#8738);
#8738=AXIS2_PLACEMENT_3D('',#8739,#8740,#8741);
#8739=CARTESIAN_POINT('',(-4.127,0.952,-4.921));
#8740=DIRECTION('',(0.0,-1.0,0.0));
#8741=DIRECTION('',(0.,0.,1.));
#8742=FACE_OUTER_BOUND('',#8743,.T.);
#8743=EDGE_LOOP('',(#8744,#8754,#8764,#8774));
#8745=EDGE_CURVE('',#8601,#8697,#8750,.T.);
#8750=LINE('',#8602,#8752);
#8752=VECTOR('',#8753,0.635);
#8753=DIRECTION('',(-1.0,0.0,0.0));
#8744=ORIENTED_EDGE('',*,*,#8745,.F.);
#8754=ORIENTED_EDGE('',*,*,#8628,.T.);
#8764=ORIENTED_EDGE('',*,*,#8549,.T.);
#8774=ORIENTED_EDGE('',*,*,#8706,.T.);
#8784=STYLED_ITEM('',(#34),#8785);
#8785=ADVANCED_FACE('',(#8791),#8786,.T.);
#8786=PLANE('',#8787);
#8787=AXIS2_PLACEMENT_3D('',#8788,#8789,#8790);
#8788=CARTESIAN_POINT('',(-3.651,1.111,-5.08));
#8789=DIRECTION('',(0.707,0.0,-0.707));
#8790=DIRECTION('',(0.,0.,1.));
#8791=FACE_OUTER_BOUND('',#8792,.T.);
#8792=EDGE_LOOP('',(#8793,#8803,#8813,#8823));
#8796=CARTESIAN_POINT('',(-3.651,1.429,-5.08));
#8795=VERTEX_POINT('',#8796);
#8798=CARTESIAN_POINT('',(-3.651,1.111,-5.08));
#8797=VERTEX_POINT('',#8798);
#8794=EDGE_CURVE('',#8795,#8797,#8799,.T.);
#8799=LINE('',#8796,#8801);
#8801=VECTOR('',#8802,0.3175);
#8802=DIRECTION('',(0.0,-1.0,0.0));
#8793=ORIENTED_EDGE('',*,*,#8794,.F.);
#8804=EDGE_CURVE('',#8599,#8795,#8809,.T.);
#8809=LINE('',#8600,#8811);
#8811=VECTOR('',#8812,0.274963065701559);
#8812=DIRECTION('',(-0.577,-0.577,-0.577));
#8803=ORIENTED_EDGE('',*,*,#8804,.F.);
#8813=ORIENTED_EDGE('',*,*,#8598,.T.);
#8824=EDGE_CURVE('',#8797,#8601,#8829,.T.);
#8829=LINE('',#8798,#8831);
#8831=VECTOR('',#8832,0.274963065701559);
#8832=DIRECTION('',(0.577,-0.577,0.577));
#8823=ORIENTED_EDGE('',*,*,#8824,.F.);
#8833=STYLED_ITEM('',(#34),#8834);
#8834=ADVANCED_FACE('',(#8840),#8835,.T.);
#8835=PLANE('',#8836);
#8836=AXIS2_PLACEMENT_3D('',#8837,#8838,#8839);
#8837=CARTESIAN_POINT('',(-3.651,1.429,-5.08));
#8838=DIRECTION('',(0.0,0.707,-0.707));
#8839=DIRECTION('',(0.,0.,1.));
#8840=FACE_OUTER_BOUND('',#8841,.T.);
#8841=EDGE_LOOP('',(#8842,#8852,#8862,#8872));
#8845=CARTESIAN_POINT('',(-3.969,1.429,-5.08));
#8844=VERTEX_POINT('',#8845);
#8843=EDGE_CURVE('',#8844,#8795,#8848,.T.);
#8848=LINE('',#8845,#8850);
#8850=VECTOR('',#8851,0.3175);
#8851=DIRECTION('',(1.0,0.0,0.0));
#8842=ORIENTED_EDGE('',*,*,#8843,.F.);
#8853=EDGE_CURVE('',#8648,#8844,#8858,.T.);
#8858=LINE('',#8649,#8860);
#8860=VECTOR('',#8861,0.274963065701559);
#8861=DIRECTION('',(0.577,-0.577,-0.577));
#8852=ORIENTED_EDGE('',*,*,#8853,.F.);
#8862=ORIENTED_EDGE('',*,*,#8647,.T.);
#8872=ORIENTED_EDGE('',*,*,#8804,.T.);
#8882=STYLED_ITEM('',(#34),#8883);
#8883=ADVANCED_FACE('',(#8889),#8884,.T.);
#8884=PLANE('',#8885);
#8885=AXIS2_PLACEMENT_3D('',#8886,#8887,#8888);
#8886=CARTESIAN_POINT('',(-3.969,1.429,-5.08));
#8887=DIRECTION('',(-0.707,0.0,-0.707));
#8888=DIRECTION('',(0.,0.,1.));
#8889=FACE_OUTER_BOUND('',#8890,.T.);
#8890=EDGE_LOOP('',(#8891,#8901,#8911,#8921));
#8894=CARTESIAN_POINT('',(-3.969,1.111,-5.08));
#8893=VERTEX_POINT('',#8894);
#8892=EDGE_CURVE('',#8893,#8844,#8897,.T.);
#8897=LINE('',#8894,#8899);
#8899=VECTOR('',#8900,0.3175);
#8900=DIRECTION('',(0.0,1.0,0.0));
#8891=ORIENTED_EDGE('',*,*,#8892,.F.);
#8902=EDGE_CURVE('',#8697,#8893,#8907,.T.);
#8907=LINE('',#8698,#8909);
#8909=VECTOR('',#8910,0.274963065701559);
#8910=DIRECTION('',(0.577,0.577,-0.577));
#8901=ORIENTED_EDGE('',*,*,#8902,.F.);
#8911=ORIENTED_EDGE('',*,*,#8696,.T.);
#8921=ORIENTED_EDGE('',*,*,#8853,.T.);
#8931=STYLED_ITEM('',(#34),#8932);
#8932=ADVANCED_FACE('',(#8938),#8933,.T.);
#8933=PLANE('',#8934);
#8934=AXIS2_PLACEMENT_3D('',#8935,#8936,#8937);
#8935=CARTESIAN_POINT('',(-3.969,1.111,-5.08));
#8936=DIRECTION('',(0.0,-0.707,-0.707));
#8937=DIRECTION('',(0.,0.,1.));
#8938=FACE_OUTER_BOUND('',#8939,.T.);
#8939=EDGE_LOOP('',(#8940,#8950,#8960,#8970));
#8941=EDGE_CURVE('',#8797,#8893,#8946,.T.);
#8946=LINE('',#8798,#8948);
#8948=VECTOR('',#8949,0.3175);
#8949=DIRECTION('',(-1.0,0.0,0.0));
#8940=ORIENTED_EDGE('',*,*,#8941,.F.);
#8950=ORIENTED_EDGE('',*,*,#8824,.T.);
#8960=ORIENTED_EDGE('',*,*,#8745,.T.);
#8970=ORIENTED_EDGE('',*,*,#8902,.T.);
#8980=STYLED_ITEM('',(#34),#8981);
#8981=ADVANCED_FACE('',(#8987),#8982,.T.);
#8982=PLANE('',#8983);
#8983=AXIS2_PLACEMENT_3D('',#8984,#8985,#8986);
#8984=CARTESIAN_POINT('',(-3.969,1.429,-5.08));
#8985=DIRECTION('',(0.0,0.0,-1.0));
#8986=DIRECTION('',(0.,1.,0.));
#8987=FACE_OUTER_BOUND('',#8988,.T.);
#8988=EDGE_LOOP('',(#8989,#8999,#9009,#9019));
#8989=ORIENTED_EDGE('',*,*,#8843,.T.);
#8999=ORIENTED_EDGE('',*,*,#8794,.T.);
#9009=ORIENTED_EDGE('',*,*,#8941,.T.);
#9019=ORIENTED_EDGE('',*,*,#8892,.T.);
#9029=MANIFOLD_SOLID_BREP($,#9030);
#9030=CLOSED_SHELL('',(#9034,#9083,#9132,#9181,#9230,#9279,#9328,#9377,#9426,#9475));
#9031=MANIFOLD_SOLID_BREP($,#9032);
#9032=CLOSED_SHELL('',(#9524,#9573,#9622,#9671,#9720,#9769,#9818,#9867,#9916,#9965));
#9033=STYLED_ITEM('',(#34),#9034);
#9034=ADVANCED_FACE('',(#9040),#9035,.T.);
#9035=PLANE('',#9036);
#9036=AXIS2_PLACEMENT_3D('',#9037,#9038,#9039);
#9037=CARTESIAN_POINT('',(3.651,-1.429,12.7));
#9038=DIRECTION('',(0.0,0.0,1.0));
#9039=DIRECTION('',(0.,1.,0.));
#9040=FACE_OUTER_BOUND('',#9041,.T.);
#9041=EDGE_LOOP('',(#9042,#9052,#9062,#9072));
#9045=CARTESIAN_POINT('',(3.969,-1.429,12.7));
#9044=VERTEX_POINT('',#9045);
#9047=CARTESIAN_POINT('',(3.651,-1.429,12.7));
#9046=VERTEX_POINT('',#9047);
#9043=EDGE_CURVE('',#9044,#9046,#9048,.T.);
#9048=LINE('',#9045,#9050);
#9050=VECTOR('',#9051,0.3175);
#9051=DIRECTION('',(-1.0,0.0,0.0));
#9042=ORIENTED_EDGE('',*,*,#9043,.F.);
#9055=CARTESIAN_POINT('',(3.969,-1.111,12.7));
#9054=VERTEX_POINT('',#9055);
#9053=EDGE_CURVE('',#9054,#9044,#9058,.T.);
#9058=LINE('',#9055,#9060);
#9060=VECTOR('',#9061,0.3175);
#9061=DIRECTION('',(0.0,-1.0,0.0));
#9052=ORIENTED_EDGE('',*,*,#9053,.F.);
#9065=CARTESIAN_POINT('',(3.651,-1.111,12.7));
#9064=VERTEX_POINT('',#9065);
#9063=EDGE_CURVE('',#9064,#9054,#9068,.T.);
#9068=LINE('',#9065,#9070);
#9070=VECTOR('',#9071,0.3175);
#9071=DIRECTION('',(1.0,0.0,0.0));
#9062=ORIENTED_EDGE('',*,*,#9063,.F.);
#9073=EDGE_CURVE('',#9046,#9064,#9078,.T.);
#9078=LINE('',#9047,#9080);
#9080=VECTOR('',#9081,0.3175);
#9081=DIRECTION('',(0.0,1.0,0.0));
#9072=ORIENTED_EDGE('',*,*,#9073,.F.);
#9082=STYLED_ITEM('',(#34),#9083);
#9083=ADVANCED_FACE('',(#9089),#9084,.T.);
#9084=PLANE('',#9085);
#9085=AXIS2_PLACEMENT_3D('',#9086,#9087,#9088);
#9086=CARTESIAN_POINT('',(4.127,-1.588,12.541));
#9087=DIRECTION('',(0.707,0.0,0.707));
#9088=DIRECTION('',(0.,0.,1.));
#9089=FACE_OUTER_BOUND('',#9090,.T.);
#9090=EDGE_LOOP('',(#9091,#9101,#9111,#9121));
#9094=CARTESIAN_POINT('',(4.127,-0.952,12.541));
#9093=VERTEX_POINT('',#9094);
#9096=CARTESIAN_POINT('',(4.127,-1.588,12.541));
#9095=VERTEX_POINT('',#9096);
#9092=EDGE_CURVE('',#9093,#9095,#9097,.T.);
#9097=LINE('',#9094,#9099);
#9099=VECTOR('',#9100,0.635);
#9100=DIRECTION('',(0.0,-1.0,0.0));
#9091=ORIENTED_EDGE('',*,*,#9092,.F.);
#9102=EDGE_CURVE('',#9054,#9093,#9107,.T.);
#9107=LINE('',#9055,#9109);
#9109=VECTOR('',#9110,0.274963065701559);
#9110=DIRECTION('',(0.577,0.577,-0.577));
#9101=ORIENTED_EDGE('',*,*,#9102,.F.);
#9111=ORIENTED_EDGE('',*,*,#9053,.T.);
#9122=EDGE_CURVE('',#9095,#9044,#9127,.T.);
#9127=LINE('',#9096,#9129);
#9129=VECTOR('',#9130,0.274963065701559);
#9130=DIRECTION('',(-0.577,0.577,0.577));
#9121=ORIENTED_EDGE('',*,*,#9122,.F.);
#9131=STYLED_ITEM('',(#34),#9132);
#9132=ADVANCED_FACE('',(#9138),#9133,.T.);
#9133=PLANE('',#9134);
#9134=AXIS2_PLACEMENT_3D('',#9135,#9136,#9137);
#9135=CARTESIAN_POINT('',(4.127,-0.952,12.541));
#9136=DIRECTION('',(0.0,0.707,0.707));
#9137=DIRECTION('',(0.,0.,1.));
#9138=FACE_OUTER_BOUND('',#9139,.T.);
#9139=EDGE_LOOP('',(#9140,#9150,#9160,#9170));
#9143=CARTESIAN_POINT('',(3.492,-0.952,12.541));
#9142=VERTEX_POINT('',#9143);
#9141=EDGE_CURVE('',#9142,#9093,#9146,.T.);
#9146=LINE('',#9143,#9148);
#9148=VECTOR('',#9149,0.635);
#9149=DIRECTION('',(1.0,0.0,0.0));
#9140=ORIENTED_EDGE('',*,*,#9141,.F.);
#9151=EDGE_CURVE('',#9064,#9142,#9156,.T.);
#9156=LINE('',#9065,#9158);
#9158=VECTOR('',#9159,0.274963065701559);
#9159=DIRECTION('',(-0.577,0.577,-0.577));
#9150=ORIENTED_EDGE('',*,*,#9151,.F.);
#9160=ORIENTED_EDGE('',*,*,#9063,.T.);
#9170=ORIENTED_EDGE('',*,*,#9102,.T.);
#9180=STYLED_ITEM('',(#34),#9181);
#9181=ADVANCED_FACE('',(#9187),#9182,.T.);
#9182=PLANE('',#9183);
#9183=AXIS2_PLACEMENT_3D('',#9184,#9185,#9186);
#9184=CARTESIAN_POINT('',(3.492,-0.952,12.541));
#9185=DIRECTION('',(-0.707,0.0,0.707));
#9186=DIRECTION('',(0.,0.,1.));
#9187=FACE_OUTER_BOUND('',#9188,.T.);
#9188=EDGE_LOOP('',(#9189,#9199,#9209,#9219));
#9192=CARTESIAN_POINT('',(3.492,-1.588,12.541));
#9191=VERTEX_POINT('',#9192);
#9190=EDGE_CURVE('',#9191,#9142,#9195,.T.);
#9195=LINE('',#9192,#9197);
#9197=VECTOR('',#9198,0.635);
#9198=DIRECTION('',(0.0,1.0,0.0));
#9189=ORIENTED_EDGE('',*,*,#9190,.F.);
#9200=EDGE_CURVE('',#9046,#9191,#9205,.T.);
#9205=LINE('',#9047,#9207);
#9207=VECTOR('',#9208,0.274963065701559);
#9208=DIRECTION('',(-0.577,-0.577,-0.577));
#9199=ORIENTED_EDGE('',*,*,#9200,.F.);
#9209=ORIENTED_EDGE('',*,*,#9073,.T.);
#9219=ORIENTED_EDGE('',*,*,#9151,.T.);
#9229=STYLED_ITEM('',(#34),#9230);
#9230=ADVANCED_FACE('',(#9236),#9231,.T.);
#9231=PLANE('',#9232);
#9232=AXIS2_PLACEMENT_3D('',#9233,#9234,#9235);
#9233=CARTESIAN_POINT('',(3.492,-1.588,12.541));
#9234=DIRECTION('',(0.0,-0.707,0.707));
#9235=DIRECTION('',(0.,0.,1.));
#9236=FACE_OUTER_BOUND('',#9237,.T.);
#9237=EDGE_LOOP('',(#9238,#9248,#9258,#9268));
#9239=EDGE_CURVE('',#9095,#9191,#9244,.T.);
#9244=LINE('',#9096,#9246);
#9246=VECTOR('',#9247,0.635);
#9247=DIRECTION('',(-1.0,0.0,0.0));
#9238=ORIENTED_EDGE('',*,*,#9239,.F.);
#9248=ORIENTED_EDGE('',*,*,#9122,.T.);
#9258=ORIENTED_EDGE('',*,*,#9043,.T.);
#9268=ORIENTED_EDGE('',*,*,#9200,.T.);
#9278=STYLED_ITEM('',(#34),#9279);
#9279=ADVANCED_FACE('',(#9285),#9280,.T.);
#9280=PLANE('',#9281);
#9281=AXIS2_PLACEMENT_3D('',#9282,#9283,#9284);
#9282=CARTESIAN_POINT('',(4.127,-1.588,8.89));
#9283=DIRECTION('',(1.0,0.0,0.0));
#9284=DIRECTION('',(0.,0.,1.));
#9285=FACE_OUTER_BOUND('',#9286,.T.);
#9286=EDGE_LOOP('',(#9287,#9297,#9307,#9317));
#9290=CARTESIAN_POINT('',(4.127,-0.952,8.89));
#9289=VERTEX_POINT('',#9290);
#9292=CARTESIAN_POINT('',(4.127,-1.588,8.89));
#9291=VERTEX_POINT('',#9292);
#9288=EDGE_CURVE('',#9289,#9291,#9293,.T.);
#9293=LINE('',#9290,#9295);
#9295=VECTOR('',#9296,0.635);
#9296=DIRECTION('',(0.0,-1.0,0.0));
#9287=ORIENTED_EDGE('',*,*,#9288,.F.);
#9298=EDGE_CURVE('',#9093,#9289,#9303,.T.);
#9303=LINE('',#9094,#9305);
#9305=VECTOR('',#9306,3.65125);
#9306=DIRECTION('',(0.0,0.0,-1.0));
#9297=ORIENTED_EDGE('',*,*,#9298,.F.);
#9307=ORIENTED_EDGE('',*,*,#9092,.T.);
#9318=EDGE_CURVE('',#9291,#9095,#9323,.T.);
#9323=LINE('',#9292,#9325);
#9325=VECTOR('',#9326,3.65125);
#9326=DIRECTION('',(0.0,0.0,1.0));
#9317=ORIENTED_EDGE('',*,*,#9318,.F.);
#9327=STYLED_ITEM('',(#34),#9328);
#9328=ADVANCED_FACE('',(#9334),#9329,.T.);
#9329=PLANE('',#9330);
#9330=AXIS2_PLACEMENT_3D('',#9331,#9332,#9333);
#9331=CARTESIAN_POINT('',(4.127,-0.952,8.89));
#9332=DIRECTION('',(0.0,1.0,0.0));
#9333=DIRECTION('',(0.,0.,1.));
#9334=FACE_OUTER_BOUND('',#9335,.T.);
#9335=EDGE_LOOP('',(#9336,#9346,#9356,#9366));
#9339=CARTESIAN_POINT('',(3.492,-0.952,8.89));
#9338=VERTEX_POINT('',#9339);
#9337=EDGE_CURVE('',#9338,#9289,#9342,.T.);
#9342=LINE('',#9339,#9344);
#9344=VECTOR('',#9345,0.635);
#9345=DIRECTION('',(1.0,0.0,0.0));
#9336=ORIENTED_EDGE('',*,*,#9337,.F.);
#9347=EDGE_CURVE('',#9142,#9338,#9352,.T.);
#9352=LINE('',#9143,#9354);
#9354=VECTOR('',#9355,3.65125);
#9355=DIRECTION('',(0.0,0.0,-1.0));
#9346=ORIENTED_EDGE('',*,*,#9347,.F.);
#9356=ORIENTED_EDGE('',*,*,#9141,.T.);
#9366=ORIENTED_EDGE('',*,*,#9298,.T.);
#9376=STYLED_ITEM('',(#34),#9377);
#9377=ADVANCED_FACE('',(#9383),#9378,.T.);
#9378=PLANE('',#9379);
#9379=AXIS2_PLACEMENT_3D('',#9380,#9381,#9382);
#9380=CARTESIAN_POINT('',(3.492,-0.952,8.89));
#9381=DIRECTION('',(-1.0,0.0,0.0));
#9382=DIRECTION('',(0.,0.,1.));
#9383=FACE_OUTER_BOUND('',#9384,.T.);
#9384=EDGE_LOOP('',(#9385,#9395,#9405,#9415));
#9388=CARTESIAN_POINT('',(3.492,-1.588,8.89));
#9387=VERTEX_POINT('',#9388);
#9386=EDGE_CURVE('',#9387,#9338,#9391,.T.);
#9391=LINE('',#9388,#9393);
#9393=VECTOR('',#9394,0.635);
#9394=DIRECTION('',(0.0,1.0,0.0));
#9385=ORIENTED_EDGE('',*,*,#9386,.F.);
#9396=EDGE_CURVE('',#9191,#9387,#9401,.T.);
#9401=LINE('',#9192,#9403);
#9403=VECTOR('',#9404,3.65125);
#9404=DIRECTION('',(0.0,0.0,-1.0));
#9395=ORIENTED_EDGE('',*,*,#9396,.F.);
#9405=ORIENTED_EDGE('',*,*,#9190,.T.);
#9415=ORIENTED_EDGE('',*,*,#9347,.T.);
#9425=STYLED_ITEM('',(#34),#9426);
#9426=ADVANCED_FACE('',(#9432),#9427,.T.);
#9427=PLANE('',#9428);
#9428=AXIS2_PLACEMENT_3D('',#9429,#9430,#9431);
#9429=CARTESIAN_POINT('',(3.492,-1.588,8.89));
#9430=DIRECTION('',(0.0,-1.0,0.0));
#9431=DIRECTION('',(0.,0.,1.));
#9432=FACE_OUTER_BOUND('',#9433,.T.);
#9433=EDGE_LOOP('',(#9434,#9444,#9454,#9464));
#9435=EDGE_CURVE('',#9291,#9387,#9440,.T.);
#9440=LINE('',#9292,#9442);
#9442=VECTOR('',#9443,0.635);
#9443=DIRECTION('',(-1.0,0.0,0.0));
#9434=ORIENTED_EDGE('',*,*,#9435,.F.);
#9444=ORIENTED_EDGE('',*,*,#9318,.T.);
#9454=ORIENTED_EDGE('',*,*,#9239,.T.);
#9464=ORIENTED_EDGE('',*,*,#9396,.T.);
#9474=STYLED_ITEM('',(#34),#9475);
#9475=ADVANCED_FACE('',(#9481),#9476,.T.);
#9476=PLANE('',#9477);
#9477=AXIS2_PLACEMENT_3D('',#9478,#9479,#9480);
#9478=CARTESIAN_POINT('',(3.492,-0.952,8.89));
#9479=DIRECTION('',(0.0,0.0,-1.0));
#9480=DIRECTION('',(0.,1.,0.));
#9481=FACE_OUTER_BOUND('',#9482,.T.);
#9482=EDGE_LOOP('',(#9483,#9493,#9503,#9513));
#9483=ORIENTED_EDGE('',*,*,#9337,.T.);
#9493=ORIENTED_EDGE('',*,*,#9288,.T.);
#9503=ORIENTED_EDGE('',*,*,#9435,.T.);
#9513=ORIENTED_EDGE('',*,*,#9386,.T.);
#9523=STYLED_ITEM('',(#34),#9524);
#9524=ADVANCED_FACE('',(#9530),#9525,.T.);
#9525=PLANE('',#9526);
#9526=AXIS2_PLACEMENT_3D('',#9527,#9528,#9529);
#9527=CARTESIAN_POINT('',(3.492,-1.588,0.0));
#9528=DIRECTION('',(0.0,0.0,1.0));
#9529=DIRECTION('',(0.,1.,0.));
#9530=FACE_OUTER_BOUND('',#9531,.T.);
#9531=EDGE_LOOP('',(#9532,#9542,#9552,#9562));
#9535=CARTESIAN_POINT('',(4.127,-1.588,0.0));
#9534=VERTEX_POINT('',#9535);
#9537=CARTESIAN_POINT('',(3.492,-1.588,0.0));
#9536=VERTEX_POINT('',#9537);
#9533=EDGE_CURVE('',#9534,#9536,#9538,.T.);
#9538=LINE('',#9535,#9540);
#9540=VECTOR('',#9541,0.635);
#9541=DIRECTION('',(-1.0,0.0,0.0));
#9532=ORIENTED_EDGE('',*,*,#9533,.F.);
#9545=CARTESIAN_POINT('',(4.127,-0.952,0.0));
#9544=VERTEX_POINT('',#9545);
#9543=EDGE_CURVE('',#9544,#9534,#9548,.T.);
#9548=LINE('',#9545,#9550);
#9550=VECTOR('',#9551,0.635);
#9551=DIRECTION('',(0.0,-1.0,0.0));
#9542=ORIENTED_EDGE('',*,*,#9543,.F.);
#9555=CARTESIAN_POINT('',(3.492,-0.952,0.0));
#9554=VERTEX_POINT('',#9555);
#9553=EDGE_CURVE('',#9554,#9544,#9558,.T.);
#9558=LINE('',#9555,#9560);
#9560=VECTOR('',#9561,0.635);
#9561=DIRECTION('',(1.0,0.0,0.0));
#9552=ORIENTED_EDGE('',*,*,#9553,.F.);
#9563=EDGE_CURVE('',#9536,#9554,#9568,.T.);
#9568=LINE('',#9537,#9570);
#9570=VECTOR('',#9571,0.635);
#9571=DIRECTION('',(0.0,1.0,0.0));
#9562=ORIENTED_EDGE('',*,*,#9563,.F.);
#9572=STYLED_ITEM('',(#34),#9573);
#9573=ADVANCED_FACE('',(#9579),#9574,.T.);
#9574=PLANE('',#9575);
#9575=AXIS2_PLACEMENT_3D('',#9576,#9577,#9578);
#9576=CARTESIAN_POINT('',(4.127,-1.588,-4.921));
#9577=DIRECTION('',(1.0,0.0,0.0));
#9578=DIRECTION('',(0.,0.,1.));
#9579=FACE_OUTER_BOUND('',#9580,.T.);
#9580=EDGE_LOOP('',(#9581,#9591,#9601,#9611));
#9584=CARTESIAN_POINT('',(4.127,-0.952,-4.921));
#9583=VERTEX_POINT('',#9584);
#9586=CARTESIAN_POINT('',(4.127,-1.588,-4.921));
#9585=VERTEX_POINT('',#9586);
#9582=EDGE_CURVE('',#9583,#9585,#9587,.T.);
#9587=LINE('',#9584,#9589);
#9589=VECTOR('',#9590,0.635);
#9590=DIRECTION('',(0.0,-1.0,0.0));
#9581=ORIENTED_EDGE('',*,*,#9582,.F.);
#9592=EDGE_CURVE('',#9544,#9583,#9597,.T.);
#9597=LINE('',#9545,#9599);
#9599=VECTOR('',#9600,4.92125);
#9600=DIRECTION('',(0.0,0.0,-1.0));
#9591=ORIENTED_EDGE('',*,*,#9592,.F.);
#9601=ORIENTED_EDGE('',*,*,#9543,.T.);
#9612=EDGE_CURVE('',#9585,#9534,#9617,.T.);
#9617=LINE('',#9586,#9619);
#9619=VECTOR('',#9620,4.92125);
#9620=DIRECTION('',(0.0,0.0,1.0));
#9611=ORIENTED_EDGE('',*,*,#9612,.F.);
#9621=STYLED_ITEM('',(#34),#9622);
#9622=ADVANCED_FACE('',(#9628),#9623,.T.);
#9623=PLANE('',#9624);
#9624=AXIS2_PLACEMENT_3D('',#9625,#9626,#9627);
#9625=CARTESIAN_POINT('',(4.127,-0.952,-4.921));
#9626=DIRECTION('',(0.0,1.0,0.0));
#9627=DIRECTION('',(0.,0.,1.));
#9628=FACE_OUTER_BOUND('',#9629,.T.);
#9629=EDGE_LOOP('',(#9630,#9640,#9650,#9660));
#9633=CARTESIAN_POINT('',(3.492,-0.952,-4.921));
#9632=VERTEX_POINT('',#9633);
#9631=EDGE_CURVE('',#9632,#9583,#9636,.T.);
#9636=LINE('',#9633,#9638);
#9638=VECTOR('',#9639,0.635);
#9639=DIRECTION('',(1.0,0.0,0.0));
#9630=ORIENTED_EDGE('',*,*,#9631,.F.);
#9641=EDGE_CURVE('',#9554,#9632,#9646,.T.);
#9646=LINE('',#9555,#9648);
#9648=VECTOR('',#9649,4.92125);
#9649=DIRECTION('',(0.0,0.0,-1.0));
#9640=ORIENTED_EDGE('',*,*,#9641,.F.);
#9650=ORIENTED_EDGE('',*,*,#9553,.T.);
#9660=ORIENTED_EDGE('',*,*,#9592,.T.);
#9670=STYLED_ITEM('',(#34),#9671);
#9671=ADVANCED_FACE('',(#9677),#9672,.T.);
#9672=PLANE('',#9673);
#9673=AXIS2_PLACEMENT_3D('',#9674,#9675,#9676);
#9674=CARTESIAN_POINT('',(3.492,-0.952,-4.921));
#9675=DIRECTION('',(-1.0,0.0,0.0));
#9676=DIRECTION('',(0.,0.,1.));
#9677=FACE_OUTER_BOUND('',#9678,.T.);
#9678=EDGE_LOOP('',(#9679,#9689,#9699,#9709));
#9682=CARTESIAN_POINT('',(3.492,-1.588,-4.921));
#9681=VERTEX_POINT('',#9682);
#9680=EDGE_CURVE('',#9681,#9632,#9685,.T.);
#9685=LINE('',#9682,#9687);
#9687=VECTOR('',#9688,0.635);
#9688=DIRECTION('',(0.0,1.0,0.0));
#9679=ORIENTED_EDGE('',*,*,#9680,.F.);
#9690=EDGE_CURVE('',#9536,#9681,#9695,.T.);
#9695=LINE('',#9537,#9697);
#9697=VECTOR('',#9698,4.92125);
#9698=DIRECTION('',(0.0,0.0,-1.0));
#9689=ORIENTED_EDGE('',*,*,#9690,.F.);
#9699=ORIENTED_EDGE('',*,*,#9563,.T.);
#9709=ORIENTED_EDGE('',*,*,#9641,.T.);
#9719=STYLED_ITEM('',(#34),#9720);
#9720=ADVANCED_FACE('',(#9726),#9721,.T.);
#9721=PLANE('',#9722);
#9722=AXIS2_PLACEMENT_3D('',#9723,#9724,#9725);
#9723=CARTESIAN_POINT('',(3.492,-1.588,-4.921));
#9724=DIRECTION('',(0.0,-1.0,0.0));
#9725=DIRECTION('',(0.,0.,1.));
#9726=FACE_OUTER_BOUND('',#9727,.T.);
#9727=EDGE_LOOP('',(#9728,#9738,#9748,#9758));
#9729=EDGE_CURVE('',#9585,#9681,#9734,.T.);
#9734=LINE('',#9586,#9736);
#9736=VECTOR('',#9737,0.635);
#9737=DIRECTION('',(-1.0,0.0,0.0));
#9728=ORIENTED_EDGE('',*,*,#9729,.F.);
#9738=ORIENTED_EDGE('',*,*,#9612,.T.);
#9748=ORIENTED_EDGE('',*,*,#9533,.T.);
#9758=ORIENTED_EDGE('',*,*,#9690,.T.);
#9768=STYLED_ITEM('',(#34),#9769);
#9769=ADVANCED_FACE('',(#9775),#9770,.T.);
#9770=PLANE('',#9771);
#9771=AXIS2_PLACEMENT_3D('',#9772,#9773,#9774);
#9772=CARTESIAN_POINT('',(3.969,-1.429,-5.08));
#9773=DIRECTION('',(0.707,0.0,-0.707));
#9774=DIRECTION('',(0.,0.,1.));
#9775=FACE_OUTER_BOUND('',#9776,.T.);
#9776=EDGE_LOOP('',(#9777,#9787,#9797,#9807));
#9780=CARTESIAN_POINT('',(3.969,-1.111,-5.08));
#9779=VERTEX_POINT('',#9780);
#9782=CARTESIAN_POINT('',(3.969,-1.429,-5.08));
#9781=VERTEX_POINT('',#9782);
#9778=EDGE_CURVE('',#9779,#9781,#9783,.T.);
#9783=LINE('',#9780,#9785);
#9785=VECTOR('',#9786,0.3175);
#9786=DIRECTION('',(0.0,-1.0,0.0));
#9777=ORIENTED_EDGE('',*,*,#9778,.F.);
#9788=EDGE_CURVE('',#9583,#9779,#9793,.T.);
#9793=LINE('',#9584,#9795);
#9795=VECTOR('',#9796,0.274963065701559);
#9796=DIRECTION('',(-0.577,-0.577,-0.577));
#9787=ORIENTED_EDGE('',*,*,#9788,.F.);
#9797=ORIENTED_EDGE('',*,*,#9582,.T.);
#9808=EDGE_CURVE('',#9781,#9585,#9813,.T.);
#9813=LINE('',#9782,#9815);
#9815=VECTOR('',#9816,0.274963065701559);
#9816=DIRECTION('',(0.577,-0.577,0.577));
#9807=ORIENTED_EDGE('',*,*,#9808,.F.);
#9817=STYLED_ITEM('',(#34),#9818);
#9818=ADVANCED_FACE('',(#9824),#9819,.T.);
#9819=PLANE('',#9820);
#9820=AXIS2_PLACEMENT_3D('',#9821,#9822,#9823);
#9821=CARTESIAN_POINT('',(3.969,-1.111,-5.08));
#9822=DIRECTION('',(0.0,0.707,-0.707));
#9823=DIRECTION('',(0.,0.,1.));
#9824=FACE_OUTER_BOUND('',#9825,.T.);
#9825=EDGE_LOOP('',(#9826,#9836,#9846,#9856));
#9829=CARTESIAN_POINT('',(3.651,-1.111,-5.08));
#9828=VERTEX_POINT('',#9829);
#9827=EDGE_CURVE('',#9828,#9779,#9832,.T.);
#9832=LINE('',#9829,#9834);
#9834=VECTOR('',#9835,0.3175);
#9835=DIRECTION('',(1.0,0.0,0.0));
#9826=ORIENTED_EDGE('',*,*,#9827,.F.);
#9837=EDGE_CURVE('',#9632,#9828,#9842,.T.);
#9842=LINE('',#9633,#9844);
#9844=VECTOR('',#9845,0.274963065701559);
#9845=DIRECTION('',(0.577,-0.577,-0.577));
#9836=ORIENTED_EDGE('',*,*,#9837,.F.);
#9846=ORIENTED_EDGE('',*,*,#9631,.T.);
#9856=ORIENTED_EDGE('',*,*,#9788,.T.);
#9866=STYLED_ITEM('',(#34),#9867);
#9867=ADVANCED_FACE('',(#9873),#9868,.T.);
#9868=PLANE('',#9869);
#9869=AXIS2_PLACEMENT_3D('',#9870,#9871,#9872);
#9870=CARTESIAN_POINT('',(3.651,-1.111,-5.08));
#9871=DIRECTION('',(-0.707,0.0,-0.707));
#9872=DIRECTION('',(0.,0.,1.));
#9873=FACE_OUTER_BOUND('',#9874,.T.);
#9874=EDGE_LOOP('',(#9875,#9885,#9895,#9905));
#9878=CARTESIAN_POINT('',(3.651,-1.429,-5.08));
#9877=VERTEX_POINT('',#9878);
#9876=EDGE_CURVE('',#9877,#9828,#9881,.T.);
#9881=LINE('',#9878,#9883);
#9883=VECTOR('',#9884,0.3175);
#9884=DIRECTION('',(0.0,1.0,0.0));
#9875=ORIENTED_EDGE('',*,*,#9876,.F.);
#9886=EDGE_CURVE('',#9681,#9877,#9891,.T.);
#9891=LINE('',#9682,#9893);
#9893=VECTOR('',#9894,0.274963065701559);
#9894=DIRECTION('',(0.577,0.577,-0.577));
#9885=ORIENTED_EDGE('',*,*,#9886,.F.);
#9895=ORIENTED_EDGE('',*,*,#9680,.T.);
#9905=ORIENTED_EDGE('',*,*,#9837,.T.);
#9915=STYLED_ITEM('',(#34),#9916);
#9916=ADVANCED_FACE('',(#9922),#9917,.T.);
#9917=PLANE('',#9918);
#9918=AXIS2_PLACEMENT_3D('',#9919,#9920,#9921);
#9919=CARTESIAN_POINT('',(3.651,-1.429,-5.08));
#9920=DIRECTION('',(0.0,-0.707,-0.707));
#9921=DIRECTION('',(0.,0.,1.));
#9922=FACE_OUTER_BOUND('',#9923,.T.);
#9923=EDGE_LOOP('',(#9924,#9934,#9944,#9954));
#9925=EDGE_CURVE('',#9781,#9877,#9930,.T.);
#9930=LINE('',#9782,#9932);
#9932=VECTOR('',#9933,0.3175);
#9933=DIRECTION('',(-1.0,0.0,0.0));
#9924=ORIENTED_EDGE('',*,*,#9925,.F.);
#9934=ORIENTED_EDGE('',*,*,#9808,.T.);
#9944=ORIENTED_EDGE('',*,*,#9729,.T.);
#9954=ORIENTED_EDGE('',*,*,#9886,.T.);
#9964=STYLED_ITEM('',(#34),#9965);
#9965=ADVANCED_FACE('',(#9971),#9966,.T.);
#9966=PLANE('',#9967);
#9967=AXIS2_PLACEMENT_3D('',#9968,#9969,#9970);
#9968=CARTESIAN_POINT('',(3.651,-1.111,-5.08));
#9969=DIRECTION('',(0.0,0.0,-1.0));
#9970=DIRECTION('',(0.,1.,0.));
#9971=FACE_OUTER_BOUND('',#9972,.T.);
#9972=EDGE_LOOP('',(#9973,#9983,#9993,#10003));
#9973=ORIENTED_EDGE('',*,*,#9827,.T.);
#9983=ORIENTED_EDGE('',*,*,#9778,.T.);
#9993=ORIENTED_EDGE('',*,*,#9925,.T.);
#10003=ORIENTED_EDGE('',*,*,#9876,.T.);
#10013=MANIFOLD_SOLID_BREP($,#10014);
#10014=CLOSED_SHELL('',(#10018,#10067,#10116,#10165,#10214,#10263,#10312,#10361,#10410,#10459));
#10015=MANIFOLD_SOLID_BREP($,#10016);
#10016=CLOSED_SHELL('',(#10508,#10557,#10606,#10655,#10704,#10753,#10802,#10851,#10900,#10949));
#10017=STYLED_ITEM('',(#34),#10018);
#10018=ADVANCED_FACE('',(#10024),#10019,.T.);
#10019=PLANE('',#10020);
#10020=AXIS2_PLACEMENT_3D('',#10021,#10022,#10023);
#10021=CARTESIAN_POINT('',(1.111,-1.429,12.7));
#10022=DIRECTION('',(0.0,0.0,1.0));
#10023=DIRECTION('',(0.,1.,0.));
#10024=FACE_OUTER_BOUND('',#10025,.T.);
#10025=EDGE_LOOP('',(#10026,#10036,#10046,#10056));
#10029=CARTESIAN_POINT('',(1.429,-1.429,12.7));
#10028=VERTEX_POINT('',#10029);
#10031=CARTESIAN_POINT('',(1.111,-1.429,12.7));
#10030=VERTEX_POINT('',#10031);
#10027=EDGE_CURVE('',#10028,#10030,#10032,.T.);
#10032=LINE('',#10029,#10034);
#10034=VECTOR('',#10035,0.3175);
#10035=DIRECTION('',(-1.0,0.0,0.0));
#10026=ORIENTED_EDGE('',*,*,#10027,.F.);
#10039=CARTESIAN_POINT('',(1.429,-1.111,12.7));
#10038=VERTEX_POINT('',#10039);
#10037=EDGE_CURVE('',#10038,#10028,#10042,.T.);
#10042=LINE('',#10039,#10044);
#10044=VECTOR('',#10045,0.3175);
#10045=DIRECTION('',(0.0,-1.0,0.0));
#10036=ORIENTED_EDGE('',*,*,#10037,.F.);
#10049=CARTESIAN_POINT('',(1.111,-1.111,12.7));
#10048=VERTEX_POINT('',#10049);
#10047=EDGE_CURVE('',#10048,#10038,#10052,.T.);
#10052=LINE('',#10049,#10054);
#10054=VECTOR('',#10055,0.3175);
#10055=DIRECTION('',(1.0,0.0,0.0));
#10046=ORIENTED_EDGE('',*,*,#10047,.F.);
#10057=EDGE_CURVE('',#10030,#10048,#10062,.T.);
#10062=LINE('',#10031,#10064);
#10064=VECTOR('',#10065,0.3175);
#10065=DIRECTION('',(0.0,1.0,0.0));
#10056=ORIENTED_EDGE('',*,*,#10057,.F.);
#10066=STYLED_ITEM('',(#34),#10067);
#10067=ADVANCED_FACE('',(#10073),#10068,.T.);
#10068=PLANE('',#10069);
#10069=AXIS2_PLACEMENT_3D('',#10070,#10071,#10072);
#10070=CARTESIAN_POINT('',(1.588,-1.588,12.541));
#10071=DIRECTION('',(0.707,0.0,0.707));
#10072=DIRECTION('',(0.,0.,1.));
#10073=FACE_OUTER_BOUND('',#10074,.T.);
#10074=EDGE_LOOP('',(#10075,#10085,#10095,#10105));
#10078=CARTESIAN_POINT('',(1.588,-0.952,12.541));
#10077=VERTEX_POINT('',#10078);
#10080=CARTESIAN_POINT('',(1.588,-1.588,12.541));
#10079=VERTEX_POINT('',#10080);
#10076=EDGE_CURVE('',#10077,#10079,#10081,.T.);
#10081=LINE('',#10078,#10083);
#10083=VECTOR('',#10084,0.635);
#10084=DIRECTION('',(0.0,-1.0,0.0));
#10075=ORIENTED_EDGE('',*,*,#10076,.F.);
#10086=EDGE_CURVE('',#10038,#10077,#10091,.T.);
#10091=LINE('',#10039,#10093);
#10093=VECTOR('',#10094,0.274963065701559);
#10094=DIRECTION('',(0.577,0.577,-0.577));
#10085=ORIENTED_EDGE('',*,*,#10086,.F.);
#10095=ORIENTED_EDGE('',*,*,#10037,.T.);
#10106=EDGE_CURVE('',#10079,#10028,#10111,.T.);
#10111=LINE('',#10080,#10113);
#10113=VECTOR('',#10114,0.274963065701559);
#10114=DIRECTION('',(-0.577,0.577,0.577));
#10105=ORIENTED_EDGE('',*,*,#10106,.F.);
#10115=STYLED_ITEM('',(#34),#10116);
#10116=ADVANCED_FACE('',(#10122),#10117,.T.);
#10117=PLANE('',#10118);
#10118=AXIS2_PLACEMENT_3D('',#10119,#10120,#10121);
#10119=CARTESIAN_POINT('',(1.588,-0.952,12.541));
#10120=DIRECTION('',(0.0,0.707,0.707));
#10121=DIRECTION('',(0.,0.,1.));
#10122=FACE_OUTER_BOUND('',#10123,.T.);
#10123=EDGE_LOOP('',(#10124,#10134,#10144,#10154));
#10127=CARTESIAN_POINT('',(0.952,-0.952,12.541));
#10126=VERTEX_POINT('',#10127);
#10125=EDGE_CURVE('',#10126,#10077,#10130,.T.);
#10130=LINE('',#10127,#10132);
#10132=VECTOR('',#10133,0.635);
#10133=DIRECTION('',(1.0,0.0,0.0));
#10124=ORIENTED_EDGE('',*,*,#10125,.F.);
#10135=EDGE_CURVE('',#10048,#10126,#10140,.T.);
#10140=LINE('',#10049,#10142);
#10142=VECTOR('',#10143,0.274963065701559);
#10143=DIRECTION('',(-0.577,0.577,-0.577));
#10134=ORIENTED_EDGE('',*,*,#10135,.F.);
#10144=ORIENTED_EDGE('',*,*,#10047,.T.);
#10154=ORIENTED_EDGE('',*,*,#10086,.T.);
#10164=STYLED_ITEM('',(#34),#10165);
#10165=ADVANCED_FACE('',(#10171),#10166,.T.);
#10166=PLANE('',#10167);
#10167=AXIS2_PLACEMENT_3D('',#10168,#10169,#10170);
#10168=CARTESIAN_POINT('',(0.952,-0.952,12.541));
#10169=DIRECTION('',(-0.707,0.0,0.707));
#10170=DIRECTION('',(0.,0.,1.));
#10171=FACE_OUTER_BOUND('',#10172,.T.);
#10172=EDGE_LOOP('',(#10173,#10183,#10193,#10203));
#10176=CARTESIAN_POINT('',(0.952,-1.588,12.541));
#10175=VERTEX_POINT('',#10176);
#10174=EDGE_CURVE('',#10175,#10126,#10179,.T.);
#10179=LINE('',#10176,#10181);
#10181=VECTOR('',#10182,0.635);
#10182=DIRECTION('',(0.0,1.0,0.0));
#10173=ORIENTED_EDGE('',*,*,#10174,.F.);
#10184=EDGE_CURVE('',#10030,#10175,#10189,.T.);
#10189=LINE('',#10031,#10191);
#10191=VECTOR('',#10192,0.274963065701559);
#10192=DIRECTION('',(-0.577,-0.577,-0.577));
#10183=ORIENTED_EDGE('',*,*,#10184,.F.);
#10193=ORIENTED_EDGE('',*,*,#10057,.T.);
#10203=ORIENTED_EDGE('',*,*,#10135,.T.);
#10213=STYLED_ITEM('',(#34),#10214);
#10214=ADVANCED_FACE('',(#10220),#10215,.T.);
#10215=PLANE('',#10216);
#10216=AXIS2_PLACEMENT_3D('',#10217,#10218,#10219);
#10217=CARTESIAN_POINT('',(0.952,-1.588,12.541));
#10218=DIRECTION('',(0.0,-0.707,0.707));
#10219=DIRECTION('',(0.,0.,1.));
#10220=FACE_OUTER_BOUND('',#10221,.T.);
#10221=EDGE_LOOP('',(#10222,#10232,#10242,#10252));
#10223=EDGE_CURVE('',#10079,#10175,#10228,.T.);
#10228=LINE('',#10080,#10230);
#10230=VECTOR('',#10231,0.635);
#10231=DIRECTION('',(-1.0,0.0,0.0));
#10222=ORIENTED_EDGE('',*,*,#10223,.F.);
#10232=ORIENTED_EDGE('',*,*,#10106,.T.);
#10242=ORIENTED_EDGE('',*,*,#10027,.T.);
#10252=ORIENTED_EDGE('',*,*,#10184,.T.);
#10262=STYLED_ITEM('',(#34),#10263);
#10263=ADVANCED_FACE('',(#10269),#10264,.T.);
#10264=PLANE('',#10265);
#10265=AXIS2_PLACEMENT_3D('',#10266,#10267,#10268);
#10266=CARTESIAN_POINT('',(1.588,-1.588,8.89));
#10267=DIRECTION('',(1.0,0.0,0.0));
#10268=DIRECTION('',(0.,0.,1.));
#10269=FACE_OUTER_BOUND('',#10270,.T.);
#10270=EDGE_LOOP('',(#10271,#10281,#10291,#10301));
#10274=CARTESIAN_POINT('',(1.588,-0.952,8.89));
#10273=VERTEX_POINT('',#10274);
#10276=CARTESIAN_POINT('',(1.588,-1.588,8.89));
#10275=VERTEX_POINT('',#10276);
#10272=EDGE_CURVE('',#10273,#10275,#10277,.T.);
#10277=LINE('',#10274,#10279);
#10279=VECTOR('',#10280,0.635);
#10280=DIRECTION('',(0.0,-1.0,0.0));
#10271=ORIENTED_EDGE('',*,*,#10272,.F.);
#10282=EDGE_CURVE('',#10077,#10273,#10287,.T.);
#10287=LINE('',#10078,#10289);
#10289=VECTOR('',#10290,3.65125);
#10290=DIRECTION('',(0.0,0.0,-1.0));
#10281=ORIENTED_EDGE('',*,*,#10282,.F.);
#10291=ORIENTED_EDGE('',*,*,#10076,.T.);
#10302=EDGE_CURVE('',#10275,#10079,#10307,.T.);
#10307=LINE('',#10276,#10309);
#10309=VECTOR('',#10310,3.65125);
#10310=DIRECTION('',(0.0,0.0,1.0));
#10301=ORIENTED_EDGE('',*,*,#10302,.F.);
#10311=STYLED_ITEM('',(#34),#10312);
#10312=ADVANCED_FACE('',(#10318),#10313,.T.);
#10313=PLANE('',#10314);
#10314=AXIS2_PLACEMENT_3D('',#10315,#10316,#10317);
#10315=CARTESIAN_POINT('',(1.588,-0.952,8.89));
#10316=DIRECTION('',(0.0,1.0,0.0));
#10317=DIRECTION('',(0.,0.,1.));
#10318=FACE_OUTER_BOUND('',#10319,.T.);
#10319=EDGE_LOOP('',(#10320,#10330,#10340,#10350));
#10323=CARTESIAN_POINT('',(0.952,-0.952,8.89));
#10322=VERTEX_POINT('',#10323);
#10321=EDGE_CURVE('',#10322,#10273,#10326,.T.);
#10326=LINE('',#10323,#10328);
#10328=VECTOR('',#10329,0.635);
#10329=DIRECTION('',(1.0,0.0,0.0));
#10320=ORIENTED_EDGE('',*,*,#10321,.F.);
#10331=EDGE_CURVE('',#10126,#10322,#10336,.T.);
#10336=LINE('',#10127,#10338);
#10338=VECTOR('',#10339,3.65125);
#10339=DIRECTION('',(0.0,0.0,-1.0));
#10330=ORIENTED_EDGE('',*,*,#10331,.F.);
#10340=ORIENTED_EDGE('',*,*,#10125,.T.);
#10350=ORIENTED_EDGE('',*,*,#10282,.T.);
#10360=STYLED_ITEM('',(#34),#10361);
#10361=ADVANCED_FACE('',(#10367),#10362,.T.);
#10362=PLANE('',#10363);
#10363=AXIS2_PLACEMENT_3D('',#10364,#10365,#10366);
#10364=CARTESIAN_POINT('',(0.952,-0.952,8.89));
#10365=DIRECTION('',(-1.0,0.0,0.0));
#10366=DIRECTION('',(0.,0.,1.));
#10367=FACE_OUTER_BOUND('',#10368,.T.);
#10368=EDGE_LOOP('',(#10369,#10379,#10389,#10399));
#10372=CARTESIAN_POINT('',(0.952,-1.588,8.89));
#10371=VERTEX_POINT('',#10372);
#10370=EDGE_CURVE('',#10371,#10322,#10375,.T.);
#10375=LINE('',#10372,#10377);
#10377=VECTOR('',#10378,0.635);
#10378=DIRECTION('',(0.0,1.0,0.0));
#10369=ORIENTED_EDGE('',*,*,#10370,.F.);
#10380=EDGE_CURVE('',#10175,#10371,#10385,.T.);
#10385=LINE('',#10176,#10387);
#10387=VECTOR('',#10388,3.65125);
#10388=DIRECTION('',(0.0,0.0,-1.0));
#10379=ORIENTED_EDGE('',*,*,#10380,.F.);
#10389=ORIENTED_EDGE('',*,*,#10174,.T.);
#10399=ORIENTED_EDGE('',*,*,#10331,.T.);
#10409=STYLED_ITEM('',(#34),#10410);
#10410=ADVANCED_FACE('',(#10416),#10411,.T.);
#10411=PLANE('',#10412);
#10412=AXIS2_PLACEMENT_3D('',#10413,#10414,#10415);
#10413=CARTESIAN_POINT('',(0.952,-1.588,8.89));
#10414=DIRECTION('',(0.0,-1.0,0.0));
#10415=DIRECTION('',(0.,0.,1.));
#10416=FACE_OUTER_BOUND('',#10417,.T.);
#10417=EDGE_LOOP('',(#10418,#10428,#10438,#10448));
#10419=EDGE_CURVE('',#10275,#10371,#10424,.T.);
#10424=LINE('',#10276,#10426);
#10426=VECTOR('',#10427,0.635);
#10427=DIRECTION('',(-1.0,0.0,0.0));
#10418=ORIENTED_EDGE('',*,*,#10419,.F.);
#10428=ORIENTED_EDGE('',*,*,#10302,.T.);
#10438=ORIENTED_EDGE('',*,*,#10223,.T.);
#10448=ORIENTED_EDGE('',*,*,#10380,.T.);
#10458=STYLED_ITEM('',(#34),#10459);
#10459=ADVANCED_FACE('',(#10465),#10460,.T.);
#10460=PLANE('',#10461);
#10461=AXIS2_PLACEMENT_3D('',#10462,#10463,#10464);
#10462=CARTESIAN_POINT('',(0.952,-0.952,8.89));
#10463=DIRECTION('',(0.0,0.0,-1.0));
#10464=DIRECTION('',(0.,1.,0.));
#10465=FACE_OUTER_BOUND('',#10466,.T.);
#10466=EDGE_LOOP('',(#10467,#10477,#10487,#10497));
#10467=ORIENTED_EDGE('',*,*,#10321,.T.);
#10477=ORIENTED_EDGE('',*,*,#10272,.T.);
#10487=ORIENTED_EDGE('',*,*,#10419,.T.);
#10497=ORIENTED_EDGE('',*,*,#10370,.T.);
#10507=STYLED_ITEM('',(#34),#10508);
#10508=ADVANCED_FACE('',(#10514),#10509,.T.);
#10509=PLANE('',#10510);
#10510=AXIS2_PLACEMENT_3D('',#10511,#10512,#10513);
#10511=CARTESIAN_POINT('',(0.952,-1.588,0.0));
#10512=DIRECTION('',(0.0,0.0,1.0));
#10513=DIRECTION('',(0.,1.,0.));
#10514=FACE_OUTER_BOUND('',#10515,.T.);
#10515=EDGE_LOOP('',(#10516,#10526,#10536,#10546));
#10519=CARTESIAN_POINT('',(1.588,-1.588,0.0));
#10518=VERTEX_POINT('',#10519);
#10521=CARTESIAN_POINT('',(0.952,-1.588,0.0));
#10520=VERTEX_POINT('',#10521);
#10517=EDGE_CURVE('',#10518,#10520,#10522,.T.);
#10522=LINE('',#10519,#10524);
#10524=VECTOR('',#10525,0.635);
#10525=DIRECTION('',(-1.0,0.0,0.0));
#10516=ORIENTED_EDGE('',*,*,#10517,.F.);
#10529=CARTESIAN_POINT('',(1.588,-0.952,0.0));
#10528=VERTEX_POINT('',#10529);
#10527=EDGE_CURVE('',#10528,#10518,#10532,.T.);
#10532=LINE('',#10529,#10534);
#10534=VECTOR('',#10535,0.635);
#10535=DIRECTION('',(0.0,-1.0,0.0));
#10526=ORIENTED_EDGE('',*,*,#10527,.F.);
#10539=CARTESIAN_POINT('',(0.952,-0.952,0.0));
#10538=VERTEX_POINT('',#10539);
#10537=EDGE_CURVE('',#10538,#10528,#10542,.T.);
#10542=LINE('',#10539,#10544);
#10544=VECTOR('',#10545,0.635);
#10545=DIRECTION('',(1.0,0.0,0.0));
#10536=ORIENTED_EDGE('',*,*,#10537,.F.);
#10547=EDGE_CURVE('',#10520,#10538,#10552,.T.);
#10552=LINE('',#10521,#10554);
#10554=VECTOR('',#10555,0.635);
#10555=DIRECTION('',(0.0,1.0,0.0));
#10546=ORIENTED_EDGE('',*,*,#10547,.F.);
#10556=STYLED_ITEM('',(#34),#10557);
#10557=ADVANCED_FACE('',(#10563),#10558,.T.);
#10558=PLANE('',#10559);
#10559=AXIS2_PLACEMENT_3D('',#10560,#10561,#10562);
#10560=CARTESIAN_POINT('',(1.588,-1.588,-4.921));
#10561=DIRECTION('',(1.0,0.0,0.0));
#10562=DIRECTION('',(0.,0.,1.));
#10563=FACE_OUTER_BOUND('',#10564,.T.);
#10564=EDGE_LOOP('',(#10565,#10575,#10585,#10595));
#10568=CARTESIAN_POINT('',(1.588,-0.952,-4.921));
#10567=VERTEX_POINT('',#10568);
#10570=CARTESIAN_POINT('',(1.588,-1.588,-4.921));
#10569=VERTEX_POINT('',#10570);
#10566=EDGE_CURVE('',#10567,#10569,#10571,.T.);
#10571=LINE('',#10568,#10573);
#10573=VECTOR('',#10574,0.635);
#10574=DIRECTION('',(0.0,-1.0,0.0));
#10565=ORIENTED_EDGE('',*,*,#10566,.F.);
#10576=EDGE_CURVE('',#10528,#10567,#10581,.T.);
#10581=LINE('',#10529,#10583);
#10583=VECTOR('',#10584,4.92125);
#10584=DIRECTION('',(0.0,0.0,-1.0));
#10575=ORIENTED_EDGE('',*,*,#10576,.F.);
#10585=ORIENTED_EDGE('',*,*,#10527,.T.);
#10596=EDGE_CURVE('',#10569,#10518,#10601,.T.);
#10601=LINE('',#10570,#10603);
#10603=VECTOR('',#10604,4.92125);
#10604=DIRECTION('',(0.0,0.0,1.0));
#10595=ORIENTED_EDGE('',*,*,#10596,.F.);
#10605=STYLED_ITEM('',(#34),#10606);
#10606=ADVANCED_FACE('',(#10612),#10607,.T.);
#10607=PLANE('',#10608);
#10608=AXIS2_PLACEMENT_3D('',#10609,#10610,#10611);
#10609=CARTESIAN_POINT('',(1.588,-0.952,-4.921));
#10610=DIRECTION('',(0.0,1.0,0.0));
#10611=DIRECTION('',(0.,0.,1.));
#10612=FACE_OUTER_BOUND('',#10613,.T.);
#10613=EDGE_LOOP('',(#10614,#10624,#10634,#10644));
#10617=CARTESIAN_POINT('',(0.952,-0.952,-4.921));
#10616=VERTEX_POINT('',#10617);
#10615=EDGE_CURVE('',#10616,#10567,#10620,.T.);
#10620=LINE('',#10617,#10622);
#10622=VECTOR('',#10623,0.635);
#10623=DIRECTION('',(1.0,0.0,0.0));
#10614=ORIENTED_EDGE('',*,*,#10615,.F.);
#10625=EDGE_CURVE('',#10538,#10616,#10630,.T.);
#10630=LINE('',#10539,#10632);
#10632=VECTOR('',#10633,4.92125);
#10633=DIRECTION('',(0.0,0.0,-1.0));
#10624=ORIENTED_EDGE('',*,*,#10625,.F.);
#10634=ORIENTED_EDGE('',*,*,#10537,.T.);
#10644=ORIENTED_EDGE('',*,*,#10576,.T.);
#10654=STYLED_ITEM('',(#34),#10655);
#10655=ADVANCED_FACE('',(#10661),#10656,.T.);
#10656=PLANE('',#10657);
#10657=AXIS2_PLACEMENT_3D('',#10658,#10659,#10660);
#10658=CARTESIAN_POINT('',(0.952,-0.952,-4.921));
#10659=DIRECTION('',(-1.0,0.0,0.0));
#10660=DIRECTION('',(0.,0.,1.));
#10661=FACE_OUTER_BOUND('',#10662,.T.);
#10662=EDGE_LOOP('',(#10663,#10673,#10683,#10693));
#10666=CARTESIAN_POINT('',(0.952,-1.588,-4.921));
#10665=VERTEX_POINT('',#10666);
#10664=EDGE_CURVE('',#10665,#10616,#10669,.T.);
#10669=LINE('',#10666,#10671);
#10671=VECTOR('',#10672,0.635);
#10672=DIRECTION('',(0.0,1.0,0.0));
#10663=ORIENTED_EDGE('',*,*,#10664,.F.);
#10674=EDGE_CURVE('',#10520,#10665,#10679,.T.);
#10679=LINE('',#10521,#10681);
#10681=VECTOR('',#10682,4.92125);
#10682=DIRECTION('',(0.0,0.0,-1.0));
#10673=ORIENTED_EDGE('',*,*,#10674,.F.);
#10683=ORIENTED_EDGE('',*,*,#10547,.T.);
#10693=ORIENTED_EDGE('',*,*,#10625,.T.);
#10703=STYLED_ITEM('',(#34),#10704);
#10704=ADVANCED_FACE('',(#10710),#10705,.T.);
#10705=PLANE('',#10706);
#10706=AXIS2_PLACEMENT_3D('',#10707,#10708,#10709);
#10707=CARTESIAN_POINT('',(0.952,-1.588,-4.921));
#10708=DIRECTION('',(0.0,-1.0,0.0));
#10709=DIRECTION('',(0.,0.,1.));
#10710=FACE_OUTER_BOUND('',#10711,.T.);
#10711=EDGE_LOOP('',(#10712,#10722,#10732,#10742));
#10713=EDGE_CURVE('',#10569,#10665,#10718,.T.);
#10718=LINE('',#10570,#10720);
#10720=VECTOR('',#10721,0.635);
#10721=DIRECTION('',(-1.0,0.0,0.0));
#10712=ORIENTED_EDGE('',*,*,#10713,.F.);
#10722=ORIENTED_EDGE('',*,*,#10596,.T.);
#10732=ORIENTED_EDGE('',*,*,#10517,.T.);
#10742=ORIENTED_EDGE('',*,*,#10674,.T.);
#10752=STYLED_ITEM('',(#34),#10753);
#10753=ADVANCED_FACE('',(#10759),#10754,.T.);
#10754=PLANE('',#10755);
#10755=AXIS2_PLACEMENT_3D('',#10756,#10757,#10758);
#10756=CARTESIAN_POINT('',(1.429,-1.429,-5.08));
#10757=DIRECTION('',(0.707,0.0,-0.707));
#10758=DIRECTION('',(0.,0.,1.));
#10759=FACE_OUTER_BOUND('',#10760,.T.);
#10760=EDGE_LOOP('',(#10761,#10771,#10781,#10791));
#10764=CARTESIAN_POINT('',(1.429,-1.111,-5.08));
#10763=VERTEX_POINT('',#10764);
#10766=CARTESIAN_POINT('',(1.429,-1.429,-5.08));
#10765=VERTEX_POINT('',#10766);
#10762=EDGE_CURVE('',#10763,#10765,#10767,.T.);
#10767=LINE('',#10764,#10769);
#10769=VECTOR('',#10770,0.3175);
#10770=DIRECTION('',(0.0,-1.0,0.0));
#10761=ORIENTED_EDGE('',*,*,#10762,.F.);
#10772=EDGE_CURVE('',#10567,#10763,#10777,.T.);
#10777=LINE('',#10568,#10779);
#10779=VECTOR('',#10780,0.274963065701559);
#10780=DIRECTION('',(-0.577,-0.577,-0.577));
#10771=ORIENTED_EDGE('',*,*,#10772,.F.);
#10781=ORIENTED_EDGE('',*,*,#10566,.T.);
#10792=EDGE_CURVE('',#10765,#10569,#10797,.T.);
#10797=LINE('',#10766,#10799);
#10799=VECTOR('',#10800,0.274963065701559);
#10800=DIRECTION('',(0.577,-0.577,0.577));
#10791=ORIENTED_EDGE('',*,*,#10792,.F.);
#10801=STYLED_ITEM('',(#34),#10802);
#10802=ADVANCED_FACE('',(#10808),#10803,.T.);
#10803=PLANE('',#10804);
#10804=AXIS2_PLACEMENT_3D('',#10805,#10806,#10807);
#10805=CARTESIAN_POINT('',(1.429,-1.111,-5.08));
#10806=DIRECTION('',(0.0,0.707,-0.707));
#10807=DIRECTION('',(0.,0.,1.));
#10808=FACE_OUTER_BOUND('',#10809,.T.);
#10809=EDGE_LOOP('',(#10810,#10820,#10830,#10840));
#10813=CARTESIAN_POINT('',(1.111,-1.111,-5.08));
#10812=VERTEX_POINT('',#10813);
#10811=EDGE_CURVE('',#10812,#10763,#10816,.T.);
#10816=LINE('',#10813,#10818);
#10818=VECTOR('',#10819,0.3175);
#10819=DIRECTION('',(1.0,0.0,0.0));
#10810=ORIENTED_EDGE('',*,*,#10811,.F.);
#10821=EDGE_CURVE('',#10616,#10812,#10826,.T.);
#10826=LINE('',#10617,#10828);
#10828=VECTOR('',#10829,0.274963065701559);
#10829=DIRECTION('',(0.577,-0.577,-0.577));
#10820=ORIENTED_EDGE('',*,*,#10821,.F.);
#10830=ORIENTED_EDGE('',*,*,#10615,.T.);
#10840=ORIENTED_EDGE('',*,*,#10772,.T.);
#10850=STYLED_ITEM('',(#34),#10851);
#10851=ADVANCED_FACE('',(#10857),#10852,.T.);
#10852=PLANE('',#10853);
#10853=AXIS2_PLACEMENT_3D('',#10854,#10855,#10856);
#10854=CARTESIAN_POINT('',(1.111,-1.111,-5.08));
#10855=DIRECTION('',(-0.707,0.0,-0.707));
#10856=DIRECTION('',(0.,0.,1.));
#10857=FACE_OUTER_BOUND('',#10858,.T.);
#10858=EDGE_LOOP('',(#10859,#10869,#10879,#10889));
#10862=CARTESIAN_POINT('',(1.111,-1.429,-5.08));
#10861=VERTEX_POINT('',#10862);
#10860=EDGE_CURVE('',#10861,#10812,#10865,.T.);
#10865=LINE('',#10862,#10867);
#10867=VECTOR('',#10868,0.3175);
#10868=DIRECTION('',(0.0,1.0,0.0));
#10859=ORIENTED_EDGE('',*,*,#10860,.F.);
#10870=EDGE_CURVE('',#10665,#10861,#10875,.T.);
#10875=LINE('',#10666,#10877);
#10877=VECTOR('',#10878,0.274963065701559);
#10878=DIRECTION('',(0.577,0.577,-0.577));
#10869=ORIENTED_EDGE('',*,*,#10870,.F.);
#10879=ORIENTED_EDGE('',*,*,#10664,.T.);
#10889=ORIENTED_EDGE('',*,*,#10821,.T.);
#10899=STYLED_ITEM('',(#34),#10900);
#10900=ADVANCED_FACE('',(#10906),#10901,.T.);
#10901=PLANE('',#10902);
#10902=AXIS2_PLACEMENT_3D('',#10903,#10904,#10905);
#10903=CARTESIAN_POINT('',(1.111,-1.429,-5.08));
#10904=DIRECTION('',(0.0,-0.707,-0.707));
#10905=DIRECTION('',(0.,0.,1.));
#10906=FACE_OUTER_BOUND('',#10907,.T.);
#10907=EDGE_LOOP('',(#10908,#10918,#10928,#10938));
#10909=EDGE_CURVE('',#10765,#10861,#10914,.T.);
#10914=LINE('',#10766,#10916);
#10916=VECTOR('',#10917,0.3175);
#10917=DIRECTION('',(-1.0,0.0,0.0));
#10908=ORIENTED_EDGE('',*,*,#10909,.F.);
#10918=ORIENTED_EDGE('',*,*,#10792,.T.);
#10928=ORIENTED_EDGE('',*,*,#10713,.T.);
#10938=ORIENTED_EDGE('',*,*,#10870,.T.);
#10948=STYLED_ITEM('',(#34),#10949);
#10949=ADVANCED_FACE('',(#10955),#10950,.T.);
#10950=PLANE('',#10951);
#10951=AXIS2_PLACEMENT_3D('',#10952,#10953,#10954);
#10952=CARTESIAN_POINT('',(1.111,-1.111,-5.08));
#10953=DIRECTION('',(0.0,0.0,-1.0));
#10954=DIRECTION('',(0.,1.,0.));
#10955=FACE_OUTER_BOUND('',#10956,.T.);
#10956=EDGE_LOOP('',(#10957,#10967,#10977,#10987));
#10957=ORIENTED_EDGE('',*,*,#10811,.T.);
#10967=ORIENTED_EDGE('',*,*,#10762,.T.);
#10977=ORIENTED_EDGE('',*,*,#10909,.T.);
#10987=ORIENTED_EDGE('',*,*,#10860,.T.);
#10997=MANIFOLD_SOLID_BREP($,#10998);
#10998=CLOSED_SHELL('',(#11002,#11051,#11100,#11149,#11198,#11247,#11296,#11345,#11394,#11443));
#10999=MANIFOLD_SOLID_BREP($,#11000);
#11000=CLOSED_SHELL('',(#11492,#11541,#11590,#11639,#11688,#11737,#11786,#11835,#11884,#11933));
#11001=STYLED_ITEM('',(#34),#11002);
#11002=ADVANCED_FACE('',(#11008),#11003,.T.);
#11003=PLANE('',#11004);
#11004=AXIS2_PLACEMENT_3D('',#11005,#11006,#11007);
#11005=CARTESIAN_POINT('',(-1.429,-1.429,12.7));
#11006=DIRECTION('',(0.0,0.0,1.0));
#11007=DIRECTION('',(0.,1.,0.));
#11008=FACE_OUTER_BOUND('',#11009,.T.);
#11009=EDGE_LOOP('',(#11010,#11020,#11030,#11040));
#11013=CARTESIAN_POINT('',(-1.111,-1.429,12.7));
#11012=VERTEX_POINT('',#11013);
#11015=CARTESIAN_POINT('',(-1.429,-1.429,12.7));
#11014=VERTEX_POINT('',#11015);
#11011=EDGE_CURVE('',#11012,#11014,#11016,.T.);
#11016=LINE('',#11013,#11018);
#11018=VECTOR('',#11019,0.3175);
#11019=DIRECTION('',(-1.0,0.0,0.0));
#11010=ORIENTED_EDGE('',*,*,#11011,.F.);
#11023=CARTESIAN_POINT('',(-1.111,-1.111,12.7));
#11022=VERTEX_POINT('',#11023);
#11021=EDGE_CURVE('',#11022,#11012,#11026,.T.);
#11026=LINE('',#11023,#11028);
#11028=VECTOR('',#11029,0.3175);
#11029=DIRECTION('',(0.0,-1.0,0.0));
#11020=ORIENTED_EDGE('',*,*,#11021,.F.);
#11033=CARTESIAN_POINT('',(-1.429,-1.111,12.7));
#11032=VERTEX_POINT('',#11033);
#11031=EDGE_CURVE('',#11032,#11022,#11036,.T.);
#11036=LINE('',#11033,#11038);
#11038=VECTOR('',#11039,0.3175);
#11039=DIRECTION('',(1.0,0.0,0.0));
#11030=ORIENTED_EDGE('',*,*,#11031,.F.);
#11041=EDGE_CURVE('',#11014,#11032,#11046,.T.);
#11046=LINE('',#11015,#11048);
#11048=VECTOR('',#11049,0.3175);
#11049=DIRECTION('',(0.0,1.0,0.0));
#11040=ORIENTED_EDGE('',*,*,#11041,.F.);
#11050=STYLED_ITEM('',(#34),#11051);
#11051=ADVANCED_FACE('',(#11057),#11052,.T.);
#11052=PLANE('',#11053);
#11053=AXIS2_PLACEMENT_3D('',#11054,#11055,#11056);
#11054=CARTESIAN_POINT('',(-0.952,-1.588,12.541));
#11055=DIRECTION('',(0.707,0.0,0.707));
#11056=DIRECTION('',(0.,0.,1.));
#11057=FACE_OUTER_BOUND('',#11058,.T.);
#11058=EDGE_LOOP('',(#11059,#11069,#11079,#11089));
#11062=CARTESIAN_POINT('',(-0.952,-0.952,12.541));
#11061=VERTEX_POINT('',#11062);
#11064=CARTESIAN_POINT('',(-0.952,-1.588,12.541));
#11063=VERTEX_POINT('',#11064);
#11060=EDGE_CURVE('',#11061,#11063,#11065,.T.);
#11065=LINE('',#11062,#11067);
#11067=VECTOR('',#11068,0.635);
#11068=DIRECTION('',(0.0,-1.0,0.0));
#11059=ORIENTED_EDGE('',*,*,#11060,.F.);
#11070=EDGE_CURVE('',#11022,#11061,#11075,.T.);
#11075=LINE('',#11023,#11077);
#11077=VECTOR('',#11078,0.274963065701559);
#11078=DIRECTION('',(0.577,0.577,-0.577));
#11069=ORIENTED_EDGE('',*,*,#11070,.F.);
#11079=ORIENTED_EDGE('',*,*,#11021,.T.);
#11090=EDGE_CURVE('',#11063,#11012,#11095,.T.);
#11095=LINE('',#11064,#11097);
#11097=VECTOR('',#11098,0.274963065701559);
#11098=DIRECTION('',(-0.577,0.577,0.577));
#11089=ORIENTED_EDGE('',*,*,#11090,.F.);
#11099=STYLED_ITEM('',(#34),#11100);
#11100=ADVANCED_FACE('',(#11106),#11101,.T.);
#11101=PLANE('',#11102);
#11102=AXIS2_PLACEMENT_3D('',#11103,#11104,#11105);
#11103=CARTESIAN_POINT('',(-0.952,-0.952,12.541));
#11104=DIRECTION('',(0.0,0.707,0.707));
#11105=DIRECTION('',(0.,0.,1.));
#11106=FACE_OUTER_BOUND('',#11107,.T.);
#11107=EDGE_LOOP('',(#11108,#11118,#11128,#11138));
#11111=CARTESIAN_POINT('',(-1.588,-0.952,12.541));
#11110=VERTEX_POINT('',#11111);
#11109=EDGE_CURVE('',#11110,#11061,#11114,.T.);
#11114=LINE('',#11111,#11116);
#11116=VECTOR('',#11117,0.635);
#11117=DIRECTION('',(1.0,0.0,0.0));
#11108=ORIENTED_EDGE('',*,*,#11109,.F.);
#11119=EDGE_CURVE('',#11032,#11110,#11124,.T.);
#11124=LINE('',#11033,#11126);
#11126=VECTOR('',#11127,0.274963065701559);
#11127=DIRECTION('',(-0.577,0.577,-0.577));
#11118=ORIENTED_EDGE('',*,*,#11119,.F.);
#11128=ORIENTED_EDGE('',*,*,#11031,.T.);
#11138=ORIENTED_EDGE('',*,*,#11070,.T.);
#11148=STYLED_ITEM('',(#34),#11149);
#11149=ADVANCED_FACE('',(#11155),#11150,.T.);
#11150=PLANE('',#11151);
#11151=AXIS2_PLACEMENT_3D('',#11152,#11153,#11154);
#11152=CARTESIAN_POINT('',(-1.588,-0.952,12.541));
#11153=DIRECTION('',(-0.707,0.0,0.707));
#11154=DIRECTION('',(0.,0.,1.));
#11155=FACE_OUTER_BOUND('',#11156,.T.);
#11156=EDGE_LOOP('',(#11157,#11167,#11177,#11187));
#11160=CARTESIAN_POINT('',(-1.588,-1.588,12.541));
#11159=VERTEX_POINT('',#11160);
#11158=EDGE_CURVE('',#11159,#11110,#11163,.T.);
#11163=LINE('',#11160,#11165);
#11165=VECTOR('',#11166,0.635);
#11166=DIRECTION('',(0.0,1.0,0.0));
#11157=ORIENTED_EDGE('',*,*,#11158,.F.);
#11168=EDGE_CURVE('',#11014,#11159,#11173,.T.);
#11173=LINE('',#11015,#11175);
#11175=VECTOR('',#11176,0.274963065701559);
#11176=DIRECTION('',(-0.577,-0.577,-0.577));
#11167=ORIENTED_EDGE('',*,*,#11168,.F.);
#11177=ORIENTED_EDGE('',*,*,#11041,.T.);
#11187=ORIENTED_EDGE('',*,*,#11119,.T.);
#11197=STYLED_ITEM('',(#34),#11198);
#11198=ADVANCED_FACE('',(#11204),#11199,.T.);
#11199=PLANE('',#11200);
#11200=AXIS2_PLACEMENT_3D('',#11201,#11202,#11203);
#11201=CARTESIAN_POINT('',(-1.588,-1.588,12.541));
#11202=DIRECTION('',(0.0,-0.707,0.707));
#11203=DIRECTION('',(0.,0.,1.));
#11204=FACE_OUTER_BOUND('',#11205,.T.);
#11205=EDGE_LOOP('',(#11206,#11216,#11226,#11236));
#11207=EDGE_CURVE('',#11063,#11159,#11212,.T.);
#11212=LINE('',#11064,#11214);
#11214=VECTOR('',#11215,0.635);
#11215=DIRECTION('',(-1.0,0.0,0.0));
#11206=ORIENTED_EDGE('',*,*,#11207,.F.);
#11216=ORIENTED_EDGE('',*,*,#11090,.T.);
#11226=ORIENTED_EDGE('',*,*,#11011,.T.);
#11236=ORIENTED_EDGE('',*,*,#11168,.T.);
#11246=STYLED_ITEM('',(#34),#11247);
#11247=ADVANCED_FACE('',(#11253),#11248,.T.);
#11248=PLANE('',#11249);
#11249=AXIS2_PLACEMENT_3D('',#11250,#11251,#11252);
#11250=CARTESIAN_POINT('',(-0.952,-1.588,8.89));
#11251=DIRECTION('',(1.0,0.0,0.0));
#11252=DIRECTION('',(0.,0.,1.));
#11253=FACE_OUTER_BOUND('',#11254,.T.);
#11254=EDGE_LOOP('',(#11255,#11265,#11275,#11285));
#11258=CARTESIAN_POINT('',(-0.952,-0.952,8.89));
#11257=VERTEX_POINT('',#11258);
#11260=CARTESIAN_POINT('',(-0.952,-1.588,8.89));
#11259=VERTEX_POINT('',#11260);
#11256=EDGE_CURVE('',#11257,#11259,#11261,.T.);
#11261=LINE('',#11258,#11263);
#11263=VECTOR('',#11264,0.635);
#11264=DIRECTION('',(0.0,-1.0,0.0));
#11255=ORIENTED_EDGE('',*,*,#11256,.F.);
#11266=EDGE_CURVE('',#11061,#11257,#11271,.T.);
#11271=LINE('',#11062,#11273);
#11273=VECTOR('',#11274,3.65125);
#11274=DIRECTION('',(0.0,0.0,-1.0));
#11265=ORIENTED_EDGE('',*,*,#11266,.F.);
#11275=ORIENTED_EDGE('',*,*,#11060,.T.);
#11286=EDGE_CURVE('',#11259,#11063,#11291,.T.);
#11291=LINE('',#11260,#11293);
#11293=VECTOR('',#11294,3.65125);
#11294=DIRECTION('',(0.0,0.0,1.0));
#11285=ORIENTED_EDGE('',*,*,#11286,.F.);
#11295=STYLED_ITEM('',(#34),#11296);
#11296=ADVANCED_FACE('',(#11302),#11297,.T.);
#11297=PLANE('',#11298);
#11298=AXIS2_PLACEMENT_3D('',#11299,#11300,#11301);
#11299=CARTESIAN_POINT('',(-0.952,-0.952,8.89));
#11300=DIRECTION('',(0.0,1.0,0.0));
#11301=DIRECTION('',(0.,0.,1.));
#11302=FACE_OUTER_BOUND('',#11303,.T.);
#11303=EDGE_LOOP('',(#11304,#11314,#11324,#11334));
#11307=CARTESIAN_POINT('',(-1.588,-0.952,8.89));
#11306=VERTEX_POINT('',#11307);
#11305=EDGE_CURVE('',#11306,#11257,#11310,.T.);
#11310=LINE('',#11307,#11312);
#11312=VECTOR('',#11313,0.635);
#11313=DIRECTION('',(1.0,0.0,0.0));
#11304=ORIENTED_EDGE('',*,*,#11305,.F.);
#11315=EDGE_CURVE('',#11110,#11306,#11320,.T.);
#11320=LINE('',#11111,#11322);
#11322=VECTOR('',#11323,3.65125);
#11323=DIRECTION('',(0.0,0.0,-1.0));
#11314=ORIENTED_EDGE('',*,*,#11315,.F.);
#11324=ORIENTED_EDGE('',*,*,#11109,.T.);
#11334=ORIENTED_EDGE('',*,*,#11266,.T.);
#11344=STYLED_ITEM('',(#34),#11345);
#11345=ADVANCED_FACE('',(#11351),#11346,.T.);
#11346=PLANE('',#11347);
#11347=AXIS2_PLACEMENT_3D('',#11348,#11349,#11350);
#11348=CARTESIAN_POINT('',(-1.588,-0.952,8.89));
#11349=DIRECTION('',(-1.0,0.0,0.0));
#11350=DIRECTION('',(0.,0.,1.));
#11351=FACE_OUTER_BOUND('',#11352,.T.);
#11352=EDGE_LOOP('',(#11353,#11363,#11373,#11383));
#11356=CARTESIAN_POINT('',(-1.588,-1.588,8.89));
#11355=VERTEX_POINT('',#11356);
#11354=EDGE_CURVE('',#11355,#11306,#11359,.T.);
#11359=LINE('',#11356,#11361);
#11361=VECTOR('',#11362,0.635);
#11362=DIRECTION('',(0.0,1.0,0.0));
#11353=ORIENTED_EDGE('',*,*,#11354,.F.);
#11364=EDGE_CURVE('',#11159,#11355,#11369,.T.);
#11369=LINE('',#11160,#11371);
#11371=VECTOR('',#11372,3.65125);
#11372=DIRECTION('',(0.0,0.0,-1.0));
#11363=ORIENTED_EDGE('',*,*,#11364,.F.);
#11373=ORIENTED_EDGE('',*,*,#11158,.T.);
#11383=ORIENTED_EDGE('',*,*,#11315,.T.);
#11393=STYLED_ITEM('',(#34),#11394);
#11394=ADVANCED_FACE('',(#11400),#11395,.T.);
#11395=PLANE('',#11396);
#11396=AXIS2_PLACEMENT_3D('',#11397,#11398,#11399);
#11397=CARTESIAN_POINT('',(-1.588,-1.588,8.89));
#11398=DIRECTION('',(0.0,-1.0,0.0));
#11399=DIRECTION('',(0.,0.,1.));
#11400=FACE_OUTER_BOUND('',#11401,.T.);
#11401=EDGE_LOOP('',(#11402,#11412,#11422,#11432));
#11403=EDGE_CURVE('',#11259,#11355,#11408,.T.);
#11408=LINE('',#11260,#11410);
#11410=VECTOR('',#11411,0.635);
#11411=DIRECTION('',(-1.0,0.0,0.0));
#11402=ORIENTED_EDGE('',*,*,#11403,.F.);
#11412=ORIENTED_EDGE('',*,*,#11286,.T.);
#11422=ORIENTED_EDGE('',*,*,#11207,.T.);
#11432=ORIENTED_EDGE('',*,*,#11364,.T.);
#11442=STYLED_ITEM('',(#34),#11443);
#11443=ADVANCED_FACE('',(#11449),#11444,.T.);
#11444=PLANE('',#11445);
#11445=AXIS2_PLACEMENT_3D('',#11446,#11447,#11448);
#11446=CARTESIAN_POINT('',(-1.588,-0.952,8.89));
#11447=DIRECTION('',(0.0,0.0,-1.0));
#11448=DIRECTION('',(0.,1.,0.));
#11449=FACE_OUTER_BOUND('',#11450,.T.);
#11450=EDGE_LOOP('',(#11451,#11461,#11471,#11481));
#11451=ORIENTED_EDGE('',*,*,#11305,.T.);
#11461=ORIENTED_EDGE('',*,*,#11256,.T.);
#11471=ORIENTED_EDGE('',*,*,#11403,.T.);
#11481=ORIENTED_EDGE('',*,*,#11354,.T.);
#11491=STYLED_ITEM('',(#34),#11492);
#11492=ADVANCED_FACE('',(#11498),#11493,.T.);
#11493=PLANE('',#11494);
#11494=AXIS2_PLACEMENT_3D('',#11495,#11496,#11497);
#11495=CARTESIAN_POINT('',(-1.588,-1.588,0.0));
#11496=DIRECTION('',(0.0,0.0,1.0));
#11497=DIRECTION('',(0.,1.,0.));
#11498=FACE_OUTER_BOUND('',#11499,.T.);
#11499=EDGE_LOOP('',(#11500,#11510,#11520,#11530));
#11503=CARTESIAN_POINT('',(-0.952,-1.588,0.0));
#11502=VERTEX_POINT('',#11503);
#11505=CARTESIAN_POINT('',(-1.588,-1.588,0.0));
#11504=VERTEX_POINT('',#11505);
#11501=EDGE_CURVE('',#11502,#11504,#11506,.T.);
#11506=LINE('',#11503,#11508);
#11508=VECTOR('',#11509,0.635);
#11509=DIRECTION('',(-1.0,0.0,0.0));
#11500=ORIENTED_EDGE('',*,*,#11501,.F.);
#11513=CARTESIAN_POINT('',(-0.952,-0.952,0.0));
#11512=VERTEX_POINT('',#11513);
#11511=EDGE_CURVE('',#11512,#11502,#11516,.T.);
#11516=LINE('',#11513,#11518);
#11518=VECTOR('',#11519,0.635);
#11519=DIRECTION('',(0.0,-1.0,0.0));
#11510=ORIENTED_EDGE('',*,*,#11511,.F.);
#11523=CARTESIAN_POINT('',(-1.588,-0.952,0.0));
#11522=VERTEX_POINT('',#11523);
#11521=EDGE_CURVE('',#11522,#11512,#11526,.T.);
#11526=LINE('',#11523,#11528);
#11528=VECTOR('',#11529,0.635);
#11529=DIRECTION('',(1.0,0.0,0.0));
#11520=ORIENTED_EDGE('',*,*,#11521,.F.);
#11531=EDGE_CURVE('',#11504,#11522,#11536,.T.);
#11536=LINE('',#11505,#11538);
#11538=VECTOR('',#11539,0.635);
#11539=DIRECTION('',(0.0,1.0,0.0));
#11530=ORIENTED_EDGE('',*,*,#11531,.F.);
#11540=STYLED_ITEM('',(#34),#11541);
#11541=ADVANCED_FACE('',(#11547),#11542,.T.);
#11542=PLANE('',#11543);
#11543=AXIS2_PLACEMENT_3D('',#11544,#11545,#11546);
#11544=CARTESIAN_POINT('',(-0.952,-1.588,-4.921));
#11545=DIRECTION('',(1.0,0.0,0.0));
#11546=DIRECTION('',(0.,0.,1.));
#11547=FACE_OUTER_BOUND('',#11548,.T.);
#11548=EDGE_LOOP('',(#11549,#11559,#11569,#11579));
#11552=CARTESIAN_POINT('',(-0.952,-0.952,-4.921));
#11551=VERTEX_POINT('',#11552);
#11554=CARTESIAN_POINT('',(-0.952,-1.588,-4.921));
#11553=VERTEX_POINT('',#11554);
#11550=EDGE_CURVE('',#11551,#11553,#11555,.T.);
#11555=LINE('',#11552,#11557);
#11557=VECTOR('',#11558,0.635);
#11558=DIRECTION('',(0.0,-1.0,0.0));
#11549=ORIENTED_EDGE('',*,*,#11550,.F.);
#11560=EDGE_CURVE('',#11512,#11551,#11565,.T.);
#11565=LINE('',#11513,#11567);
#11567=VECTOR('',#11568,4.92125);
#11568=DIRECTION('',(0.0,0.0,-1.0));
#11559=ORIENTED_EDGE('',*,*,#11560,.F.);
#11569=ORIENTED_EDGE('',*,*,#11511,.T.);
#11580=EDGE_CURVE('',#11553,#11502,#11585,.T.);
#11585=LINE('',#11554,#11587);
#11587=VECTOR('',#11588,4.92125);
#11588=DIRECTION('',(0.0,0.0,1.0));
#11579=ORIENTED_EDGE('',*,*,#11580,.F.);
#11589=STYLED_ITEM('',(#34),#11590);
#11590=ADVANCED_FACE('',(#11596),#11591,.T.);
#11591=PLANE('',#11592);
#11592=AXIS2_PLACEMENT_3D('',#11593,#11594,#11595);
#11593=CARTESIAN_POINT('',(-0.952,-0.952,-4.921));
#11594=DIRECTION('',(0.0,1.0,0.0));
#11595=DIRECTION('',(0.,0.,1.));
#11596=FACE_OUTER_BOUND('',#11597,.T.);
#11597=EDGE_LOOP('',(#11598,#11608,#11618,#11628));
#11601=CARTESIAN_POINT('',(-1.588,-0.952,-4.921));
#11600=VERTEX_POINT('',#11601);
#11599=EDGE_CURVE('',#11600,#11551,#11604,.T.);
#11604=LINE('',#11601,#11606);
#11606=VECTOR('',#11607,0.635);
#11607=DIRECTION('',(1.0,0.0,0.0));
#11598=ORIENTED_EDGE('',*,*,#11599,.F.);
#11609=EDGE_CURVE('',#11522,#11600,#11614,.T.);
#11614=LINE('',#11523,#11616);
#11616=VECTOR('',#11617,4.92125);
#11617=DIRECTION('',(0.0,0.0,-1.0));
#11608=ORIENTED_EDGE('',*,*,#11609,.F.);
#11618=ORIENTED_EDGE('',*,*,#11521,.T.);
#11628=ORIENTED_EDGE('',*,*,#11560,.T.);
#11638=STYLED_ITEM('',(#34),#11639);
#11639=ADVANCED_FACE('',(#11645),#11640,.T.);
#11640=PLANE('',#11641);
#11641=AXIS2_PLACEMENT_3D('',#11642,#11643,#11644);
#11642=CARTESIAN_POINT('',(-1.588,-0.952,-4.921));
#11643=DIRECTION('',(-1.0,0.0,0.0));
#11644=DIRECTION('',(0.,0.,1.));
#11645=FACE_OUTER_BOUND('',#11646,.T.);
#11646=EDGE_LOOP('',(#11647,#11657,#11667,#11677));
#11650=CARTESIAN_POINT('',(-1.588,-1.588,-4.921));
#11649=VERTEX_POINT('',#11650);
#11648=EDGE_CURVE('',#11649,#11600,#11653,.T.);
#11653=LINE('',#11650,#11655);
#11655=VECTOR('',#11656,0.635);
#11656=DIRECTION('',(0.0,1.0,0.0));
#11647=ORIENTED_EDGE('',*,*,#11648,.F.);
#11658=EDGE_CURVE('',#11504,#11649,#11663,.T.);
#11663=LINE('',#11505,#11665);
#11665=VECTOR('',#11666,4.92125);
#11666=DIRECTION('',(0.0,0.0,-1.0));
#11657=ORIENTED_EDGE('',*,*,#11658,.F.);
#11667=ORIENTED_EDGE('',*,*,#11531,.T.);
#11677=ORIENTED_EDGE('',*,*,#11609,.T.);
#11687=STYLED_ITEM('',(#34),#11688);
#11688=ADVANCED_FACE('',(#11694),#11689,.T.);
#11689=PLANE('',#11690);
#11690=AXIS2_PLACEMENT_3D('',#11691,#11692,#11693);
#11691=CARTESIAN_POINT('',(-1.588,-1.588,-4.921));
#11692=DIRECTION('',(0.0,-1.0,0.0));
#11693=DIRECTION('',(0.,0.,1.));
#11694=FACE_OUTER_BOUND('',#11695,.T.);
#11695=EDGE_LOOP('',(#11696,#11706,#11716,#11726));
#11697=EDGE_CURVE('',#11553,#11649,#11702,.T.);
#11702=LINE('',#11554,#11704);
#11704=VECTOR('',#11705,0.635);
#11705=DIRECTION('',(-1.0,0.0,0.0));
#11696=ORIENTED_EDGE('',*,*,#11697,.F.);
#11706=ORIENTED_EDGE('',*,*,#11580,.T.);
#11716=ORIENTED_EDGE('',*,*,#11501,.T.);
#11726=ORIENTED_EDGE('',*,*,#11658,.T.);
#11736=STYLED_ITEM('',(#34),#11737);
#11737=ADVANCED_FACE('',(#11743),#11738,.T.);
#11738=PLANE('',#11739);
#11739=AXIS2_PLACEMENT_3D('',#11740,#11741,#11742);
#11740=CARTESIAN_POINT('',(-1.111,-1.429,-5.08));
#11741=DIRECTION('',(0.707,0.0,-0.707));
#11742=DIRECTION('',(0.,0.,1.));
#11743=FACE_OUTER_BOUND('',#11744,.T.);
#11744=EDGE_LOOP('',(#11745,#11755,#11765,#11775));
#11748=CARTESIAN_POINT('',(-1.111,-1.111,-5.08));
#11747=VERTEX_POINT('',#11748);
#11750=CARTESIAN_POINT('',(-1.111,-1.429,-5.08));
#11749=VERTEX_POINT('',#11750);
#11746=EDGE_CURVE('',#11747,#11749,#11751,.T.);
#11751=LINE('',#11748,#11753);
#11753=VECTOR('',#11754,0.3175);
#11754=DIRECTION('',(0.0,-1.0,0.0));
#11745=ORIENTED_EDGE('',*,*,#11746,.F.);
#11756=EDGE_CURVE('',#11551,#11747,#11761,.T.);
#11761=LINE('',#11552,#11763);
#11763=VECTOR('',#11764,0.274963065701559);
#11764=DIRECTION('',(-0.577,-0.577,-0.577));
#11755=ORIENTED_EDGE('',*,*,#11756,.F.);
#11765=ORIENTED_EDGE('',*,*,#11550,.T.);
#11776=EDGE_CURVE('',#11749,#11553,#11781,.T.);
#11781=LINE('',#11750,#11783);
#11783=VECTOR('',#11784,0.274963065701559);
#11784=DIRECTION('',(0.577,-0.577,0.577));
#11775=ORIENTED_EDGE('',*,*,#11776,.F.);
#11785=STYLED_ITEM('',(#34),#11786);
#11786=ADVANCED_FACE('',(#11792),#11787,.T.);
#11787=PLANE('',#11788);
#11788=AXIS2_PLACEMENT_3D('',#11789,#11790,#11791);
#11789=CARTESIAN_POINT('',(-1.111,-1.111,-5.08));
#11790=DIRECTION('',(0.0,0.707,-0.707));
#11791=DIRECTION('',(0.,0.,1.));
#11792=FACE_OUTER_BOUND('',#11793,.T.);
#11793=EDGE_LOOP('',(#11794,#11804,#11814,#11824));
#11797=CARTESIAN_POINT('',(-1.429,-1.111,-5.08));
#11796=VERTEX_POINT('',#11797);
#11795=EDGE_CURVE('',#11796,#11747,#11800,.T.);
#11800=LINE('',#11797,#11802);
#11802=VECTOR('',#11803,0.3175);
#11803=DIRECTION('',(1.0,0.0,0.0));
#11794=ORIENTED_EDGE('',*,*,#11795,.F.);
#11805=EDGE_CURVE('',#11600,#11796,#11810,.T.);
#11810=LINE('',#11601,#11812);
#11812=VECTOR('',#11813,0.274963065701559);
#11813=DIRECTION('',(0.577,-0.577,-0.577));
#11804=ORIENTED_EDGE('',*,*,#11805,.F.);
#11814=ORIENTED_EDGE('',*,*,#11599,.T.);
#11824=ORIENTED_EDGE('',*,*,#11756,.T.);
#11834=STYLED_ITEM('',(#34),#11835);
#11835=ADVANCED_FACE('',(#11841),#11836,.T.);
#11836=PLANE('',#11837);
#11837=AXIS2_PLACEMENT_3D('',#11838,#11839,#11840);
#11838=CARTESIAN_POINT('',(-1.429,-1.111,-5.08));
#11839=DIRECTION('',(-0.707,0.0,-0.707));
#11840=DIRECTION('',(0.,0.,1.));
#11841=FACE_OUTER_BOUND('',#11842,.T.);
#11842=EDGE_LOOP('',(#11843,#11853,#11863,#11873));
#11846=CARTESIAN_POINT('',(-1.429,-1.429,-5.08));
#11845=VERTEX_POINT('',#11846);
#11844=EDGE_CURVE('',#11845,#11796,#11849,.T.);
#11849=LINE('',#11846,#11851);
#11851=VECTOR('',#11852,0.3175);
#11852=DIRECTION('',(0.0,1.0,0.0));
#11843=ORIENTED_EDGE('',*,*,#11844,.F.);
#11854=EDGE_CURVE('',#11649,#11845,#11859,.T.);
#11859=LINE('',#11650,#11861);
#11861=VECTOR('',#11862,0.274963065701559);
#11862=DIRECTION('',(0.577,0.577,-0.577));
#11853=ORIENTED_EDGE('',*,*,#11854,.F.);
#11863=ORIENTED_EDGE('',*,*,#11648,.T.);
#11873=ORIENTED_EDGE('',*,*,#11805,.T.);
#11883=STYLED_ITEM('',(#34),#11884);
#11884=ADVANCED_FACE('',(#11890),#11885,.T.);
#11885=PLANE('',#11886);
#11886=AXIS2_PLACEMENT_3D('',#11887,#11888,#11889);
#11887=CARTESIAN_POINT('',(-1.429,-1.429,-5.08));
#11888=DIRECTION('',(0.0,-0.707,-0.707));
#11889=DIRECTION('',(0.,0.,1.));
#11890=FACE_OUTER_BOUND('',#11891,.T.);
#11891=EDGE_LOOP('',(#11892,#11902,#11912,#11922));
#11893=EDGE_CURVE('',#11749,#11845,#11898,.T.);
#11898=LINE('',#11750,#11900);
#11900=VECTOR('',#11901,0.3175);
#11901=DIRECTION('',(-1.0,0.0,0.0));
#11892=ORIENTED_EDGE('',*,*,#11893,.F.);
#11902=ORIENTED_EDGE('',*,*,#11776,.T.);
#11912=ORIENTED_EDGE('',*,*,#11697,.T.);
#11922=ORIENTED_EDGE('',*,*,#11854,.T.);
#11932=STYLED_ITEM('',(#34),#11933);
#11933=ADVANCED_FACE('',(#11939),#11934,.T.);
#11934=PLANE('',#11935);
#11935=AXIS2_PLACEMENT_3D('',#11936,#11937,#11938);
#11936=CARTESIAN_POINT('',(-1.429,-1.111,-5.08));
#11937=DIRECTION('',(0.0,0.0,-1.0));
#11938=DIRECTION('',(0.,1.,0.));
#11939=FACE_OUTER_BOUND('',#11940,.T.);
#11940=EDGE_LOOP('',(#11941,#11951,#11961,#11971));
#11941=ORIENTED_EDGE('',*,*,#11795,.T.);
#11951=ORIENTED_EDGE('',*,*,#11746,.T.);
#11961=ORIENTED_EDGE('',*,*,#11893,.T.);
#11971=ORIENTED_EDGE('',*,*,#11844,.T.);
#11981=MANIFOLD_SOLID_BREP($,#11982);
#11982=CLOSED_SHELL('',(#11986,#12035,#12084,#12133,#12182,#12231,#12280,#12329,#12378,#12427));
#11983=MANIFOLD_SOLID_BREP($,#11984);
#11984=CLOSED_SHELL('',(#12476,#12525,#12574,#12623,#12672,#12721,#12770,#12819,#12868,#12917));
#11985=STYLED_ITEM('',(#34),#11986);
#11986=ADVANCED_FACE('',(#11992),#11987,.T.);
#11987=PLANE('',#11988);
#11988=AXIS2_PLACEMENT_3D('',#11989,#11990,#11991);
#11989=CARTESIAN_POINT('',(-3.969,-1.429,12.7));
#11990=DIRECTION('',(0.0,0.0,1.0));
#11991=DIRECTION('',(0.,1.,0.));
#11992=FACE_OUTER_BOUND('',#11993,.T.);
#11993=EDGE_LOOP('',(#11994,#12004,#12014,#12024));
#11997=CARTESIAN_POINT('',(-3.651,-1.429,12.7));
#11996=VERTEX_POINT('',#11997);
#11999=CARTESIAN_POINT('',(-3.969,-1.429,12.7));
#11998=VERTEX_POINT('',#11999);
#11995=EDGE_CURVE('',#11996,#11998,#12000,.T.);
#12000=LINE('',#11997,#12002);
#12002=VECTOR('',#12003,0.3175);
#12003=DIRECTION('',(-1.0,0.0,0.0));
#11994=ORIENTED_EDGE('',*,*,#11995,.F.);
#12007=CARTESIAN_POINT('',(-3.651,-1.111,12.7));
#12006=VERTEX_POINT('',#12007);
#12005=EDGE_CURVE('',#12006,#11996,#12010,.T.);
#12010=LINE('',#12007,#12012);
#12012=VECTOR('',#12013,0.3175);
#12013=DIRECTION('',(0.0,-1.0,0.0));
#12004=ORIENTED_EDGE('',*,*,#12005,.F.);
#12017=CARTESIAN_POINT('',(-3.969,-1.111,12.7));
#12016=VERTEX_POINT('',#12017);
#12015=EDGE_CURVE('',#12016,#12006,#12020,.T.);
#12020=LINE('',#12017,#12022);
#12022=VECTOR('',#12023,0.3175);
#12023=DIRECTION('',(1.0,0.0,0.0));
#12014=ORIENTED_EDGE('',*,*,#12015,.F.);
#12025=EDGE_CURVE('',#11998,#12016,#12030,.T.);
#12030=LINE('',#11999,#12032);
#12032=VECTOR('',#12033,0.3175);
#12033=DIRECTION('',(0.0,1.0,0.0));
#12024=ORIENTED_EDGE('',*,*,#12025,.F.);
#12034=STYLED_ITEM('',(#34),#12035);
#12035=ADVANCED_FACE('',(#12041),#12036,.T.);
#12036=PLANE('',#12037);
#12037=AXIS2_PLACEMENT_3D('',#12038,#12039,#12040);
#12038=CARTESIAN_POINT('',(-3.492,-1.588,12.541));
#12039=DIRECTION('',(0.707,0.0,0.707));
#12040=DIRECTION('',(0.,0.,1.));
#12041=FACE_OUTER_BOUND('',#12042,.T.);
#12042=EDGE_LOOP('',(#12043,#12053,#12063,#12073));
#12046=CARTESIAN_POINT('',(-3.492,-0.952,12.541));
#12045=VERTEX_POINT('',#12046);
#12048=CARTESIAN_POINT('',(-3.492,-1.588,12.541));
#12047=VERTEX_POINT('',#12048);
#12044=EDGE_CURVE('',#12045,#12047,#12049,.T.);
#12049=LINE('',#12046,#12051);
#12051=VECTOR('',#12052,0.635);
#12052=DIRECTION('',(0.0,-1.0,0.0));
#12043=ORIENTED_EDGE('',*,*,#12044,.F.);
#12054=EDGE_CURVE('',#12006,#12045,#12059,.T.);
#12059=LINE('',#12007,#12061);
#12061=VECTOR('',#12062,0.274963065701559);
#12062=DIRECTION('',(0.577,0.577,-0.577));
#12053=ORIENTED_EDGE('',*,*,#12054,.F.);
#12063=ORIENTED_EDGE('',*,*,#12005,.T.);
#12074=EDGE_CURVE('',#12047,#11996,#12079,.T.);
#12079=LINE('',#12048,#12081);
#12081=VECTOR('',#12082,0.274963065701559);
#12082=DIRECTION('',(-0.577,0.577,0.577));
#12073=ORIENTED_EDGE('',*,*,#12074,.F.);
#12083=STYLED_ITEM('',(#34),#12084);
#12084=ADVANCED_FACE('',(#12090),#12085,.T.);
#12085=PLANE('',#12086);
#12086=AXIS2_PLACEMENT_3D('',#12087,#12088,#12089);
#12087=CARTESIAN_POINT('',(-3.492,-0.952,12.541));
#12088=DIRECTION('',(0.0,0.707,0.707));
#12089=DIRECTION('',(0.,0.,1.));
#12090=FACE_OUTER_BOUND('',#12091,.T.);
#12091=EDGE_LOOP('',(#12092,#12102,#12112,#12122));
#12095=CARTESIAN_POINT('',(-4.127,-0.952,12.541));
#12094=VERTEX_POINT('',#12095);
#12093=EDGE_CURVE('',#12094,#12045,#12098,.T.);
#12098=LINE('',#12095,#12100);
#12100=VECTOR('',#12101,0.635);
#12101=DIRECTION('',(1.0,0.0,0.0));
#12092=ORIENTED_EDGE('',*,*,#12093,.F.);
#12103=EDGE_CURVE('',#12016,#12094,#12108,.T.);
#12108=LINE('',#12017,#12110);
#12110=VECTOR('',#12111,0.274963065701559);
#12111=DIRECTION('',(-0.577,0.577,-0.577));
#12102=ORIENTED_EDGE('',*,*,#12103,.F.);
#12112=ORIENTED_EDGE('',*,*,#12015,.T.);
#12122=ORIENTED_EDGE('',*,*,#12054,.T.);
#12132=STYLED_ITEM('',(#34),#12133);
#12133=ADVANCED_FACE('',(#12139),#12134,.T.);
#12134=PLANE('',#12135);
#12135=AXIS2_PLACEMENT_3D('',#12136,#12137,#12138);
#12136=CARTESIAN_POINT('',(-4.127,-0.952,12.541));
#12137=DIRECTION('',(-0.707,0.0,0.707));
#12138=DIRECTION('',(0.,0.,1.));
#12139=FACE_OUTER_BOUND('',#12140,.T.);
#12140=EDGE_LOOP('',(#12141,#12151,#12161,#12171));
#12144=CARTESIAN_POINT('',(-4.127,-1.588,12.541));
#12143=VERTEX_POINT('',#12144);
#12142=EDGE_CURVE('',#12143,#12094,#12147,.T.);
#12147=LINE('',#12144,#12149);
#12149=VECTOR('',#12150,0.635);
#12150=DIRECTION('',(0.0,1.0,0.0));
#12141=ORIENTED_EDGE('',*,*,#12142,.F.);
#12152=EDGE_CURVE('',#11998,#12143,#12157,.T.);
#12157=LINE('',#11999,#12159);
#12159=VECTOR('',#12160,0.274963065701559);
#12160=DIRECTION('',(-0.577,-0.577,-0.577));
#12151=ORIENTED_EDGE('',*,*,#12152,.F.);
#12161=ORIENTED_EDGE('',*,*,#12025,.T.);
#12171=ORIENTED_EDGE('',*,*,#12103,.T.);
#12181=STYLED_ITEM('',(#34),#12182);
#12182=ADVANCED_FACE('',(#12188),#12183,.T.);
#12183=PLANE('',#12184);
#12184=AXIS2_PLACEMENT_3D('',#12185,#12186,#12187);
#12185=CARTESIAN_POINT('',(-4.127,-1.588,12.541));
#12186=DIRECTION('',(0.0,-0.707,0.707));
#12187=DIRECTION('',(0.,0.,1.));
#12188=FACE_OUTER_BOUND('',#12189,.T.);
#12189=EDGE_LOOP('',(#12190,#12200,#12210,#12220));
#12191=EDGE_CURVE('',#12047,#12143,#12196,.T.);
#12196=LINE('',#12048,#12198);
#12198=VECTOR('',#12199,0.635);
#12199=DIRECTION('',(-1.0,0.0,0.0));
#12190=ORIENTED_EDGE('',*,*,#12191,.F.);
#12200=ORIENTED_EDGE('',*,*,#12074,.T.);
#12210=ORIENTED_EDGE('',*,*,#11995,.T.);
#12220=ORIENTED_EDGE('',*,*,#12152,.T.);
#12230=STYLED_ITEM('',(#34),#12231);
#12231=ADVANCED_FACE('',(#12237),#12232,.T.);
#12232=PLANE('',#12233);
#12233=AXIS2_PLACEMENT_3D('',#12234,#12235,#12236);
#12234=CARTESIAN_POINT('',(-3.492,-1.588,8.89));
#12235=DIRECTION('',(1.0,0.0,0.0));
#12236=DIRECTION('',(0.,0.,1.));
#12237=FACE_OUTER_BOUND('',#12238,.T.);
#12238=EDGE_LOOP('',(#12239,#12249,#12259,#12269));
#12242=CARTESIAN_POINT('',(-3.492,-0.952,8.89));
#12241=VERTEX_POINT('',#12242);
#12244=CARTESIAN_POINT('',(-3.492,-1.588,8.89));
#12243=VERTEX_POINT('',#12244);
#12240=EDGE_CURVE('',#12241,#12243,#12245,.T.);
#12245=LINE('',#12242,#12247);
#12247=VECTOR('',#12248,0.635);
#12248=DIRECTION('',(0.0,-1.0,0.0));
#12239=ORIENTED_EDGE('',*,*,#12240,.F.);
#12250=EDGE_CURVE('',#12045,#12241,#12255,.T.);
#12255=LINE('',#12046,#12257);
#12257=VECTOR('',#12258,3.65125);
#12258=DIRECTION('',(0.0,0.0,-1.0));
#12249=ORIENTED_EDGE('',*,*,#12250,.F.);
#12259=ORIENTED_EDGE('',*,*,#12044,.T.);
#12270=EDGE_CURVE('',#12243,#12047,#12275,.T.);
#12275=LINE('',#12244,#12277);
#12277=VECTOR('',#12278,3.65125);
#12278=DIRECTION('',(0.0,0.0,1.0));
#12269=ORIENTED_EDGE('',*,*,#12270,.F.);
#12279=STYLED_ITEM('',(#34),#12280);
#12280=ADVANCED_FACE('',(#12286),#12281,.T.);
#12281=PLANE('',#12282);
#12282=AXIS2_PLACEMENT_3D('',#12283,#12284,#12285);
#12283=CARTESIAN_POINT('',(-3.492,-0.952,8.89));
#12284=DIRECTION('',(0.0,1.0,0.0));
#12285=DIRECTION('',(0.,0.,1.));
#12286=FACE_OUTER_BOUND('',#12287,.T.);
#12287=EDGE_LOOP('',(#12288,#12298,#12308,#12318));
#12291=CARTESIAN_POINT('',(-4.127,-0.952,8.89));
#12290=VERTEX_POINT('',#12291);
#12289=EDGE_CURVE('',#12290,#12241,#12294,.T.);
#12294=LINE('',#12291,#12296);
#12296=VECTOR('',#12297,0.635);
#12297=DIRECTION('',(1.0,0.0,0.0));
#12288=ORIENTED_EDGE('',*,*,#12289,.F.);
#12299=EDGE_CURVE('',#12094,#12290,#12304,.T.);
#12304=LINE('',#12095,#12306);
#12306=VECTOR('',#12307,3.65125);
#12307=DIRECTION('',(0.0,0.0,-1.0));
#12298=ORIENTED_EDGE('',*,*,#12299,.F.);
#12308=ORIENTED_EDGE('',*,*,#12093,.T.);
#12318=ORIENTED_EDGE('',*,*,#12250,.T.);
#12328=STYLED_ITEM('',(#34),#12329);
#12329=ADVANCED_FACE('',(#12335),#12330,.T.);
#12330=PLANE('',#12331);
#12331=AXIS2_PLACEMENT_3D('',#12332,#12333,#12334);
#12332=CARTESIAN_POINT('',(-4.127,-0.952,8.89));
#12333=DIRECTION('',(-1.0,0.0,0.0));
#12334=DIRECTION('',(0.,0.,1.));
#12335=FACE_OUTER_BOUND('',#12336,.T.);
#12336=EDGE_LOOP('',(#12337,#12347,#12357,#12367));
#12340=CARTESIAN_POINT('',(-4.127,-1.588,8.89));
#12339=VERTEX_POINT('',#12340);
#12338=EDGE_CURVE('',#12339,#12290,#12343,.T.);
#12343=LINE('',#12340,#12345);
#12345=VECTOR('',#12346,0.635);
#12346=DIRECTION('',(0.0,1.0,0.0));
#12337=ORIENTED_EDGE('',*,*,#12338,.F.);
#12348=EDGE_CURVE('',#12143,#12339,#12353,.T.);
#12353=LINE('',#12144,#12355);
#12355=VECTOR('',#12356,3.65125);
#12356=DIRECTION('',(0.0,0.0,-1.0));
#12347=ORIENTED_EDGE('',*,*,#12348,.F.);
#12357=ORIENTED_EDGE('',*,*,#12142,.T.);
#12367=ORIENTED_EDGE('',*,*,#12299,.T.);
#12377=STYLED_ITEM('',(#34),#12378);
#12378=ADVANCED_FACE('',(#12384),#12379,.T.);
#12379=PLANE('',#12380);
#12380=AXIS2_PLACEMENT_3D('',#12381,#12382,#12383);
#12381=CARTESIAN_POINT('',(-4.127,-1.588,8.89));
#12382=DIRECTION('',(0.0,-1.0,0.0));
#12383=DIRECTION('',(0.,0.,1.));
#12384=FACE_OUTER_BOUND('',#12385,.T.);
#12385=EDGE_LOOP('',(#12386,#12396,#12406,#12416));
#12387=EDGE_CURVE('',#12243,#12339,#12392,.T.);
#12392=LINE('',#12244,#12394);
#12394=VECTOR('',#12395,0.635);
#12395=DIRECTION('',(-1.0,0.0,0.0));
#12386=ORIENTED_EDGE('',*,*,#12387,.F.);
#12396=ORIENTED_EDGE('',*,*,#12270,.T.);
#12406=ORIENTED_EDGE('',*,*,#12191,.T.);
#12416=ORIENTED_EDGE('',*,*,#12348,.T.);
#12426=STYLED_ITEM('',(#34),#12427);
#12427=ADVANCED_FACE('',(#12433),#12428,.T.);
#12428=PLANE('',#12429);
#12429=AXIS2_PLACEMENT_3D('',#12430,#12431,#12432);
#12430=CARTESIAN_POINT('',(-4.127,-0.952,8.89));
#12431=DIRECTION('',(0.0,0.0,-1.0));
#12432=DIRECTION('',(0.,1.,0.));
#12433=FACE_OUTER_BOUND('',#12434,.T.);
#12434=EDGE_LOOP('',(#12435,#12445,#12455,#12465));
#12435=ORIENTED_EDGE('',*,*,#12289,.T.);
#12445=ORIENTED_EDGE('',*,*,#12240,.T.);
#12455=ORIENTED_EDGE('',*,*,#12387,.T.);
#12465=ORIENTED_EDGE('',*,*,#12338,.T.);
#12475=STYLED_ITEM('',(#34),#12476);
#12476=ADVANCED_FACE('',(#12482),#12477,.T.);
#12477=PLANE('',#12478);
#12478=AXIS2_PLACEMENT_3D('',#12479,#12480,#12481);
#12479=CARTESIAN_POINT('',(-4.127,-1.588,0.0));
#12480=DIRECTION('',(0.0,0.0,1.0));
#12481=DIRECTION('',(0.,1.,0.));
#12482=FACE_OUTER_BOUND('',#12483,.T.);
#12483=EDGE_LOOP('',(#12484,#12494,#12504,#12514));
#12487=CARTESIAN_POINT('',(-3.492,-1.588,0.0));
#12486=VERTEX_POINT('',#12487);
#12489=CARTESIAN_POINT('',(-4.127,-1.588,0.0));
#12488=VERTEX_POINT('',#12489);
#12485=EDGE_CURVE('',#12486,#12488,#12490,.T.);
#12490=LINE('',#12487,#12492);
#12492=VECTOR('',#12493,0.635);
#12493=DIRECTION('',(-1.0,0.0,0.0));
#12484=ORIENTED_EDGE('',*,*,#12485,.F.);
#12497=CARTESIAN_POINT('',(-3.492,-0.952,0.0));
#12496=VERTEX_POINT('',#12497);
#12495=EDGE_CURVE('',#12496,#12486,#12500,.T.);
#12500=LINE('',#12497,#12502);
#12502=VECTOR('',#12503,0.635);
#12503=DIRECTION('',(0.0,-1.0,0.0));
#12494=ORIENTED_EDGE('',*,*,#12495,.F.);
#12507=CARTESIAN_POINT('',(-4.127,-0.952,0.0));
#12506=VERTEX_POINT('',#12507);
#12505=EDGE_CURVE('',#12506,#12496,#12510,.T.);
#12510=LINE('',#12507,#12512);
#12512=VECTOR('',#12513,0.635);
#12513=DIRECTION('',(1.0,0.0,0.0));
#12504=ORIENTED_EDGE('',*,*,#12505,.F.);
#12515=EDGE_CURVE('',#12488,#12506,#12520,.T.);
#12520=LINE('',#12489,#12522);
#12522=VECTOR('',#12523,0.635);
#12523=DIRECTION('',(0.0,1.0,0.0));
#12514=ORIENTED_EDGE('',*,*,#12515,.F.);
#12524=STYLED_ITEM('',(#34),#12525);
#12525=ADVANCED_FACE('',(#12531),#12526,.T.);
#12526=PLANE('',#12527);
#12527=AXIS2_PLACEMENT_3D('',#12528,#12529,#12530);
#12528=CARTESIAN_POINT('',(-3.492,-1.588,-4.921));
#12529=DIRECTION('',(1.0,0.0,0.0));
#12530=DIRECTION('',(0.,0.,1.));
#12531=FACE_OUTER_BOUND('',#12532,.T.);
#12532=EDGE_LOOP('',(#12533,#12543,#12553,#12563));
#12536=CARTESIAN_POINT('',(-3.492,-0.952,-4.921));
#12535=VERTEX_POINT('',#12536);
#12538=CARTESIAN_POINT('',(-3.492,-1.588,-4.921));
#12537=VERTEX_POINT('',#12538);
#12534=EDGE_CURVE('',#12535,#12537,#12539,.T.);
#12539=LINE('',#12536,#12541);
#12541=VECTOR('',#12542,0.635);
#12542=DIRECTION('',(0.0,-1.0,0.0));
#12533=ORIENTED_EDGE('',*,*,#12534,.F.);
#12544=EDGE_CURVE('',#12496,#12535,#12549,.T.);
#12549=LINE('',#12497,#12551);
#12551=VECTOR('',#12552,4.92125);
#12552=DIRECTION('',(0.0,0.0,-1.0));
#12543=ORIENTED_EDGE('',*,*,#12544,.F.);
#12553=ORIENTED_EDGE('',*,*,#12495,.T.);
#12564=EDGE_CURVE('',#12537,#12486,#12569,.T.);
#12569=LINE('',#12538,#12571);
#12571=VECTOR('',#12572,4.92125);
#12572=DIRECTION('',(0.0,0.0,1.0));
#12563=ORIENTED_EDGE('',*,*,#12564,.F.);
#12573=STYLED_ITEM('',(#34),#12574);
#12574=ADVANCED_FACE('',(#12580),#12575,.T.);
#12575=PLANE('',#12576);
#12576=AXIS2_PLACEMENT_3D('',#12577,#12578,#12579);
#12577=CARTESIAN_POINT('',(-3.492,-0.952,-4.921));
#12578=DIRECTION('',(0.0,1.0,0.0));
#12579=DIRECTION('',(0.,0.,1.));
#12580=FACE_OUTER_BOUND('',#12581,.T.);
#12581=EDGE_LOOP('',(#12582,#12592,#12602,#12612));
#12585=CARTESIAN_POINT('',(-4.127,-0.952,-4.921));
#12584=VERTEX_POINT('',#12585);
#12583=EDGE_CURVE('',#12584,#12535,#12588,.T.);
#12588=LINE('',#12585,#12590);
#12590=VECTOR('',#12591,0.635);
#12591=DIRECTION('',(1.0,0.0,0.0));
#12582=ORIENTED_EDGE('',*,*,#12583,.F.);
#12593=EDGE_CURVE('',#12506,#12584,#12598,.T.);
#12598=LINE('',#12507,#12600);
#12600=VECTOR('',#12601,4.92125);
#12601=DIRECTION('',(0.0,0.0,-1.0));
#12592=ORIENTED_EDGE('',*,*,#12593,.F.);
#12602=ORIENTED_EDGE('',*,*,#12505,.T.);
#12612=ORIENTED_EDGE('',*,*,#12544,.T.);
#12622=STYLED_ITEM('',(#34),#12623);
#12623=ADVANCED_FACE('',(#12629),#12624,.T.);
#12624=PLANE('',#12625);
#12625=AXIS2_PLACEMENT_3D('',#12626,#12627,#12628);
#12626=CARTESIAN_POINT('',(-4.127,-0.952,-4.921));
#12627=DIRECTION('',(-1.0,0.0,0.0));
#12628=DIRECTION('',(0.,0.,1.));
#12629=FACE_OUTER_BOUND('',#12630,.T.);
#12630=EDGE_LOOP('',(#12631,#12641,#12651,#12661));
#12634=CARTESIAN_POINT('',(-4.127,-1.588,-4.921));
#12633=VERTEX_POINT('',#12634);
#12632=EDGE_CURVE('',#12633,#12584,#12637,.T.);
#12637=LINE('',#12634,#12639);
#12639=VECTOR('',#12640,0.635);
#12640=DIRECTION('',(0.0,1.0,0.0));
#12631=ORIENTED_EDGE('',*,*,#12632,.F.);
#12642=EDGE_CURVE('',#12488,#12633,#12647,.T.);
#12647=LINE('',#12489,#12649);
#12649=VECTOR('',#12650,4.92125);
#12650=DIRECTION('',(0.0,0.0,-1.0));
#12641=ORIENTED_EDGE('',*,*,#12642,.F.);
#12651=ORIENTED_EDGE('',*,*,#12515,.T.);
#12661=ORIENTED_EDGE('',*,*,#12593,.T.);
#12671=STYLED_ITEM('',(#34),#12672);
#12672=ADVANCED_FACE('',(#12678),#12673,.T.);
#12673=PLANE('',#12674);
#12674=AXIS2_PLACEMENT_3D('',#12675,#12676,#12677);
#12675=CARTESIAN_POINT('',(-4.127,-1.588,-4.921));
#12676=DIRECTION('',(0.0,-1.0,0.0));
#12677=DIRECTION('',(0.,0.,1.));
#12678=FACE_OUTER_BOUND('',#12679,.T.);
#12679=EDGE_LOOP('',(#12680,#12690,#12700,#12710));
#12681=EDGE_CURVE('',#12537,#12633,#12686,.T.);
#12686=LINE('',#12538,#12688);
#12688=VECTOR('',#12689,0.635);
#12689=DIRECTION('',(-1.0,0.0,0.0));
#12680=ORIENTED_EDGE('',*,*,#12681,.F.);
#12690=ORIENTED_EDGE('',*,*,#12564,.T.);
#12700=ORIENTED_EDGE('',*,*,#12485,.T.);
#12710=ORIENTED_EDGE('',*,*,#12642,.T.);
#12720=STYLED_ITEM('',(#34),#12721);
#12721=ADVANCED_FACE('',(#12727),#12722,.T.);
#12722=PLANE('',#12723);
#12723=AXIS2_PLACEMENT_3D('',#12724,#12725,#12726);
#12724=CARTESIAN_POINT('',(-3.651,-1.429,-5.08));
#12725=DIRECTION('',(0.707,0.0,-0.707));
#12726=DIRECTION('',(0.,0.,1.));
#12727=FACE_OUTER_BOUND('',#12728,.T.);
#12728=EDGE_LOOP('',(#12729,#12739,#12749,#12759));
#12732=CARTESIAN_POINT('',(-3.651,-1.111,-5.08));
#12731=VERTEX_POINT('',#12732);
#12734=CARTESIAN_POINT('',(-3.651,-1.429,-5.08));
#12733=VERTEX_POINT('',#12734);
#12730=EDGE_CURVE('',#12731,#12733,#12735,.T.);
#12735=LINE('',#12732,#12737);
#12737=VECTOR('',#12738,0.3175);
#12738=DIRECTION('',(0.0,-1.0,0.0));
#12729=ORIENTED_EDGE('',*,*,#12730,.F.);
#12740=EDGE_CURVE('',#12535,#12731,#12745,.T.);
#12745=LINE('',#12536,#12747);
#12747=VECTOR('',#12748,0.274963065701559);
#12748=DIRECTION('',(-0.577,-0.577,-0.577));
#12739=ORIENTED_EDGE('',*,*,#12740,.F.);
#12749=ORIENTED_EDGE('',*,*,#12534,.T.);
#12760=EDGE_CURVE('',#12733,#12537,#12765,.T.);
#12765=LINE('',#12734,#12767);
#12767=VECTOR('',#12768,0.274963065701559);
#12768=DIRECTION('',(0.577,-0.577,0.577));
#12759=ORIENTED_EDGE('',*,*,#12760,.F.);
#12769=STYLED_ITEM('',(#34),#12770);
#12770=ADVANCED_FACE('',(#12776),#12771,.T.);
#12771=PLANE('',#12772);
#12772=AXIS2_PLACEMENT_3D('',#12773,#12774,#12775);
#12773=CARTESIAN_POINT('',(-3.651,-1.111,-5.08));
#12774=DIRECTION('',(0.0,0.707,-0.707));
#12775=DIRECTION('',(0.,0.,1.));
#12776=FACE_OUTER_BOUND('',#12777,.T.);
#12777=EDGE_LOOP('',(#12778,#12788,#12798,#12808));
#12781=CARTESIAN_POINT('',(-3.969,-1.111,-5.08));
#12780=VERTEX_POINT('',#12781);
#12779=EDGE_CURVE('',#12780,#12731,#12784,.T.);
#12784=LINE('',#12781,#12786);
#12786=VECTOR('',#12787,0.3175);
#12787=DIRECTION('',(1.0,0.0,0.0));
#12778=ORIENTED_EDGE('',*,*,#12779,.F.);
#12789=EDGE_CURVE('',#12584,#12780,#12794,.T.);
#12794=LINE('',#12585,#12796);
#12796=VECTOR('',#12797,0.274963065701559);
#12797=DIRECTION('',(0.577,-0.577,-0.577));
#12788=ORIENTED_EDGE('',*,*,#12789,.F.);
#12798=ORIENTED_EDGE('',*,*,#12583,.T.);
#12808=ORIENTED_EDGE('',*,*,#12740,.T.);
#12818=STYLED_ITEM('',(#34),#12819);
#12819=ADVANCED_FACE('',(#12825),#12820,.T.);
#12820=PLANE('',#12821);
#12821=AXIS2_PLACEMENT_3D('',#12822,#12823,#12824);
#12822=CARTESIAN_POINT('',(-3.969,-1.111,-5.08));
#12823=DIRECTION('',(-0.707,0.0,-0.707));
#12824=DIRECTION('',(0.,0.,1.));
#12825=FACE_OUTER_BOUND('',#12826,.T.);
#12826=EDGE_LOOP('',(#12827,#12837,#12847,#12857));
#12830=CARTESIAN_POINT('',(-3.969,-1.429,-5.08));
#12829=VERTEX_POINT('',#12830);
#12828=EDGE_CURVE('',#12829,#12780,#12833,.T.);
#12833=LINE('',#12830,#12835);
#12835=VECTOR('',#12836,0.3175);
#12836=DIRECTION('',(0.0,1.0,0.0));
#12827=ORIENTED_EDGE('',*,*,#12828,.F.);
#12838=EDGE_CURVE('',#12633,#12829,#12843,.T.);
#12843=LINE('',#12634,#12845);
#12845=VECTOR('',#12846,0.274963065701559);
#12846=DIRECTION('',(0.577,0.577,-0.577));
#12837=ORIENTED_EDGE('',*,*,#12838,.F.);
#12847=ORIENTED_EDGE('',*,*,#12632,.T.);
#12857=ORIENTED_EDGE('',*,*,#12789,.T.);
#12867=STYLED_ITEM('',(#34),#12868);
#12868=ADVANCED_FACE('',(#12874),#12869,.T.);
#12869=PLANE('',#12870);
#12870=AXIS2_PLACEMENT_3D('',#12871,#12872,#12873);
#12871=CARTESIAN_POINT('',(-3.969,-1.429,-5.08));
#12872=DIRECTION('',(0.0,-0.707,-0.707));
#12873=DIRECTION('',(0.,0.,1.));
#12874=FACE_OUTER_BOUND('',#12875,.T.);
#12875=EDGE_LOOP('',(#12876,#12886,#12896,#12906));
#12877=EDGE_CURVE('',#12733,#12829,#12882,.T.);
#12882=LINE('',#12734,#12884);
#12884=VECTOR('',#12885,0.3175);
#12885=DIRECTION('',(-1.0,0.0,0.0));
#12876=ORIENTED_EDGE('',*,*,#12877,.F.);
#12886=ORIENTED_EDGE('',*,*,#12760,.T.);
#12896=ORIENTED_EDGE('',*,*,#12681,.T.);
#12906=ORIENTED_EDGE('',*,*,#12838,.T.);
#12916=STYLED_ITEM('',(#34),#12917);
#12917=ADVANCED_FACE('',(#12923),#12918,.T.);
#12918=PLANE('',#12919);
#12919=AXIS2_PLACEMENT_3D('',#12920,#12921,#12922);
#12920=CARTESIAN_POINT('',(-3.969,-1.111,-5.08));
#12921=DIRECTION('',(0.0,0.0,-1.0));
#12922=DIRECTION('',(0.,1.,0.));
#12923=FACE_OUTER_BOUND('',#12924,.T.);
#12924=EDGE_LOOP('',(#12925,#12935,#12945,#12955));
#12925=ORIENTED_EDGE('',*,*,#12779,.T.);
#12935=ORIENTED_EDGE('',*,*,#12730,.T.);
#12945=ORIENTED_EDGE('',*,*,#12877,.T.);
#12955=ORIENTED_EDGE('',*,*,#12828,.T.);
ENDSEC;
END-ISO-10303-21;
