ISO-10303-21;
HEADER;
FILE_DESCRIPTION(('STEP AP242'),'1');
FILE_NAME('0395066002.stp','2025-01-28T02:10:50',('TraceParts'),('TraceParts S.A.'),'Spatial InterOp 3D',' ',' ');
FILE_SCHEMA(('AP242_MANAGED_MODEL_BASED_3D_ENGINEERING_MIM_LF  {1 0 10303 442 1 1 4}'));
ENDSEC;
DATA;
#1=PRODUCT_DEFINITION_CONTEXT('',#10,'design');
#2=APPLICATION_PROTOCOL_DEFINITION('INTERNATIONAL STANDARD','ap242_managed_model_based_3d_engineering',2014,#10);
#3=PRODUCT_CATEGORY_RELATIONSHIP('NONE','NONE',#11,#12);
#4=SHAPE_DEFINITION_REPRESENTATION(#13,#14);
#5=SHAPE_DEFINITION_REPRESENTATION(#13,#15);
#6= (GEOMETRIC_REPRESENTATION_CONTEXT(3)GLOBAL_UNCERTAINTY_ASSIGNED_CONTEXT((#18))GLOBAL_UNIT_ASSIGNED_CONTEXT((#20,#21,#22))REPRESENTATION_CONTEXT('NONE','WORKSPACE'));
#10=APPLICATION_CONTEXT('managed model based 3d engineering');
#11=PRODUCT_CATEGORY('part','NONE');
#12=PRODUCT_RELATED_PRODUCT_CATEGORY('detail',' ',(#24));
#13=PRODUCT_DEFINITION_SHAPE('NONE','NONE',#25);
#14=ADVANCED_BREP_SHAPE_REPRESENTATION('0395066002_1',(#26,#27),#6);
#15=GEOMETRICALLY_BOUNDED_SURFACE_SHAPE_REPRESENTATION('1',(#28,#29),#6);
#18=UNCERTAINTY_MEASURE_WITH_UNIT(LENGTH_MEASURE(1.0E-06),#20,'','');
#20= (CONVERSION_BASED_UNIT('MILLIMETRE',#32)LENGTH_UNIT()NAMED_UNIT(#35));
#21= (NAMED_UNIT(#37)PLANE_ANGLE_UNIT()SI_UNIT($,.RADIAN.));
#22= (NAMED_UNIT(#37)SOLID_ANGLE_UNIT()SI_UNIT($,.STERADIAN.));
#24=PRODUCT('0395066002_1','0395066002_1','PART-0395066002_1-DESC',(#43));
#25=PRODUCT_DEFINITION('','NONE',#44,#1);
#26=MANIFOLD_SOLID_BREP('0395066002_1',#45);
#27=AXIS2_PLACEMENT_3D('',#46,#47,#48);
#28=GEOMETRIC_SET('1',(#49,#50,#51,#52,#53,#54,#55,#56,#57,#58));
#29=AXIS2_PLACEMENT_3D('',#59,#60,#61);
#32=LENGTH_MEASURE_WITH_UNIT(LENGTH_MEASURE(1.0),#62);
#35=DIMENSIONAL_EXPONENTS(1.0,0.0,0.0,0.0,0.0,0.0,0.0);
#37=DIMENSIONAL_EXPONENTS(0.0,0.0,0.0,0.0,0.0,0.0,0.0);
#43=PRODUCT_CONTEXT('',#10,'mechanical');
#44=PRODUCT_DEFINITION_FORMATION_WITH_SPECIFIED_SOURCE(' ','NONE',#24,.NOT_KNOWN.);
#45=CLOSED_SHELL('',(#63,#64,#65,#66,#67,#68,#69,#70,#71,#72,#73,#74,#75,#76,#77,#78,#79,#80,#81,#82,#83,#84,#85,#86,#87,#88,#89,#90,#91,#92,#93,#94,#95,#96,#97,#98,#99,#100,#101,#102,#103,#104,#105,#106,#107,#108,#109,#110,#111,#112,#113,#114,#115,#116,#117,#118,#119,#120,#121,#122,#123,#124,#125,#126,#127,#128,#129,#130,#131,#132,#133,#134,#135,#136,#137,#138,#139,#140,#141,#142,#143,#144,#145,#146,#147,#148,#149,#150,#151,#152,#153,#154,#155,#156,#157,#158,#159,#160,#161,#162,#163,#164,#165,#166));
#46=CARTESIAN_POINT('',(0.0,0.0,0.0));
#47=DIRECTION('',(0.0,0.0,1.0));
#48=DIRECTION('',(1.0,0.0,0.0));
#49=COMPOSITE_CURVE('0395066002_2',(#167),.U.);
#50=COMPOSITE_CURVE('0395066002_3',(#168),.U.);
#51=COMPOSITE_CURVE('0395066002_4',(#169),.U.);
#52=COMPOSITE_CURVE('0395066002_5',(#170),.U.);
#53=COMPOSITE_CURVE('0395066002_6',(#171),.U.);
#54=COMPOSITE_CURVE('0395066002_7',(#172),.U.);
#55=COMPOSITE_CURVE('0395066002_8',(#173),.U.);
#56=COMPOSITE_CURVE('0395066002_9',(#174),.U.);
#57=COMPOSITE_CURVE('0395066002_10',(#175),.U.);
#58=COMPOSITE_CURVE('0395066002_11',(#176),.U.);
#59=CARTESIAN_POINT('',(0.0,0.0,0.0));
#60=DIRECTION('',(0.0,0.0,1.0));
#61=DIRECTION('',(1.0,0.0,0.0));
#62= (NAMED_UNIT(#35)LENGTH_UNIT()SI_UNIT(.MILLI.,.METRE.));
#63=ADVANCED_FACE('',(#178,#179,#180,#181,#182),#183,.T.);
#64=ADVANCED_FACE('',(#184),#185,.F.);
#65=ADVANCED_FACE('',(#186),#187,.F.);
#66=ADVANCED_FACE('',(#188,#189),#190,.T.);
#67=ADVANCED_FACE('',(#191,#192),#193,.T.);
#68=ADVANCED_FACE('',(#194),#195,.F.);
#69=ADVANCED_FACE('',(#196),#197,.F.);
#70=ADVANCED_FACE('',(#198,#199,#200),#201,.F.);
#71=ADVANCED_FACE('',(#202),#203,.T.);
#72=ADVANCED_FACE('',(#204),#205,.T.);
#73=ADVANCED_FACE('',(#206),#207,.T.);
#74=ADVANCED_FACE('',(#208,#209,#210),#211,.T.);
#75=ADVANCED_FACE('',(#212),#213,.T.);
#76=ADVANCED_FACE('',(#214),#215,.T.);
#77=ADVANCED_FACE('',(#216),#217,.T.);
#78=ADVANCED_FACE('',(#218),#219,.T.);
#79=ADVANCED_FACE('',(#220),#221,.T.);
#80=ADVANCED_FACE('',(#222),#223,.T.);
#81=ADVANCED_FACE('',(#224),#225,.T.);
#82=ADVANCED_FACE('',(#226),#227,.T.);
#83=ADVANCED_FACE('',(#228),#229,.F.);
#84=ADVANCED_FACE('',(#230),#231,.F.);
#85=ADVANCED_FACE('',(#232),#233,.T.);
#86=ADVANCED_FACE('',(#234),#235,.T.);
#87=ADVANCED_FACE('',(#236),#237,.T.);
#88=ADVANCED_FACE('',(#238),#239,.T.);
#89=ADVANCED_FACE('',(#240),#241,.T.);
#90=ADVANCED_FACE('',(#242),#243,.T.);
#91=ADVANCED_FACE('',(#244,#245),#246,.T.);
#92=ADVANCED_FACE('',(#247),#248,.T.);
#93=ADVANCED_FACE('',(#249,#250),#251,.T.);
#94=ADVANCED_FACE('',(#252),#253,.F.);
#95=ADVANCED_FACE('',(#254),#255,.F.);
#96=ADVANCED_FACE('',(#256),#257,.F.);
#97=ADVANCED_FACE('',(#258),#259,.F.);
#98=ADVANCED_FACE('',(#260),#261,.T.);
#99=ADVANCED_FACE('',(#262),#263,.T.);
#100=ADVANCED_FACE('',(#264),#265,.T.);
#101=ADVANCED_FACE('',(#266),#267,.F.);
#102=ADVANCED_FACE('',(#268),#269,.F.);
#103=ADVANCED_FACE('',(#270),#271,.F.);
#104=ADVANCED_FACE('',(#272),#273,.F.);
#105=ADVANCED_FACE('',(#274),#275,.T.);
#106=ADVANCED_FACE('',(#276),#277,.F.);
#107=ADVANCED_FACE('',(#278),#279,.F.);
#108=ADVANCED_FACE('',(#280),#281,.F.);
#109=ADVANCED_FACE('',(#282),#283,.F.);
#110=ADVANCED_FACE('',(#284),#285,.F.);
#111=ADVANCED_FACE('',(#286),#287,.F.);
#112=ADVANCED_FACE('',(#288),#289,.T.);
#113=ADVANCED_FACE('',(#290),#291,.T.);
#114=ADVANCED_FACE('',(#292),#293,.T.);
#115=ADVANCED_FACE('',(#294),#295,.T.);
#116=ADVANCED_FACE('',(#296),#297,.T.);
#117=ADVANCED_FACE('',(#298),#299,.T.);
#118=ADVANCED_FACE('',(#300),#301,.T.);
#119=ADVANCED_FACE('',(#302),#303,.T.);
#120=ADVANCED_FACE('',(#304),#305,.T.);
#121=ADVANCED_FACE('',(#306),#307,.T.);
#122=ADVANCED_FACE('',(#308),#309,.T.);
#123=ADVANCED_FACE('',(#310),#311,.F.);
#124=ADVANCED_FACE('',(#312),#313,.F.);
#125=ADVANCED_FACE('',(#314),#315,.T.);
#126=ADVANCED_FACE('',(#316),#317,.T.);
#127=ADVANCED_FACE('',(#318),#319,.T.);
#128=ADVANCED_FACE('',(#320),#321,.T.);
#129=ADVANCED_FACE('',(#322),#323,.T.);
#130=ADVANCED_FACE('',(#324,#325),#326,.T.);
#131=ADVANCED_FACE('',(#327),#328,.T.);
#132=ADVANCED_FACE('',(#329),#330,.T.);
#133=ADVANCED_FACE('',(#331,#332),#333,.T.);
#134=ADVANCED_FACE('',(#334),#335,.F.);
#135=ADVANCED_FACE('',(#336),#337,.F.);
#136=ADVANCED_FACE('',(#338),#339,.F.);
#137=ADVANCED_FACE('',(#340),#341,.F.);
#138=ADVANCED_FACE('',(#342),#343,.T.);
#139=ADVANCED_FACE('',(#344),#345,.T.);
#140=ADVANCED_FACE('',(#346),#347,.T.);
#141=ADVANCED_FACE('',(#348),#349,.F.);
#142=ADVANCED_FACE('',(#350),#351,.F.);
#143=ADVANCED_FACE('',(#352),#353,.F.);
#144=ADVANCED_FACE('',(#354),#355,.F.);
#145=ADVANCED_FACE('',(#356),#357,.T.);
#146=ADVANCED_FACE('',(#358),#359,.F.);
#147=ADVANCED_FACE('',(#360),#361,.F.);
#148=ADVANCED_FACE('',(#362),#363,.F.);
#149=ADVANCED_FACE('',(#364),#365,.F.);
#150=ADVANCED_FACE('',(#366),#367,.F.);
#151=ADVANCED_FACE('',(#368),#369,.F.);
#152=ADVANCED_FACE('',(#370),#371,.T.);
#153=ADVANCED_FACE('',(#372),#373,.T.);
#154=ADVANCED_FACE('',(#374),#375,.T.);
#155=ADVANCED_FACE('',(#376),#377,.T.);
#156=ADVANCED_FACE('',(#378),#379,.T.);
#157=ADVANCED_FACE('',(#380),#381,.T.);
#158=ADVANCED_FACE('',(#382),#383,.T.);
#159=ADVANCED_FACE('',(#384),#385,.T.);
#160=ADVANCED_FACE('',(#386),#387,.T.);
#161=ADVANCED_FACE('',(#388),#389,.T.);
#162=ADVANCED_FACE('',(#390),#391,.T.);
#163=ADVANCED_FACE('',(#392),#393,.F.);
#164=ADVANCED_FACE('',(#394),#395,.F.);
#165=ADVANCED_FACE('',(#396),#397,.F.);
#166=ADVANCED_FACE('',(#398),#399,.F.);
#167=COMPOSITE_CURVE_SEGMENT(.CONTINUOUS.,.T.,#400);
#168=COMPOSITE_CURVE_SEGMENT(.CONTINUOUS.,.T.,#401);
#169=COMPOSITE_CURVE_SEGMENT(.CONTINUOUS.,.T.,#402);
#170=COMPOSITE_CURVE_SEGMENT(.CONTINUOUS.,.T.,#403);
#171=COMPOSITE_CURVE_SEGMENT(.CONTINUOUS.,.T.,#404);
#172=COMPOSITE_CURVE_SEGMENT(.CONTINUOUS.,.T.,#405);
#173=COMPOSITE_CURVE_SEGMENT(.CONTINUOUS.,.T.,#406);
#174=COMPOSITE_CURVE_SEGMENT(.CONTINUOUS.,.T.,#407);
#175=COMPOSITE_CURVE_SEGMENT(.CONTINUOUS.,.T.,#408);
#176=COMPOSITE_CURVE_SEGMENT(.CONTINUOUS.,.T.,#409);
#178=FACE_OUTER_BOUND('',#410,.T.);
#179=FACE_BOUND('',#411,.T.);
#180=FACE_BOUND('',#412,.T.);
#181=FACE_BOUND('',#413,.T.);
#182=FACE_BOUND('',#414,.T.);
#183=PLANE('',#415);
#184=FACE_OUTER_BOUND('',#416,.T.);
#185=CYLINDRICAL_SURFACE('',#417,0.889);
#186=FACE_OUTER_BOUND('',#418,.T.);
#187=CYLINDRICAL_SURFACE('',#419,0.889);
#188=FACE_OUTER_BOUND('',#420,.T.);
#189=FACE_BOUND('',#421,.T.);
#190=PLANE('',#422);
#191=FACE_OUTER_BOUND('',#423,.T.);
#192=FACE_BOUND('',#424,.T.);
#193=PLANE('',#425);
#194=FACE_OUTER_BOUND('',#426,.T.);
#195=CYLINDRICAL_SURFACE('',#427,2.00025);
#196=FACE_OUTER_BOUND('',#428,.T.);
#197=CYLINDRICAL_SURFACE('',#429,2.00025);
#198=FACE_OUTER_BOUND('',#430,.T.);
#199=FACE_BOUND('',#431,.T.);
#200=FACE_BOUND('',#432,.T.);
#201=PLANE('',#433);
#202=FACE_OUTER_BOUND('',#434,.T.);
#203=CYLINDRICAL_SURFACE('',#435,0.762);
#204=FACE_OUTER_BOUND('',#436,.T.);
#205=PLANE('',#437);
#206=FACE_OUTER_BOUND('',#438,.T.);
#207=CYLINDRICAL_SURFACE('',#439,0.762);
#208=FACE_OUTER_BOUND('',#440,.T.);
#209=FACE_BOUND('',#441,.T.);
#210=FACE_BOUND('',#442,.T.);
#211=PLANE('',#443);
#212=FACE_OUTER_BOUND('',#444,.T.);
#213=CYLINDRICAL_SURFACE('',#445,0.762);
#214=FACE_OUTER_BOUND('',#446,.T.);
#215=PLANE('',#447);
#216=FACE_OUTER_BOUND('',#448,.T.);
#217=CYLINDRICAL_SURFACE('',#449,0.762);
#218=FACE_OUTER_BOUND('',#450,.T.);
#219=PLANE('',#451);
#220=FACE_OUTER_BOUND('',#452,.T.);
#221=PLANE('',#453);
#222=FACE_OUTER_BOUND('',#454,.T.);
#223=PLANE('',#455);
#224=FACE_OUTER_BOUND('',#456,.T.);
#225=PLANE('',#457);
#226=FACE_OUTER_BOUND('',#458,.T.);
#227=PLANE('',#459);
#228=FACE_OUTER_BOUND('',#460,.T.);
#229=PLANE('',#461);
#230=FACE_OUTER_BOUND('',#462,.T.);
#231=PLANE('',#463);
#232=FACE_OUTER_BOUND('',#464,.T.);
#233=PLANE('',#465);
#234=FACE_OUTER_BOUND('',#466,.T.);
#235=PLANE('',#467);
#236=FACE_OUTER_BOUND('',#468,.T.);
#237=PLANE('',#469);
#238=FACE_OUTER_BOUND('',#470,.T.);
#239=PLANE('',#471);
#240=FACE_OUTER_BOUND('',#472,.T.);
#241=PLANE('',#473);
#242=FACE_OUTER_BOUND('',#474,.T.);
#243=PLANE('',#475);
#244=FACE_OUTER_BOUND('',#476,.T.);
#245=FACE_BOUND('',#477,.T.);
#246=PLANE('',#478);
#247=FACE_OUTER_BOUND('',#479,.T.);
#248=CYLINDRICAL_SURFACE('',#480,0.889);
#249=FACE_OUTER_BOUND('',#481,.T.);
#250=FACE_BOUND('',#482,.T.);
#251=PLANE('',#483);
#252=FACE_OUTER_BOUND('',#484,.T.);
#253=PLANE('',#485);
#254=FACE_OUTER_BOUND('',#486,.T.);
#255=PLANE('',#487);
#256=FACE_OUTER_BOUND('',#488,.T.);
#257=PLANE('',#489);
#258=FACE_OUTER_BOUND('',#490,.T.);
#259=PLANE('',#491);
#260=FACE_OUTER_BOUND('',#492,.T.);
#261=PLANE('',#493);
#262=FACE_OUTER_BOUND('',#494,.T.);
#263=PLANE('',#495);
#264=FACE_OUTER_BOUND('',#496,.T.);
#265=PLANE('',#497);
#266=FACE_OUTER_BOUND('',#498,.T.);
#267=PLANE('',#499);
#268=FACE_OUTER_BOUND('',#500,.T.);
#269=PLANE('',#501);
#270=FACE_OUTER_BOUND('',#502,.T.);
#271=PLANE('',#503);
#272=FACE_OUTER_BOUND('',#504,.T.);
#273=PLANE('',#505);
#274=FACE_OUTER_BOUND('',#506,.T.);
#275=CYLINDRICAL_SURFACE('',#507,1.6002);
#276=FACE_OUTER_BOUND('',#508,.T.);
#277=PLANE('',#509);
#278=FACE_OUTER_BOUND('',#510,.T.);
#279=PLANE('',#511);
#280=FACE_OUTER_BOUND('',#512,.T.);
#281=PLANE('',#513);
#282=FACE_OUTER_BOUND('',#514,.T.);
#283=PLANE('',#515);
#284=FACE_OUTER_BOUND('',#516,.T.);
#285=PLANE('',#517);
#286=FACE_OUTER_BOUND('',#518,.T.);
#287=PLANE('',#519);
#288=FACE_OUTER_BOUND('',#520,.T.);
#289=CYLINDRICAL_SURFACE('',#521,0.889);
#290=FACE_OUTER_BOUND('',#522,.T.);
#291=PLANE('',#523);
#292=FACE_OUTER_BOUND('',#524,.T.);
#293=PLANE('',#525);
#294=FACE_OUTER_BOUND('',#526,.T.);
#295=PLANE('',#527);
#296=FACE_OUTER_BOUND('',#528,.T.);
#297=PLANE('',#529);
#298=FACE_OUTER_BOUND('',#530,.T.);
#299=PLANE('',#531);
#300=FACE_OUTER_BOUND('',#532,.T.);
#301=PLANE('',#533);
#302=FACE_OUTER_BOUND('',#534,.T.);
#303=PLANE('',#535);
#304=FACE_OUTER_BOUND('',#536,.T.);
#305=PLANE('',#537);
#306=FACE_OUTER_BOUND('',#538,.T.);
#307=PLANE('',#539);
#308=FACE_OUTER_BOUND('',#540,.T.);
#309=PLANE('',#541);
#310=FACE_OUTER_BOUND('',#542,.T.);
#311=PLANE('',#543);
#312=FACE_OUTER_BOUND('',#544,.T.);
#313=PLANE('',#545);
#314=FACE_OUTER_BOUND('',#546,.T.);
#315=PLANE('',#547);
#316=FACE_OUTER_BOUND('',#548,.T.);
#317=PLANE('',#549);
#318=FACE_OUTER_BOUND('',#550,.T.);
#319=PLANE('',#551);
#320=FACE_OUTER_BOUND('',#552,.T.);
#321=PLANE('',#553);
#322=FACE_OUTER_BOUND('',#554,.T.);
#323=PLANE('',#555);
#324=FACE_OUTER_BOUND('',#556,.T.);
#325=FACE_BOUND('',#557,.T.);
#326=PLANE('',#558);
#327=FACE_OUTER_BOUND('',#559,.T.);
#328=CYLINDRICAL_SURFACE('',#560,0.889);
#329=FACE_OUTER_BOUND('',#561,.T.);
#330=CYLINDRICAL_SURFACE('',#562,0.889);
#331=FACE_OUTER_BOUND('',#563,.T.);
#332=FACE_BOUND('',#564,.T.);
#333=PLANE('',#565);
#334=FACE_OUTER_BOUND('',#566,.T.);
#335=PLANE('',#567);
#336=FACE_OUTER_BOUND('',#568,.T.);
#337=PLANE('',#569);
#338=FACE_OUTER_BOUND('',#570,.T.);
#339=PLANE('',#571);
#340=FACE_OUTER_BOUND('',#572,.T.);
#341=PLANE('',#573);
#342=FACE_OUTER_BOUND('',#574,.T.);
#343=PLANE('',#575);
#344=FACE_OUTER_BOUND('',#576,.T.);
#345=PLANE('',#577);
#346=FACE_OUTER_BOUND('',#578,.T.);
#347=PLANE('',#579);
#348=FACE_OUTER_BOUND('',#580,.T.);
#349=PLANE('',#581);
#350=FACE_OUTER_BOUND('',#582,.T.);
#351=PLANE('',#583);
#352=FACE_OUTER_BOUND('',#584,.T.);
#353=PLANE('',#585);
#354=FACE_OUTER_BOUND('',#586,.T.);
#355=PLANE('',#587);
#356=FACE_OUTER_BOUND('',#588,.T.);
#357=CYLINDRICAL_SURFACE('',#589,1.6002);
#358=FACE_OUTER_BOUND('',#590,.T.);
#359=PLANE('',#591);
#360=FACE_OUTER_BOUND('',#592,.T.);
#361=PLANE('',#593);
#362=FACE_OUTER_BOUND('',#594,.T.);
#363=PLANE('',#595);
#364=FACE_OUTER_BOUND('',#596,.T.);
#365=PLANE('',#597);
#366=FACE_OUTER_BOUND('',#598,.T.);
#367=PLANE('',#599);
#368=FACE_OUTER_BOUND('',#600,.T.);
#369=PLANE('',#601);
#370=FACE_OUTER_BOUND('',#602,.T.);
#371=PLANE('',#603);
#372=FACE_OUTER_BOUND('',#604,.T.);
#373=PLANE('',#605);
#374=FACE_OUTER_BOUND('',#606,.T.);
#375=PLANE('',#607);
#376=FACE_OUTER_BOUND('',#608,.T.);
#377=PLANE('',#609);
#378=FACE_OUTER_BOUND('',#610,.T.);
#379=PLANE('',#611);
#380=FACE_OUTER_BOUND('',#612,.T.);
#381=PLANE('',#613);
#382=FACE_OUTER_BOUND('',#614,.T.);
#383=PLANE('',#615);
#384=FACE_OUTER_BOUND('',#616,.T.);
#385=PLANE('',#617);
#386=FACE_OUTER_BOUND('',#618,.T.);
#387=PLANE('',#619);
#388=FACE_OUTER_BOUND('',#620,.T.);
#389=PLANE('',#621);
#390=FACE_OUTER_BOUND('',#622,.T.);
#391=PLANE('',#623);
#392=FACE_OUTER_BOUND('',#624,.T.);
#393=CYLINDRICAL_SURFACE('',#625,2.00025);
#394=FACE_OUTER_BOUND('',#626,.T.);
#395=CYLINDRICAL_SURFACE('',#627,2.00025);
#396=FACE_OUTER_BOUND('',#628,.T.);
#397=CYLINDRICAL_SURFACE('',#629,0.889);
#398=FACE_OUTER_BOUND('',#630,.T.);
#399=CYLINDRICAL_SURFACE('',#631,0.889);
#400=TRIMMED_CURVE('',#632,(PARAMETER_VALUE(0.0)),(PARAMETER_VALUE(3.1415926535892)),.T.,.UNSPECIFIED.);
#401=TRIMMED_CURVE('',#633,(PARAMETER_VALUE(0.0)),(PARAMETER_VALUE(3.1415926535892)),.T.,.UNSPECIFIED.);
#402=TRIMMED_CURVE('',#634,(PARAMETER_VALUE(0.0)),(PARAMETER_VALUE(3.1415926535892)),.T.,.UNSPECIFIED.);
#403=TRIMMED_CURVE('',#635,(PARAMETER_VALUE(0.0)),(PARAMETER_VALUE(3.1415926535892)),.T.,.UNSPECIFIED.);
#404=TRIMMED_CURVE('A_11',#636,(PARAMETER_VALUE(0.0)),(PARAMETER_VALUE(1.0)),.T.,.UNSPECIFIED.);
#405=TRIMMED_CURVE('A_13',#637,(PARAMETER_VALUE(0.0)),(PARAMETER_VALUE(1.0)),.T.,.UNSPECIFIED.);
#406=TRIMMED_CURVE('A_20',#638,(PARAMETER_VALUE(0.0)),(PARAMETER_VALUE(1.0)),.T.,.UNSPECIFIED.);
#407=TRIMMED_CURVE('A_21',#639,(PARAMETER_VALUE(0.0)),(PARAMETER_VALUE(1.0)),.T.,.UNSPECIFIED.);
#408=TRIMMED_CURVE('A_25',#640,(PARAMETER_VALUE(0.0)),(PARAMETER_VALUE(1.0)),.T.,.UNSPECIFIED.);
#409=TRIMMED_CURVE('A_26',#641,(PARAMETER_VALUE(0.0)),(PARAMETER_VALUE(1.0)),.T.,.UNSPECIFIED.);
#410=EDGE_LOOP('',(#642,#643,#644,#645,#646,#647,#648,#649,#650,#651,#652,#653));
#411=EDGE_LOOP('',(#654,#655));
#412=EDGE_LOOP('',(#656,#657));
#413=EDGE_LOOP('',(#658,#659,#660,#661,#662,#663,#664,#665,#666,#667,#668,#669,#670,#671,#672,#673));
#414=EDGE_LOOP('',(#674,#675,#676,#677,#678,#679,#680,#681,#682,#683,#684,#685,#686,#687,#688,#689));
#415=AXIS2_PLACEMENT_3D('',#690,#691,#692);
#416=EDGE_LOOP('',(#693,#694,#695,#696));
#417=AXIS2_PLACEMENT_3D('',#697,#698,#699);
#418=EDGE_LOOP('',(#700,#701,#702,#703));
#419=AXIS2_PLACEMENT_3D('',#704,#705,#706);
#420=EDGE_LOOP('',(#707,#708));
#421=EDGE_LOOP('',(#709,#710));
#422=AXIS2_PLACEMENT_3D('',#711,#712,#713);
#423=EDGE_LOOP('',(#714,#715));
#424=EDGE_LOOP('',(#716,#717));
#425=AXIS2_PLACEMENT_3D('',#718,#719,#720);
#426=EDGE_LOOP('',(#721,#722,#723,#724));
#427=AXIS2_PLACEMENT_3D('',#725,#726,#727);
#428=EDGE_LOOP('',(#728,#729,#730,#731));
#429=AXIS2_PLACEMENT_3D('',#732,#733,#734);
#430=EDGE_LOOP('',(#735,#736,#737,#738,#739,#740,#741,#742,#743,#744,#745,#746));
#431=EDGE_LOOP('',(#747,#748));
#432=EDGE_LOOP('',(#749,#750));
#433=AXIS2_PLACEMENT_3D('',#751,#752,#753);
#434=EDGE_LOOP('',(#754,#755,#756,#757));
#435=AXIS2_PLACEMENT_3D('',#758,#759,#760);
#436=EDGE_LOOP('',(#761,#762,#763,#764));
#437=AXIS2_PLACEMENT_3D('',#765,#766,#767);
#438=EDGE_LOOP('',(#768,#769,#770,#771));
#439=AXIS2_PLACEMENT_3D('',#772,#773,#774);
#440=EDGE_LOOP('',(#775,#776,#777,#778));
#441=EDGE_LOOP('',(#779,#780,#781,#782));
#442=EDGE_LOOP('',(#783,#784,#785,#786));
#443=AXIS2_PLACEMENT_3D('',#787,#788,#789);
#444=EDGE_LOOP('',(#790,#791,#792,#793));
#445=AXIS2_PLACEMENT_3D('',#794,#795,#796);
#446=EDGE_LOOP('',(#797,#798,#799,#800));
#447=AXIS2_PLACEMENT_3D('',#801,#802,#803);
#448=EDGE_LOOP('',(#804,#805,#806,#807));
#449=AXIS2_PLACEMENT_3D('',#808,#809,#810);
#450=EDGE_LOOP('',(#811,#812,#813,#814));
#451=AXIS2_PLACEMENT_3D('',#815,#816,#817);
#452=EDGE_LOOP('',(#818,#819,#820,#821));
#453=AXIS2_PLACEMENT_3D('',#822,#823,#824);
#454=EDGE_LOOP('',(#825,#826,#827,#828));
#455=AXIS2_PLACEMENT_3D('',#829,#830,#831);
#456=EDGE_LOOP('',(#832,#833,#834,#835));
#457=AXIS2_PLACEMENT_3D('',#836,#837,#838);
#458=EDGE_LOOP('',(#839,#840,#841,#842));
#459=AXIS2_PLACEMENT_3D('',#843,#844,#845);
#460=EDGE_LOOP('',(#846,#847,#848,#849));
#461=AXIS2_PLACEMENT_3D('',#850,#851,#852);
#462=EDGE_LOOP('',(#853,#854,#855,#856));
#463=AXIS2_PLACEMENT_3D('',#857,#858,#859);
#464=EDGE_LOOP('',(#860,#861,#862,#863));
#465=AXIS2_PLACEMENT_3D('',#864,#865,#866);
#466=EDGE_LOOP('',(#867,#868,#869,#870));
#467=AXIS2_PLACEMENT_3D('',#871,#872,#873);
#468=EDGE_LOOP('',(#874,#875,#876,#877));
#469=AXIS2_PLACEMENT_3D('',#878,#879,#880);
#470=EDGE_LOOP('',(#881,#882,#883,#884));
#471=AXIS2_PLACEMENT_3D('',#885,#886,#887);
#472=EDGE_LOOP('',(#888,#889,#890,#891));
#473=AXIS2_PLACEMENT_3D('',#892,#893,#894);
#474=EDGE_LOOP('',(#895,#896,#897,#898));
#475=AXIS2_PLACEMENT_3D('',#899,#900,#901);
#476=EDGE_LOOP('',(#902,#903));
#477=EDGE_LOOP('',(#904,#905,#906,#907));
#478=AXIS2_PLACEMENT_3D('',#908,#909,#910);
#479=EDGE_LOOP('',(#911,#912,#913,#914));
#480=AXIS2_PLACEMENT_3D('',#915,#916,#917);
#481=EDGE_LOOP('',(#918,#919,#920,#921,#922,#923,#924,#925));
#482=EDGE_LOOP('',(#926,#927));
#483=AXIS2_PLACEMENT_3D('',#928,#929,#930);
#484=EDGE_LOOP('',(#931,#932,#933,#934,#935,#936));
#485=AXIS2_PLACEMENT_3D('',#937,#938,#939);
#486=EDGE_LOOP('',(#940,#941,#942,#943,#944,#945));
#487=AXIS2_PLACEMENT_3D('',#946,#947,#948);
#488=EDGE_LOOP('',(#949,#950,#951,#952));
#489=AXIS2_PLACEMENT_3D('',#953,#954,#955);
#490=EDGE_LOOP('',(#956,#957,#958,#959));
#491=AXIS2_PLACEMENT_3D('',#960,#961,#962);
#492=EDGE_LOOP('',(#963,#964,#965,#966));
#493=AXIS2_PLACEMENT_3D('',#967,#968,#969);
#494=EDGE_LOOP('',(#970,#971,#972,#973));
#495=AXIS2_PLACEMENT_3D('',#974,#975,#976);
#496=EDGE_LOOP('',(#977,#978,#979,#980));
#497=AXIS2_PLACEMENT_3D('',#981,#982,#983);
#498=EDGE_LOOP('',(#984,#985,#986,#987));
#499=AXIS2_PLACEMENT_3D('',#988,#989,#990);
#500=EDGE_LOOP('',(#991,#992,#993,#994));
#501=AXIS2_PLACEMENT_3D('',#995,#996,#997);
#502=EDGE_LOOP('',(#998,#999,#1000,#1001,#1002,#1003));
#503=AXIS2_PLACEMENT_3D('',#1004,#1005,#1006);
#504=EDGE_LOOP('',(#1007,#1008,#1009,#1010,#1011,#1012));
#505=AXIS2_PLACEMENT_3D('',#1013,#1014,#1015);
#506=EDGE_LOOP('',(#1016,#1017,#1018,#1019));
#507=AXIS2_PLACEMENT_3D('',#1020,#1021,#1022);
#508=EDGE_LOOP('',(#1023,#1024,#1025,#1026));
#509=AXIS2_PLACEMENT_3D('',#1027,#1028,#1029);
#510=EDGE_LOOP('',(#1030,#1031,#1032,#1033,#1034,#1035,#1036,#1037));
#511=AXIS2_PLACEMENT_3D('',#1038,#1039,#1040);
#512=EDGE_LOOP('',(#1041,#1042,#1043,#1044));
#513=AXIS2_PLACEMENT_3D('',#1045,#1046,#1047);
#514=EDGE_LOOP('',(#1048,#1049,#1050,#1051));
#515=AXIS2_PLACEMENT_3D('',#1052,#1053,#1054);
#516=EDGE_LOOP('',(#1055,#1056,#1057,#1058));
#517=AXIS2_PLACEMENT_3D('',#1059,#1060,#1061);
#518=EDGE_LOOP('',(#1062,#1063,#1064,#1065));
#519=AXIS2_PLACEMENT_3D('',#1066,#1067,#1068);
#520=EDGE_LOOP('',(#1069,#1070,#1071,#1072));
#521=AXIS2_PLACEMENT_3D('',#1073,#1074,#1075);
#522=EDGE_LOOP('',(#1076,#1077,#1078,#1079));
#523=AXIS2_PLACEMENT_3D('',#1080,#1081,#1082);
#524=EDGE_LOOP('',(#1083,#1084,#1085,#1086));
#525=AXIS2_PLACEMENT_3D('',#1087,#1088,#1089);
#526=EDGE_LOOP('',(#1090,#1091,#1092,#1093));
#527=AXIS2_PLACEMENT_3D('',#1094,#1095,#1096);
#528=EDGE_LOOP('',(#1097,#1098,#1099,#1100));
#529=AXIS2_PLACEMENT_3D('',#1101,#1102,#1103);
#530=EDGE_LOOP('',(#1104,#1105,#1106,#1107));
#531=AXIS2_PLACEMENT_3D('',#1108,#1109,#1110);
#532=EDGE_LOOP('',(#1111,#1112,#1113,#1114));
#533=AXIS2_PLACEMENT_3D('',#1115,#1116,#1117);
#534=EDGE_LOOP('',(#1118,#1119,#1120,#1121));
#535=AXIS2_PLACEMENT_3D('',#1122,#1123,#1124);
#536=EDGE_LOOP('',(#1125,#1126,#1127,#1128));
#537=AXIS2_PLACEMENT_3D('',#1129,#1130,#1131);
#538=EDGE_LOOP('',(#1132,#1133,#1134,#1135));
#539=AXIS2_PLACEMENT_3D('',#1136,#1137,#1138);
#540=EDGE_LOOP('',(#1139,#1140,#1141,#1142));
#541=AXIS2_PLACEMENT_3D('',#1143,#1144,#1145);
#542=EDGE_LOOP('',(#1146,#1147,#1148,#1149));
#543=AXIS2_PLACEMENT_3D('',#1150,#1151,#1152);
#544=EDGE_LOOP('',(#1153,#1154,#1155,#1156));
#545=AXIS2_PLACEMENT_3D('',#1157,#1158,#1159);
#546=EDGE_LOOP('',(#1160,#1161,#1162,#1163));
#547=AXIS2_PLACEMENT_3D('',#1164,#1165,#1166);
#548=EDGE_LOOP('',(#1167,#1168,#1169,#1170));
#549=AXIS2_PLACEMENT_3D('',#1171,#1172,#1173);
#550=EDGE_LOOP('',(#1174,#1175,#1176,#1177));
#551=AXIS2_PLACEMENT_3D('',#1178,#1179,#1180);
#552=EDGE_LOOP('',(#1181,#1182,#1183,#1184));
#553=AXIS2_PLACEMENT_3D('',#1185,#1186,#1187);
#554=EDGE_LOOP('',(#1188,#1189,#1190,#1191));
#555=AXIS2_PLACEMENT_3D('',#1192,#1193,#1194);
#556=EDGE_LOOP('',(#1195,#1196));
#557=EDGE_LOOP('',(#1197,#1198,#1199,#1200));
#558=AXIS2_PLACEMENT_3D('',#1201,#1202,#1203);
#559=EDGE_LOOP('',(#1204,#1205,#1206,#1207));
#560=AXIS2_PLACEMENT_3D('',#1208,#1209,#1210);
#561=EDGE_LOOP('',(#1211,#1212,#1213,#1214));
#562=AXIS2_PLACEMENT_3D('',#1215,#1216,#1217);
#563=EDGE_LOOP('',(#1218,#1219,#1220,#1221,#1222,#1223,#1224,#1225));
#564=EDGE_LOOP('',(#1226,#1227));
#565=AXIS2_PLACEMENT_3D('',#1228,#1229,#1230);
#566=EDGE_LOOP('',(#1231,#1232,#1233,#1234,#1235,#1236));
#567=AXIS2_PLACEMENT_3D('',#1237,#1238,#1239);
#568=EDGE_LOOP('',(#1240,#1241,#1242,#1243,#1244,#1245));
#569=AXIS2_PLACEMENT_3D('',#1246,#1247,#1248);
#570=EDGE_LOOP('',(#1249,#1250,#1251,#1252));
#571=AXIS2_PLACEMENT_3D('',#1253,#1254,#1255);
#572=EDGE_LOOP('',(#1256,#1257,#1258,#1259));
#573=AXIS2_PLACEMENT_3D('',#1260,#1261,#1262);
#574=EDGE_LOOP('',(#1263,#1264,#1265,#1266));
#575=AXIS2_PLACEMENT_3D('',#1267,#1268,#1269);
#576=EDGE_LOOP('',(#1270,#1271,#1272,#1273));
#577=AXIS2_PLACEMENT_3D('',#1274,#1275,#1276);
#578=EDGE_LOOP('',(#1277,#1278,#1279,#1280));
#579=AXIS2_PLACEMENT_3D('',#1281,#1282,#1283);
#580=EDGE_LOOP('',(#1284,#1285,#1286,#1287));
#581=AXIS2_PLACEMENT_3D('',#1288,#1289,#1290);
#582=EDGE_LOOP('',(#1291,#1292,#1293,#1294));
#583=AXIS2_PLACEMENT_3D('',#1295,#1296,#1297);
#584=EDGE_LOOP('',(#1298,#1299,#1300,#1301,#1302,#1303));
#585=AXIS2_PLACEMENT_3D('',#1304,#1305,#1306);
#586=EDGE_LOOP('',(#1307,#1308,#1309,#1310,#1311,#1312));
#587=AXIS2_PLACEMENT_3D('',#1313,#1314,#1315);
#588=EDGE_LOOP('',(#1316,#1317,#1318,#1319));
#589=AXIS2_PLACEMENT_3D('',#1320,#1321,#1322);
#590=EDGE_LOOP('',(#1323,#1324,#1325,#1326));
#591=AXIS2_PLACEMENT_3D('',#1327,#1328,#1329);
#592=EDGE_LOOP('',(#1330,#1331,#1332,#1333,#1334,#1335,#1336,#1337));
#593=AXIS2_PLACEMENT_3D('',#1338,#1339,#1340);
#594=EDGE_LOOP('',(#1341,#1342,#1343,#1344));
#595=AXIS2_PLACEMENT_3D('',#1345,#1346,#1347);
#596=EDGE_LOOP('',(#1348,#1349,#1350,#1351));
#597=AXIS2_PLACEMENT_3D('',#1352,#1353,#1354);
#598=EDGE_LOOP('',(#1355,#1356,#1357,#1358));
#599=AXIS2_PLACEMENT_3D('',#1359,#1360,#1361);
#600=EDGE_LOOP('',(#1362,#1363,#1364,#1365));
#601=AXIS2_PLACEMENT_3D('',#1366,#1367,#1368);
#602=EDGE_LOOP('',(#1369,#1370,#1371,#1372));
#603=AXIS2_PLACEMENT_3D('',#1373,#1374,#1375);
#604=EDGE_LOOP('',(#1376,#1377,#1378,#1379));
#605=AXIS2_PLACEMENT_3D('',#1380,#1381,#1382);
#606=EDGE_LOOP('',(#1383,#1384,#1385,#1386));
#607=AXIS2_PLACEMENT_3D('',#1387,#1388,#1389);
#608=EDGE_LOOP('',(#1390,#1391,#1392,#1393));
#609=AXIS2_PLACEMENT_3D('',#1394,#1395,#1396);
#610=EDGE_LOOP('',(#1397,#1398,#1399,#1400));
#611=AXIS2_PLACEMENT_3D('',#1401,#1402,#1403);
#612=EDGE_LOOP('',(#1404,#1405,#1406,#1407));
#613=AXIS2_PLACEMENT_3D('',#1408,#1409,#1410);
#614=EDGE_LOOP('',(#1411,#1412,#1413,#1414));
#615=AXIS2_PLACEMENT_3D('',#1415,#1416,#1417);
#616=EDGE_LOOP('',(#1418,#1419,#1420,#1421));
#617=AXIS2_PLACEMENT_3D('',#1422,#1423,#1424);
#618=EDGE_LOOP('',(#1425,#1426,#1427,#1428));
#619=AXIS2_PLACEMENT_3D('',#1429,#1430,#1431);
#620=EDGE_LOOP('',(#1432,#1433,#1434,#1435));
#621=AXIS2_PLACEMENT_3D('',#1436,#1437,#1438);
#622=EDGE_LOOP('',(#1439,#1440,#1441,#1442));
#623=AXIS2_PLACEMENT_3D('',#1443,#1444,#1445);
#624=EDGE_LOOP('',(#1446,#1447,#1448,#1449));
#625=AXIS2_PLACEMENT_3D('',#1450,#1451,#1452);
#626=EDGE_LOOP('',(#1453,#1454,#1455,#1456));
#627=AXIS2_PLACEMENT_3D('',#1457,#1458,#1459);
#628=EDGE_LOOP('',(#1460,#1461,#1462,#1463));
#629=AXIS2_PLACEMENT_3D('',#1464,#1465,#1466);
#630=EDGE_LOOP('',(#1467,#1468,#1469,#1470));
#631=AXIS2_PLACEMENT_3D('',#1471,#1472,#1473);
#632=CIRCLE('',#1474,0.6096);
#633=CIRCLE('',#1475,0.6096);
#634=CIRCLE('',#1476,0.6096);
#635=CIRCLE('',#1477,0.6096);
#636=LINE('',#1478,#1479);
#637=LINE('',#1480,#1481);
#638=LINE('',#1482,#1483);
#639=LINE('',#1484,#1485);
#640=LINE('',#1486,#1487);
#641=LINE('',#1488,#1489);
#642=ORIENTED_EDGE('',*,*,#1490,.T.);
#643=ORIENTED_EDGE('',*,*,#1491,.T.);
#644=ORIENTED_EDGE('',*,*,#1492,.T.);
#645=ORIENTED_EDGE('',*,*,#1493,.T.);
#646=ORIENTED_EDGE('',*,*,#1494,.T.);
#647=ORIENTED_EDGE('',*,*,#1495,.T.);
#648=ORIENTED_EDGE('',*,*,#1496,.T.);
#649=ORIENTED_EDGE('',*,*,#1497,.T.);
#650=ORIENTED_EDGE('',*,*,#1498,.T.);
#651=ORIENTED_EDGE('',*,*,#1499,.T.);
#652=ORIENTED_EDGE('',*,*,#1500,.T.);
#653=ORIENTED_EDGE('',*,*,#1501,.T.);
#654=ORIENTED_EDGE('',*,*,#1502,.T.);
#655=ORIENTED_EDGE('',*,*,#1503,.T.);
#656=ORIENTED_EDGE('',*,*,#1504,.T.);
#657=ORIENTED_EDGE('',*,*,#1505,.T.);
#658=ORIENTED_EDGE('',*,*,#1506,.F.);
#659=ORIENTED_EDGE('',*,*,#1507,.F.);
#660=ORIENTED_EDGE('',*,*,#1508,.F.);
#661=ORIENTED_EDGE('',*,*,#1509,.F.);
#662=ORIENTED_EDGE('',*,*,#1510,.F.);
#663=ORIENTED_EDGE('',*,*,#1511,.F.);
#664=ORIENTED_EDGE('',*,*,#1512,.F.);
#665=ORIENTED_EDGE('',*,*,#1513,.T.);
#666=ORIENTED_EDGE('',*,*,#1514,.F.);
#667=ORIENTED_EDGE('',*,*,#1515,.T.);
#668=ORIENTED_EDGE('',*,*,#1516,.F.);
#669=ORIENTED_EDGE('',*,*,#1517,.T.);
#670=ORIENTED_EDGE('',*,*,#1518,.F.);
#671=ORIENTED_EDGE('',*,*,#1519,.F.);
#672=ORIENTED_EDGE('',*,*,#1520,.F.);
#673=ORIENTED_EDGE('',*,*,#1521,.F.);
#674=ORIENTED_EDGE('',*,*,#1522,.T.);
#675=ORIENTED_EDGE('',*,*,#1523,.F.);
#676=ORIENTED_EDGE('',*,*,#1524,.T.);
#677=ORIENTED_EDGE('',*,*,#1525,.F.);
#678=ORIENTED_EDGE('',*,*,#1526,.F.);
#679=ORIENTED_EDGE('',*,*,#1527,.F.);
#680=ORIENTED_EDGE('',*,*,#1528,.F.);
#681=ORIENTED_EDGE('',*,*,#1529,.F.);
#682=ORIENTED_EDGE('',*,*,#1530,.F.);
#683=ORIENTED_EDGE('',*,*,#1531,.F.);
#684=ORIENTED_EDGE('',*,*,#1532,.F.);
#685=ORIENTED_EDGE('',*,*,#1533,.F.);
#686=ORIENTED_EDGE('',*,*,#1534,.F.);
#687=ORIENTED_EDGE('',*,*,#1535,.F.);
#688=ORIENTED_EDGE('',*,*,#1536,.T.);
#689=ORIENTED_EDGE('',*,*,#1537,.F.);
#690=CARTESIAN_POINT('',(0.0,0.0,0.0));
#691=DIRECTION('',(0.0,0.0,1.0));
#692=DIRECTION('',(1.0,0.0,0.0));
#693=ORIENTED_EDGE('',*,*,#1505,.F.);
#694=ORIENTED_EDGE('',*,*,#1538,.T.);
#695=ORIENTED_EDGE('',*,*,#1539,.F.);
#696=ORIENTED_EDGE('',*,*,#1540,.F.);
#697=CARTESIAN_POINT('',(6.0452,2.794,4.572));
#698=DIRECTION('',(0.0,0.0,-1.0));
#699=DIRECTION('',(1.0,0.0,0.0));
#700=ORIENTED_EDGE('',*,*,#1541,.F.);
#701=ORIENTED_EDGE('',*,*,#1538,.F.);
#702=ORIENTED_EDGE('',*,*,#1504,.F.);
#703=ORIENTED_EDGE('',*,*,#1540,.T.);
#704=CARTESIAN_POINT('',(6.0452,2.794,4.572));
#705=DIRECTION('',(0.0,0.0,-1.0));
#706=DIRECTION('',(1.0,0.0,0.0));
#707=ORIENTED_EDGE('',*,*,#1542,.F.);
#708=ORIENTED_EDGE('',*,*,#1543,.F.);
#709=ORIENTED_EDGE('',*,*,#1541,.T.);
#710=ORIENTED_EDGE('',*,*,#1539,.T.);
#711=CARTESIAN_POINT('',(0.0,0.0,-4.953));
#712=DIRECTION('',(0.0,0.0,-1.0));
#713=DIRECTION('',(0.0,-1.0,0.0));
#714=ORIENTED_EDGE('',*,*,#1544,.F.);
#715=ORIENTED_EDGE('',*,*,#1545,.F.);
#716=ORIENTED_EDGE('',*,*,#1546,.T.);
#717=ORIENTED_EDGE('',*,*,#1547,.T.);
#718=CARTESIAN_POINT('',(0.0,0.0,-4.953));
#719=DIRECTION('',(0.0,0.0,-1.0));
#720=DIRECTION('',(0.0,-1.0,0.0));
#721=ORIENTED_EDGE('',*,*,#1548,.T.);
#722=ORIENTED_EDGE('',*,*,#1549,.T.);
#723=ORIENTED_EDGE('',*,*,#1543,.T.);
#724=ORIENTED_EDGE('',*,*,#1550,.F.);
#725=CARTESIAN_POINT('',(6.0452,2.794,-9.144));
#726=DIRECTION('',(0.0,0.0,1.0));
#727=DIRECTION('',(-1.0,0.0,0.0));
#728=ORIENTED_EDGE('',*,*,#1542,.T.);
#729=ORIENTED_EDGE('',*,*,#1549,.F.);
#730=ORIENTED_EDGE('',*,*,#1551,.T.);
#731=ORIENTED_EDGE('',*,*,#1550,.T.);
#732=CARTESIAN_POINT('',(6.0452,2.794,-9.144));
#733=DIRECTION('',(0.0,0.0,1.0));
#734=DIRECTION('',(-1.0,0.0,0.0));
#735=ORIENTED_EDGE('',*,*,#1552,.F.);
#736=ORIENTED_EDGE('',*,*,#1553,.T.);
#737=ORIENTED_EDGE('',*,*,#1554,.F.);
#738=ORIENTED_EDGE('',*,*,#1555,.T.);
#739=ORIENTED_EDGE('',*,*,#1556,.F.);
#740=ORIENTED_EDGE('',*,*,#1557,.T.);
#741=ORIENTED_EDGE('',*,*,#1558,.F.);
#742=ORIENTED_EDGE('',*,*,#1559,.F.);
#743=ORIENTED_EDGE('',*,*,#1560,.F.);
#744=ORIENTED_EDGE('',*,*,#1561,.F.);
#745=ORIENTED_EDGE('',*,*,#1562,.F.);
#746=ORIENTED_EDGE('',*,*,#1563,.T.);
#747=ORIENTED_EDGE('',*,*,#1551,.F.);
#748=ORIENTED_EDGE('',*,*,#1548,.F.);
#749=ORIENTED_EDGE('',*,*,#1564,.F.);
#750=ORIENTED_EDGE('',*,*,#1565,.F.);
#751=CARTESIAN_POINT('',(0.0,0.0,-9.144));
#752=DIRECTION('',(0.0,0.0,1.0));
#753=DIRECTION('',(1.0,0.0,0.0));
#754=ORIENTED_EDGE('',*,*,#1566,.F.);
#755=ORIENTED_EDGE('',*,*,#1501,.F.);
#756=ORIENTED_EDGE('',*,*,#1567,.T.);
#757=ORIENTED_EDGE('',*,*,#1563,.F.);
#758=CARTESIAN_POINT('',(7.8867,4.826,0.0324412349369584));
#759=DIRECTION('',(-0.0,0.0,1.0));
#760=DIRECTION('',(0.0,1.0,0.0));
#761=ORIENTED_EDGE('',*,*,#1500,.F.);
#762=ORIENTED_EDGE('',*,*,#1568,.T.);
#763=ORIENTED_EDGE('',*,*,#1552,.T.);
#764=ORIENTED_EDGE('',*,*,#1567,.F.);
#765=CARTESIAN_POINT('',(8.6487,0.0,0.0));
#766=DIRECTION('',(1.0,0.0,0.0));
#767=DIRECTION('',(0.0,1.0,0.0));
#768=ORIENTED_EDGE('',*,*,#1568,.F.);
#769=ORIENTED_EDGE('',*,*,#1499,.F.);
#770=ORIENTED_EDGE('',*,*,#1569,.T.);
#771=ORIENTED_EDGE('',*,*,#1553,.F.);
#772=CARTESIAN_POINT('',(7.8867,0.762,0.0324412349369584));
#773=DIRECTION('',(-0.0,0.0,1.0));
#774=DIRECTION('',(1.0,0.0,0.0));
#775=ORIENTED_EDGE('',*,*,#1498,.F.);
#776=ORIENTED_EDGE('',*,*,#1570,.T.);
#777=ORIENTED_EDGE('',*,*,#1554,.T.);
#778=ORIENTED_EDGE('',*,*,#1569,.F.);
#779=ORIENTED_EDGE('',*,*,#1571,.T.);
#780=ORIENTED_EDGE('',*,*,#1572,.T.);
#781=ORIENTED_EDGE('',*,*,#1573,.F.);
#782=ORIENTED_EDGE('',*,*,#1574,.F.);
#783=ORIENTED_EDGE('',*,*,#1575,.T.);
#784=ORIENTED_EDGE('',*,*,#1576,.T.);
#785=ORIENTED_EDGE('',*,*,#1577,.F.);
#786=ORIENTED_EDGE('',*,*,#1578,.F.);
#787=CARTESIAN_POINT('',(-8.6487,0.0,0.0));
#788=DIRECTION('',(0.0,-1.0,0.0));
#789=DIRECTION('',(0.0,0.0,-1.0));
#790=ORIENTED_EDGE('',*,*,#1570,.F.);
#791=ORIENTED_EDGE('',*,*,#1497,.F.);
#792=ORIENTED_EDGE('',*,*,#1579,.T.);
#793=ORIENTED_EDGE('',*,*,#1555,.F.);
#794=CARTESIAN_POINT('',(-7.8867,0.762,0.0324412349369584));
#795=DIRECTION('',(-0.0,0.0,1.0));
#796=DIRECTION('',(0.0,-1.0,0.0));
#797=ORIENTED_EDGE('',*,*,#1496,.F.);
#798=ORIENTED_EDGE('',*,*,#1580,.T.);
#799=ORIENTED_EDGE('',*,*,#1556,.T.);
#800=ORIENTED_EDGE('',*,*,#1579,.F.);
#801=CARTESIAN_POINT('',(-8.6487,5.588,0.0));
#802=DIRECTION('',(-1.0,0.0,0.0));
#803=DIRECTION('',(0.0,0.0,1.0));
#804=ORIENTED_EDGE('',*,*,#1580,.F.);
#805=ORIENTED_EDGE('',*,*,#1495,.F.);
#806=ORIENTED_EDGE('',*,*,#1581,.T.);
#807=ORIENTED_EDGE('',*,*,#1557,.F.);
#808=CARTESIAN_POINT('',(-7.8867,4.826,0.0324412349369584));
#809=DIRECTION('',(0.0,0.0,1.0));
#810=DIRECTION('',(-1.0,0.0,0.0));
#811=ORIENTED_EDGE('',*,*,#1494,.F.);
#812=ORIENTED_EDGE('',*,*,#1582,.T.);
#813=ORIENTED_EDGE('',*,*,#1558,.T.);
#814=ORIENTED_EDGE('',*,*,#1581,.F.);
#815=CARTESIAN_POINT('',(-4.2037,5.588,0.0));
#816=DIRECTION('',(-0.0,1.0,0.0));
#817=DIRECTION('',(1.0,0.0,0.0));
#818=ORIENTED_EDGE('',*,*,#1583,.T.);
#819=ORIENTED_EDGE('',*,*,#1559,.T.);
#820=ORIENTED_EDGE('',*,*,#1582,.F.);
#821=ORIENTED_EDGE('',*,*,#1493,.F.);
#822=CARTESIAN_POINT('',(-4.2037,6.858,0.0));
#823=DIRECTION('',(-1.0,0.0,0.0));
#824=DIRECTION('',(0.0,0.0,1.0));
#825=ORIENTED_EDGE('',*,*,#1584,.T.);
#826=ORIENTED_EDGE('',*,*,#1560,.T.);
#827=ORIENTED_EDGE('',*,*,#1583,.F.);
#828=ORIENTED_EDGE('',*,*,#1492,.F.);
#829=CARTESIAN_POINT('',(4.2037,6.858,0.0));
#830=DIRECTION('',(-0.0,1.0,0.0));
#831=DIRECTION('',(1.0,0.0,0.0));
#832=ORIENTED_EDGE('',*,*,#1585,.T.);
#833=ORIENTED_EDGE('',*,*,#1561,.T.);
#834=ORIENTED_EDGE('',*,*,#1584,.F.);
#835=ORIENTED_EDGE('',*,*,#1491,.F.);
#836=CARTESIAN_POINT('',(4.2037,5.588,0.0));
#837=DIRECTION('',(1.0,0.0,0.0));
#838=DIRECTION('',(0.0,1.0,0.0));
#839=ORIENTED_EDGE('',*,*,#1562,.T.);
#840=ORIENTED_EDGE('',*,*,#1585,.F.);
#841=ORIENTED_EDGE('',*,*,#1490,.F.);
#842=ORIENTED_EDGE('',*,*,#1566,.T.);
#843=CARTESIAN_POINT('',(8.6487,5.588,0.0));
#844=DIRECTION('',(-0.0,1.0,0.0));
#845=DIRECTION('',(1.0,0.0,0.0));
#846=ORIENTED_EDGE('',*,*,#1586,.F.);
#847=ORIENTED_EDGE('',*,*,#1587,.F.);
#848=ORIENTED_EDGE('',*,*,#1588,.F.);
#849=ORIENTED_EDGE('',*,*,#1589,.T.);
#850=CARTESIAN_POINT('',(-2.1463,0.0,0.0));
#851=DIRECTION('',(1.0,0.0,0.0));
#852=DIRECTION('',(0.0,1.0,0.0));
#853=ORIENTED_EDGE('',*,*,#1590,.F.);
#854=ORIENTED_EDGE('',*,*,#1574,.T.);
#855=ORIENTED_EDGE('',*,*,#1591,.F.);
#856=ORIENTED_EDGE('',*,*,#1592,.T.);
#857=CARTESIAN_POINT('',(-2.1463,0.0,0.0));
#858=DIRECTION('',(1.0,0.0,0.0));
#859=DIRECTION('',(0.0,1.0,0.0));
#860=ORIENTED_EDGE('',*,*,#1593,.T.);
#861=ORIENTED_EDGE('',*,*,#1589,.F.);
#862=ORIENTED_EDGE('',*,*,#1594,.T.);
#863=ORIENTED_EDGE('',*,*,#1595,.T.);
#864=CARTESIAN_POINT('',(-2.0447,2.794,-1.524));
#865=DIRECTION('',(-0.980580675690916,0.0,0.196116135138203));
#866=DIRECTION('',(0.0,1.0,0.0));
#867=ORIENTED_EDGE('',*,*,#1596,.F.);
#868=ORIENTED_EDGE('',*,*,#1597,.T.);
#869=ORIENTED_EDGE('',*,*,#1595,.F.);
#870=ORIENTED_EDGE('',*,*,#1598,.F.);
#871=CARTESIAN_POINT('',(-2.1463,3.1877,-1.016));
#872=DIRECTION('',(0.0,0.0,1.0));
#873=DIRECTION('',(1.0,0.0,0.0));
#874=ORIENTED_EDGE('',*,*,#1594,.F.);
#875=ORIENTED_EDGE('',*,*,#1599,.F.);
#876=ORIENTED_EDGE('',*,*,#1600,.F.);
#877=ORIENTED_EDGE('',*,*,#1598,.T.);
#878=CARTESIAN_POINT('',(-1.7526,2.5019,-1.524));
#879=DIRECTION('',(0.0,-0.980580675690916,0.196116135138203));
#880=DIRECTION('',(-1.0,0.0,0.0));
#881=ORIENTED_EDGE('',*,*,#1600,.T.);
#882=ORIENTED_EDGE('',*,*,#1601,.F.);
#883=ORIENTED_EDGE('',*,*,#1602,.T.);
#884=ORIENTED_EDGE('',*,*,#1596,.T.);
#885=CARTESIAN_POINT('',(-1.4605,2.794,-1.524));
#886=DIRECTION('',(0.980580675690916,0.0,0.196116135138203));
#887=DIRECTION('',(0.0,-1.0,0.0));
#888=ORIENTED_EDGE('',*,*,#1593,.F.);
#889=ORIENTED_EDGE('',*,*,#1597,.F.);
#890=ORIENTED_EDGE('',*,*,#1602,.F.);
#891=ORIENTED_EDGE('',*,*,#1603,.T.);
#892=CARTESIAN_POINT('',(-1.7526,3.0861,-1.524));
#893=DIRECTION('',(0.0,0.980580675690916,0.196116135138203));
#894=DIRECTION('',(1.0,0.0,-0.0));
#895=ORIENTED_EDGE('',*,*,#1604,.F.);
#896=ORIENTED_EDGE('',*,*,#1605,.F.);
#897=ORIENTED_EDGE('',*,*,#1586,.T.);
#898=ORIENTED_EDGE('',*,*,#1603,.F.);
#899=CARTESIAN_POINT('',(-2.1463,3.1877,-7.2263));
#900=DIRECTION('',(-0.0,1.0,0.0));
#901=DIRECTION('',(1.0,0.0,0.0));
#902=ORIENTED_EDGE('',*,*,#1606,.T.);
#903=ORIENTED_EDGE('',*,*,#1607,.F.);
#904=ORIENTED_EDGE('',*,*,#1605,.T.);
#905=ORIENTED_EDGE('',*,*,#1608,.F.);
#906=ORIENTED_EDGE('',*,*,#1609,.F.);
#907=ORIENTED_EDGE('',*,*,#1587,.T.);
#908=CARTESIAN_POINT('',(-1.7526,2.794,-5.7912));
#909=DIRECTION('',(0.0,0.0,1.0));
#910=DIRECTION('',(1.0,0.0,0.0));
#911=ORIENTED_EDGE('',*,*,#1610,.T.);
#912=ORIENTED_EDGE('',*,*,#1607,.T.);
#913=ORIENTED_EDGE('',*,*,#1611,.F.);
#914=ORIENTED_EDGE('',*,*,#1612,.T.);
#915=CARTESIAN_POINT('',(-1.7526,2.794,-9.31164));
#916=DIRECTION('',(0.0,0.0,-1.0));
#917=DIRECTION('',(0.0,1.0,0.0));
#918=ORIENTED_EDGE('',*,*,#1613,.T.);
#919=ORIENTED_EDGE('',*,*,#1614,.T.);
#920=ORIENTED_EDGE('',*,*,#1615,.F.);
#921=ORIENTED_EDGE('',*,*,#1616,.T.);
#922=ORIENTED_EDGE('',*,*,#1617,.T.);
#923=ORIENTED_EDGE('',*,*,#1618,.F.);
#924=ORIENTED_EDGE('',*,*,#1619,.T.);
#925=ORIENTED_EDGE('',*,*,#1620,.T.);
#926=ORIENTED_EDGE('',*,*,#1612,.F.);
#927=ORIENTED_EDGE('',*,*,#1621,.F.);
#928=CARTESIAN_POINT('',(-1.7526,0.0,-6.8072));
#929=DIRECTION('',(0.0,0.0,1.0));
#930=DIRECTION('',(1.0,0.0,0.0));
#931=ORIENTED_EDGE('',*,*,#1622,.T.);
#932=ORIENTED_EDGE('',*,*,#1514,.T.);
#933=ORIENTED_EDGE('',*,*,#1623,.T.);
#934=ORIENTED_EDGE('',*,*,#1624,.F.);
#935=ORIENTED_EDGE('',*,*,#1625,.F.);
#936=ORIENTED_EDGE('',*,*,#1620,.F.);
#937=CARTESIAN_POINT('',(-0.8382,4.953,0.0));
#938=DIRECTION('',(-1.0,0.0,0.0));
#939=DIRECTION('',(0.0,0.0,1.0));
#940=ORIENTED_EDGE('',*,*,#1511,.T.);
#941=ORIENTED_EDGE('',*,*,#1626,.T.);
#942=ORIENTED_EDGE('',*,*,#1613,.F.);
#943=ORIENTED_EDGE('',*,*,#1625,.T.);
#944=ORIENTED_EDGE('',*,*,#1627,.F.);
#945=ORIENTED_EDGE('',*,*,#1628,.F.);
#946=CARTESIAN_POINT('',(-0.1905,4.953,0.0));
#947=DIRECTION('',(-0.0,1.0,0.0));
#948=DIRECTION('',(1.0,0.0,0.0));
#949=ORIENTED_EDGE('',*,*,#1512,.T.);
#950=ORIENTED_EDGE('',*,*,#1628,.T.);
#951=ORIENTED_EDGE('',*,*,#1629,.F.);
#952=ORIENTED_EDGE('',*,*,#1630,.T.);
#953=CARTESIAN_POINT('',(-0.1905,0.508,0.0));
#954=DIRECTION('',(1.0,0.0,0.0));
#955=DIRECTION('',(0.0,1.0,0.0));
#956=ORIENTED_EDGE('',*,*,#1630,.F.);
#957=ORIENTED_EDGE('',*,*,#1631,.F.);
#958=ORIENTED_EDGE('',*,*,#1623,.F.);
#959=ORIENTED_EDGE('',*,*,#1513,.F.);
#960=CARTESIAN_POINT('',(-0.8255,0.508,0.0));
#961=DIRECTION('',(0.0,-1.0,0.0));
#962=DIRECTION('',(0.0,0.0,-1.0));
#963=ORIENTED_EDGE('',*,*,#1627,.T.);
#964=ORIENTED_EDGE('',*,*,#1624,.T.);
#965=ORIENTED_EDGE('',*,*,#1631,.T.);
#966=ORIENTED_EDGE('',*,*,#1629,.T.);
#967=CARTESIAN_POINT('',(-1.7526,0.0,-8.382));
#968=DIRECTION('',(0.0,0.0,1.0));
#969=DIRECTION('',(1.0,0.0,0.0));
#970=ORIENTED_EDGE('',*,*,#1632,.T.);
#971=ORIENTED_EDGE('',*,*,#1633,.T.);
#972=ORIENTED_EDGE('',*,*,#1634,.T.);
#973=ORIENTED_EDGE('',*,*,#1635,.T.);
#974=CARTESIAN_POINT('',(-1.7526,0.0,-8.382));
#975=DIRECTION('',(0.0,0.0,1.0));
#976=DIRECTION('',(1.0,0.0,0.0));
#977=ORIENTED_EDGE('',*,*,#1636,.T.);
#978=ORIENTED_EDGE('',*,*,#1637,.T.);
#979=ORIENTED_EDGE('',*,*,#1638,.T.);
#980=ORIENTED_EDGE('',*,*,#1639,.T.);
#981=CARTESIAN_POINT('',(-1.7526,0.0,-8.382));
#982=DIRECTION('',(0.0,0.0,1.0));
#983=DIRECTION('',(1.0,0.0,0.0));
#984=ORIENTED_EDGE('',*,*,#1517,.F.);
#985=ORIENTED_EDGE('',*,*,#1640,.T.);
#986=ORIENTED_EDGE('',*,*,#1635,.F.);
#987=ORIENTED_EDGE('',*,*,#1641,.T.);
#988=CARTESIAN_POINT('',(-3.3147,0.508,0.0));
#989=DIRECTION('',(0.0,-1.0,0.0));
#990=DIRECTION('',(0.0,0.0,-1.0));
#991=ORIENTED_EDGE('',*,*,#1518,.T.);
#992=ORIENTED_EDGE('',*,*,#1641,.F.);
#993=ORIENTED_EDGE('',*,*,#1634,.F.);
#994=ORIENTED_EDGE('',*,*,#1642,.F.);
#995=CARTESIAN_POINT('',(-3.3147,4.953,0.0));
#996=DIRECTION('',(-1.0,0.0,0.0));
#997=DIRECTION('',(0.0,0.0,1.0));
#998=ORIENTED_EDGE('',*,*,#1643,.F.);
#999=ORIENTED_EDGE('',*,*,#1519,.T.);
#1000=ORIENTED_EDGE('',*,*,#1642,.T.);
#1001=ORIENTED_EDGE('',*,*,#1633,.F.);
#1002=ORIENTED_EDGE('',*,*,#1644,.F.);
#1003=ORIENTED_EDGE('',*,*,#1617,.F.);
#1004=CARTESIAN_POINT('',(-2.4511,4.953,0.0));
#1005=DIRECTION('',(-0.0,1.0,0.0));
#1006=DIRECTION('',(1.0,0.0,0.0));
#1007=ORIENTED_EDGE('',*,*,#1644,.T.);
#1008=ORIENTED_EDGE('',*,*,#1632,.F.);
#1009=ORIENTED_EDGE('',*,*,#1640,.F.);
#1010=ORIENTED_EDGE('',*,*,#1516,.T.);
#1011=ORIENTED_EDGE('',*,*,#1645,.F.);
#1012=ORIENTED_EDGE('',*,*,#1618,.T.);
#1013=CARTESIAN_POINT('',(-2.667,0.508,0.0));
#1014=DIRECTION('',(1.0,0.0,0.0));
#1015=DIRECTION('',(0.0,1.0,0.0));
#1016=ORIENTED_EDGE('',*,*,#1645,.T.);
#1017=ORIENTED_EDGE('',*,*,#1515,.F.);
#1018=ORIENTED_EDGE('',*,*,#1622,.F.);
#1019=ORIENTED_EDGE('',*,*,#1619,.F.);
#1020=CARTESIAN_POINT('',(-1.7526,-0.796272069010208,0.0));
#1021=DIRECTION('',(0.0,0.0,-1.0));
#1022=DIRECTION('',(1.0,0.0,0.0));
#1023=ORIENTED_EDGE('',*,*,#1646,.T.);
#1024=ORIENTED_EDGE('',*,*,#1520,.T.);
#1025=ORIENTED_EDGE('',*,*,#1643,.T.);
#1026=ORIENTED_EDGE('',*,*,#1616,.F.);
#1027=CARTESIAN_POINT('',(-2.4511,5.6642,0.0));
#1028=DIRECTION('',(-1.0,0.0,0.0));
#1029=DIRECTION('',(0.0,0.0,1.0));
#1030=ORIENTED_EDGE('',*,*,#1646,.F.);
#1031=ORIENTED_EDGE('',*,*,#1615,.T.);
#1032=ORIENTED_EDGE('',*,*,#1647,.T.);
#1033=ORIENTED_EDGE('',*,*,#1509,.T.);
#1034=ORIENTED_EDGE('',*,*,#1648,.T.);
#1035=ORIENTED_EDGE('',*,*,#1639,.F.);
#1036=ORIENTED_EDGE('',*,*,#1649,.F.);
#1037=ORIENTED_EDGE('',*,*,#1521,.T.);
#1038=CARTESIAN_POINT('',(-2.8575,5.461,0.0));
#1039=DIRECTION('',(0.0,-1.0,0.0));
#1040=DIRECTION('',(0.0,0.0,-1.0));
#1041=ORIENTED_EDGE('',*,*,#1649,.T.);
#1042=ORIENTED_EDGE('',*,*,#1638,.F.);
#1043=ORIENTED_EDGE('',*,*,#1650,.F.);
#1044=ORIENTED_EDGE('',*,*,#1506,.T.);
#1045=CARTESIAN_POINT('',(-3.2004,6.2738,0.0));
#1046=DIRECTION('',(-0.921364160958323,-0.38870050540431,0.0));
#1047=DIRECTION('',(-0.38870050540431,0.921364160958323,0.0));
#1048=ORIENTED_EDGE('',*,*,#1650,.T.);
#1049=ORIENTED_EDGE('',*,*,#1637,.F.);
#1050=ORIENTED_EDGE('',*,*,#1651,.F.);
#1051=ORIENTED_EDGE('',*,*,#1507,.T.);
#1052=CARTESIAN_POINT('',(-0.3048,6.2738,0.0));
#1053=DIRECTION('',(-0.0,1.0,0.0));
#1054=DIRECTION('',(1.0,0.0,0.0));
#1055=ORIENTED_EDGE('',*,*,#1651,.T.);
#1056=ORIENTED_EDGE('',*,*,#1636,.F.);
#1057=ORIENTED_EDGE('',*,*,#1648,.F.);
#1058=ORIENTED_EDGE('',*,*,#1508,.T.);
#1059=CARTESIAN_POINT('',(-0.6477,5.461,0.0));
#1060=DIRECTION('',(0.921364160958323,-0.38870050540431,0.0));
#1061=DIRECTION('',(0.0,0.0,-1.0));
#1062=ORIENTED_EDGE('',*,*,#1626,.F.);
#1063=ORIENTED_EDGE('',*,*,#1510,.T.);
#1064=ORIENTED_EDGE('',*,*,#1647,.F.);
#1065=ORIENTED_EDGE('',*,*,#1614,.F.);
#1066=CARTESIAN_POINT('',(-1.0541,4.953,0.0));
#1067=DIRECTION('',(1.0,0.0,0.0));
#1068=DIRECTION('',(0.0,1.0,0.0));
#1069=ORIENTED_EDGE('',*,*,#1611,.T.);
#1070=ORIENTED_EDGE('',*,*,#1606,.F.);
#1071=ORIENTED_EDGE('',*,*,#1610,.F.);
#1072=ORIENTED_EDGE('',*,*,#1621,.T.);
#1073=CARTESIAN_POINT('',(-1.7526,2.794,-9.31164));
#1074=DIRECTION('',(0.0,0.0,-1.0));
#1075=DIRECTION('',(0.0,1.0,0.0));
#1076=ORIENTED_EDGE('',*,*,#1588,.T.);
#1077=ORIENTED_EDGE('',*,*,#1609,.T.);
#1078=ORIENTED_EDGE('',*,*,#1652,.F.);
#1079=ORIENTED_EDGE('',*,*,#1599,.T.);
#1080=CARTESIAN_POINT('',(-2.1463,2.4003,-1.016));
#1081=DIRECTION('',(0.0,-1.0,0.0));
#1082=DIRECTION('',(0.0,0.0,-1.0));
#1083=ORIENTED_EDGE('',*,*,#1652,.T.);
#1084=ORIENTED_EDGE('',*,*,#1608,.T.);
#1085=ORIENTED_EDGE('',*,*,#1604,.T.);
#1086=ORIENTED_EDGE('',*,*,#1601,.T.);
#1087=CARTESIAN_POINT('',(-1.3589,0.0,0.0));
#1088=DIRECTION('',(1.0,0.0,0.0));
#1089=DIRECTION('',(0.0,1.0,0.0));
#1090=ORIENTED_EDGE('',*,*,#1653,.T.);
#1091=ORIENTED_EDGE('',*,*,#1572,.F.);
#1092=ORIENTED_EDGE('',*,*,#1654,.T.);
#1093=ORIENTED_EDGE('',*,*,#1655,.T.);
#1094=CARTESIAN_POINT('',(-1.3589,0.0,0.0));
#1095=DIRECTION('',(1.0,0.0,0.0));
#1096=DIRECTION('',(0.0,1.0,0.0));
#1097=ORIENTED_EDGE('',*,*,#1655,.F.);
#1098=ORIENTED_EDGE('',*,*,#1656,.T.);
#1099=ORIENTED_EDGE('',*,*,#1657,.T.);
#1100=ORIENTED_EDGE('',*,*,#1658,.F.);
#1101=CARTESIAN_POINT('',(-1.4605,-3.048,-7.874));
#1102=DIRECTION('',(0.980580675690916,-0.196116135138203,0.0));
#1103=DIRECTION('',(0.0,0.0,-1.0));
#1104=ORIENTED_EDGE('',*,*,#1659,.F.);
#1105=ORIENTED_EDGE('',*,*,#1658,.T.);
#1106=ORIENTED_EDGE('',*,*,#1660,.T.);
#1107=ORIENTED_EDGE('',*,*,#1661,.F.);
#1108=CARTESIAN_POINT('',(-1.7526,-3.048,-8.1661));
#1109=DIRECTION('',(0.0,-0.196116135138203,-0.980580675690916));
#1110=DIRECTION('',(0.0,-0.980580675690916,0.196116135138203));
#1111=ORIENTED_EDGE('',*,*,#1662,.T.);
#1112=ORIENTED_EDGE('',*,*,#1663,.F.);
#1113=ORIENTED_EDGE('',*,*,#1592,.F.);
#1114=ORIENTED_EDGE('',*,*,#1661,.T.);
#1115=CARTESIAN_POINT('',(-2.0447,-3.048,-7.874));
#1116=DIRECTION('',(-0.980580675690916,-0.196116135138203,0.0));
#1117=DIRECTION('',(-0.196116135138203,0.980580675690916,0.0));
#1118=ORIENTED_EDGE('',*,*,#1664,.F.);
#1119=ORIENTED_EDGE('',*,*,#1656,.F.);
#1120=ORIENTED_EDGE('',*,*,#1665,.T.);
#1121=ORIENTED_EDGE('',*,*,#1663,.T.);
#1122=CARTESIAN_POINT('',(-1.7526,-3.048,-7.5819));
#1123=DIRECTION('',(0.0,-0.196116135138203,0.980580675690916));
#1124=DIRECTION('',(-1.0,0.0,0.0));
#1125=ORIENTED_EDGE('',*,*,#1654,.F.);
#1126=ORIENTED_EDGE('',*,*,#1571,.F.);
#1127=ORIENTED_EDGE('',*,*,#1590,.T.);
#1128=ORIENTED_EDGE('',*,*,#1665,.F.);
#1129=CARTESIAN_POINT('',(-2.1463,2.1463,-7.4803));
#1130=DIRECTION('',(0.0,0.0,1.0));
#1131=DIRECTION('',(1.0,0.0,0.0));
#1132=ORIENTED_EDGE('',*,*,#1662,.F.);
#1133=ORIENTED_EDGE('',*,*,#1660,.F.);
#1134=ORIENTED_EDGE('',*,*,#1657,.F.);
#1135=ORIENTED_EDGE('',*,*,#1664,.T.);
#1136=CARTESIAN_POINT('',(-2.1463,-3.556,-7.4803));
#1137=DIRECTION('',(0.0,-1.0,0.0));
#1138=DIRECTION('',(0.0,0.0,-1.0));
#1139=ORIENTED_EDGE('',*,*,#1591,.T.);
#1140=ORIENTED_EDGE('',*,*,#1573,.T.);
#1141=ORIENTED_EDGE('',*,*,#1653,.F.);
#1142=ORIENTED_EDGE('',*,*,#1659,.T.);
#1143=CARTESIAN_POINT('',(-2.1463,-3.556,-8.2677));
#1144=DIRECTION('',(0.0,0.0,-1.0));
#1145=DIRECTION('',(0.0,-1.0,0.0));
#1146=ORIENTED_EDGE('',*,*,#1666,.F.);
#1147=ORIENTED_EDGE('',*,*,#1667,.F.);
#1148=ORIENTED_EDGE('',*,*,#1668,.F.);
#1149=ORIENTED_EDGE('',*,*,#1669,.T.);
#1150=CARTESIAN_POINT('',(1.3589,0.0,0.0));
#1151=DIRECTION('',(1.0,0.0,0.0));
#1152=DIRECTION('',(0.0,1.0,0.0));
#1153=ORIENTED_EDGE('',*,*,#1670,.F.);
#1154=ORIENTED_EDGE('',*,*,#1578,.T.);
#1155=ORIENTED_EDGE('',*,*,#1671,.F.);
#1156=ORIENTED_EDGE('',*,*,#1672,.T.);
#1157=CARTESIAN_POINT('',(1.3589,0.0,0.0));
#1158=DIRECTION('',(1.0,0.0,0.0));
#1159=DIRECTION('',(0.0,1.0,0.0));
#1160=ORIENTED_EDGE('',*,*,#1673,.T.);
#1161=ORIENTED_EDGE('',*,*,#1674,.T.);
#1162=ORIENTED_EDGE('',*,*,#1669,.F.);
#1163=ORIENTED_EDGE('',*,*,#1675,.T.);
#1164=CARTESIAN_POINT('',(1.4605,2.794,-1.524));
#1165=DIRECTION('',(-0.980580675690916,0.0,0.196116135138203));
#1166=DIRECTION('',(0.0,1.0,0.0));
#1167=ORIENTED_EDGE('',*,*,#1676,.F.);
#1168=ORIENTED_EDGE('',*,*,#1677,.F.);
#1169=ORIENTED_EDGE('',*,*,#1678,.T.);
#1170=ORIENTED_EDGE('',*,*,#1675,.F.);
#1171=CARTESIAN_POINT('',(1.7526,2.5019,-1.524));
#1172=DIRECTION('',(0.0,-0.980580675690916,0.196116135138203));
#1173=DIRECTION('',(-1.0,0.0,0.0));
#1174=ORIENTED_EDGE('',*,*,#1673,.F.);
#1175=ORIENTED_EDGE('',*,*,#1678,.F.);
#1176=ORIENTED_EDGE('',*,*,#1679,.F.);
#1177=ORIENTED_EDGE('',*,*,#1680,.T.);
#1178=CARTESIAN_POINT('',(1.3589,3.1877,-1.016));
#1179=DIRECTION('',(0.0,0.0,1.0));
#1180=DIRECTION('',(1.0,0.0,0.0));
#1181=ORIENTED_EDGE('',*,*,#1680,.F.);
#1182=ORIENTED_EDGE('',*,*,#1681,.F.);
#1183=ORIENTED_EDGE('',*,*,#1682,.T.);
#1184=ORIENTED_EDGE('',*,*,#1674,.F.);
#1185=CARTESIAN_POINT('',(1.7526,3.0861,-1.524));
#1186=DIRECTION('',(0.0,0.980580675690916,0.196116135138203));
#1187=DIRECTION('',(1.0,0.0,-0.0));
#1188=ORIENTED_EDGE('',*,*,#1683,.F.);
#1189=ORIENTED_EDGE('',*,*,#1684,.F.);
#1190=ORIENTED_EDGE('',*,*,#1666,.T.);
#1191=ORIENTED_EDGE('',*,*,#1682,.F.);
#1192=CARTESIAN_POINT('',(1.3589,3.1877,-7.2263));
#1193=DIRECTION('',(-0.0,1.0,0.0));
#1194=DIRECTION('',(1.0,0.0,0.0));
#1195=ORIENTED_EDGE('',*,*,#1685,.T.);
#1196=ORIENTED_EDGE('',*,*,#1686,.F.);
#1197=ORIENTED_EDGE('',*,*,#1684,.T.);
#1198=ORIENTED_EDGE('',*,*,#1687,.F.);
#1199=ORIENTED_EDGE('',*,*,#1688,.F.);
#1200=ORIENTED_EDGE('',*,*,#1667,.T.);
#1201=CARTESIAN_POINT('',(1.7526,2.794,-5.7912));
#1202=DIRECTION('',(0.0,0.0,1.0));
#1203=DIRECTION('',(1.0,0.0,0.0));
#1204=ORIENTED_EDGE('',*,*,#1686,.T.);
#1205=ORIENTED_EDGE('',*,*,#1689,.F.);
#1206=ORIENTED_EDGE('',*,*,#1690,.T.);
#1207=ORIENTED_EDGE('',*,*,#1691,.T.);
#1208=CARTESIAN_POINT('',(1.7526,2.794,-9.31164));
#1209=DIRECTION('',(0.0,0.0,-1.0));
#1210=DIRECTION('',(0.0,1.0,0.0));
#1211=ORIENTED_EDGE('',*,*,#1692,.T.);
#1212=ORIENTED_EDGE('',*,*,#1689,.T.);
#1213=ORIENTED_EDGE('',*,*,#1685,.F.);
#1214=ORIENTED_EDGE('',*,*,#1691,.F.);
#1215=CARTESIAN_POINT('',(1.7526,2.794,-9.31164));
#1216=DIRECTION('',(0.0,0.0,-1.0));
#1217=DIRECTION('',(0.0,1.0,0.0));
#1218=ORIENTED_EDGE('',*,*,#1693,.T.);
#1219=ORIENTED_EDGE('',*,*,#1694,.T.);
#1220=ORIENTED_EDGE('',*,*,#1695,.F.);
#1221=ORIENTED_EDGE('',*,*,#1696,.T.);
#1222=ORIENTED_EDGE('',*,*,#1697,.T.);
#1223=ORIENTED_EDGE('',*,*,#1698,.F.);
#1224=ORIENTED_EDGE('',*,*,#1699,.T.);
#1225=ORIENTED_EDGE('',*,*,#1700,.T.);
#1226=ORIENTED_EDGE('',*,*,#1690,.F.);
#1227=ORIENTED_EDGE('',*,*,#1692,.F.);
#1228=CARTESIAN_POINT('',(1.7526,0.0,-6.8072));
#1229=DIRECTION('',(0.0,0.0,1.0));
#1230=DIRECTION('',(1.0,0.0,0.0));
#1231=ORIENTED_EDGE('',*,*,#1700,.F.);
#1232=ORIENTED_EDGE('',*,*,#1701,.T.);
#1233=ORIENTED_EDGE('',*,*,#1537,.T.);
#1234=ORIENTED_EDGE('',*,*,#1702,.T.);
#1235=ORIENTED_EDGE('',*,*,#1703,.F.);
#1236=ORIENTED_EDGE('',*,*,#1704,.F.);
#1237=CARTESIAN_POINT('',(2.667,4.953,0.0));
#1238=DIRECTION('',(-1.0,0.0,0.0));
#1239=DIRECTION('',(0.0,0.0,1.0));
#1240=ORIENTED_EDGE('',*,*,#1534,.T.);
#1241=ORIENTED_EDGE('',*,*,#1705,.T.);
#1242=ORIENTED_EDGE('',*,*,#1693,.F.);
#1243=ORIENTED_EDGE('',*,*,#1704,.T.);
#1244=ORIENTED_EDGE('',*,*,#1706,.F.);
#1245=ORIENTED_EDGE('',*,*,#1707,.F.);
#1246=CARTESIAN_POINT('',(3.3147,4.953,0.0));
#1247=DIRECTION('',(-0.0,1.0,0.0));
#1248=DIRECTION('',(1.0,0.0,0.0));
#1249=ORIENTED_EDGE('',*,*,#1535,.T.);
#1250=ORIENTED_EDGE('',*,*,#1707,.T.);
#1251=ORIENTED_EDGE('',*,*,#1708,.F.);
#1252=ORIENTED_EDGE('',*,*,#1709,.T.);
#1253=CARTESIAN_POINT('',(3.3147,0.508,0.0));
#1254=DIRECTION('',(1.0,0.0,0.0));
#1255=DIRECTION('',(0.0,1.0,0.0));
#1256=ORIENTED_EDGE('',*,*,#1709,.F.);
#1257=ORIENTED_EDGE('',*,*,#1710,.F.);
#1258=ORIENTED_EDGE('',*,*,#1702,.F.);
#1259=ORIENTED_EDGE('',*,*,#1536,.F.);
#1260=CARTESIAN_POINT('',(2.6797,0.508,0.0));
#1261=DIRECTION('',(0.0,-1.0,0.0));
#1262=DIRECTION('',(0.0,0.0,-1.0));
#1263=ORIENTED_EDGE('',*,*,#1706,.T.);
#1264=ORIENTED_EDGE('',*,*,#1703,.T.);
#1265=ORIENTED_EDGE('',*,*,#1710,.T.);
#1266=ORIENTED_EDGE('',*,*,#1708,.T.);
#1267=CARTESIAN_POINT('',(1.7526,0.0,-8.382));
#1268=DIRECTION('',(0.0,0.0,1.0));
#1269=DIRECTION('',(1.0,0.0,0.0));
#1270=ORIENTED_EDGE('',*,*,#1711,.T.);
#1271=ORIENTED_EDGE('',*,*,#1712,.T.);
#1272=ORIENTED_EDGE('',*,*,#1713,.T.);
#1273=ORIENTED_EDGE('',*,*,#1714,.T.);
#1274=CARTESIAN_POINT('',(1.7526,0.0,-8.382));
#1275=DIRECTION('',(0.0,0.0,1.0));
#1276=DIRECTION('',(1.0,0.0,0.0));
#1277=ORIENTED_EDGE('',*,*,#1715,.T.);
#1278=ORIENTED_EDGE('',*,*,#1716,.T.);
#1279=ORIENTED_EDGE('',*,*,#1717,.T.);
#1280=ORIENTED_EDGE('',*,*,#1718,.T.);
#1281=CARTESIAN_POINT('',(1.7526,0.0,-8.382));
#1282=DIRECTION('',(0.0,0.0,1.0));
#1283=DIRECTION('',(1.0,0.0,0.0));
#1284=ORIENTED_EDGE('',*,*,#1524,.F.);
#1285=ORIENTED_EDGE('',*,*,#1719,.T.);
#1286=ORIENTED_EDGE('',*,*,#1714,.F.);
#1287=ORIENTED_EDGE('',*,*,#1720,.T.);
#1288=CARTESIAN_POINT('',(0.1905,0.508,0.0));
#1289=DIRECTION('',(0.0,-1.0,0.0));
#1290=DIRECTION('',(0.0,0.0,-1.0));
#1291=ORIENTED_EDGE('',*,*,#1525,.T.);
#1292=ORIENTED_EDGE('',*,*,#1720,.F.);
#1293=ORIENTED_EDGE('',*,*,#1713,.F.);
#1294=ORIENTED_EDGE('',*,*,#1721,.F.);
#1295=CARTESIAN_POINT('',(0.1905,4.953,0.0));
#1296=DIRECTION('',(-1.0,0.0,0.0));
#1297=DIRECTION('',(0.0,0.0,1.0));
#1298=ORIENTED_EDGE('',*,*,#1722,.F.);
#1299=ORIENTED_EDGE('',*,*,#1526,.T.);
#1300=ORIENTED_EDGE('',*,*,#1721,.T.);
#1301=ORIENTED_EDGE('',*,*,#1712,.F.);
#1302=ORIENTED_EDGE('',*,*,#1723,.F.);
#1303=ORIENTED_EDGE('',*,*,#1697,.F.);
#1304=CARTESIAN_POINT('',(1.0541,4.953,0.0));
#1305=DIRECTION('',(-0.0,1.0,0.0));
#1306=DIRECTION('',(1.0,0.0,0.0));
#1307=ORIENTED_EDGE('',*,*,#1523,.T.);
#1308=ORIENTED_EDGE('',*,*,#1724,.F.);
#1309=ORIENTED_EDGE('',*,*,#1698,.T.);
#1310=ORIENTED_EDGE('',*,*,#1723,.T.);
#1311=ORIENTED_EDGE('',*,*,#1711,.F.);
#1312=ORIENTED_EDGE('',*,*,#1719,.F.);
#1313=CARTESIAN_POINT('',(0.8382,0.508,0.0));
#1314=DIRECTION('',(1.0,0.0,0.0));
#1315=DIRECTION('',(0.0,1.0,0.0));
#1316=ORIENTED_EDGE('',*,*,#1699,.F.);
#1317=ORIENTED_EDGE('',*,*,#1724,.T.);
#1318=ORIENTED_EDGE('',*,*,#1522,.F.);
#1319=ORIENTED_EDGE('',*,*,#1701,.F.);
#1320=CARTESIAN_POINT('',(1.7526,-0.796272069010208,0.0));
#1321=DIRECTION('',(0.0,0.0,-1.0));
#1322=DIRECTION('',(1.0,0.0,0.0));
#1323=ORIENTED_EDGE('',*,*,#1527,.T.);
#1324=ORIENTED_EDGE('',*,*,#1722,.T.);
#1325=ORIENTED_EDGE('',*,*,#1696,.F.);
#1326=ORIENTED_EDGE('',*,*,#1725,.T.);
#1327=CARTESIAN_POINT('',(1.0541,5.6642,0.0));
#1328=DIRECTION('',(-1.0,0.0,0.0));
#1329=DIRECTION('',(0.0,0.0,1.0));
#1330=ORIENTED_EDGE('',*,*,#1528,.T.);
#1331=ORIENTED_EDGE('',*,*,#1725,.F.);
#1332=ORIENTED_EDGE('',*,*,#1695,.T.);
#1333=ORIENTED_EDGE('',*,*,#1726,.T.);
#1334=ORIENTED_EDGE('',*,*,#1532,.T.);
#1335=ORIENTED_EDGE('',*,*,#1727,.T.);
#1336=ORIENTED_EDGE('',*,*,#1718,.F.);
#1337=ORIENTED_EDGE('',*,*,#1728,.F.);
#1338=CARTESIAN_POINT('',(0.6477,5.461,0.0));
#1339=DIRECTION('',(0.0,-1.0,0.0));
#1340=DIRECTION('',(0.0,0.0,-1.0));
#1341=ORIENTED_EDGE('',*,*,#1717,.F.);
#1342=ORIENTED_EDGE('',*,*,#1729,.F.);
#1343=ORIENTED_EDGE('',*,*,#1529,.T.);
#1344=ORIENTED_EDGE('',*,*,#1728,.T.);
#1345=CARTESIAN_POINT('',(0.3048,6.2738,0.0));
#1346=DIRECTION('',(-0.921364160958323,-0.38870050540431,0.0));
#1347=DIRECTION('',(-0.38870050540431,0.921364160958323,0.0));
#1348=ORIENTED_EDGE('',*,*,#1530,.T.);
#1349=ORIENTED_EDGE('',*,*,#1729,.T.);
#1350=ORIENTED_EDGE('',*,*,#1716,.F.);
#1351=ORIENTED_EDGE('',*,*,#1730,.F.);
#1352=CARTESIAN_POINT('',(3.2004,6.2738,0.0));
#1353=DIRECTION('',(-0.0,1.0,0.0));
#1354=DIRECTION('',(1.0,0.0,0.0));
#1355=ORIENTED_EDGE('',*,*,#1531,.T.);
#1356=ORIENTED_EDGE('',*,*,#1730,.T.);
#1357=ORIENTED_EDGE('',*,*,#1715,.F.);
#1358=ORIENTED_EDGE('',*,*,#1727,.F.);
#1359=CARTESIAN_POINT('',(2.8575,5.461,0.0));
#1360=DIRECTION('',(0.921364160958323,-0.38870050540431,0.0));
#1361=DIRECTION('',(0.0,0.0,-1.0));
#1362=ORIENTED_EDGE('',*,*,#1694,.F.);
#1363=ORIENTED_EDGE('',*,*,#1705,.F.);
#1364=ORIENTED_EDGE('',*,*,#1533,.T.);
#1365=ORIENTED_EDGE('',*,*,#1726,.F.);
#1366=CARTESIAN_POINT('',(2.4511,4.953,0.0));
#1367=DIRECTION('',(1.0,0.0,0.0));
#1368=DIRECTION('',(0.0,1.0,0.0));
#1369=ORIENTED_EDGE('',*,*,#1668,.T.);
#1370=ORIENTED_EDGE('',*,*,#1688,.T.);
#1371=ORIENTED_EDGE('',*,*,#1731,.F.);
#1372=ORIENTED_EDGE('',*,*,#1676,.T.);
#1373=CARTESIAN_POINT('',(1.3589,2.4003,-1.016));
#1374=DIRECTION('',(0.0,-1.0,0.0));
#1375=DIRECTION('',(0.0,0.0,-1.0));
#1376=ORIENTED_EDGE('',*,*,#1731,.T.);
#1377=ORIENTED_EDGE('',*,*,#1687,.T.);
#1378=ORIENTED_EDGE('',*,*,#1683,.T.);
#1379=ORIENTED_EDGE('',*,*,#1732,.T.);
#1380=CARTESIAN_POINT('',(2.1463,0.0,0.0));
#1381=DIRECTION('',(1.0,0.0,0.0));
#1382=DIRECTION('',(0.0,1.0,0.0));
#1383=ORIENTED_EDGE('',*,*,#1733,.T.);
#1384=ORIENTED_EDGE('',*,*,#1576,.F.);
#1385=ORIENTED_EDGE('',*,*,#1734,.T.);
#1386=ORIENTED_EDGE('',*,*,#1735,.T.);
#1387=CARTESIAN_POINT('',(2.1463,0.0,0.0));
#1388=DIRECTION('',(1.0,0.0,0.0));
#1389=DIRECTION('',(0.0,1.0,0.0));
#1390=ORIENTED_EDGE('',*,*,#1732,.F.);
#1391=ORIENTED_EDGE('',*,*,#1681,.T.);
#1392=ORIENTED_EDGE('',*,*,#1679,.T.);
#1393=ORIENTED_EDGE('',*,*,#1677,.T.);
#1394=CARTESIAN_POINT('',(2.0447,2.794,-1.524));
#1395=DIRECTION('',(0.980580675690916,0.0,0.196116135138203));
#1396=DIRECTION('',(0.0,-1.0,0.0));
#1397=ORIENTED_EDGE('',*,*,#1735,.F.);
#1398=ORIENTED_EDGE('',*,*,#1736,.T.);
#1399=ORIENTED_EDGE('',*,*,#1737,.T.);
#1400=ORIENTED_EDGE('',*,*,#1738,.F.);
#1401=CARTESIAN_POINT('',(2.0447,-3.048,-7.874));
#1402=DIRECTION('',(0.980580675690916,-0.196116135138203,0.0));
#1403=DIRECTION('',(0.0,0.0,-1.0));
#1404=ORIENTED_EDGE('',*,*,#1739,.F.);
#1405=ORIENTED_EDGE('',*,*,#1738,.T.);
#1406=ORIENTED_EDGE('',*,*,#1740,.T.);
#1407=ORIENTED_EDGE('',*,*,#1741,.F.);
#1408=CARTESIAN_POINT('',(1.7526,-3.048,-8.1661));
#1409=DIRECTION('',(0.0,-0.196116135138203,-0.980580675690916));
#1410=DIRECTION('',(0.0,-0.980580675690916,0.196116135138203));
#1411=ORIENTED_EDGE('',*,*,#1742,.T.);
#1412=ORIENTED_EDGE('',*,*,#1743,.F.);
#1413=ORIENTED_EDGE('',*,*,#1672,.F.);
#1414=ORIENTED_EDGE('',*,*,#1741,.T.);
#1415=CARTESIAN_POINT('',(1.4605,-3.048,-7.874));
#1416=DIRECTION('',(-0.980580675690916,-0.196116135138203,0.0));
#1417=DIRECTION('',(-0.196116135138203,0.980580675690916,0.0));
#1418=ORIENTED_EDGE('',*,*,#1744,.F.);
#1419=ORIENTED_EDGE('',*,*,#1736,.F.);
#1420=ORIENTED_EDGE('',*,*,#1745,.T.);
#1421=ORIENTED_EDGE('',*,*,#1743,.T.);
#1422=CARTESIAN_POINT('',(1.7526,-3.048,-7.5819));
#1423=DIRECTION('',(0.0,-0.196116135138203,0.980580675690916));
#1424=DIRECTION('',(-1.0,0.0,0.0));
#1425=ORIENTED_EDGE('',*,*,#1734,.F.);
#1426=ORIENTED_EDGE('',*,*,#1575,.F.);
#1427=ORIENTED_EDGE('',*,*,#1670,.T.);
#1428=ORIENTED_EDGE('',*,*,#1745,.F.);
#1429=CARTESIAN_POINT('',(1.3589,2.1463,-7.4803));
#1430=DIRECTION('',(0.0,0.0,1.0));
#1431=DIRECTION('',(1.0,0.0,0.0));
#1432=ORIENTED_EDGE('',*,*,#1742,.F.);
#1433=ORIENTED_EDGE('',*,*,#1740,.F.);
#1434=ORIENTED_EDGE('',*,*,#1737,.F.);
#1435=ORIENTED_EDGE('',*,*,#1744,.T.);
#1436=CARTESIAN_POINT('',(1.3589,-3.556,-7.4803));
#1437=DIRECTION('',(0.0,-1.0,0.0));
#1438=DIRECTION('',(0.0,0.0,-1.0));
#1439=ORIENTED_EDGE('',*,*,#1671,.T.);
#1440=ORIENTED_EDGE('',*,*,#1577,.T.);
#1441=ORIENTED_EDGE('',*,*,#1733,.F.);
#1442=ORIENTED_EDGE('',*,*,#1739,.T.);
#1443=CARTESIAN_POINT('',(1.3589,-3.556,-8.2677));
#1444=DIRECTION('',(0.0,0.0,-1.0));
#1445=DIRECTION('',(0.0,-1.0,0.0));
#1446=ORIENTED_EDGE('',*,*,#1565,.T.);
#1447=ORIENTED_EDGE('',*,*,#1746,.T.);
#1448=ORIENTED_EDGE('',*,*,#1545,.T.);
#1449=ORIENTED_EDGE('',*,*,#1747,.F.);
#1450=CARTESIAN_POINT('',(-6.0452,2.794,-9.144));
#1451=DIRECTION('',(0.0,0.0,1.0));
#1452=DIRECTION('',(-1.0,0.0,0.0));
#1453=ORIENTED_EDGE('',*,*,#1544,.T.);
#1454=ORIENTED_EDGE('',*,*,#1746,.F.);
#1455=ORIENTED_EDGE('',*,*,#1564,.T.);
#1456=ORIENTED_EDGE('',*,*,#1747,.T.);
#1457=CARTESIAN_POINT('',(-6.0452,2.794,-9.144));
#1458=DIRECTION('',(0.0,0.0,1.0));
#1459=DIRECTION('',(-1.0,0.0,0.0));
#1460=ORIENTED_EDGE('',*,*,#1503,.F.);
#1461=ORIENTED_EDGE('',*,*,#1748,.T.);
#1462=ORIENTED_EDGE('',*,*,#1547,.F.);
#1463=ORIENTED_EDGE('',*,*,#1749,.F.);
#1464=CARTESIAN_POINT('',(-6.0452,2.794,4.572));
#1465=DIRECTION('',(0.0,0.0,-1.0));
#1466=DIRECTION('',(1.0,0.0,0.0));
#1467=ORIENTED_EDGE('',*,*,#1546,.F.);
#1468=ORIENTED_EDGE('',*,*,#1748,.F.);
#1469=ORIENTED_EDGE('',*,*,#1502,.F.);
#1470=ORIENTED_EDGE('',*,*,#1749,.T.);
#1471=CARTESIAN_POINT('',(-6.0452,2.794,4.572));
#1472=DIRECTION('',(0.0,0.0,-1.0));
#1473=DIRECTION('',(1.0,0.0,0.0));
#1474=AXIS2_PLACEMENT_3D('',#1750,#1751,#1752);
#1475=AXIS2_PLACEMENT_3D('',#1753,#1754,#1755);
#1476=AXIS2_PLACEMENT_3D('',#1756,#1757,#1758);
#1477=AXIS2_PLACEMENT_3D('',#1759,#1760,#1761);
#1478=CARTESIAN_POINT('',(6.0452,2.794,-4.953));
#1479=VECTOR('',#1762,4.953);
#1480=CARTESIAN_POINT('',(-6.0452,2.794,-4.953));
#1481=VECTOR('',#1763,4.953);
#1482=CARTESIAN_POINT('',(6.0452,2.794,-4.953));
#1483=VECTOR('',#1764,4.191);
#1484=CARTESIAN_POINT('',(-6.0452,2.794,-4.953));
#1485=VECTOR('',#1765,4.191);
#1486=CARTESIAN_POINT('',(-1.7526,2.794,-6.8072));
#1487=VECTOR('',#1766,1.016);
#1488=CARTESIAN_POINT('',(1.7526,2.794,-6.8072));
#1489=VECTOR('',#1767,1.016);
#1490=EDGE_CURVE('',#1768,#1769,#1770,.T.);
#1491=EDGE_CURVE('',#1769,#1771,#1772,.T.);
#1492=EDGE_CURVE('',#1771,#1773,#1774,.T.);
#1493=EDGE_CURVE('',#1773,#1775,#1776,.T.);
#1494=EDGE_CURVE('',#1775,#1777,#1778,.T.);
#1495=EDGE_CURVE('',#1777,#1779,#1780,.T.);
#1496=EDGE_CURVE('',#1779,#1781,#1782,.T.);
#1497=EDGE_CURVE('',#1781,#1783,#1784,.T.);
#1498=EDGE_CURVE('',#1783,#1785,#1786,.T.);
#1499=EDGE_CURVE('',#1785,#1787,#1788,.T.);
#1500=EDGE_CURVE('',#1787,#1789,#1790,.T.);
#1501=EDGE_CURVE('',#1789,#1768,#1791,.T.);
#1502=EDGE_CURVE('',#1792,#1793,#1794,.T.);
#1503=EDGE_CURVE('',#1793,#1792,#1795,.T.);
#1504=EDGE_CURVE('',#1796,#1797,#1798,.T.);
#1505=EDGE_CURVE('',#1797,#1796,#1799,.T.);
#1506=EDGE_CURVE('',#1800,#1801,#1802,.T.);
#1507=EDGE_CURVE('',#1803,#1800,#1804,.T.);
#1508=EDGE_CURVE('',#1805,#1803,#1806,.T.);
#1509=EDGE_CURVE('',#1807,#1805,#1808,.T.);
#1510=EDGE_CURVE('',#1809,#1807,#1810,.T.);
#1511=EDGE_CURVE('',#1811,#1809,#1812,.T.);
#1512=EDGE_CURVE('',#1813,#1811,#1814,.T.);
#1513=EDGE_CURVE('',#1813,#1815,#1816,.T.);
#1514=EDGE_CURVE('',#1817,#1815,#1818,.T.);
#1515=EDGE_CURVE('',#1817,#1819,#1820,.T.);
#1516=EDGE_CURVE('',#1821,#1819,#1822,.T.);
#1517=EDGE_CURVE('',#1821,#1823,#1824,.T.);
#1518=EDGE_CURVE('',#1825,#1823,#1826,.T.);
#1519=EDGE_CURVE('',#1827,#1825,#1828,.T.);
#1520=EDGE_CURVE('',#1829,#1827,#1830,.T.);
#1521=EDGE_CURVE('',#1801,#1829,#1831,.T.);
#1522=EDGE_CURVE('',#1832,#1833,#1834,.T.);
#1523=EDGE_CURVE('',#1835,#1833,#1836,.T.);
#1524=EDGE_CURVE('',#1835,#1837,#1838,.T.);
#1525=EDGE_CURVE('',#1839,#1837,#1840,.T.);
#1526=EDGE_CURVE('',#1841,#1839,#1842,.T.);
#1527=EDGE_CURVE('',#1843,#1841,#1844,.T.);
#1528=EDGE_CURVE('',#1845,#1843,#1846,.T.);
#1529=EDGE_CURVE('',#1847,#1845,#1848,.T.);
#1530=EDGE_CURVE('',#1849,#1847,#1850,.T.);
#1531=EDGE_CURVE('',#1851,#1849,#1852,.T.);
#1532=EDGE_CURVE('',#1853,#1851,#1854,.T.);
#1533=EDGE_CURVE('',#1855,#1853,#1856,.T.);
#1534=EDGE_CURVE('',#1857,#1855,#1858,.T.);
#1535=EDGE_CURVE('',#1859,#1857,#1860,.T.);
#1536=EDGE_CURVE('',#1859,#1861,#1862,.T.);
#1537=EDGE_CURVE('',#1832,#1861,#1863,.T.);
#1538=EDGE_CURVE('',#1797,#1864,#1865,.T.);
#1539=EDGE_CURVE('',#1866,#1864,#1867,.T.);
#1540=EDGE_CURVE('',#1796,#1866,#1868,.T.);
#1541=EDGE_CURVE('',#1864,#1866,#1869,.T.);
#1542=EDGE_CURVE('',#1870,#1871,#1872,.T.);
#1543=EDGE_CURVE('',#1871,#1870,#1873,.T.);
#1544=EDGE_CURVE('',#1874,#1875,#1876,.T.);
#1545=EDGE_CURVE('',#1875,#1874,#1877,.T.);
#1546=EDGE_CURVE('',#1878,#1879,#1880,.T.);
#1547=EDGE_CURVE('',#1879,#1878,#1881,.T.);
#1548=EDGE_CURVE('',#1882,#1883,#1884,.T.);
#1549=EDGE_CURVE('',#1883,#1871,#1885,.T.);
#1550=EDGE_CURVE('',#1882,#1870,#1886,.T.);
#1551=EDGE_CURVE('',#1883,#1882,#1887,.T.);
#1552=EDGE_CURVE('',#1888,#1889,#1890,.T.);
#1553=EDGE_CURVE('',#1888,#1891,#1892,.T.);
#1554=EDGE_CURVE('',#1893,#1891,#1894,.T.);
#1555=EDGE_CURVE('',#1893,#1895,#1896,.T.);
#1556=EDGE_CURVE('',#1897,#1895,#1898,.T.);
#1557=EDGE_CURVE('',#1897,#1899,#1900,.T.);
#1558=EDGE_CURVE('',#1901,#1899,#1902,.T.);
#1559=EDGE_CURVE('',#1903,#1901,#1904,.T.);
#1560=EDGE_CURVE('',#1905,#1903,#1906,.T.);
#1561=EDGE_CURVE('',#1907,#1905,#1908,.T.);
#1562=EDGE_CURVE('',#1909,#1907,#1910,.T.);
#1563=EDGE_CURVE('',#1909,#1889,#1911,.T.);
#1564=EDGE_CURVE('',#1912,#1913,#1914,.T.);
#1565=EDGE_CURVE('',#1913,#1912,#1915,.T.);
#1566=EDGE_CURVE('',#1768,#1909,#1916,.T.);
#1567=EDGE_CURVE('',#1789,#1889,#1917,.T.);
#1568=EDGE_CURVE('',#1787,#1888,#1918,.T.);
#1569=EDGE_CURVE('',#1785,#1891,#1919,.T.);
#1570=EDGE_CURVE('',#1783,#1893,#1920,.T.);
#1571=EDGE_CURVE('',#1921,#1922,#1923,.T.);
#1572=EDGE_CURVE('',#1922,#1924,#1925,.T.);
#1573=EDGE_CURVE('',#1926,#1924,#1927,.T.);
#1574=EDGE_CURVE('',#1921,#1926,#1928,.T.);
#1575=EDGE_CURVE('',#1929,#1930,#1931,.T.);
#1576=EDGE_CURVE('',#1930,#1932,#1933,.T.);
#1577=EDGE_CURVE('',#1934,#1932,#1935,.T.);
#1578=EDGE_CURVE('',#1929,#1934,#1936,.T.);
#1579=EDGE_CURVE('',#1781,#1895,#1937,.T.);
#1580=EDGE_CURVE('',#1779,#1897,#1938,.T.);
#1581=EDGE_CURVE('',#1777,#1899,#1939,.T.);
#1582=EDGE_CURVE('',#1775,#1901,#1940,.T.);
#1583=EDGE_CURVE('',#1773,#1903,#1941,.T.);
#1584=EDGE_CURVE('',#1771,#1905,#1942,.T.);
#1585=EDGE_CURVE('',#1769,#1907,#1943,.T.);
#1586=EDGE_CURVE('',#1944,#1945,#1946,.T.);
#1587=EDGE_CURVE('',#1947,#1944,#1948,.T.);
#1588=EDGE_CURVE('',#1949,#1947,#1950,.T.);
#1589=EDGE_CURVE('',#1949,#1945,#1951,.T.);
#1590=EDGE_CURVE('',#1921,#1952,#1953,.T.);
#1591=EDGE_CURVE('',#1954,#1926,#1955,.T.);
#1592=EDGE_CURVE('',#1954,#1952,#1956,.T.);
#1593=EDGE_CURVE('',#1957,#1945,#1958,.T.);
#1594=EDGE_CURVE('',#1949,#1959,#1960,.T.);
#1595=EDGE_CURVE('',#1959,#1957,#1961,.T.);
#1596=EDGE_CURVE('',#1962,#1963,#1964,.T.);
#1597=EDGE_CURVE('',#1962,#1957,#1965,.T.);
#1598=EDGE_CURVE('',#1963,#1959,#1966,.T.);
#1599=EDGE_CURVE('',#1967,#1949,#1968,.T.);
#1600=EDGE_CURVE('',#1963,#1967,#1969,.T.);
#1601=EDGE_CURVE('',#1970,#1967,#1971,.T.);
#1602=EDGE_CURVE('',#1970,#1962,#1972,.T.);
#1603=EDGE_CURVE('',#1970,#1945,#1973,.T.);
#1604=EDGE_CURVE('',#1974,#1970,#1975,.T.);
#1605=EDGE_CURVE('',#1944,#1974,#1976,.T.);
#1606=EDGE_CURVE('',#1977,#1978,#1979,.T.);
#1607=EDGE_CURVE('',#1977,#1978,#1980,.T.);
#1608=EDGE_CURVE('',#1981,#1974,#1982,.T.);
#1609=EDGE_CURVE('',#1947,#1981,#1983,.T.);
#1610=EDGE_CURVE('',#1984,#1977,#1985,.T.);
#1611=EDGE_CURVE('',#1986,#1978,#1987,.T.);
#1612=EDGE_CURVE('',#1986,#1984,#1988,.T.);
#1613=EDGE_CURVE('',#1989,#1990,#1991,.T.);
#1614=EDGE_CURVE('',#1990,#1992,#1993,.T.);
#1615=EDGE_CURVE('',#1994,#1992,#1995,.T.);
#1616=EDGE_CURVE('',#1994,#1996,#1997,.T.);
#1617=EDGE_CURVE('',#1996,#1998,#1999,.T.);
#1618=EDGE_CURVE('',#2000,#1998,#2001,.T.);
#1619=EDGE_CURVE('',#2000,#2002,#2003,.T.);
#1620=EDGE_CURVE('',#2002,#1989,#2004,.T.);
#1621=EDGE_CURVE('',#1984,#1986,#2005,.T.);
#1622=EDGE_CURVE('',#2002,#1817,#2006,.T.);
#1623=EDGE_CURVE('',#1815,#2007,#2008,.T.);
#1624=EDGE_CURVE('',#2009,#2007,#2010,.T.);
#1625=EDGE_CURVE('',#1989,#2009,#2011,.T.);
#1626=EDGE_CURVE('',#1809,#1990,#2012,.T.);
#1627=EDGE_CURVE('',#2013,#2009,#2014,.T.);
#1628=EDGE_CURVE('',#1811,#2013,#2015,.T.);
#1629=EDGE_CURVE('',#2016,#2013,#2017,.T.);
#1630=EDGE_CURVE('',#2016,#1813,#2018,.T.);
#1631=EDGE_CURVE('',#2007,#2016,#2019,.T.);
#1632=EDGE_CURVE('',#2020,#2021,#2022,.T.);
#1633=EDGE_CURVE('',#2021,#2023,#2024,.T.);
#1634=EDGE_CURVE('',#2023,#2025,#2026,.T.);
#1635=EDGE_CURVE('',#2025,#2020,#2027,.T.);
#1636=EDGE_CURVE('',#2028,#2029,#2030,.T.);
#1637=EDGE_CURVE('',#2029,#2031,#2032,.T.);
#1638=EDGE_CURVE('',#2031,#2033,#2034,.T.);
#1639=EDGE_CURVE('',#2033,#2028,#2035,.T.);
#1640=EDGE_CURVE('',#1821,#2020,#2036,.T.);
#1641=EDGE_CURVE('',#2025,#1823,#2037,.T.);
#1642=EDGE_CURVE('',#1825,#2023,#2038,.T.);
#1643=EDGE_CURVE('',#1827,#1996,#2039,.T.);
#1644=EDGE_CURVE('',#1998,#2021,#2040,.T.);
#1645=EDGE_CURVE('',#2000,#1819,#2041,.T.);
#1646=EDGE_CURVE('',#1994,#1829,#2042,.T.);
#1647=EDGE_CURVE('',#1992,#1807,#2043,.T.);
#1648=EDGE_CURVE('',#1805,#2028,#2044,.T.);
#1649=EDGE_CURVE('',#1801,#2033,#2045,.T.);
#1650=EDGE_CURVE('',#1800,#2031,#2046,.T.);
#1651=EDGE_CURVE('',#1803,#2029,#2047,.T.);
#1652=EDGE_CURVE('',#1967,#1981,#2048,.T.);
#1653=EDGE_CURVE('',#2049,#1924,#2050,.T.);
#1654=EDGE_CURVE('',#1922,#2051,#2052,.T.);
#1655=EDGE_CURVE('',#2051,#2049,#2053,.T.);
#1656=EDGE_CURVE('',#2051,#2054,#2055,.T.);
#1657=EDGE_CURVE('',#2054,#2056,#2057,.T.);
#1658=EDGE_CURVE('',#2049,#2056,#2058,.T.);
#1659=EDGE_CURVE('',#2049,#1954,#2059,.T.);
#1660=EDGE_CURVE('',#2056,#2060,#2061,.T.);
#1661=EDGE_CURVE('',#1954,#2060,#2062,.T.);
#1662=EDGE_CURVE('',#2060,#2063,#2064,.T.);
#1663=EDGE_CURVE('',#1952,#2063,#2065,.T.);
#1664=EDGE_CURVE('',#2054,#2063,#2066,.T.);
#1665=EDGE_CURVE('',#2051,#1952,#2067,.T.);
#1666=EDGE_CURVE('',#2068,#2069,#2070,.T.);
#1667=EDGE_CURVE('',#2071,#2068,#2072,.T.);
#1668=EDGE_CURVE('',#2073,#2071,#2074,.T.);
#1669=EDGE_CURVE('',#2073,#2069,#2075,.T.);
#1670=EDGE_CURVE('',#1929,#2076,#2077,.T.);
#1671=EDGE_CURVE('',#2078,#1934,#2079,.T.);
#1672=EDGE_CURVE('',#2078,#2076,#2080,.T.);
#1673=EDGE_CURVE('',#2081,#2082,#2083,.T.);
#1674=EDGE_CURVE('',#2082,#2069,#2084,.T.);
#1675=EDGE_CURVE('',#2073,#2081,#2085,.T.);
#1676=EDGE_CURVE('',#2086,#2073,#2087,.T.);
#1677=EDGE_CURVE('',#2088,#2086,#2089,.T.);
#1678=EDGE_CURVE('',#2088,#2081,#2090,.T.);
#1679=EDGE_CURVE('',#2091,#2088,#2092,.T.);
#1680=EDGE_CURVE('',#2091,#2082,#2093,.T.);
#1681=EDGE_CURVE('',#2094,#2091,#2095,.T.);
#1682=EDGE_CURVE('',#2094,#2069,#2096,.T.);
#1683=EDGE_CURVE('',#2097,#2094,#2098,.T.);
#1684=EDGE_CURVE('',#2068,#2097,#2099,.T.);
#1685=EDGE_CURVE('',#2100,#2101,#2102,.T.);
#1686=EDGE_CURVE('',#2100,#2101,#2103,.T.);
#1687=EDGE_CURVE('',#2104,#2097,#2105,.T.);
#1688=EDGE_CURVE('',#2071,#2104,#2106,.T.);
#1689=EDGE_CURVE('',#2107,#2101,#2108,.T.);
#1690=EDGE_CURVE('',#2107,#2109,#2110,.T.);
#1691=EDGE_CURVE('',#2109,#2100,#2111,.T.);
#1692=EDGE_CURVE('',#2109,#2107,#2112,.T.);
#1693=EDGE_CURVE('',#2113,#2114,#2115,.T.);
#1694=EDGE_CURVE('',#2114,#2116,#2117,.T.);
#1695=EDGE_CURVE('',#2118,#2116,#2119,.T.);
#1696=EDGE_CURVE('',#2118,#2120,#2121,.T.);
#1697=EDGE_CURVE('',#2120,#2122,#2123,.T.);
#1698=EDGE_CURVE('',#2124,#2122,#2125,.T.);
#1699=EDGE_CURVE('',#2124,#2126,#2127,.T.);
#1700=EDGE_CURVE('',#2126,#2113,#2128,.T.);
#1701=EDGE_CURVE('',#2126,#1832,#2129,.T.);
#1702=EDGE_CURVE('',#1861,#2130,#2131,.T.);
#1703=EDGE_CURVE('',#2132,#2130,#2133,.T.);
#1704=EDGE_CURVE('',#2113,#2132,#2134,.T.);
#1705=EDGE_CURVE('',#1855,#2114,#2135,.T.);
#1706=EDGE_CURVE('',#2136,#2132,#2137,.T.);
#1707=EDGE_CURVE('',#1857,#2136,#2138,.T.);
#1708=EDGE_CURVE('',#2139,#2136,#2140,.T.);
#1709=EDGE_CURVE('',#2139,#1859,#2141,.T.);
#1710=EDGE_CURVE('',#2130,#2139,#2142,.T.);
#1711=EDGE_CURVE('',#2143,#2144,#2145,.T.);
#1712=EDGE_CURVE('',#2144,#2146,#2147,.T.);
#1713=EDGE_CURVE('',#2146,#2148,#2149,.T.);
#1714=EDGE_CURVE('',#2148,#2143,#2150,.T.);
#1715=EDGE_CURVE('',#2151,#2152,#2153,.T.);
#1716=EDGE_CURVE('',#2152,#2154,#2155,.T.);
#1717=EDGE_CURVE('',#2154,#2156,#2157,.T.);
#1718=EDGE_CURVE('',#2156,#2151,#2158,.T.);
#1719=EDGE_CURVE('',#1835,#2143,#2159,.T.);
#1720=EDGE_CURVE('',#2148,#1837,#2160,.T.);
#1721=EDGE_CURVE('',#1839,#2146,#2161,.T.);
#1722=EDGE_CURVE('',#1841,#2120,#2162,.T.);
#1723=EDGE_CURVE('',#2122,#2144,#2163,.T.);
#1724=EDGE_CURVE('',#2124,#1833,#2164,.T.);
#1725=EDGE_CURVE('',#2118,#1843,#2165,.T.);
#1726=EDGE_CURVE('',#2116,#1853,#2166,.T.);
#1727=EDGE_CURVE('',#1851,#2151,#2167,.T.);
#1728=EDGE_CURVE('',#1845,#2156,#2168,.T.);
#1729=EDGE_CURVE('',#1847,#2154,#2169,.T.);
#1730=EDGE_CURVE('',#1849,#2152,#2170,.T.);
#1731=EDGE_CURVE('',#2086,#2104,#2171,.T.);
#1732=EDGE_CURVE('',#2094,#2086,#2172,.T.);
#1733=EDGE_CURVE('',#2173,#1932,#2174,.T.);
#1734=EDGE_CURVE('',#1930,#2175,#2176,.T.);
#1735=EDGE_CURVE('',#2175,#2173,#2177,.T.);
#1736=EDGE_CURVE('',#2175,#2178,#2179,.T.);
#1737=EDGE_CURVE('',#2178,#2180,#2181,.T.);
#1738=EDGE_CURVE('',#2173,#2180,#2182,.T.);
#1739=EDGE_CURVE('',#2173,#2078,#2183,.T.);
#1740=EDGE_CURVE('',#2180,#2184,#2185,.T.);
#1741=EDGE_CURVE('',#2078,#2184,#2186,.T.);
#1742=EDGE_CURVE('',#2184,#2187,#2188,.T.);
#1743=EDGE_CURVE('',#2076,#2187,#2189,.T.);
#1744=EDGE_CURVE('',#2178,#2187,#2190,.T.);
#1745=EDGE_CURVE('',#2175,#2076,#2191,.T.);
#1746=EDGE_CURVE('',#1912,#1875,#2192,.T.);
#1747=EDGE_CURVE('',#1913,#1874,#2193,.T.);
#1748=EDGE_CURVE('',#1793,#1878,#2194,.T.);
#1749=EDGE_CURVE('',#1792,#1879,#2195,.T.);
#1750=CARTESIAN_POINT('',(-1.7526,0.0,-7.874));
#1751=DIRECTION('',(0.0,-1.0,0.0));
#1752=DIRECTION('',(-1.0,0.0,0.0));
#1753=CARTESIAN_POINT('',(-1.7526,0.0,-7.874));
#1754=DIRECTION('',(0.0,-1.0,0.0));
#1755=DIRECTION('',(1.0,0.0,0.0));
#1756=CARTESIAN_POINT('',(1.7526,0.0,-7.874));
#1757=DIRECTION('',(0.0,-1.0,0.0));
#1758=DIRECTION('',(-1.0,0.0,0.0));
#1759=CARTESIAN_POINT('',(1.7526,0.0,-7.874));
#1760=DIRECTION('',(0.0,-1.0,0.0));
#1761=DIRECTION('',(1.0,0.0,0.0));
#1762=DIRECTION('',(0.0,0.0,1.0));
#1763=DIRECTION('',(0.0,0.0,1.0));
#1764=DIRECTION('',(0.0,0.0,-1.0));
#1765=DIRECTION('',(0.0,0.0,-1.0));
#1766=DIRECTION('',(0.0,0.0,1.0));
#1767=DIRECTION('',(0.0,0.0,1.0));
#1768=VERTEX_POINT('',#2196);
#1769=VERTEX_POINT('',#2197);
#1770=LINE('',#2198,#2199);
#1771=VERTEX_POINT('',#2200);
#1772=LINE('',#2201,#2202);
#1773=VERTEX_POINT('',#2203);
#1774=LINE('',#2204,#2205);
#1775=VERTEX_POINT('',#2206);
#1776=LINE('',#2207,#2208);
#1777=VERTEX_POINT('',#2209);
#1778=LINE('',#2210,#2211);
#1779=VERTEX_POINT('',#2212);
#1780=CIRCLE('',#2213,0.762);
#1781=VERTEX_POINT('',#2214);
#1782=LINE('',#2215,#2216);
#1783=VERTEX_POINT('',#2217);
#1784=CIRCLE('',#2218,0.762);
#1785=VERTEX_POINT('',#2219);
#1786=LINE('',#2220,#2221);
#1787=VERTEX_POINT('',#2222);
#1788=CIRCLE('',#2223,0.762);
#1789=VERTEX_POINT('',#2224);
#1790=LINE('',#2225,#2226);
#1791=CIRCLE('',#2227,0.762);
#1792=VERTEX_POINT('',#2228);
#1793=VERTEX_POINT('',#2229);
#1794=CIRCLE('',#2230,0.889);
#1795=CIRCLE('',#2231,0.889);
#1796=VERTEX_POINT('',#2232);
#1797=VERTEX_POINT('',#2233);
#1798=CIRCLE('',#2234,0.889);
#1799=CIRCLE('',#2235,0.889);
#1800=VERTEX_POINT('',#2236);
#1801=VERTEX_POINT('',#2237);
#1802=LINE('',#2238,#2239);
#1803=VERTEX_POINT('',#2240);
#1804=LINE('',#2241,#2242);
#1805=VERTEX_POINT('',#2243);
#1806=LINE('',#2244,#2245);
#1807=VERTEX_POINT('',#2246);
#1808=LINE('',#2247,#2248);
#1809=VERTEX_POINT('',#2249);
#1810=LINE('',#2250,#2251);
#1811=VERTEX_POINT('',#2252);
#1812=LINE('',#2253,#2254);
#1813=VERTEX_POINT('',#2255);
#1814=LINE('',#2256,#2257);
#1815=VERTEX_POINT('',#2258);
#1816=LINE('',#2259,#2260);
#1817=VERTEX_POINT('',#2261);
#1818=LINE('',#2262,#2263);
#1819=VERTEX_POINT('',#2264);
#1820=CIRCLE('',#2265,1.6002);
#1821=VERTEX_POINT('',#2266);
#1822=LINE('',#2267,#2268);
#1823=VERTEX_POINT('',#2269);
#1824=LINE('',#2270,#2271);
#1825=VERTEX_POINT('',#2272);
#1826=LINE('',#2273,#2274);
#1827=VERTEX_POINT('',#2275);
#1828=LINE('',#2276,#2277);
#1829=VERTEX_POINT('',#2278);
#1830=LINE('',#2279,#2280);
#1831=LINE('',#2281,#2282);
#1832=VERTEX_POINT('',#2283);
#1833=VERTEX_POINT('',#2284);
#1834=CIRCLE('',#2285,1.6002);
#1835=VERTEX_POINT('',#2286);
#1836=LINE('',#2287,#2288);
#1837=VERTEX_POINT('',#2289);
#1838=LINE('',#2290,#2291);
#1839=VERTEX_POINT('',#2292);
#1840=LINE('',#2293,#2294);
#1841=VERTEX_POINT('',#2295);
#1842=LINE('',#2296,#2297);
#1843=VERTEX_POINT('',#2298);
#1844=LINE('',#2299,#2300);
#1845=VERTEX_POINT('',#2301);
#1846=LINE('',#2302,#2303);
#1847=VERTEX_POINT('',#2304);
#1848=LINE('',#2305,#2306);
#1849=VERTEX_POINT('',#2307);
#1850=LINE('',#2308,#2309);
#1851=VERTEX_POINT('',#2310);
#1852=LINE('',#2311,#2312);
#1853=VERTEX_POINT('',#2313);
#1854=LINE('',#2314,#2315);
#1855=VERTEX_POINT('',#2316);
#1856=LINE('',#2317,#2318);
#1857=VERTEX_POINT('',#2319);
#1858=LINE('',#2320,#2321);
#1859=VERTEX_POINT('',#2322);
#1860=LINE('',#2323,#2324);
#1861=VERTEX_POINT('',#2325);
#1862=LINE('',#2326,#2327);
#1863=LINE('',#2328,#2329);
#1864=VERTEX_POINT('',#2330);
#1865=LINE('',#2331,#2332);
#1866=VERTEX_POINT('',#2333);
#1867=CIRCLE('',#2334,0.889);
#1868=LINE('',#2335,#2336);
#1869=CIRCLE('',#2337,0.889);
#1870=VERTEX_POINT('',#2338);
#1871=VERTEX_POINT('',#2339);
#1872=CIRCLE('',#2340,2.00025);
#1873=CIRCLE('',#2341,2.00025);
#1874=VERTEX_POINT('',#2342);
#1875=VERTEX_POINT('',#2343);
#1876=CIRCLE('',#2344,2.00025);
#1877=CIRCLE('',#2345,2.00025);
#1878=VERTEX_POINT('',#2346);
#1879=VERTEX_POINT('',#2347);
#1880=CIRCLE('',#2348,0.889);
#1881=CIRCLE('',#2349,0.889);
#1882=VERTEX_POINT('',#2350);
#1883=VERTEX_POINT('',#2351);
#1884=CIRCLE('',#2352,2.00025);
#1885=LINE('',#2353,#2354);
#1886=LINE('',#2355,#2356);
#1887=CIRCLE('',#2357,2.00025);
#1888=VERTEX_POINT('',#2358);
#1889=VERTEX_POINT('',#2359);
#1890=LINE('',#2360,#2361);
#1891=VERTEX_POINT('',#2362);
#1892=CIRCLE('',#2363,0.762);
#1893=VERTEX_POINT('',#2364);
#1894=LINE('',#2365,#2366);
#1895=VERTEX_POINT('',#2367);
#1896=CIRCLE('',#2368,0.762);
#1897=VERTEX_POINT('',#2369);
#1898=LINE('',#2370,#2371);
#1899=VERTEX_POINT('',#2372);
#1900=CIRCLE('',#2373,0.762);
#1901=VERTEX_POINT('',#2374);
#1902=LINE('',#2375,#2376);
#1903=VERTEX_POINT('',#2377);
#1904=LINE('',#2378,#2379);
#1905=VERTEX_POINT('',#2380);
#1906=LINE('',#2381,#2382);
#1907=VERTEX_POINT('',#2383);
#1908=LINE('',#2384,#2385);
#1909=VERTEX_POINT('',#2386);
#1910=LINE('',#2387,#2388);
#1911=CIRCLE('',#2389,0.762);
#1912=VERTEX_POINT('',#2390);
#1913=VERTEX_POINT('',#2391);
#1914=CIRCLE('',#2392,2.00025);
#1915=CIRCLE('',#2393,2.00025);
#1916=LINE('',#2394,#2395);
#1917=LINE('',#2396,#2397);
#1918=LINE('',#2398,#2399);
#1919=LINE('',#2400,#2401);
#1920=LINE('',#2402,#2403);
#1921=VERTEX_POINT('',#2404);
#1922=VERTEX_POINT('',#2405);
#1923=LINE('',#2406,#2407);
#1924=VERTEX_POINT('',#2408);
#1925=LINE('',#2409,#2410);
#1926=VERTEX_POINT('',#2411);
#1927=LINE('',#2412,#2413);
#1928=LINE('',#2414,#2415);
#1929=VERTEX_POINT('',#2416);
#1930=VERTEX_POINT('',#2417);
#1931=LINE('',#2418,#2419);
#1932=VERTEX_POINT('',#2420);
#1933=LINE('',#2421,#2422);
#1934=VERTEX_POINT('',#2423);
#1935=LINE('',#2424,#2425);
#1936=LINE('',#2426,#2427);
#1937=LINE('',#2428,#2429);
#1938=LINE('',#2430,#2431);
#1939=LINE('',#2432,#2433);
#1940=LINE('',#2434,#2435);
#1941=LINE('',#2436,#2437);
#1942=LINE('',#2438,#2439);
#1943=LINE('',#2440,#2441);
#1944=VERTEX_POINT('',#2442);
#1945=VERTEX_POINT('',#2443);
#1946=LINE('',#2444,#2445);
#1947=VERTEX_POINT('',#2446);
#1948=LINE('',#2447,#2448);
#1949=VERTEX_POINT('',#2449);
#1950=LINE('',#2450,#2451);
#1951=LINE('',#2452,#2453);
#1952=VERTEX_POINT('',#2454);
#1953=LINE('',#2455,#2456);
#1954=VERTEX_POINT('',#2457);
#1955=LINE('',#2458,#2459);
#1956=LINE('',#2460,#2461);
#1957=VERTEX_POINT('',#2462);
#1958=LINE('',#2463,#2464);
#1959=VERTEX_POINT('',#2465);
#1960=LINE('',#2466,#2467);
#1961=LINE('',#2468,#2469);
#1962=VERTEX_POINT('',#2470);
#1963=VERTEX_POINT('',#2471);
#1964=LINE('',#2472,#2473);
#1965=LINE('',#2474,#2475);
#1966=LINE('',#2476,#2477);
#1967=VERTEX_POINT('',#2478);
#1968=LINE('',#2479,#2480);
#1969=LINE('',#2481,#2482);
#1970=VERTEX_POINT('',#2483);
#1971=LINE('',#2484,#2485);
#1972=LINE('',#2486,#2487);
#1973=LINE('',#2488,#2489);
#1974=VERTEX_POINT('',#2490);
#1975=LINE('',#2491,#2492);
#1976=LINE('',#2493,#2494);
#1977=VERTEX_POINT('',#2495);
#1978=VERTEX_POINT('',#2496);
#1979=CIRCLE('',#2497,0.889);
#1980=CIRCLE('',#2498,0.889);
#1981=VERTEX_POINT('',#2499);
#1982=LINE('',#2500,#2501);
#1983=LINE('',#2502,#2503);
#1984=VERTEX_POINT('',#2504);
#1985=LINE('',#2505,#2506);
#1986=VERTEX_POINT('',#2507);
#1987=LINE('',#2508,#2509);
#1988=CIRCLE('',#2510,0.889);
#1989=VERTEX_POINT('',#2511);
#1990=VERTEX_POINT('',#2512);
#1991=LINE('',#2513,#2514);
#1992=VERTEX_POINT('',#2515);
#1993=LINE('',#2516,#2517);
#1994=VERTEX_POINT('',#2518);
#1995=LINE('',#2519,#2520);
#1996=VERTEX_POINT('',#2521);
#1997=LINE('',#2522,#2523);
#1998=VERTEX_POINT('',#2524);
#1999=LINE('',#2525,#2526);
#2000=VERTEX_POINT('',#2527);
#2001=LINE('',#2528,#2529);
#2002=VERTEX_POINT('',#2530);
#2003=CIRCLE('',#2531,1.6002);
#2004=LINE('',#2532,#2533);
#2005=CIRCLE('',#2534,0.889);
#2006=LINE('',#2535,#2536);
#2007=VERTEX_POINT('',#2537);
#2008=LINE('',#2538,#2539);
#2009=VERTEX_POINT('',#2540);
#2010=LINE('',#2541,#2542);
#2011=LINE('',#2543,#2544);
#2012=LINE('',#2545,#2546);
#2013=VERTEX_POINT('',#2547);
#2014=LINE('',#2548,#2549);
#2015=LINE('',#2550,#2551);
#2016=VERTEX_POINT('',#2552);
#2017=LINE('',#2553,#2554);
#2018=LINE('',#2555,#2556);
#2019=LINE('',#2557,#2558);
#2020=VERTEX_POINT('',#2559);
#2021=VERTEX_POINT('',#2560);
#2022=LINE('',#2561,#2562);
#2023=VERTEX_POINT('',#2563);
#2024=LINE('',#2564,#2565);
#2025=VERTEX_POINT('',#2566);
#2026=LINE('',#2567,#2568);
#2027=LINE('',#2569,#2570);
#2028=VERTEX_POINT('',#2571);
#2029=VERTEX_POINT('',#2572);
#2030=LINE('',#2573,#2574);
#2031=VERTEX_POINT('',#2575);
#2032=LINE('',#2576,#2577);
#2033=VERTEX_POINT('',#2578);
#2034=LINE('',#2579,#2580);
#2035=LINE('',#2581,#2582);
#2036=LINE('',#2583,#2584);
#2037=LINE('',#2585,#2586);
#2038=LINE('',#2587,#2588);
#2039=LINE('',#2589,#2590);
#2040=LINE('',#2591,#2592);
#2041=LINE('',#2593,#2594);
#2042=LINE('',#2595,#2596);
#2043=LINE('',#2597,#2598);
#2044=LINE('',#2599,#2600);
#2045=LINE('',#2601,#2602);
#2046=LINE('',#2603,#2604);
#2047=LINE('',#2605,#2606);
#2048=LINE('',#2607,#2608);
#2049=VERTEX_POINT('',#2609);
#2050=LINE('',#2610,#2611);
#2051=VERTEX_POINT('',#2612);
#2052=LINE('',#2613,#2614);
#2053=LINE('',#2615,#2616);
#2054=VERTEX_POINT('',#2617);
#2055=LINE('',#2618,#2619);
#2056=VERTEX_POINT('',#2620);
#2057=LINE('',#2621,#2622);
#2058=LINE('',#2623,#2624);
#2059=LINE('',#2625,#2626);
#2060=VERTEX_POINT('',#2627);
#2061=LINE('',#2628,#2629);
#2062=LINE('',#2630,#2631);
#2063=VERTEX_POINT('',#2632);
#2064=LINE('',#2633,#2634);
#2065=LINE('',#2635,#2636);
#2066=LINE('',#2637,#2638);
#2067=LINE('',#2639,#2640);
#2068=VERTEX_POINT('',#2641);
#2069=VERTEX_POINT('',#2642);
#2070=LINE('',#2643,#2644);
#2071=VERTEX_POINT('',#2645);
#2072=LINE('',#2646,#2647);
#2073=VERTEX_POINT('',#2648);
#2074=LINE('',#2649,#2650);
#2075=LINE('',#2651,#2652);
#2076=VERTEX_POINT('',#2653);
#2077=LINE('',#2654,#2655);
#2078=VERTEX_POINT('',#2656);
#2079=LINE('',#2657,#2658);
#2080=LINE('',#2659,#2660);
#2081=VERTEX_POINT('',#2661);
#2082=VERTEX_POINT('',#2662);
#2083=LINE('',#2663,#2664);
#2084=LINE('',#2665,#2666);
#2085=LINE('',#2667,#2668);
#2086=VERTEX_POINT('',#2669);
#2087=LINE('',#2670,#2671);
#2088=VERTEX_POINT('',#2672);
#2089=LINE('',#2673,#2674);
#2090=LINE('',#2675,#2676);
#2091=VERTEX_POINT('',#2677);
#2092=LINE('',#2678,#2679);
#2093=LINE('',#2680,#2681);
#2094=VERTEX_POINT('',#2682);
#2095=LINE('',#2683,#2684);
#2096=LINE('',#2685,#2686);
#2097=VERTEX_POINT('',#2687);
#2098=LINE('',#2688,#2689);
#2099=LINE('',#2690,#2691);
#2100=VERTEX_POINT('',#2692);
#2101=VERTEX_POINT('',#2693);
#2102=CIRCLE('',#2694,0.889);
#2103=CIRCLE('',#2695,0.889);
#2104=VERTEX_POINT('',#2696);
#2105=LINE('',#2697,#2698);
#2106=LINE('',#2699,#2700);
#2107=VERTEX_POINT('',#2701);
#2108=LINE('',#2702,#2703);
#2109=VERTEX_POINT('',#2704);
#2110=CIRCLE('',#2705,0.889);
#2111=LINE('',#2706,#2707);
#2112=CIRCLE('',#2708,0.889);
#2113=VERTEX_POINT('',#2709);
#2114=VERTEX_POINT('',#2710);
#2115=LINE('',#2711,#2712);
#2116=VERTEX_POINT('',#2713);
#2117=LINE('',#2714,#2715);
#2118=VERTEX_POINT('',#2716);
#2119=LINE('',#2717,#2718);
#2120=VERTEX_POINT('',#2719);
#2121=LINE('',#2720,#2721);
#2122=VERTEX_POINT('',#2722);
#2123=LINE('',#2723,#2724);
#2124=VERTEX_POINT('',#2725);
#2125=LINE('',#2726,#2727);
#2126=VERTEX_POINT('',#2728);
#2127=CIRCLE('',#2729,1.6002);
#2128=LINE('',#2730,#2731);
#2129=LINE('',#2732,#2733);
#2130=VERTEX_POINT('',#2734);
#2131=LINE('',#2735,#2736);
#2132=VERTEX_POINT('',#2737);
#2133=LINE('',#2738,#2739);
#2134=LINE('',#2740,#2741);
#2135=LINE('',#2742,#2743);
#2136=VERTEX_POINT('',#2744);
#2137=LINE('',#2745,#2746);
#2138=LINE('',#2747,#2748);
#2139=VERTEX_POINT('',#2749);
#2140=LINE('',#2750,#2751);
#2141=LINE('',#2752,#2753);
#2142=LINE('',#2754,#2755);
#2143=VERTEX_POINT('',#2756);
#2144=VERTEX_POINT('',#2757);
#2145=LINE('',#2758,#2759);
#2146=VERTEX_POINT('',#2760);
#2147=LINE('',#2761,#2762);
#2148=VERTEX_POINT('',#2763);
#2149=LINE('',#2764,#2765);
#2150=LINE('',#2766,#2767);
#2151=VERTEX_POINT('',#2768);
#2152=VERTEX_POINT('',#2769);
#2153=LINE('',#2770,#2771);
#2154=VERTEX_POINT('',#2772);
#2155=LINE('',#2773,#2774);
#2156=VERTEX_POINT('',#2775);
#2157=LINE('',#2776,#2777);
#2158=LINE('',#2778,#2779);
#2159=LINE('',#2780,#2781);
#2160=LINE('',#2782,#2783);
#2161=LINE('',#2784,#2785);
#2162=LINE('',#2786,#2787);
#2163=LINE('',#2788,#2789);
#2164=LINE('',#2790,#2791);
#2165=LINE('',#2792,#2793);
#2166=LINE('',#2794,#2795);
#2167=LINE('',#2796,#2797);
#2168=LINE('',#2798,#2799);
#2169=LINE('',#2800,#2801);
#2170=LINE('',#2802,#2803);
#2171=LINE('',#2804,#2805);
#2172=LINE('',#2806,#2807);
#2173=VERTEX_POINT('',#2808);
#2174=LINE('',#2809,#2810);
#2175=VERTEX_POINT('',#2811);
#2176=LINE('',#2812,#2813);
#2177=LINE('',#2814,#2815);
#2178=VERTEX_POINT('',#2816);
#2179=LINE('',#2817,#2818);
#2180=VERTEX_POINT('',#2819);
#2181=LINE('',#2820,#2821);
#2182=LINE('',#2822,#2823);
#2183=LINE('',#2824,#2825);
#2184=VERTEX_POINT('',#2826);
#2185=LINE('',#2827,#2828);
#2186=LINE('',#2829,#2830);
#2187=VERTEX_POINT('',#2831);
#2188=LINE('',#2832,#2833);
#2189=LINE('',#2834,#2835);
#2190=LINE('',#2836,#2837);
#2191=LINE('',#2838,#2839);
#2192=LINE('',#2840,#2841);
#2193=LINE('',#2842,#2843);
#2194=LINE('',#2844,#2845);
#2195=LINE('',#2846,#2847);
#2196=CARTESIAN_POINT('',(7.8867,5.588,0.0));
#2197=CARTESIAN_POINT('',(4.2037,5.588,0.0));
#2198=CARTESIAN_POINT('',(7.8867,5.588,0.0));
#2199=VECTOR('',#2848,3.683);
#2200=CARTESIAN_POINT('',(4.2037,6.858,0.0));
#2201=CARTESIAN_POINT('',(4.2037,5.588,0.0));
#2202=VECTOR('',#2849,1.27);
#2203=CARTESIAN_POINT('',(-4.2037,6.858,0.0));
#2204=CARTESIAN_POINT('',(4.2037,6.858,0.0));
#2205=VECTOR('',#2850,8.4074);
#2206=CARTESIAN_POINT('',(-4.2037,5.588,0.0));
#2207=CARTESIAN_POINT('',(-4.2037,6.858,0.0));
#2208=VECTOR('',#2851,1.27);
#2209=CARTESIAN_POINT('',(-7.8867,5.588,0.0));
#2210=CARTESIAN_POINT('',(-4.2037,5.588,0.0));
#2211=VECTOR('',#2852,3.683);
#2212=CARTESIAN_POINT('',(-8.6487,4.826,0.0));
#2213=AXIS2_PLACEMENT_3D('',#2853,#2854,#2855);
#2214=CARTESIAN_POINT('',(-8.6487,0.762,0.0));
#2215=CARTESIAN_POINT('',(-8.6487,4.826,0.0));
#2216=VECTOR('',#2856,4.064);
#2217=CARTESIAN_POINT('',(-7.8867,0.0,0.0));
#2218=AXIS2_PLACEMENT_3D('',#2857,#2858,#2859);
#2219=CARTESIAN_POINT('',(7.8867,0.0,0.0));
#2220=CARTESIAN_POINT('',(-7.8867,0.0,0.0));
#2221=VECTOR('',#2860,15.7734);
#2222=CARTESIAN_POINT('',(8.6487,0.762,0.0));
#2223=AXIS2_PLACEMENT_3D('',#2861,#2862,#2863);
#2224=CARTESIAN_POINT('',(8.6487,4.826,0.0));
#2225=CARTESIAN_POINT('',(8.6487,0.762,0.0));
#2226=VECTOR('',#2864,4.064);
#2227=AXIS2_PLACEMENT_3D('',#2865,#2866,#2867);
#2228=CARTESIAN_POINT('',(-6.9342,2.794,0.0));
#2229=CARTESIAN_POINT('',(-5.1562,2.794,0.0));
#2230=AXIS2_PLACEMENT_3D('',#2868,#2869,#2870);
#2231=AXIS2_PLACEMENT_3D('',#2871,#2872,#2873);
#2232=CARTESIAN_POINT('',(5.1562,2.794,0.0));
#2233=CARTESIAN_POINT('',(6.9342,2.794,0.0));
#2234=AXIS2_PLACEMENT_3D('',#2874,#2875,#2876);
#2235=AXIS2_PLACEMENT_3D('',#2877,#2878,#2879);
#2236=CARTESIAN_POINT('',(-3.2004,6.2738,0.0));
#2237=CARTESIAN_POINT('',(-2.8575,5.461,0.0));
#2238=CARTESIAN_POINT('',(-3.2004,6.2738,0.0));
#2239=VECTOR('',#2880,0.882170193329948);
#2240=CARTESIAN_POINT('',(-0.3048,6.2738,0.0));
#2241=CARTESIAN_POINT('',(-0.3048,6.2738,0.0));
#2242=VECTOR('',#2881,2.8956);
#2243=CARTESIAN_POINT('',(-0.6477,5.461,0.0));
#2244=CARTESIAN_POINT('',(-0.6477,5.461,0.0));
#2245=VECTOR('',#2882,0.882170193329948);
#2246=CARTESIAN_POINT('',(-1.0541,5.461,0.0));
#2247=CARTESIAN_POINT('',(-1.0541,5.461,0.0));
#2248=VECTOR('',#2883,0.4064);
#2249=CARTESIAN_POINT('',(-1.0541,4.953,0.0));
#2250=CARTESIAN_POINT('',(-1.0541,4.953,0.0));
#2251=VECTOR('',#2884,0.508);
#2252=CARTESIAN_POINT('',(-0.1905,4.953,0.0));
#2253=CARTESIAN_POINT('',(-0.1905,4.953,0.0));
#2254=VECTOR('',#2885,0.8636);
#2255=CARTESIAN_POINT('',(-0.1905,0.508,0.0));
#2256=CARTESIAN_POINT('',(-0.1905,0.508,0.0));
#2257=VECTOR('',#2886,4.445);
#2258=CARTESIAN_POINT('',(-0.8382,0.508,0.0));
#2259=CARTESIAN_POINT('',(-0.1905,0.508,0.0));
#2260=VECTOR('',#2887,0.6477);
#2261=CARTESIAN_POINT('',(-0.8382,0.516934951988328,0.0));
#2262=CARTESIAN_POINT('',(-0.8382,0.516934951988328,0.0));
#2263=VECTOR('',#2888,0.00893495198844992);
#2264=CARTESIAN_POINT('',(-2.667,0.516934951988328,0.0));
#2265=AXIS2_PLACEMENT_3D('',#2889,#2890,#2891);
#2266=CARTESIAN_POINT('',(-2.667,0.508,0.0));
#2267=CARTESIAN_POINT('',(-2.667,0.508,0.0));
#2268=VECTOR('',#2892,0.00893495198844992);
#2269=CARTESIAN_POINT('',(-3.3147,0.508,0.0));
#2270=CARTESIAN_POINT('',(-2.667,0.508,0.0));
#2271=VECTOR('',#2893,0.6477);
#2272=CARTESIAN_POINT('',(-3.3147,4.953,0.0));
#2273=CARTESIAN_POINT('',(-3.3147,4.953,0.0));
#2274=VECTOR('',#2894,4.445);
#2275=CARTESIAN_POINT('',(-2.4511,4.953,0.0));
#2276=CARTESIAN_POINT('',(-2.4511,4.953,0.0));
#2277=VECTOR('',#2895,0.8636);
#2278=CARTESIAN_POINT('',(-2.4511,5.461,0.0));
#2279=CARTESIAN_POINT('',(-2.4511,5.461,0.0));
#2280=VECTOR('',#2896,0.508);
#2281=CARTESIAN_POINT('',(-2.8575,5.461,0.0));
#2282=VECTOR('',#2897,0.4064);
#2283=CARTESIAN_POINT('',(2.667,0.516934951988328,0.0));
#2284=CARTESIAN_POINT('',(0.8382,0.516934951988328,0.0));
#2285=AXIS2_PLACEMENT_3D('',#2898,#2899,#2900);
#2286=CARTESIAN_POINT('',(0.8382,0.508,0.0));
#2287=CARTESIAN_POINT('',(0.8382,0.508,0.0));
#2288=VECTOR('',#2901,0.00893495198844992);
#2289=CARTESIAN_POINT('',(0.1905,0.508,0.0));
#2290=CARTESIAN_POINT('',(0.8382,0.508,0.0));
#2291=VECTOR('',#2902,0.6477);
#2292=CARTESIAN_POINT('',(0.1905,4.953,0.0));
#2293=CARTESIAN_POINT('',(0.1905,4.953,0.0));
#2294=VECTOR('',#2903,4.445);
#2295=CARTESIAN_POINT('',(1.0541,4.953,0.0));
#2296=CARTESIAN_POINT('',(1.0541,4.953,0.0));
#2297=VECTOR('',#2904,0.8636);
#2298=CARTESIAN_POINT('',(1.0541,5.461,0.0));
#2299=CARTESIAN_POINT('',(1.0541,5.461,0.0));
#2300=VECTOR('',#2905,0.508);
#2301=CARTESIAN_POINT('',(0.6477,5.461,0.0));
#2302=CARTESIAN_POINT('',(0.6477,5.461,0.0));
#2303=VECTOR('',#2906,0.4064);
#2304=CARTESIAN_POINT('',(0.3048,6.2738,0.0));
#2305=CARTESIAN_POINT('',(0.3048,6.2738,0.0));
#2306=VECTOR('',#2907,0.882170193329948);
#2307=CARTESIAN_POINT('',(3.2004,6.2738,0.0));
#2308=CARTESIAN_POINT('',(3.2004,6.2738,0.0));
#2309=VECTOR('',#2908,2.8956);
#2310=CARTESIAN_POINT('',(2.8575,5.461,0.0));
#2311=CARTESIAN_POINT('',(2.8575,5.461,0.0));
#2312=VECTOR('',#2909,0.882170193329948);
#2313=CARTESIAN_POINT('',(2.4511,5.461,0.0));
#2314=CARTESIAN_POINT('',(2.4511,5.461,0.0));
#2315=VECTOR('',#2910,0.4064);
#2316=CARTESIAN_POINT('',(2.4511,4.953,0.0));
#2317=CARTESIAN_POINT('',(2.4511,4.953,0.0));
#2318=VECTOR('',#2911,0.508);
#2319=CARTESIAN_POINT('',(3.3147,4.953,0.0));
#2320=CARTESIAN_POINT('',(3.3147,4.953,0.0));
#2321=VECTOR('',#2912,0.8636);
#2322=CARTESIAN_POINT('',(3.3147,0.508,0.0));
#2323=CARTESIAN_POINT('',(3.3147,0.508,0.0));
#2324=VECTOR('',#2913,4.445);
#2325=CARTESIAN_POINT('',(2.667,0.508,0.0));
#2326=CARTESIAN_POINT('',(3.3147,0.508,0.0));
#2327=VECTOR('',#2914,0.6477);
#2328=CARTESIAN_POINT('',(2.667,0.516934951988328,0.0));
#2329=VECTOR('',#2915,0.00893495198844992);
#2330=CARTESIAN_POINT('',(6.9342,2.794,-4.953));
#2331=CARTESIAN_POINT('',(6.9342,2.794,0.0));
#2332=VECTOR('',#2916,4.953);
#2333=CARTESIAN_POINT('',(5.1562,2.794,-4.953));
#2334=AXIS2_PLACEMENT_3D('',#2917,#2918,#2919);
#2335=CARTESIAN_POINT('',(5.1562,2.794,0.0));
#2336=VECTOR('',#2920,4.953);
#2337=AXIS2_PLACEMENT_3D('',#2921,#2922,#2923);
#2338=CARTESIAN_POINT('',(4.04495,2.794,-4.953));
#2339=CARTESIAN_POINT('',(8.04545,2.794,-4.953));
#2340=AXIS2_PLACEMENT_3D('',#2924,#2925,#2926);
#2341=AXIS2_PLACEMENT_3D('',#2927,#2928,#2929);
#2342=CARTESIAN_POINT('',(-8.04545,2.794,-4.953));
#2343=CARTESIAN_POINT('',(-4.04495,2.794,-4.953));
#2344=AXIS2_PLACEMENT_3D('',#2930,#2931,#2932);
#2345=AXIS2_PLACEMENT_3D('',#2933,#2934,#2935);
#2346=CARTESIAN_POINT('',(-5.1562,2.794,-4.953));
#2347=CARTESIAN_POINT('',(-6.9342,2.794,-4.953));
#2348=AXIS2_PLACEMENT_3D('',#2936,#2937,#2938);
#2349=AXIS2_PLACEMENT_3D('',#2939,#2940,#2941);
#2350=CARTESIAN_POINT('',(4.04495,2.794,-9.144));
#2351=CARTESIAN_POINT('',(8.04545,2.794,-9.144));
#2352=AXIS2_PLACEMENT_3D('',#2942,#2943,#2944);
#2353=CARTESIAN_POINT('',(8.04545,2.794,-9.144));
#2354=VECTOR('',#2945,4.191);
#2355=CARTESIAN_POINT('',(4.04495,2.794,-9.144));
#2356=VECTOR('',#2946,4.191);
#2357=AXIS2_PLACEMENT_3D('',#2947,#2948,#2949);
#2358=CARTESIAN_POINT('',(8.6487,0.762,-9.144));
#2359=CARTESIAN_POINT('',(8.6487,4.826,-9.144));
#2360=CARTESIAN_POINT('',(8.6487,0.762,-9.144));
#2361=VECTOR('',#2950,4.064);
#2362=CARTESIAN_POINT('',(7.8867,0.0,-9.144));
#2363=AXIS2_PLACEMENT_3D('',#2951,#2952,#2953);
#2364=CARTESIAN_POINT('',(-7.8867,0.0,-9.144));
#2365=CARTESIAN_POINT('',(-7.8867,0.0,-9.144));
#2366=VECTOR('',#2954,15.7734);
#2367=CARTESIAN_POINT('',(-8.6487,0.762,-9.144));
#2368=AXIS2_PLACEMENT_3D('',#2955,#2956,#2957);
#2369=CARTESIAN_POINT('',(-8.6487,4.826,-9.144));
#2370=CARTESIAN_POINT('',(-8.6487,4.826,-9.144));
#2371=VECTOR('',#2958,4.064);
#2372=CARTESIAN_POINT('',(-7.8867,5.588,-9.144));
#2373=AXIS2_PLACEMENT_3D('',#2959,#2960,#2961);
#2374=CARTESIAN_POINT('',(-4.2037,5.588,-9.144));
#2375=CARTESIAN_POINT('',(-4.2037,5.588,-9.144));
#2376=VECTOR('',#2962,3.683);
#2377=CARTESIAN_POINT('',(-4.2037,6.858,-9.144));
#2378=CARTESIAN_POINT('',(-4.2037,6.858,-9.144));
#2379=VECTOR('',#2963,1.27);
#2380=CARTESIAN_POINT('',(4.2037,6.858,-9.144));
#2381=CARTESIAN_POINT('',(4.2037,6.858,-9.144));
#2382=VECTOR('',#2964,8.4074);
#2383=CARTESIAN_POINT('',(4.2037,5.588,-9.144));
#2384=CARTESIAN_POINT('',(4.2037,5.588,-9.144));
#2385=VECTOR('',#2965,1.27);
#2386=CARTESIAN_POINT('',(7.8867,5.588,-9.144));
#2387=CARTESIAN_POINT('',(7.8867,5.588,-9.144));
#2388=VECTOR('',#2966,3.683);
#2389=AXIS2_PLACEMENT_3D('',#2967,#2968,#2969);
#2390=CARTESIAN_POINT('',(-4.04495,2.794,-9.144));
#2391=CARTESIAN_POINT('',(-8.04545,2.794,-9.144));
#2392=AXIS2_PLACEMENT_3D('',#2970,#2971,#2972);
#2393=AXIS2_PLACEMENT_3D('',#2973,#2974,#2975);
#2394=CARTESIAN_POINT('',(7.8867,5.588,0.0));
#2395=VECTOR('',#2976,9.144);
#2396=CARTESIAN_POINT('',(8.6487,4.826,0.0));
#2397=VECTOR('',#2977,9.144);
#2398=CARTESIAN_POINT('',(8.6487,0.762,0.0));
#2399=VECTOR('',#2978,9.144);
#2400=CARTESIAN_POINT('',(7.8867,0.0,0.0));
#2401=VECTOR('',#2979,9.144);
#2402=CARTESIAN_POINT('',(-7.8867,0.0,0.0));
#2403=VECTOR('',#2980,9.144);
#2404=CARTESIAN_POINT('',(-2.1463,0.0,-7.4803));
#2405=CARTESIAN_POINT('',(-1.3589,0.0,-7.4803));
#2406=CARTESIAN_POINT('',(-2.1463,0.0,-7.4803));
#2407=VECTOR('',#2981,0.7874);
#2408=CARTESIAN_POINT('',(-1.3589,0.0,-8.2677));
#2409=CARTESIAN_POINT('',(-1.3589,0.0,-7.4803));
#2410=VECTOR('',#2982,0.7874);
#2411=CARTESIAN_POINT('',(-2.1463,0.0,-8.2677));
#2412=CARTESIAN_POINT('',(-2.1463,0.0,-8.2677));
#2413=VECTOR('',#2983,0.7874);
#2414=CARTESIAN_POINT('',(-2.1463,0.0,-7.4803));
#2415=VECTOR('',#2984,0.7874);
#2416=CARTESIAN_POINT('',(1.3589,0.0,-7.4803));
#2417=CARTESIAN_POINT('',(2.1463,0.0,-7.4803));
#2418=CARTESIAN_POINT('',(1.3589,0.0,-7.4803));
#2419=VECTOR('',#2985,0.7874);
#2420=CARTESIAN_POINT('',(2.1463,0.0,-8.2677));
#2421=CARTESIAN_POINT('',(2.1463,0.0,-7.4803));
#2422=VECTOR('',#2986,0.7874);
#2423=CARTESIAN_POINT('',(1.3589,0.0,-8.2677));
#2424=CARTESIAN_POINT('',(1.3589,0.0,-8.2677));
#2425=VECTOR('',#2987,0.7874);
#2426=CARTESIAN_POINT('',(1.3589,0.0,-7.4803));
#2427=VECTOR('',#2988,0.7874);
#2428=CARTESIAN_POINT('',(-8.6487,0.762,0.0));
#2429=VECTOR('',#2989,9.144);
#2430=CARTESIAN_POINT('',(-8.6487,4.826,0.0));
#2431=VECTOR('',#2990,9.144);
#2432=CARTESIAN_POINT('',(-7.8867,5.588,0.0));
#2433=VECTOR('',#2991,9.144);
#2434=CARTESIAN_POINT('',(-4.2037,5.588,0.0));
#2435=VECTOR('',#2992,9.144);
#2436=CARTESIAN_POINT('',(-4.2037,6.858,0.0));
#2437=VECTOR('',#2993,9.144);
#2438=CARTESIAN_POINT('',(4.2037,6.858,0.0));
#2439=VECTOR('',#2994,9.144);
#2440=CARTESIAN_POINT('',(4.2037,5.588,0.0));
#2441=VECTOR('',#2995,9.144);
#2442=CARTESIAN_POINT('',(-2.1463,3.1877,-5.7912));
#2443=CARTESIAN_POINT('',(-2.1463,3.1877,-2.032));
#2444=CARTESIAN_POINT('',(-2.1463,3.1877,-5.7912));
#2445=VECTOR('',#2996,3.7592);
#2446=CARTESIAN_POINT('',(-2.1463,2.4003,-5.7912));
#2447=CARTESIAN_POINT('',(-2.1463,2.4003,-5.7912));
#2448=VECTOR('',#2997,0.7874);
#2449=CARTESIAN_POINT('',(-2.1463,2.4003,-2.032));
#2450=CARTESIAN_POINT('',(-2.1463,2.4003,-2.032));
#2451=VECTOR('',#2998,3.7592);
#2452=CARTESIAN_POINT('',(-2.1463,2.4003,-2.032));
#2453=VECTOR('',#2999,0.7874);
#2454=CARTESIAN_POINT('',(-2.1463,-2.54,-7.4803));
#2455=CARTESIAN_POINT('',(-2.1463,0.0,-7.4803));
#2456=VECTOR('',#3000,2.54);
#2457=CARTESIAN_POINT('',(-2.1463,-2.54,-8.2677));
#2458=CARTESIAN_POINT('',(-2.1463,-2.54,-8.2677));
#2459=VECTOR('',#3001,2.54);
#2460=CARTESIAN_POINT('',(-2.1463,-2.54,-8.2677));
#2461=VECTOR('',#3002,0.7874);
#2462=CARTESIAN_POINT('',(-1.9431,2.9845,-1.016));
#2463=CARTESIAN_POINT('',(-1.9431,2.9845,-1.016));
#2464=VECTOR('',#3003,1.05585817229391);
#2465=CARTESIAN_POINT('',(-1.9431,2.6035,-1.016));
#2466=CARTESIAN_POINT('',(-2.1463,2.4003,-2.032));
#2467=VECTOR('',#3004,1.05585817229391);
#2468=CARTESIAN_POINT('',(-1.9431,2.6035,-1.016));
#2469=VECTOR('',#3005,0.381);
#2470=CARTESIAN_POINT('',(-1.5621,2.9845,-1.016));
#2471=CARTESIAN_POINT('',(-1.5621,2.6035,-1.016));
#2472=CARTESIAN_POINT('',(-1.5621,2.9845,-1.016));
#2473=VECTOR('',#3006,0.381);
#2474=CARTESIAN_POINT('',(-1.5621,2.9845,-1.016));
#2475=VECTOR('',#3007,0.381);
#2476=CARTESIAN_POINT('',(-1.5621,2.6035,-1.016));
#2477=VECTOR('',#3008,0.381);
#2478=CARTESIAN_POINT('',(-1.3589,2.4003,-2.032));
#2479=CARTESIAN_POINT('',(-1.3589,2.4003,-2.032));
#2480=VECTOR('',#3009,0.7874);
#2481=CARTESIAN_POINT('',(-1.5621,2.6035,-1.016));
#2482=VECTOR('',#3010,1.05585817229391);
#2483=CARTESIAN_POINT('',(-1.3589,3.1877,-2.032));
#2484=CARTESIAN_POINT('',(-1.3589,3.1877,-2.032));
#2485=VECTOR('',#3011,0.7874);
#2486=CARTESIAN_POINT('',(-1.3589,3.1877,-2.032));
#2487=VECTOR('',#3012,1.05585817229391);
#2488=CARTESIAN_POINT('',(-1.3589,3.1877,-2.032));
#2489=VECTOR('',#3013,0.7874);
#2490=CARTESIAN_POINT('',(-1.3589,3.1877,-5.7912));
#2491=CARTESIAN_POINT('',(-1.3589,3.1877,-5.7912));
#2492=VECTOR('',#3014,3.7592);
#2493=CARTESIAN_POINT('',(-2.1463,3.1877,-5.7912));
#2494=VECTOR('',#3015,0.7874);
#2495=CARTESIAN_POINT('',(-1.7526,3.683,-5.7912));
#2496=CARTESIAN_POINT('',(-1.7526,1.905,-5.7912));
#2497=AXIS2_PLACEMENT_3D('',#3016,#3017,#3018);
#2498=AXIS2_PLACEMENT_3D('',#3019,#3020,#3021);
#2499=CARTESIAN_POINT('',(-1.3589,2.4003,-5.7912));
#2500=CARTESIAN_POINT('',(-1.3589,2.4003,-5.7912));
#2501=VECTOR('',#3022,0.7874);
#2502=CARTESIAN_POINT('',(-2.1463,2.4003,-5.7912));
#2503=VECTOR('',#3023,0.7874);
#2504=CARTESIAN_POINT('',(-1.7526,3.683,-6.8072));
#2505=CARTESIAN_POINT('',(-1.7526,3.683,-6.8072));
#2506=VECTOR('',#3024,1.016);
#2507=CARTESIAN_POINT('',(-1.7526,1.905,-6.8072));
#2508=CARTESIAN_POINT('',(-1.7526,1.905,-6.8072));
#2509=VECTOR('',#3025,1.016);
#2510=AXIS2_PLACEMENT_3D('',#3026,#3027,#3028);
#2511=CARTESIAN_POINT('',(-0.8382,4.953,-6.8072));
#2512=CARTESIAN_POINT('',(-1.0541,4.953,-6.8072));
#2513=CARTESIAN_POINT('',(-0.8382,4.953,-6.8072));
#2514=VECTOR('',#3029,0.2159);
#2515=CARTESIAN_POINT('',(-1.0541,5.461,-6.8072));
#2516=CARTESIAN_POINT('',(-1.0541,4.953,-6.8072));
#2517=VECTOR('',#3030,0.508);
#2518=CARTESIAN_POINT('',(-2.4511,5.461,-6.8072));
#2519=CARTESIAN_POINT('',(-2.4511,5.461,-6.8072));
#2520=VECTOR('',#3031,1.397);
#2521=CARTESIAN_POINT('',(-2.4511,4.953,-6.8072));
#2522=CARTESIAN_POINT('',(-2.4511,5.461,-6.8072));
#2523=VECTOR('',#3032,0.508);
#2524=CARTESIAN_POINT('',(-2.667,4.953,-6.8072));
#2525=CARTESIAN_POINT('',(-2.4511,4.953,-6.8072));
#2526=VECTOR('',#3033,0.2159);
#2527=CARTESIAN_POINT('',(-2.667,0.516934951988328,-6.8072));
#2528=CARTESIAN_POINT('',(-2.667,0.516934951988328,-6.8072));
#2529=VECTOR('',#3034,4.43606504801218);
#2530=CARTESIAN_POINT('',(-0.8382,0.516934951988328,-6.8072));
#2531=AXIS2_PLACEMENT_3D('',#3035,#3036,#3037);
#2532=CARTESIAN_POINT('',(-0.8382,0.516934951988328,-6.8072));
#2533=VECTOR('',#3038,4.43606504801218);
#2534=AXIS2_PLACEMENT_3D('',#3039,#3040,#3041);
#2535=CARTESIAN_POINT('',(-0.8382,0.516934951988328,-6.8072));
#2536=VECTOR('',#3042,6.8072);
#2537=CARTESIAN_POINT('',(-0.8382,0.508,-8.382));
#2538=CARTESIAN_POINT('',(-0.8382,0.508,0.0));
#2539=VECTOR('',#3043,8.382);
#2540=CARTESIAN_POINT('',(-0.8382,4.953,-8.382));
#2541=CARTESIAN_POINT('',(-0.8382,4.953,-8.382));
#2542=VECTOR('',#3044,4.445);
#2543=CARTESIAN_POINT('',(-0.8382,4.953,-6.8072));
#2544=VECTOR('',#3045,1.5748);
#2545=CARTESIAN_POINT('',(-1.0541,4.953,0.0));
#2546=VECTOR('',#3046,6.8072);
#2547=CARTESIAN_POINT('',(-0.1905,4.953,-8.382));
#2548=CARTESIAN_POINT('',(-0.1905,4.953,-8.382));
#2549=VECTOR('',#3047,0.6477);
#2550=CARTESIAN_POINT('',(-0.1905,4.953,0.0));
#2551=VECTOR('',#3048,8.382);
#2552=CARTESIAN_POINT('',(-0.1905,0.508,-8.382));
#2553=CARTESIAN_POINT('',(-0.1905,0.508,-8.382));
#2554=VECTOR('',#3049,4.445);
#2555=CARTESIAN_POINT('',(-0.1905,0.508,-8.382));
#2556=VECTOR('',#3050,8.382);
#2557=CARTESIAN_POINT('',(-0.8382,0.508,-8.382));
#2558=VECTOR('',#3051,0.6477);
#2559=CARTESIAN_POINT('',(-2.667,0.508,-8.382));
#2560=CARTESIAN_POINT('',(-2.667,4.953,-8.382));
#2561=CARTESIAN_POINT('',(-2.667,0.508,-8.382));
#2562=VECTOR('',#3052,4.445);
#2563=CARTESIAN_POINT('',(-3.3147,4.953,-8.382));
#2564=CARTESIAN_POINT('',(-2.667,4.953,-8.382));
#2565=VECTOR('',#3053,0.6477);
#2566=CARTESIAN_POINT('',(-3.3147,0.508,-8.382));
#2567=CARTESIAN_POINT('',(-3.3147,4.953,-8.382));
#2568=VECTOR('',#3054,4.445);
#2569=CARTESIAN_POINT('',(-3.3147,0.508,-8.382));
#2570=VECTOR('',#3055,0.6477);
#2571=CARTESIAN_POINT('',(-0.6477,5.461,-8.382));
#2572=CARTESIAN_POINT('',(-0.3048,6.2738,-8.382));
#2573=CARTESIAN_POINT('',(-0.6477,5.461,-8.382));
#2574=VECTOR('',#3056,0.882170193329948);
#2575=CARTESIAN_POINT('',(-3.2004,6.2738,-8.382));
#2576=CARTESIAN_POINT('',(-0.3048,6.2738,-8.382));
#2577=VECTOR('',#3057,2.8956);
#2578=CARTESIAN_POINT('',(-2.8575,5.461,-8.382));
#2579=CARTESIAN_POINT('',(-3.2004,6.2738,-8.382));
#2580=VECTOR('',#3058,0.882170193329948);
#2581=CARTESIAN_POINT('',(-2.8575,5.461,-8.382));
#2582=VECTOR('',#3059,2.2098);
#2583=CARTESIAN_POINT('',(-2.667,0.508,0.0));
#2584=VECTOR('',#3060,8.382);
#2585=CARTESIAN_POINT('',(-3.3147,0.508,-8.382));
#2586=VECTOR('',#3061,8.382);
#2587=CARTESIAN_POINT('',(-3.3147,4.953,0.0));
#2588=VECTOR('',#3062,8.382);
#2589=CARTESIAN_POINT('',(-2.4511,4.953,0.0));
#2590=VECTOR('',#3063,6.8072);
#2591=CARTESIAN_POINT('',(-2.667,4.953,-6.8072));
#2592=VECTOR('',#3064,1.5748);
#2593=CARTESIAN_POINT('',(-2.667,0.516934951988328,-6.8072));
#2594=VECTOR('',#3065,6.8072);
#2595=CARTESIAN_POINT('',(-2.4511,5.461,-6.8072));
#2596=VECTOR('',#3066,6.8072);
#2597=CARTESIAN_POINT('',(-1.0541,5.461,-6.8072));
#2598=VECTOR('',#3067,6.8072);
#2599=CARTESIAN_POINT('',(-0.6477,5.461,0.0));
#2600=VECTOR('',#3068,8.382);
#2601=CARTESIAN_POINT('',(-2.8575,5.461,0.0));
#2602=VECTOR('',#3069,8.382);
#2603=CARTESIAN_POINT('',(-3.2004,6.2738,0.0));
#2604=VECTOR('',#3070,8.382);
#2605=CARTESIAN_POINT('',(-0.3048,6.2738,0.0));
#2606=VECTOR('',#3071,8.382);
#2607=CARTESIAN_POINT('',(-1.3589,2.4003,-2.032));
#2608=VECTOR('',#3072,3.7592);
#2609=CARTESIAN_POINT('',(-1.3589,-2.54,-8.2677));
#2610=CARTESIAN_POINT('',(-1.3589,-2.54,-8.2677));
#2611=VECTOR('',#3073,2.54);
#2612=CARTESIAN_POINT('',(-1.3589,-2.54,-7.4803));
#2613=CARTESIAN_POINT('',(-1.3589,0.0,-7.4803));
#2614=VECTOR('',#3074,2.54);
#2615=CARTESIAN_POINT('',(-1.3589,-2.54,-7.4803));
#2616=VECTOR('',#3075,0.7874);
#2617=CARTESIAN_POINT('',(-1.5621,-3.556,-7.6835));
#2618=CARTESIAN_POINT('',(-1.3589,-2.54,-7.4803));
#2619=VECTOR('',#3076,1.05585817229391);
#2620=CARTESIAN_POINT('',(-1.5621,-3.556,-8.0645));
#2621=CARTESIAN_POINT('',(-1.5621,-3.556,-7.6835));
#2622=VECTOR('',#3077,0.381);
#2623=CARTESIAN_POINT('',(-1.3589,-2.54,-8.2677));
#2624=VECTOR('',#3078,1.05585817229391);
#2625=CARTESIAN_POINT('',(-1.3589,-2.54,-8.2677));
#2626=VECTOR('',#3079,0.7874);
#2627=CARTESIAN_POINT('',(-1.9431,-3.556,-8.0645));
#2628=CARTESIAN_POINT('',(-1.5621,-3.556,-8.0645));
#2629=VECTOR('',#3080,0.381);
#2630=CARTESIAN_POINT('',(-2.1463,-2.54,-8.2677));
#2631=VECTOR('',#3081,1.05585817229391);
#2632=CARTESIAN_POINT('',(-1.9431,-3.556,-7.6835));
#2633=CARTESIAN_POINT('',(-1.9431,-3.556,-8.0645));
#2634=VECTOR('',#3082,0.381);
#2635=CARTESIAN_POINT('',(-2.1463,-2.54,-7.4803));
#2636=VECTOR('',#3083,1.05585817229391);
#2637=CARTESIAN_POINT('',(-1.5621,-3.556,-7.6835));
#2638=VECTOR('',#3084,0.381);
#2639=CARTESIAN_POINT('',(-1.3589,-2.54,-7.4803));
#2640=VECTOR('',#3085,0.7874);
#2641=CARTESIAN_POINT('',(1.3589,3.1877,-5.7912));
#2642=CARTESIAN_POINT('',(1.3589,3.1877,-2.032));
#2643=CARTESIAN_POINT('',(1.3589,3.1877,-5.7912));
#2644=VECTOR('',#3086,3.7592);
#2645=CARTESIAN_POINT('',(1.3589,2.4003,-5.7912));
#2646=CARTESIAN_POINT('',(1.3589,2.4003,-5.7912));
#2647=VECTOR('',#3087,0.7874);
#2648=CARTESIAN_POINT('',(1.3589,2.4003,-2.032));
#2649=CARTESIAN_POINT('',(1.3589,2.4003,-2.032));
#2650=VECTOR('',#3088,3.7592);
#2651=CARTESIAN_POINT('',(1.3589,2.4003,-2.032));
#2652=VECTOR('',#3089,0.7874);
#2653=CARTESIAN_POINT('',(1.3589,-2.54,-7.4803));
#2654=CARTESIAN_POINT('',(1.3589,0.0,-7.4803));
#2655=VECTOR('',#3090,2.54);
#2656=CARTESIAN_POINT('',(1.3589,-2.54,-8.2677));
#2657=CARTESIAN_POINT('',(1.3589,-2.54,-8.2677));
#2658=VECTOR('',#3091,2.54);
#2659=CARTESIAN_POINT('',(1.3589,-2.54,-8.2677));
#2660=VECTOR('',#3092,0.7874);
#2661=CARTESIAN_POINT('',(1.5621,2.6035,-1.016));
#2662=CARTESIAN_POINT('',(1.5621,2.9845,-1.016));
#2663=CARTESIAN_POINT('',(1.5621,2.6035,-1.016));
#2664=VECTOR('',#3093,0.381);
#2665=CARTESIAN_POINT('',(1.5621,2.9845,-1.016));
#2666=VECTOR('',#3094,1.05585817229391);
#2667=CARTESIAN_POINT('',(1.3589,2.4003,-2.032));
#2668=VECTOR('',#3095,1.05585817229391);
#2669=CARTESIAN_POINT('',(2.1463,2.4003,-2.032));
#2670=CARTESIAN_POINT('',(2.1463,2.4003,-2.032));
#2671=VECTOR('',#3096,0.7874);
#2672=CARTESIAN_POINT('',(1.9431,2.6035,-1.016));
#2673=CARTESIAN_POINT('',(1.9431,2.6035,-1.016));
#2674=VECTOR('',#3097,1.05585817229391);
#2675=CARTESIAN_POINT('',(1.9431,2.6035,-1.016));
#2676=VECTOR('',#3098,0.381);
#2677=CARTESIAN_POINT('',(1.9431,2.9845,-1.016));
#2678=CARTESIAN_POINT('',(1.9431,2.9845,-1.016));
#2679=VECTOR('',#3099,0.381);
#2680=CARTESIAN_POINT('',(1.9431,2.9845,-1.016));
#2681=VECTOR('',#3100,0.381);
#2682=CARTESIAN_POINT('',(2.1463,3.1877,-2.032));
#2683=CARTESIAN_POINT('',(2.1463,3.1877,-2.032));
#2684=VECTOR('',#3101,1.05585817229391);
#2685=CARTESIAN_POINT('',(2.1463,3.1877,-2.032));
#2686=VECTOR('',#3102,0.7874);
#2687=CARTESIAN_POINT('',(2.1463,3.1877,-5.7912));
#2688=CARTESIAN_POINT('',(2.1463,3.1877,-5.7912));
#2689=VECTOR('',#3103,3.7592);
#2690=CARTESIAN_POINT('',(1.3589,3.1877,-5.7912));
#2691=VECTOR('',#3104,0.7874);
#2692=CARTESIAN_POINT('',(1.7526,3.683,-5.7912));
#2693=CARTESIAN_POINT('',(1.7526,1.905,-5.7912));
#2694=AXIS2_PLACEMENT_3D('',#3105,#3106,#3107);
#2695=AXIS2_PLACEMENT_3D('',#3108,#3109,#3110);
#2696=CARTESIAN_POINT('',(2.1463,2.4003,-5.7912));
#2697=CARTESIAN_POINT('',(2.1463,2.4003,-5.7912));
#2698=VECTOR('',#3111,0.7874);
#2699=CARTESIAN_POINT('',(1.3589,2.4003,-5.7912));
#2700=VECTOR('',#3112,0.7874);
#2701=CARTESIAN_POINT('',(1.7526,1.905,-6.8072));
#2702=CARTESIAN_POINT('',(1.7526,1.905,-6.8072));
#2703=VECTOR('',#3113,1.016);
#2704=CARTESIAN_POINT('',(1.7526,3.683,-6.8072));
#2705=AXIS2_PLACEMENT_3D('',#3114,#3115,#3116);
#2706=CARTESIAN_POINT('',(1.7526,3.683,-6.8072));
#2707=VECTOR('',#3117,1.016);
#2708=AXIS2_PLACEMENT_3D('',#3118,#3119,#3120);
#2709=CARTESIAN_POINT('',(2.667,4.953,-6.8072));
#2710=CARTESIAN_POINT('',(2.4511,4.953,-6.8072));
#2711=CARTESIAN_POINT('',(2.667,4.953,-6.8072));
#2712=VECTOR('',#3121,0.2159);
#2713=CARTESIAN_POINT('',(2.4511,5.461,-6.8072));
#2714=CARTESIAN_POINT('',(2.4511,4.953,-6.8072));
#2715=VECTOR('',#3122,0.508);
#2716=CARTESIAN_POINT('',(1.0541,5.461,-6.8072));
#2717=CARTESIAN_POINT('',(1.0541,5.461,-6.8072));
#2718=VECTOR('',#3123,1.397);
#2719=CARTESIAN_POINT('',(1.0541,4.953,-6.8072));
#2720=CARTESIAN_POINT('',(1.0541,5.461,-6.8072));
#2721=VECTOR('',#3124,0.508);
#2722=CARTESIAN_POINT('',(0.8382,4.953,-6.8072));
#2723=CARTESIAN_POINT('',(1.0541,4.953,-6.8072));
#2724=VECTOR('',#3125,0.2159);
#2725=CARTESIAN_POINT('',(0.8382,0.516934951988328,-6.8072));
#2726=CARTESIAN_POINT('',(0.8382,0.516934951988328,-6.8072));
#2727=VECTOR('',#3126,4.43606504801218);
#2728=CARTESIAN_POINT('',(2.667,0.516934951988328,-6.8072));
#2729=AXIS2_PLACEMENT_3D('',#3127,#3128,#3129);
#2730=CARTESIAN_POINT('',(2.667,0.516934951988328,-6.8072));
#2731=VECTOR('',#3130,4.43606504801218);
#2732=CARTESIAN_POINT('',(2.667,0.516934951988328,-6.8072));
#2733=VECTOR('',#3131,6.8072);
#2734=CARTESIAN_POINT('',(2.667,0.508,-8.382));
#2735=CARTESIAN_POINT('',(2.667,0.508,0.0));
#2736=VECTOR('',#3132,8.382);
#2737=CARTESIAN_POINT('',(2.667,4.953,-8.382));
#2738=CARTESIAN_POINT('',(2.667,4.953,-8.382));
#2739=VECTOR('',#3133,4.445);
#2740=CARTESIAN_POINT('',(2.667,4.953,-6.8072));
#2741=VECTOR('',#3134,1.5748);
#2742=CARTESIAN_POINT('',(2.4511,4.953,0.0));
#2743=VECTOR('',#3135,6.8072);
#2744=CARTESIAN_POINT('',(3.3147,4.953,-8.382));
#2745=CARTESIAN_POINT('',(3.3147,4.953,-8.382));
#2746=VECTOR('',#3136,0.6477);
#2747=CARTESIAN_POINT('',(3.3147,4.953,0.0));
#2748=VECTOR('',#3137,8.382);
#2749=CARTESIAN_POINT('',(3.3147,0.508,-8.382));
#2750=CARTESIAN_POINT('',(3.3147,0.508,-8.382));
#2751=VECTOR('',#3138,4.445);
#2752=CARTESIAN_POINT('',(3.3147,0.508,-8.382));
#2753=VECTOR('',#3139,8.382);
#2754=CARTESIAN_POINT('',(2.667,0.508,-8.382));
#2755=VECTOR('',#3140,0.6477);
#2756=CARTESIAN_POINT('',(0.8382,0.508,-8.382));
#2757=CARTESIAN_POINT('',(0.8382,4.953,-8.382));
#2758=CARTESIAN_POINT('',(0.8382,0.508,-8.382));
#2759=VECTOR('',#3141,4.445);
#2760=CARTESIAN_POINT('',(0.1905,4.953,-8.382));
#2761=CARTESIAN_POINT('',(0.8382,4.953,-8.382));
#2762=VECTOR('',#3142,0.6477);
#2763=CARTESIAN_POINT('',(0.1905,0.508,-8.382));
#2764=CARTESIAN_POINT('',(0.1905,4.953,-8.382));
#2765=VECTOR('',#3143,4.445);
#2766=CARTESIAN_POINT('',(0.1905,0.508,-8.382));
#2767=VECTOR('',#3144,0.6477);
#2768=CARTESIAN_POINT('',(2.8575,5.461,-8.382));
#2769=CARTESIAN_POINT('',(3.2004,6.2738,-8.382));
#2770=CARTESIAN_POINT('',(2.8575,5.461,-8.382));
#2771=VECTOR('',#3145,0.882170193329948);
#2772=CARTESIAN_POINT('',(0.3048,6.2738,-8.382));
#2773=CARTESIAN_POINT('',(3.2004,6.2738,-8.382));
#2774=VECTOR('',#3146,2.8956);
#2775=CARTESIAN_POINT('',(0.6477,5.461,-8.382));
#2776=CARTESIAN_POINT('',(0.3048,6.2738,-8.382));
#2777=VECTOR('',#3147,0.882170193329948);
#2778=CARTESIAN_POINT('',(0.6477,5.461,-8.382));
#2779=VECTOR('',#3148,2.2098);
#2780=CARTESIAN_POINT('',(0.8382,0.508,0.0));
#2781=VECTOR('',#3149,8.382);
#2782=CARTESIAN_POINT('',(0.1905,0.508,-8.382));
#2783=VECTOR('',#3150,8.382);
#2784=CARTESIAN_POINT('',(0.1905,4.953,0.0));
#2785=VECTOR('',#3151,8.382);
#2786=CARTESIAN_POINT('',(1.0541,4.953,0.0));
#2787=VECTOR('',#3152,6.8072);
#2788=CARTESIAN_POINT('',(0.8382,4.953,-6.8072));
#2789=VECTOR('',#3153,1.5748);
#2790=CARTESIAN_POINT('',(0.8382,0.516934951988328,-6.8072));
#2791=VECTOR('',#3154,6.8072);
#2792=CARTESIAN_POINT('',(1.0541,5.461,-6.8072));
#2793=VECTOR('',#3155,6.8072);
#2794=CARTESIAN_POINT('',(2.4511,5.461,-6.8072));
#2795=VECTOR('',#3156,6.8072);
#2796=CARTESIAN_POINT('',(2.8575,5.461,0.0));
#2797=VECTOR('',#3157,8.382);
#2798=CARTESIAN_POINT('',(0.6477,5.461,0.0));
#2799=VECTOR('',#3158,8.382);
#2800=CARTESIAN_POINT('',(0.3048,6.2738,0.0));
#2801=VECTOR('',#3159,8.382);
#2802=CARTESIAN_POINT('',(3.2004,6.2738,0.0));
#2803=VECTOR('',#3160,8.382);
#2804=CARTESIAN_POINT('',(2.1463,2.4003,-2.032));
#2805=VECTOR('',#3161,3.7592);
#2806=CARTESIAN_POINT('',(2.1463,3.1877,-2.032));
#2807=VECTOR('',#3162,0.7874);
#2808=CARTESIAN_POINT('',(2.1463,-2.54,-8.2677));
#2809=CARTESIAN_POINT('',(2.1463,-2.54,-8.2677));
#2810=VECTOR('',#3163,2.54);
#2811=CARTESIAN_POINT('',(2.1463,-2.54,-7.4803));
#2812=CARTESIAN_POINT('',(2.1463,0.0,-7.4803));
#2813=VECTOR('',#3164,2.54);
#2814=CARTESIAN_POINT('',(2.1463,-2.54,-7.4803));
#2815=VECTOR('',#3165,0.7874);
#2816=CARTESIAN_POINT('',(1.9431,-3.556,-7.6835));
#2817=CARTESIAN_POINT('',(2.1463,-2.54,-7.4803));
#2818=VECTOR('',#3166,1.05585817229391);
#2819=CARTESIAN_POINT('',(1.9431,-3.556,-8.0645));
#2820=CARTESIAN_POINT('',(1.9431,-3.556,-7.6835));
#2821=VECTOR('',#3167,0.381);
#2822=CARTESIAN_POINT('',(2.1463,-2.54,-8.2677));
#2823=VECTOR('',#3168,1.05585817229391);
#2824=CARTESIAN_POINT('',(2.1463,-2.54,-8.2677));
#2825=VECTOR('',#3169,0.7874);
#2826=CARTESIAN_POINT('',(1.5621,-3.556,-8.0645));
#2827=CARTESIAN_POINT('',(1.9431,-3.556,-8.0645));
#2828=VECTOR('',#3170,0.381);
#2829=CARTESIAN_POINT('',(1.3589,-2.54,-8.2677));
#2830=VECTOR('',#3171,1.05585817229391);
#2831=CARTESIAN_POINT('',(1.5621,-3.556,-7.6835));
#2832=CARTESIAN_POINT('',(1.5621,-3.556,-8.0645));
#2833=VECTOR('',#3172,0.381);
#2834=CARTESIAN_POINT('',(1.3589,-2.54,-7.4803));
#2835=VECTOR('',#3173,1.05585817229391);
#2836=CARTESIAN_POINT('',(1.9431,-3.556,-7.6835));
#2837=VECTOR('',#3174,0.381);
#2838=CARTESIAN_POINT('',(2.1463,-2.54,-7.4803));
#2839=VECTOR('',#3175,0.7874);
#2840=CARTESIAN_POINT('',(-4.04495,2.794,-9.144));
#2841=VECTOR('',#3176,4.191);
#2842=CARTESIAN_POINT('',(-8.04545,2.794,-9.144));
#2843=VECTOR('',#3177,4.191);
#2844=CARTESIAN_POINT('',(-5.1562,2.794,0.0));
#2845=VECTOR('',#3178,4.953);
#2846=CARTESIAN_POINT('',(-6.9342,2.794,0.0));
#2847=VECTOR('',#3179,4.953);
#2848=DIRECTION('',(-1.0,0.0,0.0));
#2849=DIRECTION('',(0.0,1.0,0.0));
#2850=DIRECTION('',(-1.0,0.0,0.0));
#2851=DIRECTION('',(0.0,-1.0,0.0));
#2852=DIRECTION('',(-1.0,0.0,0.0));
#2853=CARTESIAN_POINT('',(-7.8867,4.826,0.0));
#2854=DIRECTION('',(0.0,-0.0,1.0));
#2855=DIRECTION('',(0.0,1.0,0.0));
#2856=DIRECTION('',(0.0,-1.0,0.0));
#2857=CARTESIAN_POINT('',(-7.8867,0.762,0.0));
#2858=DIRECTION('',(0.0,0.0,1.0));
#2859=DIRECTION('',(-1.0,0.0,0.0));
#2860=DIRECTION('',(1.0,0.0,0.0));
#2861=CARTESIAN_POINT('',(7.8867,0.762,0.0));
#2862=DIRECTION('',(0.0,0.0,1.0));
#2863=DIRECTION('',(0.0,-1.0,0.0));
#2864=DIRECTION('',(0.0,1.0,0.0));
#2865=CARTESIAN_POINT('',(7.8867,4.826,0.0));
#2866=DIRECTION('',(0.0,0.0,1.0));
#2867=DIRECTION('',(1.0,0.0,0.0));
#2868=CARTESIAN_POINT('',(-6.0452,2.794,0.0));
#2869=DIRECTION('',(0.0,0.0,-1.0));
#2870=DIRECTION('',(-1.0,0.0,0.0));
#2871=CARTESIAN_POINT('',(-6.0452,2.794,0.0));
#2872=DIRECTION('',(0.0,0.0,-1.0));
#2873=DIRECTION('',(1.0,0.0,0.0));
#2874=CARTESIAN_POINT('',(6.0452,2.794,0.0));
#2875=DIRECTION('',(0.0,0.0,-1.0));
#2876=DIRECTION('',(-1.0,0.0,0.0));
#2877=CARTESIAN_POINT('',(6.0452,2.794,0.0));
#2878=DIRECTION('',(0.0,0.0,-1.0));
#2879=DIRECTION('',(1.0,0.0,0.0));
#2880=DIRECTION('',(0.38870050540431,-0.921364160958323,0.0));
#2881=DIRECTION('',(-1.0,0.0,0.0));
#2882=DIRECTION('',(0.38870050540431,0.921364160958323,0.0));
#2883=DIRECTION('',(1.0,0.0,0.0));
#2884=DIRECTION('',(0.0,1.0,0.0));
#2885=DIRECTION('',(-1.0,0.0,0.0));
#2886=DIRECTION('',(0.0,1.0,0.0));
#2887=DIRECTION('',(-1.0,0.0,0.0));
#2888=DIRECTION('',(0.0,-1.0,0.0));
#2889=CARTESIAN_POINT('',(-1.7526,-0.796272069010208,0.0));
#2890=DIRECTION('',(0.0,-0.0,1.0));
#2891=DIRECTION('',(0.571428571428586,0.82065180664828,0.0));
#2892=DIRECTION('',(0.0,1.0,0.0));
#2893=DIRECTION('',(-1.0,0.0,0.0));
#2894=DIRECTION('',(0.0,-1.0,0.0));
#2895=DIRECTION('',(-1.0,0.0,0.0));
#2896=DIRECTION('',(0.0,-1.0,0.0));
#2897=DIRECTION('',(1.0,0.0,0.0));
#2898=CARTESIAN_POINT('',(1.7526,-0.796272069010208,0.0));
#2899=DIRECTION('',(0.0,-0.0,1.0));
#2900=DIRECTION('',(0.571428571428586,0.82065180664828,0.0));
#2901=DIRECTION('',(0.0,1.0,0.0));
#2902=DIRECTION('',(-1.0,0.0,0.0));
#2903=DIRECTION('',(0.0,-1.0,0.0));
#2904=DIRECTION('',(-1.0,0.0,0.0));
#2905=DIRECTION('',(0.0,-1.0,0.0));
#2906=DIRECTION('',(1.0,0.0,0.0));
#2907=DIRECTION('',(0.38870050540431,-0.921364160958323,0.0));
#2908=DIRECTION('',(-1.0,0.0,0.0));
#2909=DIRECTION('',(0.38870050540431,0.921364160958323,0.0));
#2910=DIRECTION('',(1.0,0.0,0.0));
#2911=DIRECTION('',(0.0,1.0,0.0));
#2912=DIRECTION('',(-1.0,0.0,0.0));
#2913=DIRECTION('',(0.0,1.0,0.0));
#2914=DIRECTION('',(-1.0,0.0,0.0));
#2915=DIRECTION('',(0.0,-1.0,0.0));
#2916=DIRECTION('',(0.0,0.0,-1.0));
#2917=CARTESIAN_POINT('',(6.0452,2.794,-4.953));
#2918=DIRECTION('',(0.0,0.0,1.0));
#2919=DIRECTION('',(-1.0,0.0,0.0));
#2920=DIRECTION('',(0.0,0.0,-1.0));
#2921=CARTESIAN_POINT('',(6.0452,2.794,-4.953));
#2922=DIRECTION('',(0.0,0.0,1.0));
#2923=DIRECTION('',(1.0,0.0,0.0));
#2924=CARTESIAN_POINT('',(6.0452,2.794,-4.953));
#2925=DIRECTION('',(0.0,0.0,1.0));
#2926=DIRECTION('',(-1.0,0.0,0.0));
#2927=CARTESIAN_POINT('',(6.0452,2.794,-4.953));
#2928=DIRECTION('',(0.0,0.0,1.0));
#2929=DIRECTION('',(1.0,0.0,0.0));
#2930=CARTESIAN_POINT('',(-6.0452,2.794,-4.953));
#2931=DIRECTION('',(0.0,0.0,1.0));
#2932=DIRECTION('',(-1.0,0.0,0.0));
#2933=CARTESIAN_POINT('',(-6.0452,2.794,-4.953));
#2934=DIRECTION('',(0.0,0.0,1.0));
#2935=DIRECTION('',(1.0,0.0,0.0));
#2936=CARTESIAN_POINT('',(-6.0452,2.794,-4.953));
#2937=DIRECTION('',(0.0,0.0,1.0));
#2938=DIRECTION('',(1.0,0.0,0.0));
#2939=CARTESIAN_POINT('',(-6.0452,2.794,-4.953));
#2940=DIRECTION('',(0.0,0.0,1.0));
#2941=DIRECTION('',(-1.0,0.0,0.0));
#2942=CARTESIAN_POINT('',(6.0452,2.794,-9.144));
#2943=DIRECTION('',(0.0,0.0,-1.0));
#2944=DIRECTION('',(-1.0,0.0,0.0));
#2945=DIRECTION('',(0.0,0.0,1.0));
#2946=DIRECTION('',(0.0,0.0,1.0));
#2947=CARTESIAN_POINT('',(6.0452,2.794,-9.144));
#2948=DIRECTION('',(0.0,0.0,-1.0));
#2949=DIRECTION('',(1.0,0.0,0.0));
#2950=DIRECTION('',(0.0,1.0,0.0));
#2951=CARTESIAN_POINT('',(7.8867,0.762,-9.144));
#2952=DIRECTION('',(0.0,0.0,-1.0));
#2953=DIRECTION('',(1.0,0.0,0.0));
#2954=DIRECTION('',(1.0,0.0,0.0));
#2955=CARTESIAN_POINT('',(-7.8867,0.762,-9.144));
#2956=DIRECTION('',(0.0,0.0,-1.0));
#2957=DIRECTION('',(0.0,-1.0,0.0));
#2958=DIRECTION('',(0.0,-1.0,0.0));
#2959=CARTESIAN_POINT('',(-7.8867,4.826,-9.144));
#2960=DIRECTION('',(0.0,0.0,-1.0));
#2961=DIRECTION('',(-1.0,0.0,0.0));
#2962=DIRECTION('',(-1.0,0.0,0.0));
#2963=DIRECTION('',(0.0,-1.0,0.0));
#2964=DIRECTION('',(-1.0,0.0,0.0));
#2965=DIRECTION('',(0.0,1.0,0.0));
#2966=DIRECTION('',(-1.0,0.0,0.0));
#2967=CARTESIAN_POINT('',(7.8867,4.826,-9.144));
#2968=DIRECTION('',(0.0,0.0,-1.0));
#2969=DIRECTION('',(0.0,1.0,0.0));
#2970=CARTESIAN_POINT('',(-6.0452,2.794,-9.144));
#2971=DIRECTION('',(0.0,0.0,-1.0));
#2972=DIRECTION('',(1.0,0.0,0.0));
#2973=CARTESIAN_POINT('',(-6.0452,2.794,-9.144));
#2974=DIRECTION('',(0.0,0.0,-1.0));
#2975=DIRECTION('',(-1.0,0.0,0.0));
#2976=DIRECTION('',(0.0,0.0,-1.0));
#2977=DIRECTION('',(0.0,0.0,-1.0));
#2978=DIRECTION('',(0.0,0.0,-1.0));
#2979=DIRECTION('',(0.0,0.0,-1.0));
#2980=DIRECTION('',(0.0,0.0,-1.0));
#2981=DIRECTION('',(1.0,0.0,0.0));
#2982=DIRECTION('',(0.0,0.0,-1.0));
#2983=DIRECTION('',(1.0,0.0,0.0));
#2984=DIRECTION('',(0.0,0.0,-1.0));
#2985=DIRECTION('',(1.0,0.0,0.0));
#2986=DIRECTION('',(0.0,0.0,-1.0));
#2987=DIRECTION('',(1.0,0.0,0.0));
#2988=DIRECTION('',(0.0,0.0,-1.0));
#2989=DIRECTION('',(0.0,0.0,-1.0));
#2990=DIRECTION('',(0.0,0.0,-1.0));
#2991=DIRECTION('',(0.0,0.0,-1.0));
#2992=DIRECTION('',(0.0,0.0,-1.0));
#2993=DIRECTION('',(0.0,0.0,-1.0));
#2994=DIRECTION('',(0.0,0.0,-1.0));
#2995=DIRECTION('',(0.0,0.0,-1.0));
#2996=DIRECTION('',(0.0,0.0,1.0));
#2997=DIRECTION('',(0.0,1.0,0.0));
#2998=DIRECTION('',(0.0,0.0,-1.0));
#2999=DIRECTION('',(0.0,1.0,0.0));
#3000=DIRECTION('',(0.0,-1.0,0.0));
#3001=DIRECTION('',(0.0,1.0,0.0));
#3002=DIRECTION('',(0.0,0.0,1.0));
#3003=DIRECTION('',(-0.192450089729894,0.192450089729894,-0.962250448649369));
#3004=DIRECTION('',(0.192450089729894,0.192450089729894,0.962250448649369));
#3005=DIRECTION('',(0.0,1.0,0.0));
#3006=DIRECTION('',(0.0,-1.0,0.0));
#3007=DIRECTION('',(-1.0,0.0,0.0));
#3008=DIRECTION('',(-1.0,0.0,0.0));
#3009=DIRECTION('',(-1.0,0.0,0.0));
#3010=DIRECTION('',(0.192450089729894,-0.192450089729894,-0.962250448649369));
#3011=DIRECTION('',(0.0,-1.0,0.0));
#3012=DIRECTION('',(-0.192450089729894,-0.192450089729894,0.962250448649369));
#3013=DIRECTION('',(-1.0,0.0,0.0));
#3014=DIRECTION('',(0.0,0.0,1.0));
#3015=DIRECTION('',(1.0,0.0,0.0));
#3016=CARTESIAN_POINT('',(-1.7526,2.794,-5.7912));
#3017=DIRECTION('',(0.0,-0.0,1.0));
#3018=DIRECTION('',(0.0,1.0,0.0));
#3019=CARTESIAN_POINT('',(-1.7526,2.794,-5.7912));
#3020=DIRECTION('',(0.0,0.0,-1.0));
#3021=DIRECTION('',(0.0,1.0,0.0));
#3022=DIRECTION('',(0.0,1.0,0.0));
#3023=DIRECTION('',(1.0,0.0,0.0));
#3024=DIRECTION('',(0.0,0.0,1.0));
#3025=DIRECTION('',(0.0,0.0,1.0));
#3026=CARTESIAN_POINT('',(-1.7526,2.794,-6.8072));
#3027=DIRECTION('',(0.0,0.0,1.0));
#3028=DIRECTION('',(0.0,-1.0,0.0));
#3029=DIRECTION('',(-1.0,0.0,0.0));
#3030=DIRECTION('',(0.0,1.0,0.0));
#3031=DIRECTION('',(1.0,0.0,0.0));
#3032=DIRECTION('',(0.0,-1.0,0.0));
#3033=DIRECTION('',(-1.0,0.0,0.0));
#3034=DIRECTION('',(0.0,1.0,0.0));
#3035=CARTESIAN_POINT('',(-1.7526,-0.796272069010208,-6.8072));
#3036=DIRECTION('',(0.0,0.0,-1.0));
#3037=DIRECTION('',(-0.571428571428586,0.82065180664828,0.0));
#3038=DIRECTION('',(0.0,1.0,0.0));
#3039=CARTESIAN_POINT('',(-1.7526,2.794,-6.8072));
#3040=DIRECTION('',(0.0,-0.0,1.0));
#3041=DIRECTION('',(0.0,1.0,0.0));
#3042=DIRECTION('',(0.0,0.0,1.0));
#3043=DIRECTION('',(0.0,0.0,-1.0));
#3044=DIRECTION('',(0.0,-1.0,0.0));
#3045=DIRECTION('',(0.0,0.0,-1.0));
#3046=DIRECTION('',(0.0,0.0,-1.0));
#3047=DIRECTION('',(-1.0,0.0,0.0));
#3048=DIRECTION('',(0.0,0.0,-1.0));
#3049=DIRECTION('',(0.0,1.0,0.0));
#3050=DIRECTION('',(0.0,0.0,1.0));
#3051=DIRECTION('',(1.0,0.0,0.0));
#3052=DIRECTION('',(0.0,1.0,0.0));
#3053=DIRECTION('',(-1.0,0.0,0.0));
#3054=DIRECTION('',(0.0,-1.0,0.0));
#3055=DIRECTION('',(1.0,0.0,0.0));
#3056=DIRECTION('',(0.38870050540431,0.921364160958323,0.0));
#3057=DIRECTION('',(-1.0,0.0,0.0));
#3058=DIRECTION('',(0.38870050540431,-0.921364160958323,0.0));
#3059=DIRECTION('',(1.0,0.0,0.0));
#3060=DIRECTION('',(0.0,0.0,-1.0));
#3061=DIRECTION('',(0.0,0.0,1.0));
#3062=DIRECTION('',(0.0,0.0,-1.0));
#3063=DIRECTION('',(0.0,0.0,-1.0));
#3064=DIRECTION('',(0.0,0.0,-1.0));
#3065=DIRECTION('',(0.0,0.0,1.0));
#3066=DIRECTION('',(0.0,0.0,1.0));
#3067=DIRECTION('',(0.0,0.0,1.0));
#3068=DIRECTION('',(0.0,0.0,-1.0));
#3069=DIRECTION('',(0.0,0.0,-1.0));
#3070=DIRECTION('',(0.0,0.0,-1.0));
#3071=DIRECTION('',(0.0,0.0,-1.0));
#3072=DIRECTION('',(0.0,0.0,-1.0));
#3073=DIRECTION('',(0.0,1.0,0.0));
#3074=DIRECTION('',(0.0,-1.0,0.0));
#3075=DIRECTION('',(0.0,0.0,-1.0));
#3076=DIRECTION('',(-0.192450089729894,-0.962250448649369,-0.192450089729894));
#3077=DIRECTION('',(0.0,0.0,-1.0));
#3078=DIRECTION('',(-0.192450089729894,-0.962250448649369,0.192450089729894));
#3079=DIRECTION('',(-1.0,0.0,0.0));
#3080=DIRECTION('',(-1.0,0.0,0.0));
#3081=DIRECTION('',(0.192450089729894,-0.962250448649369,0.192450089729894));
#3082=DIRECTION('',(0.0,0.0,1.0));
#3083=DIRECTION('',(0.192450089729894,-0.962250448649369,-0.192450089729894));
#3084=DIRECTION('',(-1.0,0.0,0.0));
#3085=DIRECTION('',(-1.0,0.0,0.0));
#3086=DIRECTION('',(0.0,0.0,1.0));
#3087=DIRECTION('',(0.0,1.0,0.0));
#3088=DIRECTION('',(0.0,0.0,-1.0));
#3089=DIRECTION('',(0.0,1.0,0.0));
#3090=DIRECTION('',(0.0,-1.0,0.0));
#3091=DIRECTION('',(0.0,1.0,0.0));
#3092=DIRECTION('',(0.0,0.0,1.0));
#3093=DIRECTION('',(0.0,1.0,0.0));
#3094=DIRECTION('',(-0.192450089729894,0.192450089729894,-0.962250448649369));
#3095=DIRECTION('',(0.192450089729894,0.192450089729894,0.962250448649369));
#3096=DIRECTION('',(-1.0,0.0,0.0));
#3097=DIRECTION('',(0.192450089729894,-0.192450089729894,-0.962250448649369));
#3098=DIRECTION('',(-1.0,0.0,0.0));
#3099=DIRECTION('',(0.0,-1.0,0.0));
#3100=DIRECTION('',(-1.0,0.0,0.0));
#3101=DIRECTION('',(-0.192450089729894,-0.192450089729894,0.962250448649369));
#3102=DIRECTION('',(-1.0,0.0,0.0));
#3103=DIRECTION('',(0.0,0.0,1.0));
#3104=DIRECTION('',(1.0,0.0,0.0));
#3105=CARTESIAN_POINT('',(1.7526,2.794,-5.7912));
#3106=DIRECTION('',(0.0,-0.0,1.0));
#3107=DIRECTION('',(0.0,1.0,0.0));
#3108=CARTESIAN_POINT('',(1.7526,2.794,-5.7912));
#3109=DIRECTION('',(0.0,0.0,-1.0));
#3110=DIRECTION('',(0.0,1.0,0.0));
#3111=DIRECTION('',(0.0,1.0,0.0));
#3112=DIRECTION('',(1.0,0.0,0.0));
#3113=DIRECTION('',(0.0,0.0,1.0));
#3114=CARTESIAN_POINT('',(1.7526,2.794,-6.8072));
#3115=DIRECTION('',(0.0,0.0,1.0));
#3116=DIRECTION('',(0.0,-1.0,0.0));
#3117=DIRECTION('',(0.0,0.0,1.0));
#3118=CARTESIAN_POINT('',(1.7526,2.794,-6.8072));
#3119=DIRECTION('',(0.0,-0.0,1.0));
#3120=DIRECTION('',(0.0,1.0,0.0));
#3121=DIRECTION('',(-1.0,0.0,0.0));
#3122=DIRECTION('',(0.0,1.0,0.0));
#3123=DIRECTION('',(1.0,0.0,0.0));
#3124=DIRECTION('',(0.0,-1.0,0.0));
#3125=DIRECTION('',(-1.0,0.0,0.0));
#3126=DIRECTION('',(0.0,1.0,0.0));
#3127=CARTESIAN_POINT('',(1.7526,-0.796272069010208,-6.8072));
#3128=DIRECTION('',(0.0,0.0,-1.0));
#3129=DIRECTION('',(-0.571428571428586,0.82065180664828,0.0));
#3130=DIRECTION('',(0.0,1.0,0.0));
#3131=DIRECTION('',(0.0,0.0,1.0));
#3132=DIRECTION('',(0.0,0.0,-1.0));
#3133=DIRECTION('',(0.0,-1.0,0.0));
#3134=DIRECTION('',(0.0,0.0,-1.0));
#3135=DIRECTION('',(0.0,0.0,-1.0));
#3136=DIRECTION('',(-1.0,0.0,0.0));
#3137=DIRECTION('',(0.0,0.0,-1.0));
#3138=DIRECTION('',(0.0,1.0,0.0));
#3139=DIRECTION('',(0.0,0.0,1.0));
#3140=DIRECTION('',(1.0,0.0,0.0));
#3141=DIRECTION('',(0.0,1.0,0.0));
#3142=DIRECTION('',(-1.0,0.0,0.0));
#3143=DIRECTION('',(0.0,-1.0,0.0));
#3144=DIRECTION('',(1.0,0.0,0.0));
#3145=DIRECTION('',(0.38870050540431,0.921364160958323,0.0));
#3146=DIRECTION('',(-1.0,0.0,0.0));
#3147=DIRECTION('',(0.38870050540431,-0.921364160958323,0.0));
#3148=DIRECTION('',(1.0,0.0,0.0));
#3149=DIRECTION('',(0.0,0.0,-1.0));
#3150=DIRECTION('',(0.0,0.0,1.0));
#3151=DIRECTION('',(0.0,0.0,-1.0));
#3152=DIRECTION('',(0.0,0.0,-1.0));
#3153=DIRECTION('',(0.0,0.0,-1.0));
#3154=DIRECTION('',(0.0,0.0,1.0));
#3155=DIRECTION('',(0.0,0.0,1.0));
#3156=DIRECTION('',(0.0,0.0,1.0));
#3157=DIRECTION('',(0.0,0.0,-1.0));
#3158=DIRECTION('',(0.0,0.0,-1.0));
#3159=DIRECTION('',(0.0,0.0,-1.0));
#3160=DIRECTION('',(0.0,0.0,-1.0));
#3161=DIRECTION('',(0.0,0.0,-1.0));
#3162=DIRECTION('',(0.0,-1.0,0.0));
#3163=DIRECTION('',(0.0,1.0,0.0));
#3164=DIRECTION('',(0.0,-1.0,0.0));
#3165=DIRECTION('',(0.0,0.0,-1.0));
#3166=DIRECTION('',(-0.192450089729894,-0.962250448649369,-0.192450089729894));
#3167=DIRECTION('',(0.0,0.0,-1.0));
#3168=DIRECTION('',(-0.192450089729894,-0.962250448649369,0.192450089729894));
#3169=DIRECTION('',(-1.0,0.0,0.0));
#3170=DIRECTION('',(-1.0,0.0,0.0));
#3171=DIRECTION('',(0.192450089729894,-0.962250448649369,0.192450089729894));
#3172=DIRECTION('',(0.0,0.0,1.0));
#3173=DIRECTION('',(0.192450089729894,-0.962250448649369,-0.192450089729894));
#3174=DIRECTION('',(-1.0,0.0,0.0));
#3175=DIRECTION('',(-1.0,0.0,0.0));
#3176=DIRECTION('',(0.0,0.0,1.0));
#3177=DIRECTION('',(0.0,0.0,1.0));
#3178=DIRECTION('',(0.0,0.0,-1.0));
#3179=DIRECTION('',(0.0,0.0,-1.0));
ENDSEC;
END-ISO-10303-21;
