ISO-10303-21;
HEADER;
FILE_DESCRIPTION(('KiCad electronic assembly'),'2;1');
FILE_NAME('.step','2026-09-01T16:05:54',('Pcbnew'),('Kicad'),
  'Open CASCADE STEP processor 7.9','KiCad to STEP converter','Unknown'
  );
FILE_SCHEMA(('AUTOMOTIVE_DESIGN { 1 0 10303 214 1 1 1 1 }'));
ENDSEC;
DATA;
#1 = APPLICATION_PROTOCOL_DEFINITION('international standard',
  'automotive_design',2000,#2);
#2 = APPLICATION_CONTEXT(
  'core data for automotive mechanical design processes');
#3 = SHAPE_DEFINITION_REPRESENTATION(#4,#10);
#4 = PRODUCT_DEFINITION_SHAPE('','',#5);
#5 = PRODUCT_DEFINITION('design','',#6,#9);
#6 = PRODUCT_DEFINITION_FORMATION('','',#7);
#7 = PRODUCT('.step 1','.step 1','',(#8));
#8 = PRODUCT_CONTEXT('',#2,'mechanical');
#9 = PRODUCT_DEFINITION_CONTEXT('part definition',#2,'design');
#10 = SHAPE_REPRESENTATION('',(#11,#15,#19,#23),#27);
#11 = AXIS2_PLACEMENT_3D('',#12,#13,#14);
#12 = CARTESIAN_POINT('',(0.,0.,0.));
#13 = DIRECTION('',(0.,0.,1.));
#14 = DIRECTION('',(1.,0.,-0.));
#15 = AXIS2_PLACEMENT_3D('',#16,#17,#18);
#16 = CARTESIAN_POINT('',(8.2725,47.5,-8.5E-02));
#17 = DIRECTION('',(1.499759782662E-32,1.224646799147E-16,-1.));
#18 = DIRECTION('',(-1.,1.224646799147E-16,0.));
#19 = AXIS2_PLACEMENT_3D('',#20,#21,#22);
#20 = CARTESIAN_POINT('',(7.685,44.4125,-8.5E-02));
#21 = DIRECTION('',(1.224646799147E-16,-1.359631073447E-32,-1.));
#22 = DIRECTION('',(1.110223024625E-16,1.,0.));
#23 = AXIS2_PLACEMENT_3D('',#24,#25,#26);
#24 = CARTESIAN_POINT('',(0.,0.,0.));
#25 = DIRECTION('',(0.,0.,1.));
#26 = DIRECTION('',(1.,0.,-0.));
#27 = ( GEOMETRIC_REPRESENTATION_CONTEXT(3) 
GLOBAL_UNCERTAINTY_ASSIGNED_CONTEXT((#31)) GLOBAL_UNIT_ASSIGNED_CONTEXT(
(#28,#29,#30)) REPRESENTATION_CONTEXT('Context #1',
  '3D Context with UNIT and UNCERTAINTY') );
#28 = ( LENGTH_UNIT() NAMED_UNIT(*) SI_UNIT(.MILLI.,.METRE.) );
#29 = ( NAMED_UNIT(*) PLANE_ANGLE_UNIT() SI_UNIT($,.RADIAN.) );
#30 = ( NAMED_UNIT(*) SI_UNIT($,.STERADIAN.) SOLID_ANGLE_UNIT() );
#31 = UNCERTAINTY_MEASURE_WITH_UNIT(LENGTH_MEASURE(1.E-07),#28,
  'distance_accuracy_value','confusion accuracy');
#32 = PRODUCT_RELATED_PRODUCT_CATEGORY('part',$,(#7));
#33 = SHAPE_DEFINITION_REPRESENTATION(#34,#40);
#34 = PRODUCT_DEFINITION_SHAPE('','',#35);
#35 = PRODUCT_DEFINITION('design','',#36,#39);
#36 = PRODUCT_DEFINITION_FORMATION('','',#37);
#37 = PRODUCT('LED_0402_1005Metric','LED_0402_1005Metric','',(#38));
#38 = PRODUCT_CONTEXT('',#2,'mechanical');
#39 = PRODUCT_DEFINITION_CONTEXT('part definition',#2,'design');
#40 = SHAPE_REPRESENTATION('',(#11,#41),#45);
#41 = AXIS2_PLACEMENT_3D('',#42,#43,#44);
#42 = CARTESIAN_POINT('',(0.,0.,0.));
#43 = DIRECTION('',(0.,0.,1.));
#44 = DIRECTION('',(1.,0.,-0.));
#45 = ( GEOMETRIC_REPRESENTATION_CONTEXT(3) 
GLOBAL_UNCERTAINTY_ASSIGNED_CONTEXT((#49)) GLOBAL_UNIT_ASSIGNED_CONTEXT(
(#46,#47,#48)) REPRESENTATION_CONTEXT('Context #1',
  '3D Context with UNIT and UNCERTAINTY') );
#46 = ( LENGTH_UNIT() NAMED_UNIT(*) SI_UNIT(.MILLI.,.METRE.) );
#47 = ( NAMED_UNIT(*) PLANE_ANGLE_UNIT() SI_UNIT($,.RADIAN.) );
#48 = ( NAMED_UNIT(*) SI_UNIT($,.STERADIAN.) SOLID_ANGLE_UNIT() );
#49 = UNCERTAINTY_MEASURE_WITH_UNIT(LENGTH_MEASURE(1.E-07),#46,
  'distance_accuracy_value','confusion accuracy');
#50 = CONTEXT_DEPENDENT_SHAPE_REPRESENTATION(#51,#53);
#51 = ( REPRESENTATION_RELATIONSHIP('','',#40,#10) 
REPRESENTATION_RELATIONSHIP_WITH_TRANSFORMATION(#52) 
SHAPE_REPRESENTATION_RELATIONSHIP() );
#52 = ITEM_DEFINED_TRANSFORMATION('','',#11,#15);
#53 = PRODUCT_DEFINITION_SHAPE('Placement','Placement of an item',#54);
#54 = NEXT_ASSEMBLY_USAGE_OCCURRENCE('2','D1','',#5,#35,$);
#55 = PRODUCT_RELATED_PRODUCT_CATEGORY('part',$,(#37));
#56 = SHAPE_DEFINITION_REPRESENTATION(#57,#63);
#57 = PRODUCT_DEFINITION_SHAPE('','',#58);
#58 = PRODUCT_DEFINITION('design','',#59,#62);
#59 = PRODUCT_DEFINITION_FORMATION('','',#60);
#60 = PRODUCT('LED_0402_1005Metric','LED_0402_1005Metric','',(#61));
#61 = PRODUCT_CONTEXT('',#2,'mechanical');
#62 = PRODUCT_DEFINITION_CONTEXT('part definition',#2,'design');
#63 = ADVANCED_BREP_SHAPE_REPRESENTATION('',(#11,#64),#1587);
#64 = MANIFOLD_SOLID_BREP('',#65);
#65 = CLOSED_SHELL('',(#66,#106,#153,#232,#256,#296,#327,#344,#377,#401,
    #468,#589,#656,#680,#711,#744,#800,#824,#848,#872,#905,#917,#980,
    #1005,#1022,#1046,#1064,#1082,#1100,#1117,#1134,#1165,#1190,#1215,
    #1239,#1256,#1287,#1311,#1328,#1356,#1381,#1405,#1430,#1477,#1494,
    #1506,#1528,#1540,#1558,#1576));
#66 = ADVANCED_FACE('',(#67),#101,.F.);
#67 = FACE_BOUND('',#68,.F.);
#68 = EDGE_LOOP('',(#69,#79,#87,#95));
#69 = ORIENTED_EDGE('',*,*,#70,.T.);
#70 = EDGE_CURVE('',#71,#73,#75,.T.);
#71 = VERTEX_POINT('',#72);
#72 = CARTESIAN_POINT('',(-0.35,-0.25,0.185));
#73 = VERTEX_POINT('',#74);
#74 = CARTESIAN_POINT('',(-0.315,-0.25,0.5));
#75 = LINE('',#76,#77);
#76 = CARTESIAN_POINT('',(-0.35,-0.25,0.185));
#77 = VECTOR('',#78,1.);
#78 = DIRECTION('',(0.110431526075,0.,0.993883734674));
#79 = ORIENTED_EDGE('',*,*,#80,.T.);
#80 = EDGE_CURVE('',#73,#81,#83,.T.);
#81 = VERTEX_POINT('',#82);
#82 = CARTESIAN_POINT('',(0.315,-0.25,0.5));
#83 = LINE('',#84,#85);
#84 = CARTESIAN_POINT('',(-0.315,-0.25,0.5));
#85 = VECTOR('',#86,1.);
#86 = DIRECTION('',(1.,0.,0.));
#87 = ORIENTED_EDGE('',*,*,#88,.T.);
#88 = EDGE_CURVE('',#81,#89,#91,.T.);
#89 = VERTEX_POINT('',#90);
#90 = CARTESIAN_POINT('',(0.35,-0.25,0.185));
#91 = LINE('',#92,#93);
#92 = CARTESIAN_POINT('',(0.315,-0.25,0.5));
#93 = VECTOR('',#94,1.);
#94 = DIRECTION('',(0.110431526075,0.,-0.993883734674));
#95 = ORIENTED_EDGE('',*,*,#96,.T.);
#96 = EDGE_CURVE('',#89,#71,#97,.T.);
#97 = LINE('',#98,#99);
#98 = CARTESIAN_POINT('',(0.35,-0.25,0.185));
#99 = VECTOR('',#100,1.);
#100 = DIRECTION('',(-1.,0.,0.));
#101 = PLANE('',#102);
#102 = AXIS2_PLACEMENT_3D('',#103,#104,#105);
#103 = CARTESIAN_POINT('',(0.,-0.25,0.336886104513));
#104 = DIRECTION('',(0.,1.,0.));
#105 = DIRECTION('',(0.,-0.,1.));
#106 = ADVANCED_FACE('',(#107),#148,.T.);
#107 = FACE_BOUND('',#108,.T.);
#108 = EDGE_LOOP('',(#109,#119,#127,#133,#134,#142));
#109 = ORIENTED_EDGE('',*,*,#110,.T.);
#110 = EDGE_CURVE('',#111,#113,#115,.T.);
#111 = VERTEX_POINT('',#112);
#112 = CARTESIAN_POINT('',(-0.35,0.25,0.185));
#113 = VERTEX_POINT('',#114);
#114 = CARTESIAN_POINT('',(-0.35,0.1875,0.185));
#115 = LINE('',#116,#117);
#116 = CARTESIAN_POINT('',(-0.35,0.25,0.185));
#117 = VECTOR('',#118,1.);
#118 = DIRECTION('',(0.,-1.,0.));
#119 = ORIENTED_EDGE('',*,*,#120,.F.);
#120 = EDGE_CURVE('',#121,#113,#123,.T.);
#121 = VERTEX_POINT('',#122);
#122 = CARTESIAN_POINT('',(-0.35,-0.1875,0.185));
#123 = LINE('',#124,#125);
#124 = CARTESIAN_POINT('',(-0.35,-0.25,0.185));
#125 = VECTOR('',#126,1.);
#126 = DIRECTION('',(0.,1.,0.));
#127 = ORIENTED_EDGE('',*,*,#128,.T.);
#128 = EDGE_CURVE('',#121,#71,#129,.T.);
#129 = LINE('',#130,#131);
#130 = CARTESIAN_POINT('',(-0.35,0.25,0.185));
#131 = VECTOR('',#132,1.);
#132 = DIRECTION('',(0.,-1.,0.));
#133 = ORIENTED_EDGE('',*,*,#70,.T.);
#134 = ORIENTED_EDGE('',*,*,#135,.F.);
#135 = EDGE_CURVE('',#136,#73,#138,.T.);
#136 = VERTEX_POINT('',#137);
#137 = CARTESIAN_POINT('',(-0.315,0.25,0.5));
#138 = LINE('',#139,#140);
#139 = CARTESIAN_POINT('',(-0.315,0.25,0.5));
#140 = VECTOR('',#141,1.);
#141 = DIRECTION('',(0.,-1.,0.));
#142 = ORIENTED_EDGE('',*,*,#143,.F.);
#143 = EDGE_CURVE('',#111,#136,#144,.T.);
#144 = LINE('',#145,#146);
#145 = CARTESIAN_POINT('',(-0.35,0.25,0.185));
#146 = VECTOR('',#147,1.);
#147 = DIRECTION('',(0.110431526075,0.,0.993883734674));
#148 = PLANE('',#149);
#149 = AXIS2_PLACEMENT_3D('',#150,#151,#152);
#150 = CARTESIAN_POINT('',(-0.35,0.25,0.185));
#151 = DIRECTION('',(-0.993883734674,0.,0.110431526075));
#152 = DIRECTION('',(0.110431526075,0.,0.993883734674));
#153 = ADVANCED_FACE('',(#154),#227,.F.);
#154 = FACE_BOUND('',#155,.F.);
#155 = EDGE_LOOP('',(#156,#166,#174,#182,#188,#189,#197,#205,#213,#221)
  );
#156 = ORIENTED_EDGE('',*,*,#157,.F.);
#157 = EDGE_CURVE('',#158,#160,#162,.T.);
#158 = VERTEX_POINT('',#159);
#159 = CARTESIAN_POINT('',(-0.485,-0.25,1.5E-02));
#160 = VERTEX_POINT('',#161);
#161 = CARTESIAN_POINT('',(-0.4625,-0.25,1.5E-02));
#162 = LINE('',#163,#164);
#163 = CARTESIAN_POINT('',(-0.485,-0.25,1.5E-02));
#164 = VECTOR('',#165,1.);
#165 = DIRECTION('',(1.,0.,0.));
#166 = ORIENTED_EDGE('',*,*,#167,.T.);
#167 = EDGE_CURVE('',#158,#168,#170,.T.);
#168 = VERTEX_POINT('',#169);
#169 = CARTESIAN_POINT('',(-0.485,-0.25,0.185));
#170 = LINE('',#171,#172);
#171 = CARTESIAN_POINT('',(-0.485,-0.25,1.5E-02));
#172 = VECTOR('',#173,1.);
#173 = DIRECTION('',(0.,0.,1.));
#174 = ORIENTED_EDGE('',*,*,#175,.T.);
#175 = EDGE_CURVE('',#168,#176,#178,.T.);
#176 = VERTEX_POINT('',#177);
#177 = CARTESIAN_POINT('',(-0.4625,-0.25,0.185));
#178 = LINE('',#179,#180);
#179 = CARTESIAN_POINT('',(-0.485,-0.25,0.185));
#180 = VECTOR('',#181,1.);
#181 = DIRECTION('',(1.,0.,0.));
#182 = ORIENTED_EDGE('',*,*,#183,.T.);
#183 = EDGE_CURVE('',#176,#71,#184,.T.);
#184 = LINE('',#185,#186);
#185 = CARTESIAN_POINT('',(-0.485,-0.25,0.185));
#186 = VECTOR('',#187,1.);
#187 = DIRECTION('',(1.,0.,0.));
#188 = ORIENTED_EDGE('',*,*,#96,.F.);
#189 = ORIENTED_EDGE('',*,*,#190,.T.);
#190 = EDGE_CURVE('',#89,#191,#193,.T.);
#191 = VERTEX_POINT('',#192);
#192 = CARTESIAN_POINT('',(0.4625,-0.25,0.185));
#193 = LINE('',#194,#195);
#194 = CARTESIAN_POINT('',(-0.485,-0.25,0.185));
#195 = VECTOR('',#196,1.);
#196 = DIRECTION('',(1.,0.,0.));
#197 = ORIENTED_EDGE('',*,*,#198,.T.);
#198 = EDGE_CURVE('',#191,#199,#201,.T.);
#199 = VERTEX_POINT('',#200);
#200 = CARTESIAN_POINT('',(0.485,-0.25,0.185));
#201 = LINE('',#202,#203);
#202 = CARTESIAN_POINT('',(-0.485,-0.25,0.185));
#203 = VECTOR('',#204,1.);
#204 = DIRECTION('',(1.,0.,0.));
#205 = ORIENTED_EDGE('',*,*,#206,.F.);
#206 = EDGE_CURVE('',#207,#199,#209,.T.);
#207 = VERTEX_POINT('',#208);
#208 = CARTESIAN_POINT('',(0.485,-0.25,1.5E-02));
#209 = LINE('',#210,#211);
#210 = CARTESIAN_POINT('',(0.485,-0.25,1.5E-02));
#211 = VECTOR('',#212,1.);
#212 = DIRECTION('',(0.,0.,1.));
#213 = ORIENTED_EDGE('',*,*,#214,.F.);
#214 = EDGE_CURVE('',#215,#207,#217,.T.);
#215 = VERTEX_POINT('',#216);
#216 = CARTESIAN_POINT('',(0.4625,-0.25,1.5E-02));
#217 = LINE('',#218,#219);
#218 = CARTESIAN_POINT('',(-0.485,-0.25,1.5E-02));
#219 = VECTOR('',#220,1.);
#220 = DIRECTION('',(1.,0.,0.));
#221 = ORIENTED_EDGE('',*,*,#222,.F.);
#222 = EDGE_CURVE('',#160,#215,#223,.T.);
#223 = LINE('',#224,#225);
#224 = CARTESIAN_POINT('',(-0.485,-0.25,1.5E-02));
#225 = VECTOR('',#226,1.);
#226 = DIRECTION('',(1.,0.,0.));
#227 = PLANE('',#228);
#228 = AXIS2_PLACEMENT_3D('',#229,#230,#231);
#229 = CARTESIAN_POINT('',(-0.485,-0.25,1.5E-02));
#230 = DIRECTION('',(0.,1.,0.));
#231 = DIRECTION('',(0.,-0.,1.));
#232 = ADVANCED_FACE('',(#233),#251,.T.);
#233 = FACE_BOUND('',#234,.T.);
#234 = EDGE_LOOP('',(#235,#236,#237,#245));
#235 = ORIENTED_EDGE('',*,*,#135,.T.);
#236 = ORIENTED_EDGE('',*,*,#80,.T.);
#237 = ORIENTED_EDGE('',*,*,#238,.F.);
#238 = EDGE_CURVE('',#239,#81,#241,.T.);
#239 = VERTEX_POINT('',#240);
#240 = CARTESIAN_POINT('',(0.315,0.25,0.5));
#241 = LINE('',#242,#243);
#242 = CARTESIAN_POINT('',(0.315,0.25,0.5));
#243 = VECTOR('',#244,1.);
#244 = DIRECTION('',(0.,-1.,0.));
#245 = ORIENTED_EDGE('',*,*,#246,.F.);
#246 = EDGE_CURVE('',#136,#239,#247,.T.);
#247 = LINE('',#248,#249);
#248 = CARTESIAN_POINT('',(-0.315,0.25,0.5));
#249 = VECTOR('',#250,1.);
#250 = DIRECTION('',(1.,0.,0.));
#251 = PLANE('',#252);
#252 = AXIS2_PLACEMENT_3D('',#253,#254,#255);
#253 = CARTESIAN_POINT('',(-0.315,0.25,0.5));
#254 = DIRECTION('',(0.,0.,1.));
#255 = DIRECTION('',(1.,0.,-0.));
#256 = ADVANCED_FACE('',(#257),#291,.T.);
#257 = FACE_BOUND('',#258,.T.);
#258 = EDGE_LOOP('',(#259,#260,#261,#269,#277,#285));
#259 = ORIENTED_EDGE('',*,*,#238,.T.);
#260 = ORIENTED_EDGE('',*,*,#88,.T.);
#261 = ORIENTED_EDGE('',*,*,#262,.F.);
#262 = EDGE_CURVE('',#263,#89,#265,.T.);
#263 = VERTEX_POINT('',#264);
#264 = CARTESIAN_POINT('',(0.35,-0.1875,0.185));
#265 = LINE('',#266,#267);
#266 = CARTESIAN_POINT('',(0.35,0.25,0.185));
#267 = VECTOR('',#268,1.);
#268 = DIRECTION('',(0.,-1.,0.));
#269 = ORIENTED_EDGE('',*,*,#270,.T.);
#270 = EDGE_CURVE('',#263,#271,#273,.T.);
#271 = VERTEX_POINT('',#272);
#272 = CARTESIAN_POINT('',(0.35,0.1875,0.185));
#273 = LINE('',#274,#275);
#274 = CARTESIAN_POINT('',(0.35,-0.25,0.185));
#275 = VECTOR('',#276,1.);
#276 = DIRECTION('',(0.,1.,0.));
#277 = ORIENTED_EDGE('',*,*,#278,.F.);
#278 = EDGE_CURVE('',#279,#271,#281,.T.);
#279 = VERTEX_POINT('',#280);
#280 = CARTESIAN_POINT('',(0.35,0.25,0.185));
#281 = LINE('',#282,#283);
#282 = CARTESIAN_POINT('',(0.35,0.25,0.185));
#283 = VECTOR('',#284,1.);
#284 = DIRECTION('',(0.,-1.,0.));
#285 = ORIENTED_EDGE('',*,*,#286,.F.);
#286 = EDGE_CURVE('',#239,#279,#287,.T.);
#287 = LINE('',#288,#289);
#288 = CARTESIAN_POINT('',(0.315,0.25,0.5));
#289 = VECTOR('',#290,1.);
#290 = DIRECTION('',(0.110431526075,0.,-0.993883734674));
#291 = PLANE('',#292);
#292 = AXIS2_PLACEMENT_3D('',#293,#294,#295);
#293 = CARTESIAN_POINT('',(0.315,0.25,0.5));
#294 = DIRECTION('',(0.993883734674,0.,0.110431526075));
#295 = DIRECTION('',(0.110431526075,0.,-0.993883734674));
#296 = ADVANCED_FACE('',(#297),#322,.T.);
#297 = FACE_BOUND('',#298,.T.);
#298 = EDGE_LOOP('',(#299,#307,#315,#321));
#299 = ORIENTED_EDGE('',*,*,#300,.F.);
#300 = EDGE_CURVE('',#301,#111,#303,.T.);
#301 = VERTEX_POINT('',#302);
#302 = CARTESIAN_POINT('',(-0.4625,0.25,0.185));
#303 = LINE('',#304,#305);
#304 = CARTESIAN_POINT('',(-0.485,0.25,0.185));
#305 = VECTOR('',#306,1.);
#306 = DIRECTION('',(1.,0.,0.));
#307 = ORIENTED_EDGE('',*,*,#308,.F.);
#308 = EDGE_CURVE('',#309,#301,#311,.T.);
#309 = VERTEX_POINT('',#310);
#310 = CARTESIAN_POINT('',(-0.4625,0.1875,0.185));
#311 = LINE('',#312,#313);
#312 = CARTESIAN_POINT('',(-0.4625,3.125E-02,0.185));
#313 = VECTOR('',#314,1.);
#314 = DIRECTION('',(0.,1.,0.));
#315 = ORIENTED_EDGE('',*,*,#316,.F.);
#316 = EDGE_CURVE('',#113,#309,#317,.T.);
#317 = LINE('',#318,#319);
#318 = CARTESIAN_POINT('',(-0.47375,0.1875,0.185));
#319 = VECTOR('',#320,1.);
#320 = DIRECTION('',(-1.,0.,0.));
#321 = ORIENTED_EDGE('',*,*,#110,.F.);
#322 = PLANE('',#323);
#323 = AXIS2_PLACEMENT_3D('',#324,#325,#326);
#324 = CARTESIAN_POINT('',(-0.485,-0.25,0.185));
#325 = DIRECTION('',(0.,0.,1.));
#326 = DIRECTION('',(1.,0.,-0.));
#327 = ADVANCED_FACE('',(#328),#339,.T.);
#328 = FACE_BOUND('',#329,.T.);
#329 = EDGE_LOOP('',(#330,#331,#332,#333));
#330 = ORIENTED_EDGE('',*,*,#143,.T.);
#331 = ORIENTED_EDGE('',*,*,#246,.T.);
#332 = ORIENTED_EDGE('',*,*,#286,.T.);
#333 = ORIENTED_EDGE('',*,*,#334,.T.);
#334 = EDGE_CURVE('',#279,#111,#335,.T.);
#335 = LINE('',#336,#337);
#336 = CARTESIAN_POINT('',(0.35,0.25,0.185));
#337 = VECTOR('',#338,1.);
#338 = DIRECTION('',(-1.,0.,0.));
#339 = PLANE('',#340);
#340 = AXIS2_PLACEMENT_3D('',#341,#342,#343);
#341 = CARTESIAN_POINT('',(0.,0.25,0.336886104513));
#342 = DIRECTION('',(0.,1.,0.));
#343 = DIRECTION('',(0.,-0.,1.));
#344 = ADVANCED_FACE('',(#345),#372,.T.);
#345 = FACE_BOUND('',#346,.T.);
#346 = EDGE_LOOP('',(#347,#356,#364,#371));
#347 = ORIENTED_EDGE('',*,*,#348,.F.);
#348 = EDGE_CURVE('',#349,#113,#351,.T.);
#349 = VERTEX_POINT('',#350);
#350 = CARTESIAN_POINT('',(-0.365,0.1875,0.2));
#351 = CIRCLE('',#352,1.5E-02);
#352 = AXIS2_PLACEMENT_3D('',#353,#354,#355);
#353 = CARTESIAN_POINT('',(-0.365,0.1875,0.185));
#354 = DIRECTION('',(-0.,1.,0.));
#355 = DIRECTION('',(1.,0.,0.));
#356 = ORIENTED_EDGE('',*,*,#357,.F.);
#357 = EDGE_CURVE('',#358,#349,#360,.T.);
#358 = VERTEX_POINT('',#359);
#359 = CARTESIAN_POINT('',(-0.365,-0.1875,0.2));
#360 = LINE('',#361,#362);
#361 = CARTESIAN_POINT('',(-0.365,-0.25,0.2));
#362 = VECTOR('',#363,1.);
#363 = DIRECTION('',(0.,1.,0.));
#364 = ORIENTED_EDGE('',*,*,#365,.T.);
#365 = EDGE_CURVE('',#358,#121,#366,.T.);
#366 = CIRCLE('',#367,1.5E-02);
#367 = AXIS2_PLACEMENT_3D('',#368,#369,#370);
#368 = CARTESIAN_POINT('',(-0.365,-0.1875,0.185));
#369 = DIRECTION('',(-0.,1.,0.));
#370 = DIRECTION('',(1.,0.,0.));
#371 = ORIENTED_EDGE('',*,*,#120,.T.);
#372 = CYLINDRICAL_SURFACE('',#373,1.5E-02);
#373 = AXIS2_PLACEMENT_3D('',#374,#375,#376);
#374 = CARTESIAN_POINT('',(-0.365,-0.25,0.185));
#375 = DIRECTION('',(0.,1.,0.));
#376 = DIRECTION('',(1.,0.,0.));
#377 = ADVANCED_FACE('',(#378),#396,.T.);
#378 = FACE_BOUND('',#379,.T.);
#379 = EDGE_LOOP('',(#380,#388,#389,#390));
#380 = ORIENTED_EDGE('',*,*,#381,.F.);
#381 = EDGE_CURVE('',#176,#382,#384,.T.);
#382 = VERTEX_POINT('',#383);
#383 = CARTESIAN_POINT('',(-0.4625,-0.1875,0.185));
#384 = LINE('',#385,#386);
#385 = CARTESIAN_POINT('',(-0.4625,-0.21875,0.185));
#386 = VECTOR('',#387,1.);
#387 = DIRECTION('',(0.,1.,0.));
#388 = ORIENTED_EDGE('',*,*,#183,.T.);
#389 = ORIENTED_EDGE('',*,*,#128,.F.);
#390 = ORIENTED_EDGE('',*,*,#391,.F.);
#391 = EDGE_CURVE('',#382,#121,#392,.T.);
#392 = LINE('',#393,#394);
#393 = CARTESIAN_POINT('',(-1.125E-02,-0.1875,0.185));
#394 = VECTOR('',#395,1.);
#395 = DIRECTION('',(1.,0.,0.));
#396 = PLANE('',#397);
#397 = AXIS2_PLACEMENT_3D('',#398,#399,#400);
#398 = CARTESIAN_POINT('',(-0.485,-0.25,0.185));
#399 = DIRECTION('',(0.,0.,1.));
#400 = DIRECTION('',(1.,0.,-0.));
#401 = ADVANCED_FACE('',(#402),#463,.F.);
#402 = FACE_BOUND('',#403,.F.);
#403 = EDGE_LOOP('',(#404,#414,#423,#431,#440,#448,#454,#455,#456,#457)
  );
#404 = ORIENTED_EDGE('',*,*,#405,.F.);
#405 = EDGE_CURVE('',#406,#408,#410,.T.);
#406 = VERTEX_POINT('',#407);
#407 = CARTESIAN_POINT('',(-0.485,-0.25,-1.734723475977E-18));
#408 = VERTEX_POINT('',#409);
#409 = CARTESIAN_POINT('',(-0.4625,-0.25,0.));
#410 = LINE('',#411,#412);
#411 = CARTESIAN_POINT('',(-0.5,-0.25,0.));
#412 = VECTOR('',#413,1.);
#413 = DIRECTION('',(1.,0.,0.));
#414 = ORIENTED_EDGE('',*,*,#415,.F.);
#415 = EDGE_CURVE('',#416,#406,#418,.T.);
#416 = VERTEX_POINT('',#417);
#417 = CARTESIAN_POINT('',(-0.5,-0.25,1.5E-02));
#418 = CIRCLE('',#419,1.5E-02);
#419 = AXIS2_PLACEMENT_3D('',#420,#421,#422);
#420 = CARTESIAN_POINT('',(-0.485,-0.25,1.5E-02));
#421 = DIRECTION('',(0.,-1.,0.));
#422 = DIRECTION('',(0.,0.,1.));
#423 = ORIENTED_EDGE('',*,*,#424,.T.);
#424 = EDGE_CURVE('',#416,#425,#427,.T.);
#425 = VERTEX_POINT('',#426);
#426 = CARTESIAN_POINT('',(-0.5,-0.25,0.185));
#427 = LINE('',#428,#429);
#428 = CARTESIAN_POINT('',(-0.5,-0.25,0.));
#429 = VECTOR('',#430,1.);
#430 = DIRECTION('',(0.,0.,1.));
#431 = ORIENTED_EDGE('',*,*,#432,.T.);
#432 = EDGE_CURVE('',#425,#433,#435,.T.);
#433 = VERTEX_POINT('',#434);
#434 = CARTESIAN_POINT('',(-0.485,-0.25,0.2));
#435 = CIRCLE('',#436,1.5E-02);
#436 = AXIS2_PLACEMENT_3D('',#437,#438,#439);
#437 = CARTESIAN_POINT('',(-0.485,-0.25,0.185));
#438 = DIRECTION('',(0.,1.,0.));
#439 = DIRECTION('',(0.,-0.,1.));
#440 = ORIENTED_EDGE('',*,*,#441,.T.);
#441 = EDGE_CURVE('',#433,#442,#444,.T.);
#442 = VERTEX_POINT('',#443);
#443 = CARTESIAN_POINT('',(-0.4625,-0.25,0.2));
#444 = LINE('',#445,#446);
#445 = CARTESIAN_POINT('',(-0.5,-0.25,0.2));
#446 = VECTOR('',#447,1.);
#447 = DIRECTION('',(1.,0.,0.));
#448 = ORIENTED_EDGE('',*,*,#449,.F.);
#449 = EDGE_CURVE('',#176,#442,#450,.T.);
#450 = LINE('',#451,#452);
#451 = CARTESIAN_POINT('',(-0.4625,-0.25,0.15));
#452 = VECTOR('',#453,1.);
#453 = DIRECTION('',(0.,0.,1.));
#454 = ORIENTED_EDGE('',*,*,#175,.F.);
#455 = ORIENTED_EDGE('',*,*,#167,.F.);
#456 = ORIENTED_EDGE('',*,*,#157,.T.);
#457 = ORIENTED_EDGE('',*,*,#458,.F.);
#458 = EDGE_CURVE('',#408,#160,#459,.T.);
#459 = LINE('',#460,#461);
#460 = CARTESIAN_POINT('',(-0.4625,-0.25,0.15));
#461 = VECTOR('',#462,1.);
#462 = DIRECTION('',(0.,0.,1.));
#463 = PLANE('',#464);
#464 = AXIS2_PLACEMENT_3D('',#465,#466,#467);
#465 = CARTESIAN_POINT('',(-0.5,-0.25,0.));
#466 = DIRECTION('',(0.,1.,0.));
#467 = DIRECTION('',(0.,-0.,1.));
#468 = ADVANCED_FACE('',(#469,#558),#584,.F.);
#469 = FACE_BOUND('',#470,.F.);
#470 = EDGE_LOOP('',(#471,#479,#480,#488,#496,#504,#512,#520,#528,#536,
    #544,#552));
#471 = ORIENTED_EDGE('',*,*,#472,.F.);
#472 = EDGE_CURVE('',#160,#473,#475,.T.);
#473 = VERTEX_POINT('',#474);
#474 = CARTESIAN_POINT('',(-0.4625,-0.1875,1.5E-02));
#475 = LINE('',#476,#477);
#476 = CARTESIAN_POINT('',(-0.4625,-0.21875,1.5E-02));
#477 = VECTOR('',#478,1.);
#478 = DIRECTION('',(0.,1.,0.));
#479 = ORIENTED_EDGE('',*,*,#222,.T.);
#480 = ORIENTED_EDGE('',*,*,#481,.F.);
#481 = EDGE_CURVE('',#482,#215,#484,.T.);
#482 = VERTEX_POINT('',#483);
#483 = CARTESIAN_POINT('',(0.4625,-0.1875,1.5E-02));
#484 = LINE('',#485,#486);
#485 = CARTESIAN_POINT('',(0.4625,-0.28125,1.5E-02));
#486 = VECTOR('',#487,1.);
#487 = DIRECTION('',(0.,-1.,0.));
#488 = ORIENTED_EDGE('',*,*,#489,.F.);
#489 = EDGE_CURVE('',#490,#482,#492,.T.);
#490 = VERTEX_POINT('',#491);
#491 = CARTESIAN_POINT('',(0.35,-0.1875,1.5E-02));
#492 = LINE('',#493,#494);
#493 = CARTESIAN_POINT('',(-1.125E-02,-0.1875,1.5E-02));
#494 = VECTOR('',#495,1.);
#495 = DIRECTION('',(1.,0.,0.));
#496 = ORIENTED_EDGE('',*,*,#497,.T.);
#497 = EDGE_CURVE('',#490,#498,#500,.T.);
#498 = VERTEX_POINT('',#499);
#499 = CARTESIAN_POINT('',(0.35,0.1875,1.5E-02));
#500 = LINE('',#501,#502);
#501 = CARTESIAN_POINT('',(0.35,-0.25,1.5E-02));
#502 = VECTOR('',#503,1.);
#503 = DIRECTION('',(0.,1.,0.));
#504 = ORIENTED_EDGE('',*,*,#505,.F.);
#505 = EDGE_CURVE('',#506,#498,#508,.T.);
#506 = VERTEX_POINT('',#507);
#507 = CARTESIAN_POINT('',(0.4625,0.1875,1.5E-02));
#508 = LINE('',#509,#510);
#509 = CARTESIAN_POINT('',(-0.47375,0.1875,1.5E-02));
#510 = VECTOR('',#511,1.);
#511 = DIRECTION('',(-1.,0.,0.));
#512 = ORIENTED_EDGE('',*,*,#513,.F.);
#513 = EDGE_CURVE('',#514,#506,#516,.T.);
#514 = VERTEX_POINT('',#515);
#515 = CARTESIAN_POINT('',(0.4625,0.25,1.5E-02));
#516 = LINE('',#517,#518);
#517 = CARTESIAN_POINT('',(0.4625,-3.125E-02,1.5E-02));
#518 = VECTOR('',#519,1.);
#519 = DIRECTION('',(0.,-1.,0.));
#520 = ORIENTED_EDGE('',*,*,#521,.F.);
#521 = EDGE_CURVE('',#522,#514,#524,.T.);
#522 = VERTEX_POINT('',#523);
#523 = CARTESIAN_POINT('',(-0.4625,0.25,1.5E-02));
#524 = LINE('',#525,#526);
#525 = CARTESIAN_POINT('',(-0.485,0.25,1.5E-02));
#526 = VECTOR('',#527,1.);
#527 = DIRECTION('',(1.,0.,0.));
#528 = ORIENTED_EDGE('',*,*,#529,.F.);
#529 = EDGE_CURVE('',#530,#522,#532,.T.);
#530 = VERTEX_POINT('',#531);
#531 = CARTESIAN_POINT('',(-0.4625,0.1875,1.5E-02));
#532 = LINE('',#533,#534);
#533 = CARTESIAN_POINT('',(-0.4625,3.125E-02,1.5E-02));
#534 = VECTOR('',#535,1.);
#535 = DIRECTION('',(0.,1.,0.));
#536 = ORIENTED_EDGE('',*,*,#537,.F.);
#537 = EDGE_CURVE('',#538,#530,#540,.T.);
#538 = VERTEX_POINT('',#539);
#539 = CARTESIAN_POINT('',(-0.35,0.1875,1.5E-02));
#540 = LINE('',#541,#542);
#541 = CARTESIAN_POINT('',(-0.47375,0.1875,1.5E-02));
#542 = VECTOR('',#543,1.);
#543 = DIRECTION('',(-1.,0.,0.));
#544 = ORIENTED_EDGE('',*,*,#545,.F.);
#545 = EDGE_CURVE('',#546,#538,#548,.T.);
#546 = VERTEX_POINT('',#547);
#547 = CARTESIAN_POINT('',(-0.35,-0.1875,1.5E-02));
#548 = LINE('',#549,#550);
#549 = CARTESIAN_POINT('',(-0.35,-0.25,1.5E-02));
#550 = VECTOR('',#551,1.);
#551 = DIRECTION('',(0.,1.,0.));
#552 = ORIENTED_EDGE('',*,*,#553,.F.);
#553 = EDGE_CURVE('',#473,#546,#554,.T.);
#554 = LINE('',#555,#556);
#555 = CARTESIAN_POINT('',(-1.125E-02,-0.1875,1.5E-02));
#556 = VECTOR('',#557,1.);
#557 = DIRECTION('',(1.,0.,0.));
#558 = FACE_BOUND('',#559,.F.);
#559 = EDGE_LOOP('',(#560,#570,#578));
#560 = ORIENTED_EDGE('',*,*,#561,.T.);
#561 = EDGE_CURVE('',#562,#564,#566,.T.);
#562 = VERTEX_POINT('',#563);
#563 = CARTESIAN_POINT('',(0.173205080757,0.2,1.5E-02));
#564 = VERTEX_POINT('',#565);
#565 = CARTESIAN_POINT('',(0.173205080757,-0.2,1.5E-02));
#566 = LINE('',#567,#568);
#567 = CARTESIAN_POINT('',(0.173205080757,0.2,1.5E-02));
#568 = VECTOR('',#569,1.);
#569 = DIRECTION('',(0.,-1.,0.));
#570 = ORIENTED_EDGE('',*,*,#571,.T.);
#571 = EDGE_CURVE('',#564,#572,#574,.T.);
#572 = VERTEX_POINT('',#573);
#573 = CARTESIAN_POINT('',(-0.173205080757,0.,1.5E-02));
#574 = LINE('',#575,#576);
#575 = CARTESIAN_POINT('',(0.173205080757,-0.2,1.5E-02));
#576 = VECTOR('',#577,1.);
#577 = DIRECTION('',(-0.866025403784,0.5,0.));
#578 = ORIENTED_EDGE('',*,*,#579,.T.);
#579 = EDGE_CURVE('',#572,#562,#580,.T.);
#580 = LINE('',#581,#582);
#581 = CARTESIAN_POINT('',(-0.173205080757,0.,1.5E-02));
#582 = VECTOR('',#583,1.);
#583 = DIRECTION('',(0.866025403784,0.5,0.));
#584 = PLANE('',#585);
#585 = AXIS2_PLACEMENT_3D('',#586,#587,#588);
#586 = CARTESIAN_POINT('',(-0.485,-0.25,1.5E-02));
#587 = DIRECTION('',(0.,0.,1.));
#588 = DIRECTION('',(1.,0.,-0.));
#589 = ADVANCED_FACE('',(#590),#651,.F.);
#590 = FACE_BOUND('',#591,.F.);
#591 = EDGE_LOOP('',(#592,#602,#608,#609,#610,#611,#619,#627,#636,#644)
  );
#592 = ORIENTED_EDGE('',*,*,#593,.F.);
#593 = EDGE_CURVE('',#594,#596,#598,.T.);
#594 = VERTEX_POINT('',#595);
#595 = CARTESIAN_POINT('',(0.4625,-0.25,0.));
#596 = VERTEX_POINT('',#597);
#597 = CARTESIAN_POINT('',(0.485,-0.25,-1.734723475977E-18));
#598 = LINE('',#599,#600);
#599 = CARTESIAN_POINT('',(0.35,-0.25,0.));
#600 = VECTOR('',#601,1.);
#601 = DIRECTION('',(1.,0.,0.));
#602 = ORIENTED_EDGE('',*,*,#603,.F.);
#603 = EDGE_CURVE('',#215,#594,#604,.T.);
#604 = LINE('',#605,#606);
#605 = CARTESIAN_POINT('',(0.4625,-0.25,0.15));
#606 = VECTOR('',#607,1.);
#607 = DIRECTION('',(0.,0.,-1.));
#608 = ORIENTED_EDGE('',*,*,#214,.T.);
#609 = ORIENTED_EDGE('',*,*,#206,.T.);
#610 = ORIENTED_EDGE('',*,*,#198,.F.);
#611 = ORIENTED_EDGE('',*,*,#612,.F.);
#612 = EDGE_CURVE('',#613,#191,#615,.T.);
#613 = VERTEX_POINT('',#614);
#614 = CARTESIAN_POINT('',(0.4625,-0.25,0.2));
#615 = LINE('',#616,#617);
#616 = CARTESIAN_POINT('',(0.4625,-0.25,0.15));
#617 = VECTOR('',#618,1.);
#618 = DIRECTION('',(0.,0.,-1.));
#619 = ORIENTED_EDGE('',*,*,#620,.T.);
#620 = EDGE_CURVE('',#613,#621,#623,.T.);
#621 = VERTEX_POINT('',#622);
#622 = CARTESIAN_POINT('',(0.485,-0.25,0.2));
#623 = LINE('',#624,#625);
#624 = CARTESIAN_POINT('',(0.35,-0.25,0.2));
#625 = VECTOR('',#626,1.);
#626 = DIRECTION('',(1.,0.,0.));
#627 = ORIENTED_EDGE('',*,*,#628,.F.);
#628 = EDGE_CURVE('',#629,#621,#631,.T.);
#629 = VERTEX_POINT('',#630);
#630 = CARTESIAN_POINT('',(0.5,-0.25,0.185));
#631 = CIRCLE('',#632,1.5E-02);
#632 = AXIS2_PLACEMENT_3D('',#633,#634,#635);
#633 = CARTESIAN_POINT('',(0.485,-0.25,0.185));
#634 = DIRECTION('',(0.,-1.,0.));
#635 = DIRECTION('',(0.,0.,1.));
#636 = ORIENTED_EDGE('',*,*,#637,.F.);
#637 = EDGE_CURVE('',#638,#629,#640,.T.);
#638 = VERTEX_POINT('',#639);
#639 = CARTESIAN_POINT('',(0.5,-0.25,1.5E-02));
#640 = LINE('',#641,#642);
#641 = CARTESIAN_POINT('',(0.5,-0.25,0.));
#642 = VECTOR('',#643,1.);
#643 = DIRECTION('',(0.,0.,1.));
#644 = ORIENTED_EDGE('',*,*,#645,.T.);
#645 = EDGE_CURVE('',#638,#596,#646,.T.);
#646 = CIRCLE('',#647,1.5E-02);
#647 = AXIS2_PLACEMENT_3D('',#648,#649,#650);
#648 = CARTESIAN_POINT('',(0.485,-0.25,1.5E-02));
#649 = DIRECTION('',(0.,1.,0.));
#650 = DIRECTION('',(0.,-0.,1.));
#651 = PLANE('',#652);
#652 = AXIS2_PLACEMENT_3D('',#653,#654,#655);
#653 = CARTESIAN_POINT('',(0.35,-0.25,0.));
#654 = DIRECTION('',(0.,1.,0.));
#655 = DIRECTION('',(0.,-0.,1.));
#656 = ADVANCED_FACE('',(#657),#675,.T.);
#657 = FACE_BOUND('',#658,.T.);
#658 = EDGE_LOOP('',(#659,#667,#668,#669));
#659 = ORIENTED_EDGE('',*,*,#660,.F.);
#660 = EDGE_CURVE('',#263,#661,#663,.T.);
#661 = VERTEX_POINT('',#662);
#662 = CARTESIAN_POINT('',(0.4625,-0.1875,0.185));
#663 = LINE('',#664,#665);
#664 = CARTESIAN_POINT('',(-1.125E-02,-0.1875,0.185));
#665 = VECTOR('',#666,1.);
#666 = DIRECTION('',(1.,0.,0.));
#667 = ORIENTED_EDGE('',*,*,#262,.T.);
#668 = ORIENTED_EDGE('',*,*,#190,.T.);
#669 = ORIENTED_EDGE('',*,*,#670,.F.);
#670 = EDGE_CURVE('',#661,#191,#671,.T.);
#671 = LINE('',#672,#673);
#672 = CARTESIAN_POINT('',(0.4625,-0.28125,0.185));
#673 = VECTOR('',#674,1.);
#674 = DIRECTION('',(0.,-1.,0.));
#675 = PLANE('',#676);
#676 = AXIS2_PLACEMENT_3D('',#677,#678,#679);
#677 = CARTESIAN_POINT('',(-0.485,-0.25,0.185));
#678 = DIRECTION('',(0.,0.,1.));
#679 = DIRECTION('',(1.,0.,-0.));
#680 = ADVANCED_FACE('',(#681),#706,.T.);
#681 = FACE_BOUND('',#682,.T.);
#682 = EDGE_LOOP('',(#683,#691,#692,#700));
#683 = ORIENTED_EDGE('',*,*,#684,.F.);
#684 = EDGE_CURVE('',#279,#685,#687,.T.);
#685 = VERTEX_POINT('',#686);
#686 = CARTESIAN_POINT('',(0.4625,0.25,0.185));
#687 = LINE('',#688,#689);
#688 = CARTESIAN_POINT('',(-0.485,0.25,0.185));
#689 = VECTOR('',#690,1.);
#690 = DIRECTION('',(1.,0.,0.));
#691 = ORIENTED_EDGE('',*,*,#278,.T.);
#692 = ORIENTED_EDGE('',*,*,#693,.F.);
#693 = EDGE_CURVE('',#694,#271,#696,.T.);
#694 = VERTEX_POINT('',#695);
#695 = CARTESIAN_POINT('',(0.4625,0.1875,0.185));
#696 = LINE('',#697,#698);
#697 = CARTESIAN_POINT('',(-0.47375,0.1875,0.185));
#698 = VECTOR('',#699,1.);
#699 = DIRECTION('',(-1.,0.,0.));
#700 = ORIENTED_EDGE('',*,*,#701,.F.);
#701 = EDGE_CURVE('',#685,#694,#702,.T.);
#702 = LINE('',#703,#704);
#703 = CARTESIAN_POINT('',(0.4625,-3.125E-02,0.185));
#704 = VECTOR('',#705,1.);
#705 = DIRECTION('',(0.,-1.,0.));
#706 = PLANE('',#707);
#707 = AXIS2_PLACEMENT_3D('',#708,#709,#710);
#708 = CARTESIAN_POINT('',(-0.485,-0.25,0.185));
#709 = DIRECTION('',(0.,0.,1.));
#710 = DIRECTION('',(1.,0.,-0.));
#711 = ADVANCED_FACE('',(#712),#739,.T.);
#712 = FACE_BOUND('',#713,.T.);
#713 = EDGE_LOOP('',(#714,#715,#724,#732));
#714 = ORIENTED_EDGE('',*,*,#270,.F.);
#715 = ORIENTED_EDGE('',*,*,#716,.T.);
#716 = EDGE_CURVE('',#263,#717,#719,.T.);
#717 = VERTEX_POINT('',#718);
#718 = CARTESIAN_POINT('',(0.365,-0.1875,0.2));
#719 = CIRCLE('',#720,1.5E-02);
#720 = AXIS2_PLACEMENT_3D('',#721,#722,#723);
#721 = CARTESIAN_POINT('',(0.365,-0.1875,0.185));
#722 = DIRECTION('',(0.,1.,-0.));
#723 = DIRECTION('',(-1.,0.,0.));
#724 = ORIENTED_EDGE('',*,*,#725,.T.);
#725 = EDGE_CURVE('',#717,#726,#728,.T.);
#726 = VERTEX_POINT('',#727);
#727 = CARTESIAN_POINT('',(0.365,0.1875,0.2));
#728 = LINE('',#729,#730);
#729 = CARTESIAN_POINT('',(0.365,-0.25,0.2));
#730 = VECTOR('',#731,1.);
#731 = DIRECTION('',(0.,1.,0.));
#732 = ORIENTED_EDGE('',*,*,#733,.F.);
#733 = EDGE_CURVE('',#271,#726,#734,.T.);
#734 = CIRCLE('',#735,1.5E-02);
#735 = AXIS2_PLACEMENT_3D('',#736,#737,#738);
#736 = CARTESIAN_POINT('',(0.365,0.1875,0.185));
#737 = DIRECTION('',(0.,1.,-0.));
#738 = DIRECTION('',(-1.,0.,0.));
#739 = CYLINDRICAL_SURFACE('',#740,1.5E-02);
#740 = AXIS2_PLACEMENT_3D('',#741,#742,#743);
#741 = CARTESIAN_POINT('',(0.365,-0.25,0.185));
#742 = DIRECTION('',(0.,1.,0.));
#743 = DIRECTION('',(-1.,0.,0.));
#744 = ADVANCED_FACE('',(#745),#795,.T.);
#745 = FACE_BOUND('',#746,.T.);
#746 = EDGE_LOOP('',(#747,#755,#763,#769,#770,#771,#772,#780,#788,#794)
  );
#747 = ORIENTED_EDGE('',*,*,#748,.F.);
#748 = EDGE_CURVE('',#749,#522,#751,.T.);
#749 = VERTEX_POINT('',#750);
#750 = CARTESIAN_POINT('',(-0.485,0.25,1.5E-02));
#751 = LINE('',#752,#753);
#752 = CARTESIAN_POINT('',(-0.485,0.25,1.5E-02));
#753 = VECTOR('',#754,1.);
#754 = DIRECTION('',(1.,0.,0.));
#755 = ORIENTED_EDGE('',*,*,#756,.T.);
#756 = EDGE_CURVE('',#749,#757,#759,.T.);
#757 = VERTEX_POINT('',#758);
#758 = CARTESIAN_POINT('',(-0.485,0.25,0.185));
#759 = LINE('',#760,#761);
#760 = CARTESIAN_POINT('',(-0.485,0.25,1.5E-02));
#761 = VECTOR('',#762,1.);
#762 = DIRECTION('',(0.,0.,1.));
#763 = ORIENTED_EDGE('',*,*,#764,.T.);
#764 = EDGE_CURVE('',#757,#301,#765,.T.);
#765 = LINE('',#766,#767);
#766 = CARTESIAN_POINT('',(-0.485,0.25,0.185));
#767 = VECTOR('',#768,1.);
#768 = DIRECTION('',(1.,0.,0.));
#769 = ORIENTED_EDGE('',*,*,#300,.T.);
#770 = ORIENTED_EDGE('',*,*,#334,.F.);
#771 = ORIENTED_EDGE('',*,*,#684,.T.);
#772 = ORIENTED_EDGE('',*,*,#773,.T.);
#773 = EDGE_CURVE('',#685,#774,#776,.T.);
#774 = VERTEX_POINT('',#775);
#775 = CARTESIAN_POINT('',(0.485,0.25,0.185));
#776 = LINE('',#777,#778);
#777 = CARTESIAN_POINT('',(-0.485,0.25,0.185));
#778 = VECTOR('',#779,1.);
#779 = DIRECTION('',(1.,0.,0.));
#780 = ORIENTED_EDGE('',*,*,#781,.F.);
#781 = EDGE_CURVE('',#782,#774,#784,.T.);
#782 = VERTEX_POINT('',#783);
#783 = CARTESIAN_POINT('',(0.485,0.25,1.5E-02));
#784 = LINE('',#785,#786);
#785 = CARTESIAN_POINT('',(0.485,0.25,1.5E-02));
#786 = VECTOR('',#787,1.);
#787 = DIRECTION('',(0.,0.,1.));
#788 = ORIENTED_EDGE('',*,*,#789,.F.);
#789 = EDGE_CURVE('',#514,#782,#790,.T.);
#790 = LINE('',#791,#792);
#791 = CARTESIAN_POINT('',(-0.485,0.25,1.5E-02));
#792 = VECTOR('',#793,1.);
#793 = DIRECTION('',(1.,0.,0.));
#794 = ORIENTED_EDGE('',*,*,#521,.F.);
#795 = PLANE('',#796);
#796 = AXIS2_PLACEMENT_3D('',#797,#798,#799);
#797 = CARTESIAN_POINT('',(-0.485,0.25,1.5E-02));
#798 = DIRECTION('',(0.,1.,0.));
#799 = DIRECTION('',(0.,-0.,1.));
#800 = ADVANCED_FACE('',(#801),#819,.F.);
#801 = FACE_BOUND('',#802,.F.);
#802 = EDGE_LOOP('',(#803,#811,#817,#818));
#803 = ORIENTED_EDGE('',*,*,#804,.F.);
#804 = EDGE_CURVE('',#805,#349,#807,.T.);
#805 = VERTEX_POINT('',#806);
#806 = CARTESIAN_POINT('',(-0.4625,0.1875,0.2));
#807 = LINE('',#808,#809);
#808 = CARTESIAN_POINT('',(-0.48125,0.1875,0.2));
#809 = VECTOR('',#810,1.);
#810 = DIRECTION('',(1.,0.,0.));
#811 = ORIENTED_EDGE('',*,*,#812,.T.);
#812 = EDGE_CURVE('',#805,#309,#813,.T.);
#813 = LINE('',#814,#815);
#814 = CARTESIAN_POINT('',(-0.4625,0.1875,0.3));
#815 = VECTOR('',#816,1.);
#816 = DIRECTION('',(-0.,-0.,-1.));
#817 = ORIENTED_EDGE('',*,*,#316,.F.);
#818 = ORIENTED_EDGE('',*,*,#348,.F.);
#819 = PLANE('',#820);
#820 = AXIS2_PLACEMENT_3D('',#821,#822,#823);
#821 = CARTESIAN_POINT('',(-0.4625,0.1875,0.3));
#822 = DIRECTION('',(0.,-1.,0.));
#823 = DIRECTION('',(1.,0.,0.));
#824 = ADVANCED_FACE('',(#825),#843,.F.);
#825 = FACE_BOUND('',#826,.F.);
#826 = EDGE_LOOP('',(#827,#828,#836,#842));
#827 = ORIENTED_EDGE('',*,*,#812,.F.);
#828 = ORIENTED_EDGE('',*,*,#829,.F.);
#829 = EDGE_CURVE('',#830,#805,#832,.T.);
#830 = VERTEX_POINT('',#831);
#831 = CARTESIAN_POINT('',(-0.4625,0.25,0.2));
#832 = LINE('',#833,#834);
#833 = CARTESIAN_POINT('',(-0.4625,3.125E-02,0.2));
#834 = VECTOR('',#835,1.);
#835 = DIRECTION('',(0.,-1.,0.));
#836 = ORIENTED_EDGE('',*,*,#837,.F.);
#837 = EDGE_CURVE('',#301,#830,#838,.T.);
#838 = LINE('',#839,#840);
#839 = CARTESIAN_POINT('',(-0.4625,0.25,0.15));
#840 = VECTOR('',#841,1.);
#841 = DIRECTION('',(0.,0.,1.));
#842 = ORIENTED_EDGE('',*,*,#308,.F.);
#843 = PLANE('',#844);
#844 = AXIS2_PLACEMENT_3D('',#845,#846,#847);
#845 = CARTESIAN_POINT('',(-0.4625,0.3125,0.3));
#846 = DIRECTION('',(-1.,0.,0.));
#847 = DIRECTION('',(0.,-1.,0.));
#848 = ADVANCED_FACE('',(#849),#867,.F.);
#849 = FACE_BOUND('',#850,.F.);
#850 = EDGE_LOOP('',(#851,#859,#865,#866));
#851 = ORIENTED_EDGE('',*,*,#852,.F.);
#852 = EDGE_CURVE('',#853,#382,#855,.T.);
#853 = VERTEX_POINT('',#854);
#854 = CARTESIAN_POINT('',(-0.4625,-0.1875,0.2));
#855 = LINE('',#856,#857);
#856 = CARTESIAN_POINT('',(-0.4625,-0.1875,0.3));
#857 = VECTOR('',#858,1.);
#858 = DIRECTION('',(-0.,-0.,-1.));
#859 = ORIENTED_EDGE('',*,*,#860,.F.);
#860 = EDGE_CURVE('',#358,#853,#861,.T.);
#861 = LINE('',#862,#863);
#862 = CARTESIAN_POINT('',(-1.875E-02,-0.1875,0.2));
#863 = VECTOR('',#864,1.);
#864 = DIRECTION('',(-1.,0.,0.));
#865 = ORIENTED_EDGE('',*,*,#365,.T.);
#866 = ORIENTED_EDGE('',*,*,#391,.F.);
#867 = PLANE('',#868);
#868 = AXIS2_PLACEMENT_3D('',#869,#870,#871);
#869 = CARTESIAN_POINT('',(0.4625,-0.1875,0.3));
#870 = DIRECTION('',(0.,1.,0.));
#871 = DIRECTION('',(-1.,0.,0.));
#872 = ADVANCED_FACE('',(#873),#900,.T.);
#873 = FACE_BOUND('',#874,.T.);
#874 = EDGE_LOOP('',(#875,#883,#889,#890,#896,#897,#898,#899));
#875 = ORIENTED_EDGE('',*,*,#876,.F.);
#876 = EDGE_CURVE('',#877,#830,#879,.T.);
#877 = VERTEX_POINT('',#878);
#878 = CARTESIAN_POINT('',(-0.485,0.25,0.2));
#879 = LINE('',#880,#881);
#880 = CARTESIAN_POINT('',(-0.5,0.25,0.2));
#881 = VECTOR('',#882,1.);
#882 = DIRECTION('',(1.,0.,0.));
#883 = ORIENTED_EDGE('',*,*,#884,.F.);
#884 = EDGE_CURVE('',#433,#877,#885,.T.);
#885 = LINE('',#886,#887);
#886 = CARTESIAN_POINT('',(-0.485,-0.25,0.2));
#887 = VECTOR('',#888,1.);
#888 = DIRECTION('',(0.,1.,0.));
#889 = ORIENTED_EDGE('',*,*,#441,.T.);
#890 = ORIENTED_EDGE('',*,*,#891,.F.);
#891 = EDGE_CURVE('',#853,#442,#892,.T.);
#892 = LINE('',#893,#894);
#893 = CARTESIAN_POINT('',(-0.4625,-0.21875,0.2));
#894 = VECTOR('',#895,1.);
#895 = DIRECTION('',(0.,-1.,0.));
#896 = ORIENTED_EDGE('',*,*,#860,.F.);
#897 = ORIENTED_EDGE('',*,*,#357,.T.);
#898 = ORIENTED_EDGE('',*,*,#804,.F.);
#899 = ORIENTED_EDGE('',*,*,#829,.F.);
#900 = PLANE('',#901);
#901 = AXIS2_PLACEMENT_3D('',#902,#903,#904);
#902 = CARTESIAN_POINT('',(-0.5,-0.25,0.2));
#903 = DIRECTION('',(0.,0.,1.));
#904 = DIRECTION('',(1.,0.,-0.));
#905 = ADVANCED_FACE('',(#906),#912,.F.);
#906 = FACE_BOUND('',#907,.F.);
#907 = EDGE_LOOP('',(#908,#909,#910,#911));
#908 = ORIENTED_EDGE('',*,*,#891,.F.);
#909 = ORIENTED_EDGE('',*,*,#852,.T.);
#910 = ORIENTED_EDGE('',*,*,#381,.F.);
#911 = ORIENTED_EDGE('',*,*,#449,.T.);
#912 = PLANE('',#913);
#913 = AXIS2_PLACEMENT_3D('',#914,#915,#916);
#914 = CARTESIAN_POINT('',(-0.4625,-0.1875,0.3));
#915 = DIRECTION('',(-1.,0.,0.));
#916 = DIRECTION('',(0.,-1.,0.));
#917 = ADVANCED_FACE('',(#918),#975,.F.);
#918 = FACE_BOUND('',#919,.F.);
#919 = EDGE_LOOP('',(#920,#930,#936,#937,#945,#953,#961,#969));
#920 = ORIENTED_EDGE('',*,*,#921,.F.);
#921 = EDGE_CURVE('',#922,#924,#926,.T.);
#922 = VERTEX_POINT('',#923);
#923 = CARTESIAN_POINT('',(-0.485,0.25,-1.734723475977E-18));
#924 = VERTEX_POINT('',#925);
#925 = CARTESIAN_POINT('',(-0.4625,0.25,0.));
#926 = LINE('',#927,#928);
#927 = CARTESIAN_POINT('',(-0.5,0.25,0.));
#928 = VECTOR('',#929,1.);
#929 = DIRECTION('',(1.,0.,0.));
#930 = ORIENTED_EDGE('',*,*,#931,.F.);
#931 = EDGE_CURVE('',#406,#922,#932,.T.);
#932 = LINE('',#933,#934);
#933 = CARTESIAN_POINT('',(-0.485,-0.25,-1.734723475977E-18));
#934 = VECTOR('',#935,1.);
#935 = DIRECTION('',(0.,1.,0.));
#936 = ORIENTED_EDGE('',*,*,#405,.T.);
#937 = ORIENTED_EDGE('',*,*,#938,.F.);
#938 = EDGE_CURVE('',#939,#408,#941,.T.);
#939 = VERTEX_POINT('',#940);
#940 = CARTESIAN_POINT('',(-0.4625,-0.1875,0.));
#941 = LINE('',#942,#943);
#942 = CARTESIAN_POINT('',(-0.4625,-0.21875,0.));
#943 = VECTOR('',#944,1.);
#944 = DIRECTION('',(0.,-1.,0.));
#945 = ORIENTED_EDGE('',*,*,#946,.F.);
#946 = EDGE_CURVE('',#947,#939,#949,.T.);
#947 = VERTEX_POINT('',#948);
#948 = CARTESIAN_POINT('',(-0.365,-0.1875,-1.734723475977E-18));
#949 = LINE('',#950,#951);
#950 = CARTESIAN_POINT('',(-1.875E-02,-0.1875,0.));
#951 = VECTOR('',#952,1.);
#952 = DIRECTION('',(-1.,0.,0.));
#953 = ORIENTED_EDGE('',*,*,#954,.T.);
#954 = EDGE_CURVE('',#947,#955,#957,.T.);
#955 = VERTEX_POINT('',#956);
#956 = CARTESIAN_POINT('',(-0.365,0.1875,-1.734723475977E-18));
#957 = LINE('',#958,#959);
#958 = CARTESIAN_POINT('',(-0.365,-0.25,-1.734723475977E-18));
#959 = VECTOR('',#960,1.);
#960 = DIRECTION('',(0.,1.,0.));
#961 = ORIENTED_EDGE('',*,*,#962,.F.);
#962 = EDGE_CURVE('',#963,#955,#965,.T.);
#963 = VERTEX_POINT('',#964);
#964 = CARTESIAN_POINT('',(-0.4625,0.1875,0.));
#965 = LINE('',#966,#967);
#966 = CARTESIAN_POINT('',(-0.48125,0.1875,0.));
#967 = VECTOR('',#968,1.);
#968 = DIRECTION('',(1.,0.,0.));
#969 = ORIENTED_EDGE('',*,*,#970,.F.);
#970 = EDGE_CURVE('',#924,#963,#971,.T.);
#971 = LINE('',#972,#973);
#972 = CARTESIAN_POINT('',(-0.4625,3.125E-02,0.));
#973 = VECTOR('',#974,1.);
#974 = DIRECTION('',(0.,-1.,0.));
#975 = PLANE('',#976);
#976 = AXIS2_PLACEMENT_3D('',#977,#978,#979);
#977 = CARTESIAN_POINT('',(-0.5,-0.25,0.));
#978 = DIRECTION('',(0.,0.,1.));
#979 = DIRECTION('',(1.,0.,-0.));
#980 = ADVANCED_FACE('',(#981),#1000,.T.);
#981 = FACE_BOUND('',#982,.T.);
#982 = EDGE_LOOP('',(#983,#991,#998,#999));
#983 = ORIENTED_EDGE('',*,*,#984,.T.);
#984 = EDGE_CURVE('',#416,#985,#987,.T.);
#985 = VERTEX_POINT('',#986);
#986 = CARTESIAN_POINT('',(-0.5,0.25,1.5E-02));
#987 = LINE('',#988,#989);
#988 = CARTESIAN_POINT('',(-0.5,-0.25,1.5E-02));
#989 = VECTOR('',#990,1.);
#990 = DIRECTION('',(0.,1.,0.));
#991 = ORIENTED_EDGE('',*,*,#992,.T.);
#992 = EDGE_CURVE('',#985,#922,#993,.T.);
#993 = CIRCLE('',#994,1.5E-02);
#994 = AXIS2_PLACEMENT_3D('',#995,#996,#997);
#995 = CARTESIAN_POINT('',(-0.485,0.25,1.5E-02));
#996 = DIRECTION('',(0.,-1.,0.));
#997 = DIRECTION('',(0.,0.,1.));
#998 = ORIENTED_EDGE('',*,*,#931,.F.);
#999 = ORIENTED_EDGE('',*,*,#415,.F.);
#1000 = CYLINDRICAL_SURFACE('',#1001,1.5E-02);
#1001 = AXIS2_PLACEMENT_3D('',#1002,#1003,#1004);
#1002 = CARTESIAN_POINT('',(-0.485,-0.25,1.5E-02));
#1003 = DIRECTION('',(0.,1.,0.));
#1004 = DIRECTION('',(-1.,0.,0.));
#1005 = ADVANCED_FACE('',(#1006),#1017,.F.);
#1006 = FACE_BOUND('',#1007,.F.);
#1007 = EDGE_LOOP('',(#1008,#1009,#1015,#1016));
#1008 = ORIENTED_EDGE('',*,*,#472,.T.);
#1009 = ORIENTED_EDGE('',*,*,#1010,.T.);
#1010 = EDGE_CURVE('',#473,#939,#1011,.T.);
#1011 = LINE('',#1012,#1013);
#1012 = CARTESIAN_POINT('',(-0.4625,-0.1875,0.3));
#1013 = VECTOR('',#1014,1.);
#1014 = DIRECTION('',(-0.,-0.,-1.));
#1015 = ORIENTED_EDGE('',*,*,#938,.T.);
#1016 = ORIENTED_EDGE('',*,*,#458,.T.);
#1017 = PLANE('',#1018);
#1018 = AXIS2_PLACEMENT_3D('',#1019,#1020,#1021);
#1019 = CARTESIAN_POINT('',(-0.4625,-0.1875,0.3));
#1020 = DIRECTION('',(-1.,0.,0.));
#1021 = DIRECTION('',(0.,-1.,0.));
#1022 = ADVANCED_FACE('',(#1023),#1041,.F.);
#1023 = FACE_BOUND('',#1024,.F.);
#1024 = EDGE_LOOP('',(#1025,#1026,#1027,#1035));
#1025 = ORIENTED_EDGE('',*,*,#424,.F.);
#1026 = ORIENTED_EDGE('',*,*,#984,.T.);
#1027 = ORIENTED_EDGE('',*,*,#1028,.T.);
#1028 = EDGE_CURVE('',#985,#1029,#1031,.T.);
#1029 = VERTEX_POINT('',#1030);
#1030 = CARTESIAN_POINT('',(-0.5,0.25,0.185));
#1031 = LINE('',#1032,#1033);
#1032 = CARTESIAN_POINT('',(-0.5,0.25,0.));
#1033 = VECTOR('',#1034,1.);
#1034 = DIRECTION('',(0.,0.,1.));
#1035 = ORIENTED_EDGE('',*,*,#1036,.F.);
#1036 = EDGE_CURVE('',#425,#1029,#1037,.T.);
#1037 = LINE('',#1038,#1039);
#1038 = CARTESIAN_POINT('',(-0.5,-0.25,0.185));
#1039 = VECTOR('',#1040,1.);
#1040 = DIRECTION('',(0.,1.,0.));
#1041 = PLANE('',#1042);
#1042 = AXIS2_PLACEMENT_3D('',#1043,#1044,#1045);
#1043 = CARTESIAN_POINT('',(-0.5,-0.25,0.));
#1044 = DIRECTION('',(1.,0.,0.));
#1045 = DIRECTION('',(0.,0.,1.));
#1046 = ADVANCED_FACE('',(#1047),#1059,.T.);
#1047 = FACE_BOUND('',#1048,.T.);
#1048 = EDGE_LOOP('',(#1049,#1050,#1051,#1058));
#1049 = ORIENTED_EDGE('',*,*,#432,.T.);
#1050 = ORIENTED_EDGE('',*,*,#884,.T.);
#1051 = ORIENTED_EDGE('',*,*,#1052,.F.);
#1052 = EDGE_CURVE('',#1029,#877,#1053,.T.);
#1053 = CIRCLE('',#1054,1.5E-02);
#1054 = AXIS2_PLACEMENT_3D('',#1055,#1056,#1057);
#1055 = CARTESIAN_POINT('',(-0.485,0.25,0.185));
#1056 = DIRECTION('',(0.,1.,0.));
#1057 = DIRECTION('',(0.,-0.,1.));
#1058 = ORIENTED_EDGE('',*,*,#1036,.F.);
#1059 = CYLINDRICAL_SURFACE('',#1060,1.5E-02);
#1060 = AXIS2_PLACEMENT_3D('',#1061,#1062,#1063);
#1061 = CARTESIAN_POINT('',(-0.485,-0.25,0.185));
#1062 = DIRECTION('',(0.,1.,0.));
#1063 = DIRECTION('',(-1.,0.,0.));
#1064 = ADVANCED_FACE('',(#1065),#1077,.F.);
#1065 = FACE_BOUND('',#1066,.F.);
#1066 = EDGE_LOOP('',(#1067,#1068,#1069,#1076));
#1067 = ORIENTED_EDGE('',*,*,#1010,.F.);
#1068 = ORIENTED_EDGE('',*,*,#553,.T.);
#1069 = ORIENTED_EDGE('',*,*,#1070,.T.);
#1070 = EDGE_CURVE('',#546,#947,#1071,.T.);
#1071 = CIRCLE('',#1072,1.5E-02);
#1072 = AXIS2_PLACEMENT_3D('',#1073,#1074,#1075);
#1073 = CARTESIAN_POINT('',(-0.365,-0.1875,1.5E-02));
#1074 = DIRECTION('',(-0.,1.,0.));
#1075 = DIRECTION('',(1.,0.,0.));
#1076 = ORIENTED_EDGE('',*,*,#946,.T.);
#1077 = PLANE('',#1078);
#1078 = AXIS2_PLACEMENT_3D('',#1079,#1080,#1081);
#1079 = CARTESIAN_POINT('',(0.4625,-0.1875,0.3));
#1080 = DIRECTION('',(0.,1.,0.));
#1081 = DIRECTION('',(-1.,0.,0.));
#1082 = ADVANCED_FACE('',(#1083),#1095,.T.);
#1083 = FACE_BOUND('',#1084,.T.);
#1084 = EDGE_LOOP('',(#1085,#1086,#1087,#1088));
#1085 = ORIENTED_EDGE('',*,*,#545,.F.);
#1086 = ORIENTED_EDGE('',*,*,#1070,.T.);
#1087 = ORIENTED_EDGE('',*,*,#954,.T.);
#1088 = ORIENTED_EDGE('',*,*,#1089,.F.);
#1089 = EDGE_CURVE('',#538,#955,#1090,.T.);
#1090 = CIRCLE('',#1091,1.5E-02);
#1091 = AXIS2_PLACEMENT_3D('',#1092,#1093,#1094);
#1092 = CARTESIAN_POINT('',(-0.365,0.1875,1.5E-02));
#1093 = DIRECTION('',(-0.,1.,0.));
#1094 = DIRECTION('',(1.,0.,0.));
#1095 = CYLINDRICAL_SURFACE('',#1096,1.5E-02);
#1096 = AXIS2_PLACEMENT_3D('',#1097,#1098,#1099);
#1097 = CARTESIAN_POINT('',(-0.365,-0.25,1.5E-02));
#1098 = DIRECTION('',(0.,1.,0.));
#1099 = DIRECTION('',(1.,0.,0.));
#1100 = ADVANCED_FACE('',(#1101),#1112,.F.);
#1101 = FACE_BOUND('',#1102,.F.);
#1102 = EDGE_LOOP('',(#1103,#1104,#1110,#1111));
#1103 = ORIENTED_EDGE('',*,*,#537,.T.);
#1104 = ORIENTED_EDGE('',*,*,#1105,.T.);
#1105 = EDGE_CURVE('',#530,#963,#1106,.T.);
#1106 = LINE('',#1107,#1108);
#1107 = CARTESIAN_POINT('',(-0.4625,0.1875,0.3));
#1108 = VECTOR('',#1109,1.);
#1109 = DIRECTION('',(-0.,-0.,-1.));
#1110 = ORIENTED_EDGE('',*,*,#962,.T.);
#1111 = ORIENTED_EDGE('',*,*,#1089,.F.);
#1112 = PLANE('',#1113);
#1113 = AXIS2_PLACEMENT_3D('',#1114,#1115,#1116);
#1114 = CARTESIAN_POINT('',(-0.4625,0.1875,0.3));
#1115 = DIRECTION('',(0.,-1.,0.));
#1116 = DIRECTION('',(1.,0.,0.));
#1117 = ADVANCED_FACE('',(#1118),#1129,.F.);
#1118 = FACE_BOUND('',#1119,.F.);
#1119 = EDGE_LOOP('',(#1120,#1121,#1122,#1128));
#1120 = ORIENTED_EDGE('',*,*,#1105,.F.);
#1121 = ORIENTED_EDGE('',*,*,#529,.T.);
#1122 = ORIENTED_EDGE('',*,*,#1123,.F.);
#1123 = EDGE_CURVE('',#924,#522,#1124,.T.);
#1124 = LINE('',#1125,#1126);
#1125 = CARTESIAN_POINT('',(-0.4625,0.25,0.15));
#1126 = VECTOR('',#1127,1.);
#1127 = DIRECTION('',(0.,0.,1.));
#1128 = ORIENTED_EDGE('',*,*,#970,.T.);
#1129 = PLANE('',#1130);
#1130 = AXIS2_PLACEMENT_3D('',#1131,#1132,#1133);
#1131 = CARTESIAN_POINT('',(-0.4625,0.3125,0.3));
#1132 = DIRECTION('',(-1.,0.,0.));
#1133 = DIRECTION('',(0.,-1.,0.));
#1134 = ADVANCED_FACE('',(#1135),#1160,.F.);
#1135 = FACE_BOUND('',#1136,.F.);
#1136 = EDGE_LOOP('',(#1137,#1138,#1146,#1154));
#1137 = ORIENTED_EDGE('',*,*,#513,.T.);
#1138 = ORIENTED_EDGE('',*,*,#1139,.T.);
#1139 = EDGE_CURVE('',#506,#1140,#1142,.T.);
#1140 = VERTEX_POINT('',#1141);
#1141 = CARTESIAN_POINT('',(0.4625,0.1875,0.));
#1142 = LINE('',#1143,#1144);
#1143 = CARTESIAN_POINT('',(0.4625,0.1875,0.3));
#1144 = VECTOR('',#1145,1.);
#1145 = DIRECTION('',(-0.,-0.,-1.));
#1146 = ORIENTED_EDGE('',*,*,#1147,.T.);
#1147 = EDGE_CURVE('',#1140,#1148,#1150,.T.);
#1148 = VERTEX_POINT('',#1149);
#1149 = CARTESIAN_POINT('',(0.4625,0.25,0.));
#1150 = LINE('',#1151,#1152);
#1151 = CARTESIAN_POINT('',(0.4625,-3.125E-02,0.));
#1152 = VECTOR('',#1153,1.);
#1153 = DIRECTION('',(0.,1.,0.));
#1154 = ORIENTED_EDGE('',*,*,#1155,.F.);
#1155 = EDGE_CURVE('',#514,#1148,#1156,.T.);
#1156 = LINE('',#1157,#1158);
#1157 = CARTESIAN_POINT('',(0.4625,0.25,0.15));
#1158 = VECTOR('',#1159,1.);
#1159 = DIRECTION('',(0.,0.,-1.));
#1160 = PLANE('',#1161);
#1161 = AXIS2_PLACEMENT_3D('',#1162,#1163,#1164);
#1162 = CARTESIAN_POINT('',(0.4625,0.1875,0.3));
#1163 = DIRECTION('',(1.,0.,0.));
#1164 = DIRECTION('',(-0.,1.,0.));
#1165 = ADVANCED_FACE('',(#1166),#1185,.F.);
#1166 = FACE_BOUND('',#1167,.F.);
#1167 = EDGE_LOOP('',(#1168,#1169,#1170,#1179));
#1168 = ORIENTED_EDGE('',*,*,#1139,.F.);
#1169 = ORIENTED_EDGE('',*,*,#505,.T.);
#1170 = ORIENTED_EDGE('',*,*,#1171,.F.);
#1171 = EDGE_CURVE('',#1172,#498,#1174,.T.);
#1172 = VERTEX_POINT('',#1173);
#1173 = CARTESIAN_POINT('',(0.365,0.1875,-1.734723475977E-18));
#1174 = CIRCLE('',#1175,1.5E-02);
#1175 = AXIS2_PLACEMENT_3D('',#1176,#1177,#1178);
#1176 = CARTESIAN_POINT('',(0.365,0.1875,1.5E-02));
#1177 = DIRECTION('',(0.,1.,-0.));
#1178 = DIRECTION('',(-1.,0.,0.));
#1179 = ORIENTED_EDGE('',*,*,#1180,.T.);
#1180 = EDGE_CURVE('',#1172,#1140,#1181,.T.);
#1181 = LINE('',#1182,#1183);
#1182 = CARTESIAN_POINT('',(-5.625E-02,0.1875,0.));
#1183 = VECTOR('',#1184,1.);
#1184 = DIRECTION('',(1.,0.,0.));
#1185 = PLANE('',#1186);
#1186 = AXIS2_PLACEMENT_3D('',#1187,#1188,#1189);
#1187 = CARTESIAN_POINT('',(-0.4625,0.1875,0.3));
#1188 = DIRECTION('',(0.,-1.,0.));
#1189 = DIRECTION('',(1.,0.,0.));
#1190 = ADVANCED_FACE('',(#1191),#1210,.T.);
#1191 = FACE_BOUND('',#1192,.T.);
#1192 = EDGE_LOOP('',(#1193,#1194,#1202,#1209));
#1193 = ORIENTED_EDGE('',*,*,#1171,.F.);
#1194 = ORIENTED_EDGE('',*,*,#1195,.F.);
#1195 = EDGE_CURVE('',#1196,#1172,#1198,.T.);
#1196 = VERTEX_POINT('',#1197);
#1197 = CARTESIAN_POINT('',(0.365,-0.1875,-1.734723475977E-18));
#1198 = LINE('',#1199,#1200);
#1199 = CARTESIAN_POINT('',(0.365,-0.25,-1.734723475977E-18));
#1200 = VECTOR('',#1201,1.);
#1201 = DIRECTION('',(0.,1.,0.));
#1202 = ORIENTED_EDGE('',*,*,#1203,.T.);
#1203 = EDGE_CURVE('',#1196,#490,#1204,.T.);
#1204 = CIRCLE('',#1205,1.5E-02);
#1205 = AXIS2_PLACEMENT_3D('',#1206,#1207,#1208);
#1206 = CARTESIAN_POINT('',(0.365,-0.1875,1.5E-02));
#1207 = DIRECTION('',(0.,1.,-0.));
#1208 = DIRECTION('',(-1.,0.,0.));
#1209 = ORIENTED_EDGE('',*,*,#497,.T.);
#1210 = CYLINDRICAL_SURFACE('',#1211,1.5E-02);
#1211 = AXIS2_PLACEMENT_3D('',#1212,#1213,#1214);
#1212 = CARTESIAN_POINT('',(0.365,-0.25,1.5E-02));
#1213 = DIRECTION('',(0.,1.,0.));
#1214 = DIRECTION('',(-1.,0.,0.));
#1215 = ADVANCED_FACE('',(#1216),#1234,.F.);
#1216 = FACE_BOUND('',#1217,.F.);
#1217 = EDGE_LOOP('',(#1218,#1219,#1227,#1233));
#1218 = ORIENTED_EDGE('',*,*,#489,.T.);
#1219 = ORIENTED_EDGE('',*,*,#1220,.T.);
#1220 = EDGE_CURVE('',#482,#1221,#1223,.T.);
#1221 = VERTEX_POINT('',#1222);
#1222 = CARTESIAN_POINT('',(0.4625,-0.1875,0.));
#1223 = LINE('',#1224,#1225);
#1224 = CARTESIAN_POINT('',(0.4625,-0.1875,0.3));
#1225 = VECTOR('',#1226,1.);
#1226 = DIRECTION('',(-0.,-0.,-1.));
#1227 = ORIENTED_EDGE('',*,*,#1228,.T.);
#1228 = EDGE_CURVE('',#1221,#1196,#1229,.T.);
#1229 = LINE('',#1230,#1231);
#1230 = CARTESIAN_POINT('',(0.40625,-0.1875,0.));
#1231 = VECTOR('',#1232,1.);
#1232 = DIRECTION('',(-1.,0.,0.));
#1233 = ORIENTED_EDGE('',*,*,#1203,.T.);
#1234 = PLANE('',#1235);
#1235 = AXIS2_PLACEMENT_3D('',#1236,#1237,#1238);
#1236 = CARTESIAN_POINT('',(0.4625,-0.1875,0.3));
#1237 = DIRECTION('',(0.,1.,0.));
#1238 = DIRECTION('',(-1.,0.,0.));
#1239 = ADVANCED_FACE('',(#1240),#1251,.F.);
#1240 = FACE_BOUND('',#1241,.F.);
#1241 = EDGE_LOOP('',(#1242,#1243,#1244,#1245));
#1242 = ORIENTED_EDGE('',*,*,#1220,.F.);
#1243 = ORIENTED_EDGE('',*,*,#481,.T.);
#1244 = ORIENTED_EDGE('',*,*,#603,.T.);
#1245 = ORIENTED_EDGE('',*,*,#1246,.T.);
#1246 = EDGE_CURVE('',#594,#1221,#1247,.T.);
#1247 = LINE('',#1248,#1249);
#1248 = CARTESIAN_POINT('',(0.4625,-0.28125,0.));
#1249 = VECTOR('',#1250,1.);
#1250 = DIRECTION('',(0.,1.,0.));
#1251 = PLANE('',#1252);
#1252 = AXIS2_PLACEMENT_3D('',#1253,#1254,#1255);
#1253 = CARTESIAN_POINT('',(0.4625,-0.3125,0.3));
#1254 = DIRECTION('',(1.,0.,0.));
#1255 = DIRECTION('',(-0.,1.,0.));
#1256 = ADVANCED_FACE('',(#1257),#1282,.T.);
#1257 = FACE_BOUND('',#1258,.T.);
#1258 = EDGE_LOOP('',(#1259,#1267,#1268,#1276));
#1259 = ORIENTED_EDGE('',*,*,#1260,.T.);
#1260 = EDGE_CURVE('',#1261,#562,#1263,.T.);
#1261 = VERTEX_POINT('',#1262);
#1262 = CARTESIAN_POINT('',(0.173205080757,0.2,7.5E-03));
#1263 = LINE('',#1264,#1265);
#1264 = CARTESIAN_POINT('',(0.173205080757,0.2,7.5E-03));
#1265 = VECTOR('',#1266,1.);
#1266 = DIRECTION('',(0.,0.,1.));
#1267 = ORIENTED_EDGE('',*,*,#561,.T.);
#1268 = ORIENTED_EDGE('',*,*,#1269,.F.);
#1269 = EDGE_CURVE('',#1270,#564,#1272,.T.);
#1270 = VERTEX_POINT('',#1271);
#1271 = CARTESIAN_POINT('',(0.173205080757,-0.2,7.5E-03));
#1272 = LINE('',#1273,#1274);
#1273 = CARTESIAN_POINT('',(0.173205080757,-0.2,7.5E-03));
#1274 = VECTOR('',#1275,1.);
#1275 = DIRECTION('',(0.,0.,1.));
#1276 = ORIENTED_EDGE('',*,*,#1277,.F.);
#1277 = EDGE_CURVE('',#1261,#1270,#1278,.T.);
#1278 = LINE('',#1279,#1280);
#1279 = CARTESIAN_POINT('',(0.173205080757,0.2,7.5E-03));
#1280 = VECTOR('',#1281,1.);
#1281 = DIRECTION('',(0.,-1.,0.));
#1282 = PLANE('',#1283);
#1283 = AXIS2_PLACEMENT_3D('',#1284,#1285,#1286);
#1284 = CARTESIAN_POINT('',(0.173205080757,0.2,7.5E-03));
#1285 = DIRECTION('',(1.,0.,0.));
#1286 = DIRECTION('',(0.,-1.,0.));
#1287 = ADVANCED_FACE('',(#1288),#1306,.T.);
#1288 = FACE_BOUND('',#1289,.T.);
#1289 = EDGE_LOOP('',(#1290,#1298,#1299,#1300));
#1290 = ORIENTED_EDGE('',*,*,#1291,.T.);
#1291 = EDGE_CURVE('',#1292,#572,#1294,.T.);
#1292 = VERTEX_POINT('',#1293);
#1293 = CARTESIAN_POINT('',(-0.173205080757,0.,7.5E-03));
#1294 = LINE('',#1295,#1296);
#1295 = CARTESIAN_POINT('',(-0.173205080757,0.,7.5E-03));
#1296 = VECTOR('',#1297,1.);
#1297 = DIRECTION('',(0.,0.,1.));
#1298 = ORIENTED_EDGE('',*,*,#579,.T.);
#1299 = ORIENTED_EDGE('',*,*,#1260,.F.);
#1300 = ORIENTED_EDGE('',*,*,#1301,.F.);
#1301 = EDGE_CURVE('',#1292,#1261,#1302,.T.);
#1302 = LINE('',#1303,#1304);
#1303 = CARTESIAN_POINT('',(-0.173205080757,0.,7.5E-03));
#1304 = VECTOR('',#1305,1.);
#1305 = DIRECTION('',(0.866025403784,0.5,0.));
#1306 = PLANE('',#1307);
#1307 = AXIS2_PLACEMENT_3D('',#1308,#1309,#1310);
#1308 = CARTESIAN_POINT('',(-0.173205080757,0.,7.5E-03));
#1309 = DIRECTION('',(-0.5,0.866025403784,0.));
#1310 = DIRECTION('',(0.866025403784,0.5,0.));
#1311 = ADVANCED_FACE('',(#1312),#1323,.T.);
#1312 = FACE_BOUND('',#1313,.T.);
#1313 = EDGE_LOOP('',(#1314,#1315,#1316,#1317));
#1314 = ORIENTED_EDGE('',*,*,#1269,.T.);
#1315 = ORIENTED_EDGE('',*,*,#571,.T.);
#1316 = ORIENTED_EDGE('',*,*,#1291,.F.);
#1317 = ORIENTED_EDGE('',*,*,#1318,.F.);
#1318 = EDGE_CURVE('',#1270,#1292,#1319,.T.);
#1319 = LINE('',#1320,#1321);
#1320 = CARTESIAN_POINT('',(0.173205080757,-0.2,7.5E-03));
#1321 = VECTOR('',#1322,1.);
#1322 = DIRECTION('',(-0.866025403784,0.5,0.));
#1323 = PLANE('',#1324);
#1324 = AXIS2_PLACEMENT_3D('',#1325,#1326,#1327);
#1325 = CARTESIAN_POINT('',(0.173205080757,-0.2,7.5E-03));
#1326 = DIRECTION('',(-0.5,-0.866025403784,0.));
#1327 = DIRECTION('',(-0.866025403784,0.5,0.));
#1328 = ADVANCED_FACE('',(#1329),#1351,.F.);
#1329 = FACE_BOUND('',#1330,.F.);
#1330 = EDGE_LOOP('',(#1331,#1339,#1340,#1341,#1342,#1343,#1344,#1345));
#1331 = ORIENTED_EDGE('',*,*,#1332,.F.);
#1332 = EDGE_CURVE('',#1148,#1333,#1335,.T.);
#1333 = VERTEX_POINT('',#1334);
#1334 = CARTESIAN_POINT('',(0.485,0.25,-1.734723475977E-18));
#1335 = LINE('',#1336,#1337);
#1336 = CARTESIAN_POINT('',(0.35,0.25,0.));
#1337 = VECTOR('',#1338,1.);
#1338 = DIRECTION('',(1.,0.,0.));
#1339 = ORIENTED_EDGE('',*,*,#1147,.F.);
#1340 = ORIENTED_EDGE('',*,*,#1180,.F.);
#1341 = ORIENTED_EDGE('',*,*,#1195,.F.);
#1342 = ORIENTED_EDGE('',*,*,#1228,.F.);
#1343 = ORIENTED_EDGE('',*,*,#1246,.F.);
#1344 = ORIENTED_EDGE('',*,*,#593,.T.);
#1345 = ORIENTED_EDGE('',*,*,#1346,.T.);
#1346 = EDGE_CURVE('',#596,#1333,#1347,.T.);
#1347 = LINE('',#1348,#1349);
#1348 = CARTESIAN_POINT('',(0.485,-0.25,-1.734723475977E-18));
#1349 = VECTOR('',#1350,1.);
#1350 = DIRECTION('',(0.,1.,0.));
#1351 = PLANE('',#1352);
#1352 = AXIS2_PLACEMENT_3D('',#1353,#1354,#1355);
#1353 = CARTESIAN_POINT('',(0.35,-0.25,0.));
#1354 = DIRECTION('',(0.,0.,1.));
#1355 = DIRECTION('',(1.,0.,-0.));
#1356 = ADVANCED_FACE('',(#1357),#1376,.T.);
#1357 = FACE_BOUND('',#1358,.T.);
#1358 = EDGE_LOOP('',(#1359,#1360,#1361,#1370));
#1359 = ORIENTED_EDGE('',*,*,#645,.T.);
#1360 = ORIENTED_EDGE('',*,*,#1346,.T.);
#1361 = ORIENTED_EDGE('',*,*,#1362,.F.);
#1362 = EDGE_CURVE('',#1363,#1333,#1365,.T.);
#1363 = VERTEX_POINT('',#1364);
#1364 = CARTESIAN_POINT('',(0.5,0.25,1.5E-02));
#1365 = CIRCLE('',#1366,1.5E-02);
#1366 = AXIS2_PLACEMENT_3D('',#1367,#1368,#1369);
#1367 = CARTESIAN_POINT('',(0.485,0.25,1.5E-02));
#1368 = DIRECTION('',(0.,1.,0.));
#1369 = DIRECTION('',(0.,-0.,1.));
#1370 = ORIENTED_EDGE('',*,*,#1371,.F.);
#1371 = EDGE_CURVE('',#638,#1363,#1372,.T.);
#1372 = LINE('',#1373,#1374);
#1373 = CARTESIAN_POINT('',(0.5,-0.25,1.5E-02));
#1374 = VECTOR('',#1375,1.);
#1375 = DIRECTION('',(0.,1.,0.));
#1376 = CYLINDRICAL_SURFACE('',#1377,1.5E-02);
#1377 = AXIS2_PLACEMENT_3D('',#1378,#1379,#1380);
#1378 = CARTESIAN_POINT('',(0.485,-0.25,1.5E-02));
#1379 = DIRECTION('',(0.,1.,0.));
#1380 = DIRECTION('',(1.,0.,0.));
#1381 = ADVANCED_FACE('',(#1382),#1400,.T.);
#1382 = FACE_BOUND('',#1383,.T.);
#1383 = EDGE_LOOP('',(#1384,#1385,#1386,#1394));
#1384 = ORIENTED_EDGE('',*,*,#637,.F.);
#1385 = ORIENTED_EDGE('',*,*,#1371,.T.);
#1386 = ORIENTED_EDGE('',*,*,#1387,.T.);
#1387 = EDGE_CURVE('',#1363,#1388,#1390,.T.);
#1388 = VERTEX_POINT('',#1389);
#1389 = CARTESIAN_POINT('',(0.5,0.25,0.185));
#1390 = LINE('',#1391,#1392);
#1391 = CARTESIAN_POINT('',(0.5,0.25,0.));
#1392 = VECTOR('',#1393,1.);
#1393 = DIRECTION('',(0.,0.,1.));
#1394 = ORIENTED_EDGE('',*,*,#1395,.F.);
#1395 = EDGE_CURVE('',#629,#1388,#1396,.T.);
#1396 = LINE('',#1397,#1398);
#1397 = CARTESIAN_POINT('',(0.5,-0.25,0.185));
#1398 = VECTOR('',#1399,1.);
#1399 = DIRECTION('',(0.,1.,0.));
#1400 = PLANE('',#1401);
#1401 = AXIS2_PLACEMENT_3D('',#1402,#1403,#1404);
#1402 = CARTESIAN_POINT('',(0.5,-0.25,0.));
#1403 = DIRECTION('',(1.,0.,0.));
#1404 = DIRECTION('',(0.,0.,1.));
#1405 = ADVANCED_FACE('',(#1406),#1425,.T.);
#1406 = FACE_BOUND('',#1407,.T.);
#1407 = EDGE_LOOP('',(#1408,#1409,#1418,#1424));
#1408 = ORIENTED_EDGE('',*,*,#1395,.T.);
#1409 = ORIENTED_EDGE('',*,*,#1410,.T.);
#1410 = EDGE_CURVE('',#1388,#1411,#1413,.T.);
#1411 = VERTEX_POINT('',#1412);
#1412 = CARTESIAN_POINT('',(0.485,0.25,0.2));
#1413 = CIRCLE('',#1414,1.5E-02);
#1414 = AXIS2_PLACEMENT_3D('',#1415,#1416,#1417);
#1415 = CARTESIAN_POINT('',(0.485,0.25,0.185));
#1416 = DIRECTION('',(0.,-1.,0.));
#1417 = DIRECTION('',(0.,0.,1.));
#1418 = ORIENTED_EDGE('',*,*,#1419,.F.);
#1419 = EDGE_CURVE('',#621,#1411,#1420,.T.);
#1420 = LINE('',#1421,#1422);
#1421 = CARTESIAN_POINT('',(0.485,-0.25,0.2));
#1422 = VECTOR('',#1423,1.);
#1423 = DIRECTION('',(0.,1.,0.));
#1424 = ORIENTED_EDGE('',*,*,#628,.F.);
#1425 = CYLINDRICAL_SURFACE('',#1426,1.5E-02);
#1426 = AXIS2_PLACEMENT_3D('',#1427,#1428,#1429);
#1427 = CARTESIAN_POINT('',(0.485,-0.25,0.185));
#1428 = DIRECTION('',(0.,1.,0.));
#1429 = DIRECTION('',(1.,0.,0.));
#1430 = ADVANCED_FACE('',(#1431),#1472,.T.);
#1431 = FACE_BOUND('',#1432,.T.);
#1432 = EDGE_LOOP('',(#1433,#1441,#1449,#1455,#1456,#1464,#1470,#1471));
#1433 = ORIENTED_EDGE('',*,*,#1434,.F.);
#1434 = EDGE_CURVE('',#1435,#1411,#1437,.T.);
#1435 = VERTEX_POINT('',#1436);
#1436 = CARTESIAN_POINT('',(0.4625,0.25,0.2));
#1437 = LINE('',#1438,#1439);
#1438 = CARTESIAN_POINT('',(0.35,0.25,0.2));
#1439 = VECTOR('',#1440,1.);
#1440 = DIRECTION('',(1.,0.,0.));
#1441 = ORIENTED_EDGE('',*,*,#1442,.F.);
#1442 = EDGE_CURVE('',#1443,#1435,#1445,.T.);
#1443 = VERTEX_POINT('',#1444);
#1444 = CARTESIAN_POINT('',(0.4625,0.1875,0.2));
#1445 = LINE('',#1446,#1447);
#1446 = CARTESIAN_POINT('',(0.4625,-3.125E-02,0.2));
#1447 = VECTOR('',#1448,1.);
#1448 = DIRECTION('',(0.,1.,0.));
#1449 = ORIENTED_EDGE('',*,*,#1450,.F.);
#1450 = EDGE_CURVE('',#726,#1443,#1451,.T.);
#1451 = LINE('',#1452,#1453);
#1452 = CARTESIAN_POINT('',(-5.625E-02,0.1875,0.2));
#1453 = VECTOR('',#1454,1.);
#1454 = DIRECTION('',(1.,0.,0.));
#1455 = ORIENTED_EDGE('',*,*,#725,.F.);
#1456 = ORIENTED_EDGE('',*,*,#1457,.F.);
#1457 = EDGE_CURVE('',#1458,#717,#1460,.T.);
#1458 = VERTEX_POINT('',#1459);
#1459 = CARTESIAN_POINT('',(0.4625,-0.1875,0.2));
#1460 = LINE('',#1461,#1462);
#1461 = CARTESIAN_POINT('',(0.40625,-0.1875,0.2));
#1462 = VECTOR('',#1463,1.);
#1463 = DIRECTION('',(-1.,0.,0.));
#1464 = ORIENTED_EDGE('',*,*,#1465,.F.);
#1465 = EDGE_CURVE('',#613,#1458,#1466,.T.);
#1466 = LINE('',#1467,#1468);
#1467 = CARTESIAN_POINT('',(0.4625,-0.28125,0.2));
#1468 = VECTOR('',#1469,1.);
#1469 = DIRECTION('',(0.,1.,0.));
#1470 = ORIENTED_EDGE('',*,*,#620,.T.);
#1471 = ORIENTED_EDGE('',*,*,#1419,.T.);
#1472 = PLANE('',#1473);
#1473 = AXIS2_PLACEMENT_3D('',#1474,#1475,#1476);
#1474 = CARTESIAN_POINT('',(0.35,-0.25,0.2));
#1475 = DIRECTION('',(0.,0.,1.));
#1476 = DIRECTION('',(1.,0.,-0.));
#1477 = ADVANCED_FACE('',(#1478),#1489,.F.);
#1478 = FACE_BOUND('',#1479,.F.);
#1479 = EDGE_LOOP('',(#1480,#1486,#1487,#1488));
#1480 = ORIENTED_EDGE('',*,*,#1481,.F.);
#1481 = EDGE_CURVE('',#1458,#661,#1482,.T.);
#1482 = LINE('',#1483,#1484);
#1483 = CARTESIAN_POINT('',(0.4625,-0.1875,0.3));
#1484 = VECTOR('',#1485,1.);
#1485 = DIRECTION('',(-0.,-0.,-1.));
#1486 = ORIENTED_EDGE('',*,*,#1465,.F.);
#1487 = ORIENTED_EDGE('',*,*,#612,.T.);
#1488 = ORIENTED_EDGE('',*,*,#670,.F.);
#1489 = PLANE('',#1490);
#1490 = AXIS2_PLACEMENT_3D('',#1491,#1492,#1493);
#1491 = CARTESIAN_POINT('',(0.4625,-0.3125,0.3));
#1492 = DIRECTION('',(1.,0.,0.));
#1493 = DIRECTION('',(-0.,1.,0.));
#1494 = ADVANCED_FACE('',(#1495),#1501,.F.);
#1495 = FACE_BOUND('',#1496,.F.);
#1496 = EDGE_LOOP('',(#1497,#1498,#1499,#1500));
#1497 = ORIENTED_EDGE('',*,*,#1457,.F.);
#1498 = ORIENTED_EDGE('',*,*,#1481,.T.);
#1499 = ORIENTED_EDGE('',*,*,#660,.F.);
#1500 = ORIENTED_EDGE('',*,*,#716,.T.);
#1501 = PLANE('',#1502);
#1502 = AXIS2_PLACEMENT_3D('',#1503,#1504,#1505);
#1503 = CARTESIAN_POINT('',(0.4625,-0.1875,0.3));
#1504 = DIRECTION('',(0.,1.,0.));
#1505 = DIRECTION('',(-1.,0.,0.));
#1506 = ADVANCED_FACE('',(#1507),#1523,.F.);
#1507 = FACE_BOUND('',#1508,.F.);
#1508 = EDGE_LOOP('',(#1509,#1510,#1516,#1517));
#1509 = ORIENTED_EDGE('',*,*,#1442,.F.);
#1510 = ORIENTED_EDGE('',*,*,#1511,.T.);
#1511 = EDGE_CURVE('',#1443,#694,#1512,.T.);
#1512 = LINE('',#1513,#1514);
#1513 = CARTESIAN_POINT('',(0.4625,0.1875,0.3));
#1514 = VECTOR('',#1515,1.);
#1515 = DIRECTION('',(-0.,-0.,-1.));
#1516 = ORIENTED_EDGE('',*,*,#701,.F.);
#1517 = ORIENTED_EDGE('',*,*,#1518,.F.);
#1518 = EDGE_CURVE('',#1435,#685,#1519,.T.);
#1519 = LINE('',#1520,#1521);
#1520 = CARTESIAN_POINT('',(0.4625,0.25,0.15));
#1521 = VECTOR('',#1522,1.);
#1522 = DIRECTION('',(0.,0.,-1.));
#1523 = PLANE('',#1524);
#1524 = AXIS2_PLACEMENT_3D('',#1525,#1526,#1527);
#1525 = CARTESIAN_POINT('',(0.4625,0.1875,0.3));
#1526 = DIRECTION('',(1.,0.,0.));
#1527 = DIRECTION('',(-0.,1.,0.));
#1528 = ADVANCED_FACE('',(#1529),#1535,.F.);
#1529 = FACE_BOUND('',#1530,.F.);
#1530 = EDGE_LOOP('',(#1531,#1532,#1533,#1534));
#1531 = ORIENTED_EDGE('',*,*,#1511,.F.);
#1532 = ORIENTED_EDGE('',*,*,#1450,.F.);
#1533 = ORIENTED_EDGE('',*,*,#733,.F.);
#1534 = ORIENTED_EDGE('',*,*,#693,.F.);
#1535 = PLANE('',#1536);
#1536 = AXIS2_PLACEMENT_3D('',#1537,#1538,#1539);
#1537 = CARTESIAN_POINT('',(-0.4625,0.1875,0.3));
#1538 = DIRECTION('',(0.,-1.,0.));
#1539 = DIRECTION('',(1.,0.,0.));
#1540 = ADVANCED_FACE('',(#1541),#1553,.T.);
#1541 = FACE_BOUND('',#1542,.T.);
#1542 = EDGE_LOOP('',(#1543,#1544,#1545,#1546,#1547,#1548,#1549,#1550,
    #1551,#1552));
#1543 = ORIENTED_EDGE('',*,*,#921,.F.);
#1544 = ORIENTED_EDGE('',*,*,#992,.F.);
#1545 = ORIENTED_EDGE('',*,*,#1028,.T.);
#1546 = ORIENTED_EDGE('',*,*,#1052,.T.);
#1547 = ORIENTED_EDGE('',*,*,#876,.T.);
#1548 = ORIENTED_EDGE('',*,*,#837,.F.);
#1549 = ORIENTED_EDGE('',*,*,#764,.F.);
#1550 = ORIENTED_EDGE('',*,*,#756,.F.);
#1551 = ORIENTED_EDGE('',*,*,#748,.T.);
#1552 = ORIENTED_EDGE('',*,*,#1123,.F.);
#1553 = PLANE('',#1554);
#1554 = AXIS2_PLACEMENT_3D('',#1555,#1556,#1557);
#1555 = CARTESIAN_POINT('',(-0.5,0.25,0.));
#1556 = DIRECTION('',(0.,1.,0.));
#1557 = DIRECTION('',(0.,-0.,1.));
#1558 = ADVANCED_FACE('',(#1559),#1571,.T.);
#1559 = FACE_BOUND('',#1560,.T.);
#1560 = EDGE_LOOP('',(#1561,#1562,#1563,#1564,#1565,#1566,#1567,#1568,
    #1569,#1570));
#1561 = ORIENTED_EDGE('',*,*,#1332,.F.);
#1562 = ORIENTED_EDGE('',*,*,#1155,.F.);
#1563 = ORIENTED_EDGE('',*,*,#789,.T.);
#1564 = ORIENTED_EDGE('',*,*,#781,.T.);
#1565 = ORIENTED_EDGE('',*,*,#773,.F.);
#1566 = ORIENTED_EDGE('',*,*,#1518,.F.);
#1567 = ORIENTED_EDGE('',*,*,#1434,.T.);
#1568 = ORIENTED_EDGE('',*,*,#1410,.F.);
#1569 = ORIENTED_EDGE('',*,*,#1387,.F.);
#1570 = ORIENTED_EDGE('',*,*,#1362,.T.);
#1571 = PLANE('',#1572);
#1572 = AXIS2_PLACEMENT_3D('',#1573,#1574,#1575);
#1573 = CARTESIAN_POINT('',(0.35,0.25,0.));
#1574 = DIRECTION('',(0.,1.,0.));
#1575 = DIRECTION('',(0.,-0.,1.));
#1576 = ADVANCED_FACE('',(#1577),#1582,.T.);
#1577 = FACE_BOUND('',#1578,.T.);
#1578 = EDGE_LOOP('',(#1579,#1580,#1581));
#1579 = ORIENTED_EDGE('',*,*,#1301,.T.);
#1580 = ORIENTED_EDGE('',*,*,#1277,.T.);
#1581 = ORIENTED_EDGE('',*,*,#1318,.T.);
#1582 = PLANE('',#1583);
#1583 = AXIS2_PLACEMENT_3D('',#1584,#1585,#1586);
#1584 = CARTESIAN_POINT('',(5.773502691896E-02,0.,7.5E-03));
#1585 = DIRECTION('',(-0.,-0.,-1.));
#1586 = DIRECTION('',(-1.,0.,0.));
#1587 = ( GEOMETRIC_REPRESENTATION_CONTEXT(3) 
GLOBAL_UNCERTAINTY_ASSIGNED_CONTEXT((#1591)) 
GLOBAL_UNIT_ASSIGNED_CONTEXT((#1588,#1589,#1590)) REPRESENTATION_CONTEXT
('Context #1','3D Context with UNIT and UNCERTAINTY') );
#1588 = ( LENGTH_UNIT() NAMED_UNIT(*) SI_UNIT(.MILLI.,.METRE.) );
#1589 = ( NAMED_UNIT(*) PLANE_ANGLE_UNIT() SI_UNIT($,.RADIAN.) );
#1590 = ( NAMED_UNIT(*) SI_UNIT($,.STERADIAN.) SOLID_ANGLE_UNIT() );
#1591 = UNCERTAINTY_MEASURE_WITH_UNIT(LENGTH_MEASURE(1.E-07),#1588,
  'distance_accuracy_value','confusion accuracy');
#1592 = CONTEXT_DEPENDENT_SHAPE_REPRESENTATION(#1593,#1595);
#1593 = ( REPRESENTATION_RELATIONSHIP('','',#63,#40) 
REPRESENTATION_RELATIONSHIP_WITH_TRANSFORMATION(#1594) 
SHAPE_REPRESENTATION_RELATIONSHIP() );
#1594 = ITEM_DEFINED_TRANSFORMATION('','',#11,#41);
#1595 = PRODUCT_DEFINITION_SHAPE('Placement','Placement of an item',
  #1596);
#1596 = NEXT_ASSEMBLY_USAGE_OCCURRENCE('1','=>[0:1:1:3]','',#35,#58,$);
#1597 = PRODUCT_RELATED_PRODUCT_CATEGORY('part',$,(#60));
#1598 = SHAPE_DEFINITION_REPRESENTATION(#1599,#1605);
#1599 = PRODUCT_DEFINITION_SHAPE('','',#1600);
#1600 = PRODUCT_DEFINITION('design','',#1601,#1604);
#1601 = PRODUCT_DEFINITION_FORMATION('','',#1602);
#1602 = PRODUCT('R_0603_1608Metric','R_0603_1608Metric','',(#1603));
#1603 = PRODUCT_CONTEXT('',#2,'mechanical');
#1604 = PRODUCT_DEFINITION_CONTEXT('part definition',#2,'design');
#1605 = SHAPE_REPRESENTATION('',(#11,#1606),#1610);
#1606 = AXIS2_PLACEMENT_3D('',#1607,#1608,#1609);
#1607 = CARTESIAN_POINT('',(0.,0.,0.));
#1608 = DIRECTION('',(0.,0.,1.));
#1609 = DIRECTION('',(1.,0.,-0.));
#1610 = ( GEOMETRIC_REPRESENTATION_CONTEXT(3) 
GLOBAL_UNCERTAINTY_ASSIGNED_CONTEXT((#1614)) 
GLOBAL_UNIT_ASSIGNED_CONTEXT((#1611,#1612,#1613)) REPRESENTATION_CONTEXT
('Context #1','3D Context with UNIT and UNCERTAINTY') );
#1611 = ( LENGTH_UNIT() NAMED_UNIT(*) SI_UNIT(.MILLI.,.METRE.) );
#1612 = ( NAMED_UNIT(*) PLANE_ANGLE_UNIT() SI_UNIT($,.RADIAN.) );
#1613 = ( NAMED_UNIT(*) SI_UNIT($,.STERADIAN.) SOLID_ANGLE_UNIT() );
#1614 = UNCERTAINTY_MEASURE_WITH_UNIT(LENGTH_MEASURE(1.E-07),#1611,
  'distance_accuracy_value','confusion accuracy');
#1615 = CONTEXT_DEPENDENT_SHAPE_REPRESENTATION(#1616,#1618);
#1616 = ( REPRESENTATION_RELATIONSHIP('','',#1605,#10) 
REPRESENTATION_RELATIONSHIP_WITH_TRANSFORMATION(#1617) 
SHAPE_REPRESENTATION_RELATIONSHIP() );
#1617 = ITEM_DEFINED_TRANSFORMATION('','',#11,#19);
#1618 = PRODUCT_DEFINITION_SHAPE('Placement','Placement of an item',
  #1619);
#1619 = NEXT_ASSEMBLY_USAGE_OCCURRENCE('4','R1','',#5,#1600,$);
#1620 = PRODUCT_RELATED_PRODUCT_CATEGORY('part',$,(#1602));
#1621 = SHAPE_DEFINITION_REPRESENTATION(#1622,#1628);
#1622 = PRODUCT_DEFINITION_SHAPE('','',#1623);
#1623 = PRODUCT_DEFINITION('design','',#1624,#1627);
#1624 = PRODUCT_DEFINITION_FORMATION('','',#1625);
#1625 = PRODUCT('R_0603_1608Metric','R_0603_1608Metric','',(#1626));
#1626 = PRODUCT_CONTEXT('',#2,'mechanical');
#1627 = PRODUCT_DEFINITION_CONTEXT('part definition',#2,'design');
#1628 = ADVANCED_BREP_SHAPE_REPRESENTATION('',(#11,#1629),#2419);
#1629 = MANIFOLD_SOLID_BREP('',#1630);
#1630 = CLOSED_SHELL('',(#1631,#1671,#1754,#1779,#1804,#1871,#1888,#1905
    ,#1954,#1971,#1988,#2037,#2054,#2123,#2154,#2178,#2247,#2271,#2288,
    #2305,#2322,#2339,#2356,#2373,#2390,#2407));
#1631 = ADVANCED_FACE('',(#1632),#1666,.F.);
#1632 = FACE_BOUND('',#1633,.F.);
#1633 = EDGE_LOOP('',(#1634,#1644,#1652,#1660));
#1634 = ORIENTED_EDGE('',*,*,#1635,.F.);
#1635 = EDGE_CURVE('',#1636,#1638,#1640,.T.);
#1636 = VERTEX_POINT('',#1637);
#1637 = CARTESIAN_POINT('',(-0.8,-0.4,4.5E-02));
#1638 = VERTEX_POINT('',#1639);
#1639 = CARTESIAN_POINT('',(-0.8,-0.4,0.405));
#1640 = LINE('',#1641,#1642);
#1641 = CARTESIAN_POINT('',(-0.8,-0.4,0.));
#1642 = VECTOR('',#1643,1.);
#1643 = DIRECTION('',(0.,0.,1.));
#1644 = ORIENTED_EDGE('',*,*,#1645,.T.);
#1645 = EDGE_CURVE('',#1636,#1646,#1648,.T.);
#1646 = VERTEX_POINT('',#1647);
#1647 = CARTESIAN_POINT('',(-0.8,0.4,4.5E-02));
#1648 = LINE('',#1649,#1650);
#1649 = CARTESIAN_POINT('',(-0.8,-0.4,4.5E-02));
#1650 = VECTOR('',#1651,1.);
#1651 = DIRECTION('',(0.,1.,0.));
#1652 = ORIENTED_EDGE('',*,*,#1653,.T.);
#1653 = EDGE_CURVE('',#1646,#1654,#1656,.T.);
#1654 = VERTEX_POINT('',#1655);
#1655 = CARTESIAN_POINT('',(-0.8,0.4,0.405));
#1656 = LINE('',#1657,#1658);
#1657 = CARTESIAN_POINT('',(-0.8,0.4,0.));
#1658 = VECTOR('',#1659,1.);
#1659 = DIRECTION('',(0.,0.,1.));
#1660 = ORIENTED_EDGE('',*,*,#1661,.F.);
#1661 = EDGE_CURVE('',#1638,#1654,#1662,.T.);
#1662 = LINE('',#1663,#1664);
#1663 = CARTESIAN_POINT('',(-0.8,-0.4,0.405));
#1664 = VECTOR('',#1665,1.);
#1665 = DIRECTION('',(0.,1.,0.));
#1666 = PLANE('',#1667);
#1667 = AXIS2_PLACEMENT_3D('',#1668,#1669,#1670);
#1668 = CARTESIAN_POINT('',(-0.8,-0.4,0.));
#1669 = DIRECTION('',(1.,0.,0.));
#1670 = DIRECTION('',(0.,0.,1.));
#1671 = ADVANCED_FACE('',(#1672),#1749,.F.);
#1672 = FACE_BOUND('',#1673,.F.);
#1673 = EDGE_LOOP('',(#1674,#1684,#1691,#1692,#1701,#1709,#1718,#1726,
    #1734,#1742));
#1674 = ORIENTED_EDGE('',*,*,#1675,.F.);
#1675 = EDGE_CURVE('',#1676,#1678,#1680,.T.);
#1676 = VERTEX_POINT('',#1677);
#1677 = CARTESIAN_POINT('',(-0.755,-0.4,-2.775557561563E-17));
#1678 = VERTEX_POINT('',#1679);
#1679 = CARTESIAN_POINT('',(-0.545,-0.4,-2.775557561563E-17));
#1680 = LINE('',#1681,#1682);
#1681 = CARTESIAN_POINT('',(-0.8,-0.4,0.));
#1682 = VECTOR('',#1683,1.);
#1683 = DIRECTION('',(1.,0.,0.));
#1684 = ORIENTED_EDGE('',*,*,#1685,.F.);
#1685 = EDGE_CURVE('',#1636,#1676,#1686,.T.);
#1686 = CIRCLE('',#1687,4.5E-02);
#1687 = AXIS2_PLACEMENT_3D('',#1688,#1689,#1690);
#1688 = CARTESIAN_POINT('',(-0.755,-0.4,4.5E-02));
#1689 = DIRECTION('',(0.,-1.,0.));
#1690 = DIRECTION('',(0.,0.,1.));
#1691 = ORIENTED_EDGE('',*,*,#1635,.T.);
#1692 = ORIENTED_EDGE('',*,*,#1693,.T.);
#1693 = EDGE_CURVE('',#1638,#1694,#1696,.T.);
#1694 = VERTEX_POINT('',#1695);
#1695 = CARTESIAN_POINT('',(-0.755,-0.4,0.45));
#1696 = CIRCLE('',#1697,4.5E-02);
#1697 = AXIS2_PLACEMENT_3D('',#1698,#1699,#1700);
#1698 = CARTESIAN_POINT('',(-0.755,-0.4,0.405));
#1699 = DIRECTION('',(0.,1.,0.));
#1700 = DIRECTION('',(0.,-0.,1.));
#1701 = ORIENTED_EDGE('',*,*,#1702,.T.);
#1702 = EDGE_CURVE('',#1694,#1703,#1705,.T.);
#1703 = VERTEX_POINT('',#1704);
#1704 = CARTESIAN_POINT('',(-0.545,-0.4,0.45));
#1705 = LINE('',#1706,#1707);
#1706 = CARTESIAN_POINT('',(-0.8,-0.4,0.45));
#1707 = VECTOR('',#1708,1.);
#1708 = DIRECTION('',(1.,0.,0.));
#1709 = ORIENTED_EDGE('',*,*,#1710,.F.);
#1710 = EDGE_CURVE('',#1711,#1703,#1713,.T.);
#1711 = VERTEX_POINT('',#1712);
#1712 = CARTESIAN_POINT('',(-0.5,-0.4,0.405));
#1713 = CIRCLE('',#1714,4.5E-02);
#1714 = AXIS2_PLACEMENT_3D('',#1715,#1716,#1717);
#1715 = CARTESIAN_POINT('',(-0.545,-0.4,0.405));
#1716 = DIRECTION('',(0.,-1.,0.));
#1717 = DIRECTION('',(0.,0.,1.));
#1718 = ORIENTED_EDGE('',*,*,#1719,.F.);
#1719 = EDGE_CURVE('',#1720,#1711,#1722,.T.);
#1720 = VERTEX_POINT('',#1721);
#1721 = CARTESIAN_POINT('',(-0.755,-0.4,0.405));
#1722 = LINE('',#1723,#1724);
#1723 = CARTESIAN_POINT('',(-0.755,-0.4,0.405));
#1724 = VECTOR('',#1725,1.);
#1725 = DIRECTION('',(1.,0.,0.));
#1726 = ORIENTED_EDGE('',*,*,#1727,.F.);
#1727 = EDGE_CURVE('',#1728,#1720,#1730,.T.);
#1728 = VERTEX_POINT('',#1729);
#1729 = CARTESIAN_POINT('',(-0.755,-0.4,4.5E-02));
#1730 = LINE('',#1731,#1732);
#1731 = CARTESIAN_POINT('',(-0.755,-0.4,4.5E-02));
#1732 = VECTOR('',#1733,1.);
#1733 = DIRECTION('',(0.,0.,1.));
#1734 = ORIENTED_EDGE('',*,*,#1735,.T.);
#1735 = EDGE_CURVE('',#1728,#1736,#1738,.T.);
#1736 = VERTEX_POINT('',#1737);
#1737 = CARTESIAN_POINT('',(-0.5,-0.4,4.5E-02));
#1738 = LINE('',#1739,#1740);
#1739 = CARTESIAN_POINT('',(-0.755,-0.4,4.5E-02));
#1740 = VECTOR('',#1741,1.);
#1741 = DIRECTION('',(1.,0.,0.));
#1742 = ORIENTED_EDGE('',*,*,#1743,.T.);
#1743 = EDGE_CURVE('',#1736,#1678,#1744,.T.);
#1744 = CIRCLE('',#1745,4.5E-02);
#1745 = AXIS2_PLACEMENT_3D('',#1746,#1747,#1748);
#1746 = CARTESIAN_POINT('',(-0.545,-0.4,4.5E-02));
#1747 = DIRECTION('',(0.,1.,0.));
#1748 = DIRECTION('',(0.,-0.,1.));
#1749 = PLANE('',#1750);
#1750 = AXIS2_PLACEMENT_3D('',#1751,#1752,#1753);
#1751 = CARTESIAN_POINT('',(-0.8,-0.4,0.));
#1752 = DIRECTION('',(0.,1.,0.));
#1753 = DIRECTION('',(0.,-0.,1.));
#1754 = ADVANCED_FACE('',(#1755),#1774,.T.);
#1755 = FACE_BOUND('',#1756,.T.);
#1756 = EDGE_LOOP('',(#1757,#1758,#1767,#1773));
#1757 = ORIENTED_EDGE('',*,*,#1645,.T.);
#1758 = ORIENTED_EDGE('',*,*,#1759,.T.);
#1759 = EDGE_CURVE('',#1646,#1760,#1762,.T.);
#1760 = VERTEX_POINT('',#1761);
#1761 = CARTESIAN_POINT('',(-0.755,0.4,-2.775557561563E-17));
#1762 = CIRCLE('',#1763,4.5E-02);
#1763 = AXIS2_PLACEMENT_3D('',#1764,#1765,#1766);
#1764 = CARTESIAN_POINT('',(-0.755,0.4,4.5E-02));
#1765 = DIRECTION('',(0.,-1.,0.));
#1766 = DIRECTION('',(0.,0.,1.));
#1767 = ORIENTED_EDGE('',*,*,#1768,.F.);
#1768 = EDGE_CURVE('',#1676,#1760,#1769,.T.);
#1769 = LINE('',#1770,#1771);
#1770 = CARTESIAN_POINT('',(-0.755,-0.4,-2.775557561563E-17));
#1771 = VECTOR('',#1772,1.);
#1772 = DIRECTION('',(0.,1.,0.));
#1773 = ORIENTED_EDGE('',*,*,#1685,.F.);
#1774 = CYLINDRICAL_SURFACE('',#1775,4.5E-02);
#1775 = AXIS2_PLACEMENT_3D('',#1776,#1777,#1778);
#1776 = CARTESIAN_POINT('',(-0.755,-0.4,4.5E-02));
#1777 = DIRECTION('',(0.,1.,0.));
#1778 = DIRECTION('',(-1.,0.,0.));
#1779 = ADVANCED_FACE('',(#1780),#1799,.T.);
#1780 = FACE_BOUND('',#1781,.T.);
#1781 = EDGE_LOOP('',(#1782,#1783,#1791,#1798));
#1782 = ORIENTED_EDGE('',*,*,#1693,.T.);
#1783 = ORIENTED_EDGE('',*,*,#1784,.T.);
#1784 = EDGE_CURVE('',#1694,#1785,#1787,.T.);
#1785 = VERTEX_POINT('',#1786);
#1786 = CARTESIAN_POINT('',(-0.755,0.4,0.45));
#1787 = LINE('',#1788,#1789);
#1788 = CARTESIAN_POINT('',(-0.755,-0.4,0.45));
#1789 = VECTOR('',#1790,1.);
#1790 = DIRECTION('',(0.,1.,0.));
#1791 = ORIENTED_EDGE('',*,*,#1792,.F.);
#1792 = EDGE_CURVE('',#1654,#1785,#1793,.T.);
#1793 = CIRCLE('',#1794,4.5E-02);
#1794 = AXIS2_PLACEMENT_3D('',#1795,#1796,#1797);
#1795 = CARTESIAN_POINT('',(-0.755,0.4,0.405));
#1796 = DIRECTION('',(0.,1.,0.));
#1797 = DIRECTION('',(0.,-0.,1.));
#1798 = ORIENTED_EDGE('',*,*,#1661,.F.);
#1799 = CYLINDRICAL_SURFACE('',#1800,4.5E-02);
#1800 = AXIS2_PLACEMENT_3D('',#1801,#1802,#1803);
#1801 = CARTESIAN_POINT('',(-0.755,-0.4,0.405));
#1802 = DIRECTION('',(0.,1.,0.));
#1803 = DIRECTION('',(-1.,0.,0.));
#1804 = ADVANCED_FACE('',(#1805),#1866,.T.);
#1805 = FACE_BOUND('',#1806,.T.);
#1806 = EDGE_LOOP('',(#1807,#1815,#1816,#1817,#1818,#1826,#1835,#1843,
    #1851,#1859));
#1807 = ORIENTED_EDGE('',*,*,#1808,.F.);
#1808 = EDGE_CURVE('',#1760,#1809,#1811,.T.);
#1809 = VERTEX_POINT('',#1810);
#1810 = CARTESIAN_POINT('',(-0.545,0.4,-2.775557561563E-17));
#1811 = LINE('',#1812,#1813);
#1812 = CARTESIAN_POINT('',(-0.8,0.4,0.));
#1813 = VECTOR('',#1814,1.);
#1814 = DIRECTION('',(1.,0.,0.));
#1815 = ORIENTED_EDGE('',*,*,#1759,.F.);
#1816 = ORIENTED_EDGE('',*,*,#1653,.T.);
#1817 = ORIENTED_EDGE('',*,*,#1792,.T.);
#1818 = ORIENTED_EDGE('',*,*,#1819,.T.);
#1819 = EDGE_CURVE('',#1785,#1820,#1822,.T.);
#1820 = VERTEX_POINT('',#1821);
#1821 = CARTESIAN_POINT('',(-0.545,0.4,0.45));
#1822 = LINE('',#1823,#1824);
#1823 = CARTESIAN_POINT('',(-0.8,0.4,0.45));
#1824 = VECTOR('',#1825,1.);
#1825 = DIRECTION('',(1.,0.,0.));
#1826 = ORIENTED_EDGE('',*,*,#1827,.F.);
#1827 = EDGE_CURVE('',#1828,#1820,#1830,.T.);
#1828 = VERTEX_POINT('',#1829);
#1829 = CARTESIAN_POINT('',(-0.5,0.4,0.405));
#1830 = CIRCLE('',#1831,4.5E-02);
#1831 = AXIS2_PLACEMENT_3D('',#1832,#1833,#1834);
#1832 = CARTESIAN_POINT('',(-0.545,0.4,0.405));
#1833 = DIRECTION('',(0.,-1.,0.));
#1834 = DIRECTION('',(0.,0.,1.));
#1835 = ORIENTED_EDGE('',*,*,#1836,.F.);
#1836 = EDGE_CURVE('',#1837,#1828,#1839,.T.);
#1837 = VERTEX_POINT('',#1838);
#1838 = CARTESIAN_POINT('',(-0.755,0.4,0.405));
#1839 = LINE('',#1840,#1841);
#1840 = CARTESIAN_POINT('',(-0.755,0.4,0.405));
#1841 = VECTOR('',#1842,1.);
#1842 = DIRECTION('',(1.,0.,0.));
#1843 = ORIENTED_EDGE('',*,*,#1844,.F.);
#1844 = EDGE_CURVE('',#1845,#1837,#1847,.T.);
#1845 = VERTEX_POINT('',#1846);
#1846 = CARTESIAN_POINT('',(-0.755,0.4,4.5E-02));
#1847 = LINE('',#1848,#1849);
#1848 = CARTESIAN_POINT('',(-0.755,0.4,4.5E-02));
#1849 = VECTOR('',#1850,1.);
#1850 = DIRECTION('',(0.,0.,1.));
#1851 = ORIENTED_EDGE('',*,*,#1852,.T.);
#1852 = EDGE_CURVE('',#1845,#1853,#1855,.T.);
#1853 = VERTEX_POINT('',#1854);
#1854 = CARTESIAN_POINT('',(-0.5,0.4,4.5E-02));
#1855 = LINE('',#1856,#1857);
#1856 = CARTESIAN_POINT('',(-0.755,0.4,4.5E-02));
#1857 = VECTOR('',#1858,1.);
#1858 = DIRECTION('',(1.,0.,0.));
#1859 = ORIENTED_EDGE('',*,*,#1860,.T.);
#1860 = EDGE_CURVE('',#1853,#1809,#1861,.T.);
#1861 = CIRCLE('',#1862,4.5E-02);
#1862 = AXIS2_PLACEMENT_3D('',#1863,#1864,#1865);
#1863 = CARTESIAN_POINT('',(-0.545,0.4,4.5E-02));
#1864 = DIRECTION('',(0.,1.,0.));
#1865 = DIRECTION('',(0.,-0.,1.));
#1866 = PLANE('',#1867);
#1867 = AXIS2_PLACEMENT_3D('',#1868,#1869,#1870);
#1868 = CARTESIAN_POINT('',(-0.8,0.4,0.));
#1869 = DIRECTION('',(0.,1.,0.));
#1870 = DIRECTION('',(0.,-0.,1.));
#1871 = ADVANCED_FACE('',(#1872),#1883,.F.);
#1872 = FACE_BOUND('',#1873,.F.);
#1873 = EDGE_LOOP('',(#1874,#1875,#1876,#1877));
#1874 = ORIENTED_EDGE('',*,*,#1808,.F.);
#1875 = ORIENTED_EDGE('',*,*,#1768,.F.);
#1876 = ORIENTED_EDGE('',*,*,#1675,.T.);
#1877 = ORIENTED_EDGE('',*,*,#1878,.T.);
#1878 = EDGE_CURVE('',#1678,#1809,#1879,.T.);
#1879 = LINE('',#1880,#1881);
#1880 = CARTESIAN_POINT('',(-0.545,-0.4,-2.775557561563E-17));
#1881 = VECTOR('',#1882,1.);
#1882 = DIRECTION('',(0.,1.,0.));
#1883 = PLANE('',#1884);
#1884 = AXIS2_PLACEMENT_3D('',#1885,#1886,#1887);
#1885 = CARTESIAN_POINT('',(-0.8,-0.4,0.));
#1886 = DIRECTION('',(0.,0.,1.));
#1887 = DIRECTION('',(1.,0.,-0.));
#1888 = ADVANCED_FACE('',(#1889),#1900,.T.);
#1889 = FACE_BOUND('',#1890,.T.);
#1890 = EDGE_LOOP('',(#1891,#1892,#1893,#1894));
#1891 = ORIENTED_EDGE('',*,*,#1743,.T.);
#1892 = ORIENTED_EDGE('',*,*,#1878,.T.);
#1893 = ORIENTED_EDGE('',*,*,#1860,.F.);
#1894 = ORIENTED_EDGE('',*,*,#1895,.F.);
#1895 = EDGE_CURVE('',#1736,#1853,#1896,.T.);
#1896 = LINE('',#1897,#1898);
#1897 = CARTESIAN_POINT('',(-0.5,-0.4,4.5E-02));
#1898 = VECTOR('',#1899,1.);
#1899 = DIRECTION('',(0.,1.,0.));
#1900 = CYLINDRICAL_SURFACE('',#1901,4.5E-02);
#1901 = AXIS2_PLACEMENT_3D('',#1902,#1903,#1904);
#1902 = CARTESIAN_POINT('',(-0.545,-0.4,4.5E-02));
#1903 = DIRECTION('',(0.,1.,0.));
#1904 = DIRECTION('',(1.,0.,0.));
#1905 = ADVANCED_FACE('',(#1906),#1949,.F.);
#1906 = FACE_BOUND('',#1907,.F.);
#1907 = EDGE_LOOP('',(#1908,#1909,#1910,#1911,#1919,#1927,#1935,#1943));
#1908 = ORIENTED_EDGE('',*,*,#1735,.F.);
#1909 = ORIENTED_EDGE('',*,*,#1727,.T.);
#1910 = ORIENTED_EDGE('',*,*,#1719,.T.);
#1911 = ORIENTED_EDGE('',*,*,#1912,.T.);
#1912 = EDGE_CURVE('',#1711,#1913,#1915,.T.);
#1913 = VERTEX_POINT('',#1914);
#1914 = CARTESIAN_POINT('',(0.5,-0.4,0.405));
#1915 = LINE('',#1916,#1917);
#1916 = CARTESIAN_POINT('',(-0.5,-0.4,0.405));
#1917 = VECTOR('',#1918,1.);
#1918 = DIRECTION('',(1.,0.,0.));
#1919 = ORIENTED_EDGE('',*,*,#1920,.T.);
#1920 = EDGE_CURVE('',#1913,#1921,#1923,.T.);
#1921 = VERTEX_POINT('',#1922);
#1922 = CARTESIAN_POINT('',(0.755,-0.4,0.405));
#1923 = LINE('',#1924,#1925);
#1924 = CARTESIAN_POINT('',(-0.755,-0.4,0.405));
#1925 = VECTOR('',#1926,1.);
#1926 = DIRECTION('',(1.,0.,0.));
#1927 = ORIENTED_EDGE('',*,*,#1928,.F.);
#1928 = EDGE_CURVE('',#1929,#1921,#1931,.T.);
#1929 = VERTEX_POINT('',#1930);
#1930 = CARTESIAN_POINT('',(0.755,-0.4,4.5E-02));
#1931 = LINE('',#1932,#1933);
#1932 = CARTESIAN_POINT('',(0.755,-0.4,4.5E-02));
#1933 = VECTOR('',#1934,1.);
#1934 = DIRECTION('',(0.,0.,1.));
#1935 = ORIENTED_EDGE('',*,*,#1936,.F.);
#1936 = EDGE_CURVE('',#1937,#1929,#1939,.T.);
#1937 = VERTEX_POINT('',#1938);
#1938 = CARTESIAN_POINT('',(0.5,-0.4,4.5E-02));
#1939 = LINE('',#1940,#1941);
#1940 = CARTESIAN_POINT('',(-0.755,-0.4,4.5E-02));
#1941 = VECTOR('',#1942,1.);
#1942 = DIRECTION('',(1.,0.,0.));
#1943 = ORIENTED_EDGE('',*,*,#1944,.F.);
#1944 = EDGE_CURVE('',#1736,#1937,#1945,.T.);
#1945 = LINE('',#1946,#1947);
#1946 = CARTESIAN_POINT('',(-0.755,-0.4,4.5E-02));
#1947 = VECTOR('',#1948,1.);
#1948 = DIRECTION('',(1.,0.,0.));
#1949 = PLANE('',#1950);
#1950 = AXIS2_PLACEMENT_3D('',#1951,#1952,#1953);
#1951 = CARTESIAN_POINT('',(-0.755,-0.4,4.5E-02));
#1952 = DIRECTION('',(0.,1.,0.));
#1953 = DIRECTION('',(0.,-0.,1.));
#1954 = ADVANCED_FACE('',(#1955),#1966,.T.);
#1955 = FACE_BOUND('',#1956,.T.);
#1956 = EDGE_LOOP('',(#1957,#1958,#1959,#1960));
#1957 = ORIENTED_EDGE('',*,*,#1819,.F.);
#1958 = ORIENTED_EDGE('',*,*,#1784,.F.);
#1959 = ORIENTED_EDGE('',*,*,#1702,.T.);
#1960 = ORIENTED_EDGE('',*,*,#1961,.T.);
#1961 = EDGE_CURVE('',#1703,#1820,#1962,.T.);
#1962 = LINE('',#1963,#1964);
#1963 = CARTESIAN_POINT('',(-0.545,-0.4,0.45));
#1964 = VECTOR('',#1965,1.);
#1965 = DIRECTION('',(0.,1.,0.));
#1966 = PLANE('',#1967);
#1967 = AXIS2_PLACEMENT_3D('',#1968,#1969,#1970);
#1968 = CARTESIAN_POINT('',(-0.8,-0.4,0.45));
#1969 = DIRECTION('',(0.,0.,1.));
#1970 = DIRECTION('',(1.,0.,-0.));
#1971 = ADVANCED_FACE('',(#1972),#1983,.T.);
#1972 = FACE_BOUND('',#1973,.T.);
#1973 = EDGE_LOOP('',(#1974,#1980,#1981,#1982));
#1974 = ORIENTED_EDGE('',*,*,#1975,.T.);
#1975 = EDGE_CURVE('',#1711,#1828,#1976,.T.);
#1976 = LINE('',#1977,#1978);
#1977 = CARTESIAN_POINT('',(-0.5,-0.4,0.405));
#1978 = VECTOR('',#1979,1.);
#1979 = DIRECTION('',(0.,1.,0.));
#1980 = ORIENTED_EDGE('',*,*,#1827,.T.);
#1981 = ORIENTED_EDGE('',*,*,#1961,.F.);
#1982 = ORIENTED_EDGE('',*,*,#1710,.F.);
#1983 = CYLINDRICAL_SURFACE('',#1984,4.5E-02);
#1984 = AXIS2_PLACEMENT_3D('',#1985,#1986,#1987);
#1985 = CARTESIAN_POINT('',(-0.545,-0.4,0.405));
#1986 = DIRECTION('',(0.,1.,0.));
#1987 = DIRECTION('',(1.,0.,0.));
#1988 = ADVANCED_FACE('',(#1989),#2032,.T.);
#1989 = FACE_BOUND('',#1990,.T.);
#1990 = EDGE_LOOP('',(#1991,#1992,#1993,#1994,#2002,#2010,#2018,#2026));
#1991 = ORIENTED_EDGE('',*,*,#1852,.F.);
#1992 = ORIENTED_EDGE('',*,*,#1844,.T.);
#1993 = ORIENTED_EDGE('',*,*,#1836,.T.);
#1994 = ORIENTED_EDGE('',*,*,#1995,.T.);
#1995 = EDGE_CURVE('',#1828,#1996,#1998,.T.);
#1996 = VERTEX_POINT('',#1997);
#1997 = CARTESIAN_POINT('',(0.5,0.4,0.405));
#1998 = LINE('',#1999,#2000);
#1999 = CARTESIAN_POINT('',(-0.5,0.4,0.405));
#2000 = VECTOR('',#2001,1.);
#2001 = DIRECTION('',(1.,0.,0.));
#2002 = ORIENTED_EDGE('',*,*,#2003,.T.);
#2003 = EDGE_CURVE('',#1996,#2004,#2006,.T.);
#2004 = VERTEX_POINT('',#2005);
#2005 = CARTESIAN_POINT('',(0.755,0.4,0.405));
#2006 = LINE('',#2007,#2008);
#2007 = CARTESIAN_POINT('',(-0.755,0.4,0.405));
#2008 = VECTOR('',#2009,1.);
#2009 = DIRECTION('',(1.,0.,0.));
#2010 = ORIENTED_EDGE('',*,*,#2011,.F.);
#2011 = EDGE_CURVE('',#2012,#2004,#2014,.T.);
#2012 = VERTEX_POINT('',#2013);
#2013 = CARTESIAN_POINT('',(0.755,0.4,4.5E-02));
#2014 = LINE('',#2015,#2016);
#2015 = CARTESIAN_POINT('',(0.755,0.4,4.5E-02));
#2016 = VECTOR('',#2017,1.);
#2017 = DIRECTION('',(0.,0.,1.));
#2018 = ORIENTED_EDGE('',*,*,#2019,.F.);
#2019 = EDGE_CURVE('',#2020,#2012,#2022,.T.);
#2020 = VERTEX_POINT('',#2021);
#2021 = CARTESIAN_POINT('',(0.5,0.4,4.5E-02));
#2022 = LINE('',#2023,#2024);
#2023 = CARTESIAN_POINT('',(-0.755,0.4,4.5E-02));
#2024 = VECTOR('',#2025,1.);
#2025 = DIRECTION('',(1.,0.,0.));
#2026 = ORIENTED_EDGE('',*,*,#2027,.F.);
#2027 = EDGE_CURVE('',#1853,#2020,#2028,.T.);
#2028 = LINE('',#2029,#2030);
#2029 = CARTESIAN_POINT('',(-0.755,0.4,4.5E-02));
#2030 = VECTOR('',#2031,1.);
#2031 = DIRECTION('',(1.,0.,0.));
#2032 = PLANE('',#2033);
#2033 = AXIS2_PLACEMENT_3D('',#2034,#2035,#2036);
#2034 = CARTESIAN_POINT('',(-0.755,0.4,4.5E-02));
#2035 = DIRECTION('',(0.,1.,0.));
#2036 = DIRECTION('',(0.,-0.,1.));
#2037 = ADVANCED_FACE('',(#2038),#2049,.F.);
#2038 = FACE_BOUND('',#2039,.F.);
#2039 = EDGE_LOOP('',(#2040,#2041,#2042,#2048));
#2040 = ORIENTED_EDGE('',*,*,#1895,.F.);
#2041 = ORIENTED_EDGE('',*,*,#1944,.T.);
#2042 = ORIENTED_EDGE('',*,*,#2043,.T.);
#2043 = EDGE_CURVE('',#1937,#2020,#2044,.T.);
#2044 = LINE('',#2045,#2046);
#2045 = CARTESIAN_POINT('',(0.5,-0.4,4.5E-02));
#2046 = VECTOR('',#2047,1.);
#2047 = DIRECTION('',(0.,1.,0.));
#2048 = ORIENTED_EDGE('',*,*,#2027,.F.);
#2049 = PLANE('',#2050);
#2050 = AXIS2_PLACEMENT_3D('',#2051,#2052,#2053);
#2051 = CARTESIAN_POINT('',(-0.755,-0.4,4.5E-02));
#2052 = DIRECTION('',(0.,0.,1.));
#2053 = DIRECTION('',(1.,0.,-0.));
#2054 = ADVANCED_FACE('',(#2055),#2118,.F.);
#2055 = FACE_BOUND('',#2056,.F.);
#2056 = EDGE_LOOP('',(#2057,#2067,#2074,#2075,#2076,#2077,#2086,#2094,
    #2103,#2111));
#2057 = ORIENTED_EDGE('',*,*,#2058,.F.);
#2058 = EDGE_CURVE('',#2059,#2061,#2063,.T.);
#2059 = VERTEX_POINT('',#2060);
#2060 = CARTESIAN_POINT('',(0.545,-0.4,-2.775557561563E-17));
#2061 = VERTEX_POINT('',#2062);
#2062 = CARTESIAN_POINT('',(0.755,-0.4,-2.775557561563E-17));
#2063 = LINE('',#2064,#2065);
#2064 = CARTESIAN_POINT('',(0.5,-0.4,0.));
#2065 = VECTOR('',#2066,1.);
#2066 = DIRECTION('',(1.,0.,0.));
#2067 = ORIENTED_EDGE('',*,*,#2068,.F.);
#2068 = EDGE_CURVE('',#1937,#2059,#2069,.T.);
#2069 = CIRCLE('',#2070,4.5E-02);
#2070 = AXIS2_PLACEMENT_3D('',#2071,#2072,#2073);
#2071 = CARTESIAN_POINT('',(0.545,-0.4,4.5E-02));
#2072 = DIRECTION('',(0.,-1.,0.));
#2073 = DIRECTION('',(0.,0.,1.));
#2074 = ORIENTED_EDGE('',*,*,#1936,.T.);
#2075 = ORIENTED_EDGE('',*,*,#1928,.T.);
#2076 = ORIENTED_EDGE('',*,*,#1920,.F.);
#2077 = ORIENTED_EDGE('',*,*,#2078,.T.);
#2078 = EDGE_CURVE('',#1913,#2079,#2081,.T.);
#2079 = VERTEX_POINT('',#2080);
#2080 = CARTESIAN_POINT('',(0.545,-0.4,0.45));
#2081 = CIRCLE('',#2082,4.5E-02);
#2082 = AXIS2_PLACEMENT_3D('',#2083,#2084,#2085);
#2083 = CARTESIAN_POINT('',(0.545,-0.4,0.405));
#2084 = DIRECTION('',(0.,1.,0.));
#2085 = DIRECTION('',(0.,-0.,1.));
#2086 = ORIENTED_EDGE('',*,*,#2087,.T.);
#2087 = EDGE_CURVE('',#2079,#2088,#2090,.T.);
#2088 = VERTEX_POINT('',#2089);
#2089 = CARTESIAN_POINT('',(0.755,-0.4,0.45));
#2090 = LINE('',#2091,#2092);
#2091 = CARTESIAN_POINT('',(0.5,-0.4,0.45));
#2092 = VECTOR('',#2093,1.);
#2093 = DIRECTION('',(1.,0.,0.));
#2094 = ORIENTED_EDGE('',*,*,#2095,.F.);
#2095 = EDGE_CURVE('',#2096,#2088,#2098,.T.);
#2096 = VERTEX_POINT('',#2097);
#2097 = CARTESIAN_POINT('',(0.8,-0.4,0.405));
#2098 = CIRCLE('',#2099,4.5E-02);
#2099 = AXIS2_PLACEMENT_3D('',#2100,#2101,#2102);
#2100 = CARTESIAN_POINT('',(0.755,-0.4,0.405));
#2101 = DIRECTION('',(0.,-1.,0.));
#2102 = DIRECTION('',(0.,0.,1.));
#2103 = ORIENTED_EDGE('',*,*,#2104,.F.);
#2104 = EDGE_CURVE('',#2105,#2096,#2107,.T.);
#2105 = VERTEX_POINT('',#2106);
#2106 = CARTESIAN_POINT('',(0.8,-0.4,4.5E-02));
#2107 = LINE('',#2108,#2109);
#2108 = CARTESIAN_POINT('',(0.8,-0.4,0.));
#2109 = VECTOR('',#2110,1.);
#2110 = DIRECTION('',(0.,0.,1.));
#2111 = ORIENTED_EDGE('',*,*,#2112,.T.);
#2112 = EDGE_CURVE('',#2105,#2061,#2113,.T.);
#2113 = CIRCLE('',#2114,4.5E-02);
#2114 = AXIS2_PLACEMENT_3D('',#2115,#2116,#2117);
#2115 = CARTESIAN_POINT('',(0.755,-0.4,4.5E-02));
#2116 = DIRECTION('',(0.,1.,0.));
#2117 = DIRECTION('',(0.,-0.,1.));
#2118 = PLANE('',#2119);
#2119 = AXIS2_PLACEMENT_3D('',#2120,#2121,#2122);
#2120 = CARTESIAN_POINT('',(0.5,-0.4,0.));
#2121 = DIRECTION('',(0.,1.,0.));
#2122 = DIRECTION('',(0.,-0.,1.));
#2123 = ADVANCED_FACE('',(#2124),#2149,.F.);
#2124 = FACE_BOUND('',#2125,.F.);
#2125 = EDGE_LOOP('',(#2126,#2127,#2135,#2143));
#2126 = ORIENTED_EDGE('',*,*,#1912,.F.);
#2127 = ORIENTED_EDGE('',*,*,#2128,.T.);
#2128 = EDGE_CURVE('',#1711,#2129,#2131,.T.);
#2129 = VERTEX_POINT('',#2130);
#2130 = CARTESIAN_POINT('',(-0.5,-0.4,0.45));
#2131 = LINE('',#2132,#2133);
#2132 = CARTESIAN_POINT('',(-0.5,-0.4,0.405));
#2133 = VECTOR('',#2134,1.);
#2134 = DIRECTION('',(0.,0.,1.));
#2135 = ORIENTED_EDGE('',*,*,#2136,.T.);
#2136 = EDGE_CURVE('',#2129,#2137,#2139,.T.);
#2137 = VERTEX_POINT('',#2138);
#2138 = CARTESIAN_POINT('',(0.5,-0.4,0.45));
#2139 = LINE('',#2140,#2141);
#2140 = CARTESIAN_POINT('',(-0.5,-0.4,0.45));
#2141 = VECTOR('',#2142,1.);
#2142 = DIRECTION('',(1.,0.,0.));
#2143 = ORIENTED_EDGE('',*,*,#2144,.F.);
#2144 = EDGE_CURVE('',#1913,#2137,#2145,.T.);
#2145 = LINE('',#2146,#2147);
#2146 = CARTESIAN_POINT('',(0.5,-0.4,0.405));
#2147 = VECTOR('',#2148,1.);
#2148 = DIRECTION('',(0.,0.,1.));
#2149 = PLANE('',#2150);
#2150 = AXIS2_PLACEMENT_3D('',#2151,#2152,#2153);
#2151 = CARTESIAN_POINT('',(-0.5,-0.4,0.405));
#2152 = DIRECTION('',(0.,1.,0.));
#2153 = DIRECTION('',(0.,-0.,1.));
#2154 = ADVANCED_FACE('',(#2155),#2173,.F.);
#2155 = FACE_BOUND('',#2156,.F.);
#2156 = EDGE_LOOP('',(#2157,#2158,#2159,#2167));
#2157 = ORIENTED_EDGE('',*,*,#2128,.F.);
#2158 = ORIENTED_EDGE('',*,*,#1975,.T.);
#2159 = ORIENTED_EDGE('',*,*,#2160,.T.);
#2160 = EDGE_CURVE('',#1828,#2161,#2163,.T.);
#2161 = VERTEX_POINT('',#2162);
#2162 = CARTESIAN_POINT('',(-0.5,0.4,0.45));
#2163 = LINE('',#2164,#2165);
#2164 = CARTESIAN_POINT('',(-0.5,0.4,0.405));
#2165 = VECTOR('',#2166,1.);
#2166 = DIRECTION('',(0.,0.,1.));
#2167 = ORIENTED_EDGE('',*,*,#2168,.F.);
#2168 = EDGE_CURVE('',#2129,#2161,#2169,.T.);
#2169 = LINE('',#2170,#2171);
#2170 = CARTESIAN_POINT('',(-0.5,-0.4,0.45));
#2171 = VECTOR('',#2172,1.);
#2172 = DIRECTION('',(0.,1.,0.));
#2173 = PLANE('',#2174);
#2174 = AXIS2_PLACEMENT_3D('',#2175,#2176,#2177);
#2175 = CARTESIAN_POINT('',(-0.5,-0.4,0.405));
#2176 = DIRECTION('',(1.,0.,0.));
#2177 = DIRECTION('',(0.,0.,1.));
#2178 = ADVANCED_FACE('',(#2179),#2242,.T.);
#2179 = FACE_BOUND('',#2180,.T.);
#2180 = EDGE_LOOP('',(#2181,#2191,#2198,#2199,#2200,#2201,#2210,#2218,
    #2227,#2235));
#2181 = ORIENTED_EDGE('',*,*,#2182,.F.);
#2182 = EDGE_CURVE('',#2183,#2185,#2187,.T.);
#2183 = VERTEX_POINT('',#2184);
#2184 = CARTESIAN_POINT('',(0.545,0.4,-2.775557561563E-17));
#2185 = VERTEX_POINT('',#2186);
#2186 = CARTESIAN_POINT('',(0.755,0.4,-2.775557561563E-17));
#2187 = LINE('',#2188,#2189);
#2188 = CARTESIAN_POINT('',(0.5,0.4,0.));
#2189 = VECTOR('',#2190,1.);
#2190 = DIRECTION('',(1.,0.,0.));
#2191 = ORIENTED_EDGE('',*,*,#2192,.F.);
#2192 = EDGE_CURVE('',#2020,#2183,#2193,.T.);
#2193 = CIRCLE('',#2194,4.5E-02);
#2194 = AXIS2_PLACEMENT_3D('',#2195,#2196,#2197);
#2195 = CARTESIAN_POINT('',(0.545,0.4,4.5E-02));
#2196 = DIRECTION('',(0.,-1.,0.));
#2197 = DIRECTION('',(0.,0.,1.));
#2198 = ORIENTED_EDGE('',*,*,#2019,.T.);
#2199 = ORIENTED_EDGE('',*,*,#2011,.T.);
#2200 = ORIENTED_EDGE('',*,*,#2003,.F.);
#2201 = ORIENTED_EDGE('',*,*,#2202,.T.);
#2202 = EDGE_CURVE('',#1996,#2203,#2205,.T.);
#2203 = VERTEX_POINT('',#2204);
#2204 = CARTESIAN_POINT('',(0.545,0.4,0.45));
#2205 = CIRCLE('',#2206,4.5E-02);
#2206 = AXIS2_PLACEMENT_3D('',#2207,#2208,#2209);
#2207 = CARTESIAN_POINT('',(0.545,0.4,0.405));
#2208 = DIRECTION('',(0.,1.,0.));
#2209 = DIRECTION('',(0.,-0.,1.));
#2210 = ORIENTED_EDGE('',*,*,#2211,.T.);
#2211 = EDGE_CURVE('',#2203,#2212,#2214,.T.);
#2212 = VERTEX_POINT('',#2213);
#2213 = CARTESIAN_POINT('',(0.755,0.4,0.45));
#2214 = LINE('',#2215,#2216);
#2215 = CARTESIAN_POINT('',(0.5,0.4,0.45));
#2216 = VECTOR('',#2217,1.);
#2217 = DIRECTION('',(1.,0.,0.));
#2218 = ORIENTED_EDGE('',*,*,#2219,.F.);
#2219 = EDGE_CURVE('',#2220,#2212,#2222,.T.);
#2220 = VERTEX_POINT('',#2221);
#2221 = CARTESIAN_POINT('',(0.8,0.4,0.405));
#2222 = CIRCLE('',#2223,4.5E-02);
#2223 = AXIS2_PLACEMENT_3D('',#2224,#2225,#2226);
#2224 = CARTESIAN_POINT('',(0.755,0.4,0.405));
#2225 = DIRECTION('',(0.,-1.,0.));
#2226 = DIRECTION('',(0.,0.,1.));
#2227 = ORIENTED_EDGE('',*,*,#2228,.F.);
#2228 = EDGE_CURVE('',#2229,#2220,#2231,.T.);
#2229 = VERTEX_POINT('',#2230);
#2230 = CARTESIAN_POINT('',(0.8,0.4,4.5E-02));
#2231 = LINE('',#2232,#2233);
#2232 = CARTESIAN_POINT('',(0.8,0.4,0.));
#2233 = VECTOR('',#2234,1.);
#2234 = DIRECTION('',(0.,0.,1.));
#2235 = ORIENTED_EDGE('',*,*,#2236,.T.);
#2236 = EDGE_CURVE('',#2229,#2185,#2237,.T.);
#2237 = CIRCLE('',#2238,4.5E-02);
#2238 = AXIS2_PLACEMENT_3D('',#2239,#2240,#2241);
#2239 = CARTESIAN_POINT('',(0.755,0.4,4.5E-02));
#2240 = DIRECTION('',(0.,1.,0.));
#2241 = DIRECTION('',(0.,-0.,1.));
#2242 = PLANE('',#2243);
#2243 = AXIS2_PLACEMENT_3D('',#2244,#2245,#2246);
#2244 = CARTESIAN_POINT('',(0.5,0.4,0.));
#2245 = DIRECTION('',(0.,1.,0.));
#2246 = DIRECTION('',(0.,-0.,1.));
#2247 = ADVANCED_FACE('',(#2248),#2266,.T.);
#2248 = FACE_BOUND('',#2249,.T.);
#2249 = EDGE_LOOP('',(#2250,#2251,#2252,#2260));
#2250 = ORIENTED_EDGE('',*,*,#1995,.F.);
#2251 = ORIENTED_EDGE('',*,*,#2160,.T.);
#2252 = ORIENTED_EDGE('',*,*,#2253,.T.);
#2253 = EDGE_CURVE('',#2161,#2254,#2256,.T.);
#2254 = VERTEX_POINT('',#2255);
#2255 = CARTESIAN_POINT('',(0.5,0.4,0.45));
#2256 = LINE('',#2257,#2258);
#2257 = CARTESIAN_POINT('',(-0.5,0.4,0.45));
#2258 = VECTOR('',#2259,1.);
#2259 = DIRECTION('',(1.,0.,0.));
#2260 = ORIENTED_EDGE('',*,*,#2261,.F.);
#2261 = EDGE_CURVE('',#1996,#2254,#2262,.T.);
#2262 = LINE('',#2263,#2264);
#2263 = CARTESIAN_POINT('',(0.5,0.4,0.405));
#2264 = VECTOR('',#2265,1.);
#2265 = DIRECTION('',(0.,0.,1.));
#2266 = PLANE('',#2267);
#2267 = AXIS2_PLACEMENT_3D('',#2268,#2269,#2270);
#2268 = CARTESIAN_POINT('',(-0.5,0.4,0.405));
#2269 = DIRECTION('',(0.,1.,0.));
#2270 = DIRECTION('',(0.,-0.,1.));
#2271 = ADVANCED_FACE('',(#2272),#2283,.T.);
#2272 = FACE_BOUND('',#2273,.T.);
#2273 = EDGE_LOOP('',(#2274,#2275,#2276,#2282));
#2274 = ORIENTED_EDGE('',*,*,#2043,.T.);
#2275 = ORIENTED_EDGE('',*,*,#2192,.T.);
#2276 = ORIENTED_EDGE('',*,*,#2277,.F.);
#2277 = EDGE_CURVE('',#2059,#2183,#2278,.T.);
#2278 = LINE('',#2279,#2280);
#2279 = CARTESIAN_POINT('',(0.545,-0.4,-2.775557561563E-17));
#2280 = VECTOR('',#2281,1.);
#2281 = DIRECTION('',(0.,1.,0.));
#2282 = ORIENTED_EDGE('',*,*,#2068,.F.);
#2283 = CYLINDRICAL_SURFACE('',#2284,4.5E-02);
#2284 = AXIS2_PLACEMENT_3D('',#2285,#2286,#2287);
#2285 = CARTESIAN_POINT('',(0.545,-0.4,4.5E-02));
#2286 = DIRECTION('',(0.,1.,0.));
#2287 = DIRECTION('',(-1.,0.,0.));
#2288 = ADVANCED_FACE('',(#2289),#2300,.F.);
#2289 = FACE_BOUND('',#2290,.F.);
#2290 = EDGE_LOOP('',(#2291,#2292,#2293,#2294));
#2291 = ORIENTED_EDGE('',*,*,#2182,.F.);
#2292 = ORIENTED_EDGE('',*,*,#2277,.F.);
#2293 = ORIENTED_EDGE('',*,*,#2058,.T.);
#2294 = ORIENTED_EDGE('',*,*,#2295,.T.);
#2295 = EDGE_CURVE('',#2061,#2185,#2296,.T.);
#2296 = LINE('',#2297,#2298);
#2297 = CARTESIAN_POINT('',(0.755,-0.4,-2.775557561563E-17));
#2298 = VECTOR('',#2299,1.);
#2299 = DIRECTION('',(0.,1.,0.));
#2300 = PLANE('',#2301);
#2301 = AXIS2_PLACEMENT_3D('',#2302,#2303,#2304);
#2302 = CARTESIAN_POINT('',(0.5,-0.4,0.));
#2303 = DIRECTION('',(0.,0.,1.));
#2304 = DIRECTION('',(1.,0.,-0.));
#2305 = ADVANCED_FACE('',(#2306),#2317,.T.);
#2306 = FACE_BOUND('',#2307,.T.);
#2307 = EDGE_LOOP('',(#2308,#2309,#2310,#2311));
#2308 = ORIENTED_EDGE('',*,*,#2112,.T.);
#2309 = ORIENTED_EDGE('',*,*,#2295,.T.);
#2310 = ORIENTED_EDGE('',*,*,#2236,.F.);
#2311 = ORIENTED_EDGE('',*,*,#2312,.F.);
#2312 = EDGE_CURVE('',#2105,#2229,#2313,.T.);
#2313 = LINE('',#2314,#2315);
#2314 = CARTESIAN_POINT('',(0.8,-0.4,4.5E-02));
#2315 = VECTOR('',#2316,1.);
#2316 = DIRECTION('',(0.,1.,0.));
#2317 = CYLINDRICAL_SURFACE('',#2318,4.5E-02);
#2318 = AXIS2_PLACEMENT_3D('',#2319,#2320,#2321);
#2319 = CARTESIAN_POINT('',(0.755,-0.4,4.5E-02));
#2320 = DIRECTION('',(0.,1.,0.));
#2321 = DIRECTION('',(1.,0.,0.));
#2322 = ADVANCED_FACE('',(#2323),#2334,.T.);
#2323 = FACE_BOUND('',#2324,.T.);
#2324 = EDGE_LOOP('',(#2325,#2326,#2327,#2328));
#2325 = ORIENTED_EDGE('',*,*,#2104,.F.);
#2326 = ORIENTED_EDGE('',*,*,#2312,.T.);
#2327 = ORIENTED_EDGE('',*,*,#2228,.T.);
#2328 = ORIENTED_EDGE('',*,*,#2329,.F.);
#2329 = EDGE_CURVE('',#2096,#2220,#2330,.T.);
#2330 = LINE('',#2331,#2332);
#2331 = CARTESIAN_POINT('',(0.8,-0.4,0.405));
#2332 = VECTOR('',#2333,1.);
#2333 = DIRECTION('',(0.,1.,0.));
#2334 = PLANE('',#2335);
#2335 = AXIS2_PLACEMENT_3D('',#2336,#2337,#2338);
#2336 = CARTESIAN_POINT('',(0.8,-0.4,0.));
#2337 = DIRECTION('',(1.,0.,0.));
#2338 = DIRECTION('',(0.,0.,1.));
#2339 = ADVANCED_FACE('',(#2340),#2351,.T.);
#2340 = FACE_BOUND('',#2341,.T.);
#2341 = EDGE_LOOP('',(#2342,#2343,#2344,#2350));
#2342 = ORIENTED_EDGE('',*,*,#2329,.T.);
#2343 = ORIENTED_EDGE('',*,*,#2219,.T.);
#2344 = ORIENTED_EDGE('',*,*,#2345,.F.);
#2345 = EDGE_CURVE('',#2088,#2212,#2346,.T.);
#2346 = LINE('',#2347,#2348);
#2347 = CARTESIAN_POINT('',(0.755,-0.4,0.45));
#2348 = VECTOR('',#2349,1.);
#2349 = DIRECTION('',(0.,1.,0.));
#2350 = ORIENTED_EDGE('',*,*,#2095,.F.);
#2351 = CYLINDRICAL_SURFACE('',#2352,4.5E-02);
#2352 = AXIS2_PLACEMENT_3D('',#2353,#2354,#2355);
#2353 = CARTESIAN_POINT('',(0.755,-0.4,0.405));
#2354 = DIRECTION('',(0.,1.,0.));
#2355 = DIRECTION('',(1.,0.,0.));
#2356 = ADVANCED_FACE('',(#2357),#2368,.T.);
#2357 = FACE_BOUND('',#2358,.T.);
#2358 = EDGE_LOOP('',(#2359,#2360,#2366,#2367));
#2359 = ORIENTED_EDGE('',*,*,#2211,.F.);
#2360 = ORIENTED_EDGE('',*,*,#2361,.F.);
#2361 = EDGE_CURVE('',#2079,#2203,#2362,.T.);
#2362 = LINE('',#2363,#2364);
#2363 = CARTESIAN_POINT('',(0.545,-0.4,0.45));
#2364 = VECTOR('',#2365,1.);
#2365 = DIRECTION('',(0.,1.,0.));
#2366 = ORIENTED_EDGE('',*,*,#2087,.T.);
#2367 = ORIENTED_EDGE('',*,*,#2345,.T.);
#2368 = PLANE('',#2369);
#2369 = AXIS2_PLACEMENT_3D('',#2370,#2371,#2372);
#2370 = CARTESIAN_POINT('',(0.5,-0.4,0.45));
#2371 = DIRECTION('',(0.,0.,1.));
#2372 = DIRECTION('',(1.,0.,-0.));
#2373 = ADVANCED_FACE('',(#2374),#2385,.T.);
#2374 = FACE_BOUND('',#2375,.T.);
#2375 = EDGE_LOOP('',(#2376,#2377,#2378,#2379));
#2376 = ORIENTED_EDGE('',*,*,#2078,.T.);
#2377 = ORIENTED_EDGE('',*,*,#2361,.T.);
#2378 = ORIENTED_EDGE('',*,*,#2202,.F.);
#2379 = ORIENTED_EDGE('',*,*,#2380,.F.);
#2380 = EDGE_CURVE('',#1913,#1996,#2381,.T.);
#2381 = LINE('',#2382,#2383);
#2382 = CARTESIAN_POINT('',(0.5,-0.4,0.405));
#2383 = VECTOR('',#2384,1.);
#2384 = DIRECTION('',(0.,1.,0.));
#2385 = CYLINDRICAL_SURFACE('',#2386,4.5E-02);
#2386 = AXIS2_PLACEMENT_3D('',#2387,#2388,#2389);
#2387 = CARTESIAN_POINT('',(0.545,-0.4,0.405));
#2388 = DIRECTION('',(0.,1.,0.));
#2389 = DIRECTION('',(-1.,0.,0.));
#2390 = ADVANCED_FACE('',(#2391),#2402,.T.);
#2391 = FACE_BOUND('',#2392,.T.);
#2392 = EDGE_LOOP('',(#2393,#2394,#2395,#2396));
#2393 = ORIENTED_EDGE('',*,*,#2144,.F.);
#2394 = ORIENTED_EDGE('',*,*,#2380,.T.);
#2395 = ORIENTED_EDGE('',*,*,#2261,.T.);
#2396 = ORIENTED_EDGE('',*,*,#2397,.F.);
#2397 = EDGE_CURVE('',#2137,#2254,#2398,.T.);
#2398 = LINE('',#2399,#2400);
#2399 = CARTESIAN_POINT('',(0.5,-0.4,0.45));
#2400 = VECTOR('',#2401,1.);
#2401 = DIRECTION('',(0.,1.,0.));
#2402 = PLANE('',#2403);
#2403 = AXIS2_PLACEMENT_3D('',#2404,#2405,#2406);
#2404 = CARTESIAN_POINT('',(0.5,-0.4,0.405));
#2405 = DIRECTION('',(1.,0.,0.));
#2406 = DIRECTION('',(0.,0.,1.));
#2407 = ADVANCED_FACE('',(#2408),#2414,.T.);
#2408 = FACE_BOUND('',#2409,.T.);
#2409 = EDGE_LOOP('',(#2410,#2411,#2412,#2413));
#2410 = ORIENTED_EDGE('',*,*,#2168,.F.);
#2411 = ORIENTED_EDGE('',*,*,#2136,.T.);
#2412 = ORIENTED_EDGE('',*,*,#2397,.T.);
#2413 = ORIENTED_EDGE('',*,*,#2253,.F.);
#2414 = PLANE('',#2415);
#2415 = AXIS2_PLACEMENT_3D('',#2416,#2417,#2418);
#2416 = CARTESIAN_POINT('',(-0.5,-0.4,0.45));
#2417 = DIRECTION('',(0.,0.,1.));
#2418 = DIRECTION('',(1.,0.,-0.));
#2419 = ( GEOMETRIC_REPRESENTATION_CONTEXT(3) 
GLOBAL_UNCERTAINTY_ASSIGNED_CONTEXT((#2423)) 
GLOBAL_UNIT_ASSIGNED_CONTEXT((#2420,#2421,#2422)) REPRESENTATION_CONTEXT
('Context #1','3D Context with UNIT and UNCERTAINTY') );
#2420 = ( LENGTH_UNIT() NAMED_UNIT(*) SI_UNIT(.MILLI.,.METRE.) );
#2421 = ( NAMED_UNIT(*) PLANE_ANGLE_UNIT() SI_UNIT($,.RADIAN.) );
#2422 = ( NAMED_UNIT(*) SI_UNIT($,.STERADIAN.) SOLID_ANGLE_UNIT() );
#2423 = UNCERTAINTY_MEASURE_WITH_UNIT(LENGTH_MEASURE(1.E-07),#2420,
  'distance_accuracy_value','confusion accuracy');
#2424 = CONTEXT_DEPENDENT_SHAPE_REPRESENTATION(#2425,#2427);
#2425 = ( REPRESENTATION_RELATIONSHIP('','',#1628,#1605) 
REPRESENTATION_RELATIONSHIP_WITH_TRANSFORMATION(#2426) 
SHAPE_REPRESENTATION_RELATIONSHIP() );
#2426 = ITEM_DEFINED_TRANSFORMATION('','',#11,#1606);
#2427 = PRODUCT_DEFINITION_SHAPE('Placement','Placement of an item',
  #2428);
#2428 = NEXT_ASSEMBLY_USAGE_OCCURRENCE('3','=>[0:1:1:5]','',#1600,#1623,
  $);
#2429 = PRODUCT_RELATED_PRODUCT_CATEGORY('part',$,(#1625));
#2430 = SHAPE_DEFINITION_REPRESENTATION(#2431,#2437);
#2431 = PRODUCT_DEFINITION_SHAPE('','',#2432);
#2432 = PRODUCT_DEFINITION('design','',#2433,#2436);
#2433 = PRODUCT_DEFINITION_FORMATION('','',#2434);
#2434 = PRODUCT('RTM_5V_supply_SMD_PCB','RTM_5V_supply_SMD_PCB','',(
    #2435));
#2435 = PRODUCT_CONTEXT('',#2,'mechanical');
#2436 = PRODUCT_DEFINITION_CONTEXT('part definition',#2,'design');
#2437 = ADVANCED_BREP_SHAPE_REPRESENTATION('',(#11,#2438),#6940);
#2438 = MANIFOLD_SOLID_BREP('',#2439);
#2439 = CLOSED_SHELL('',(#2440,#2482,#2513,#2544,#3784,#5024,#5041,#5058
    ,#5075,#5092,#5104,#5121,#5138,#5155,#5172,#5189,#5206,#5223,#5240,
    #5257,#5274,#5291,#5308,#5325,#5342,#5359,#5376,#5393,#5410,#5427,
    #5444,#5461,#5478,#5495,#5512,#5529,#5546,#5563,#5580,#5597,#5614,
    #5631,#5648,#5665,#5682,#5699,#5716,#5733,#5750,#5767,#5784,#5801,
    #5818,#5835,#5852,#5869,#5886,#5903,#5920,#5937,#5954,#5971,#5988,
    #6005,#6022,#6039,#6056,#6073,#6090,#6107,#6124,#6141,#6158,#6175,
    #6192,#6209,#6226,#6243,#6260,#6277,#6294,#6311,#6328,#6345,#6362,
    #6379,#6396,#6413,#6430,#6447,#6464,#6481,#6498,#6515,#6532,#6549,
    #6566,#6583,#6600,#6617,#6634,#6651,#6668,#6685,#6702,#6719,#6736,
    #6753,#6770,#6787,#6804,#6821,#6838,#6855,#6872,#6889,#6906,#6923));
#2440 = ADVANCED_FACE('',(#2441),#2477,.T.);
#2441 = FACE_BOUND('',#2442,.T.);
#2442 = EDGE_LOOP('',(#2443,#2453,#2462,#2470));
#2443 = ORIENTED_EDGE('',*,*,#2444,.T.);
#2444 = EDGE_CURVE('',#2445,#2447,#2449,.T.);
#2445 = VERTEX_POINT('',#2446);
#2446 = CARTESIAN_POINT('',(10.2,49.5,0.));
#2447 = VERTEX_POINT('',#2448);
#2448 = CARTESIAN_POINT('',(10.2,49.5,1.51));
#2449 = LINE('',#2450,#2451);
#2450 = CARTESIAN_POINT('',(10.2,49.5,0.));
#2451 = VECTOR('',#2452,1.);
#2452 = DIRECTION('',(0.,0.,1.));
#2453 = ORIENTED_EDGE('',*,*,#2454,.T.);
#2454 = EDGE_CURVE('',#2447,#2455,#2457,.T.);
#2455 = VERTEX_POINT('',#2456);
#2456 = CARTESIAN_POINT('',(11.2,48.5,1.51));
#2457 = CIRCLE('',#2458,0.999999252925);
#2458 = AXIS2_PLACEMENT_3D('',#2459,#2460,#2461);
#2459 = CARTESIAN_POINT('',(10.200000747075,48.500000747075,1.51));
#2460 = DIRECTION('',(0.,0.,-1.));
#2461 = DIRECTION('',(-7.470757438357E-07,1.,0.));
#2462 = ORIENTED_EDGE('',*,*,#2463,.F.);
#2463 = EDGE_CURVE('',#2464,#2455,#2466,.T.);
#2464 = VERTEX_POINT('',#2465);
#2465 = CARTESIAN_POINT('',(11.2,48.5,0.));
#2466 = LINE('',#2467,#2468);
#2467 = CARTESIAN_POINT('',(11.2,48.5,0.));
#2468 = VECTOR('',#2469,1.);
#2469 = DIRECTION('',(0.,0.,1.));
#2470 = ORIENTED_EDGE('',*,*,#2471,.F.);
#2471 = EDGE_CURVE('',#2445,#2464,#2472,.T.);
#2472 = CIRCLE('',#2473,0.999999252925);
#2473 = AXIS2_PLACEMENT_3D('',#2474,#2475,#2476);
#2474 = CARTESIAN_POINT('',(10.200000747075,48.500000747075,0.));
#2475 = DIRECTION('',(0.,0.,-1.));
#2476 = DIRECTION('',(-7.470757438357E-07,1.,0.));
#2477 = CYLINDRICAL_SURFACE('',#2478,0.999999252925);
#2478 = AXIS2_PLACEMENT_3D('',#2479,#2480,#2481);
#2479 = CARTESIAN_POINT('',(10.200000747075,48.500000747075,0.));
#2480 = DIRECTION('',(0.,0.,-1.));
#2481 = DIRECTION('',(-7.470757438357E-07,1.,0.));
#2482 = ADVANCED_FACE('',(#2483),#2508,.T.);
#2483 = FACE_BOUND('',#2484,.T.);
#2484 = EDGE_LOOP('',(#2485,#2495,#2501,#2502));
#2485 = ORIENTED_EDGE('',*,*,#2486,.T.);
#2486 = EDGE_CURVE('',#2487,#2489,#2491,.T.);
#2487 = VERTEX_POINT('',#2488);
#2488 = CARTESIAN_POINT('',(-6.3,49.5,0.));
#2489 = VERTEX_POINT('',#2490);
#2490 = CARTESIAN_POINT('',(-6.3,49.5,1.51));
#2491 = LINE('',#2492,#2493);
#2492 = CARTESIAN_POINT('',(-6.3,49.5,0.));
#2493 = VECTOR('',#2494,1.);
#2494 = DIRECTION('',(0.,0.,1.));
#2495 = ORIENTED_EDGE('',*,*,#2496,.T.);
#2496 = EDGE_CURVE('',#2489,#2447,#2497,.T.);
#2497 = LINE('',#2498,#2499);
#2498 = CARTESIAN_POINT('',(-6.3,49.5,1.51));
#2499 = VECTOR('',#2500,1.);
#2500 = DIRECTION('',(1.,0.,0.));
#2501 = ORIENTED_EDGE('',*,*,#2444,.F.);
#2502 = ORIENTED_EDGE('',*,*,#2503,.F.);
#2503 = EDGE_CURVE('',#2487,#2445,#2504,.T.);
#2504 = LINE('',#2505,#2506);
#2505 = CARTESIAN_POINT('',(-6.3,49.5,0.));
#2506 = VECTOR('',#2507,1.);
#2507 = DIRECTION('',(1.,0.,0.));
#2508 = PLANE('',#2509);
#2509 = AXIS2_PLACEMENT_3D('',#2510,#2511,#2512);
#2510 = CARTESIAN_POINT('',(-6.3,49.5,0.));
#2511 = DIRECTION('',(0.,1.,0.));
#2512 = DIRECTION('',(1.,0.,0.));
#2513 = ADVANCED_FACE('',(#2514),#2539,.T.);
#2514 = FACE_BOUND('',#2515,.T.);
#2515 = EDGE_LOOP('',(#2516,#2517,#2525,#2533));
#2516 = ORIENTED_EDGE('',*,*,#2463,.T.);
#2517 = ORIENTED_EDGE('',*,*,#2518,.T.);
#2518 = EDGE_CURVE('',#2455,#2519,#2521,.T.);
#2519 = VERTEX_POINT('',#2520);
#2520 = CARTESIAN_POINT('',(11.2,-48.5,1.51));
#2521 = LINE('',#2522,#2523);
#2522 = CARTESIAN_POINT('',(11.2,48.5,1.51));
#2523 = VECTOR('',#2524,1.);
#2524 = DIRECTION('',(0.,-1.,0.));
#2525 = ORIENTED_EDGE('',*,*,#2526,.F.);
#2526 = EDGE_CURVE('',#2527,#2519,#2529,.T.);
#2527 = VERTEX_POINT('',#2528);
#2528 = CARTESIAN_POINT('',(11.2,-48.5,0.));
#2529 = LINE('',#2530,#2531);
#2530 = CARTESIAN_POINT('',(11.2,-48.5,0.));
#2531 = VECTOR('',#2532,1.);
#2532 = DIRECTION('',(0.,0.,1.));
#2533 = ORIENTED_EDGE('',*,*,#2534,.F.);
#2534 = EDGE_CURVE('',#2464,#2527,#2535,.T.);
#2535 = LINE('',#2536,#2537);
#2536 = CARTESIAN_POINT('',(11.2,48.5,0.));
#2537 = VECTOR('',#2538,1.);
#2538 = DIRECTION('',(0.,-1.,0.));
#2539 = PLANE('',#2540);
#2540 = AXIS2_PLACEMENT_3D('',#2541,#2542,#2543);
#2541 = CARTESIAN_POINT('',(11.2,48.5,0.));
#2542 = DIRECTION('',(1.,0.,-0.));
#2543 = DIRECTION('',(0.,-1.,0.));
#2544 = ADVANCED_FACE('',(#2545,#2591,#2602,#2613,#2624,#2635,#2646,
    #2657,#2668,#2679,#2690,#2701,#2712,#2723,#2734,#2745,#2756,#2767,
    #2778,#2789,#2800,#2811,#2822,#2833,#2844,#2855,#2866,#2877,#2888,
    #2899,#2910,#2921,#2932,#2943,#2954,#2965,#2976,#2987,#2998,#3009,
    #3020,#3031,#3042,#3053,#3064,#3075,#3086,#3097,#3108,#3119,#3130,
    #3141,#3152,#3163,#3174,#3185,#3196,#3207,#3218,#3229,#3240,#3251,
    #3262,#3273,#3284,#3295,#3306,#3317,#3328,#3339,#3350,#3361,#3372,
    #3383,#3394,#3405,#3416,#3427,#3438,#3449,#3460,#3471,#3482,#3493,
    #3504,#3515,#3526,#3537,#3548,#3559,#3570,#3581,#3592,#3603,#3614,
    #3625,#3636,#3647,#3658,#3669,#3680,#3691,#3702,#3713,#3724,#3735,
    #3746,#3757,#3768),#3779,.F.);
#2545 = FACE_BOUND('',#2546,.F.);
#2546 = EDGE_LOOP('',(#2547,#2548,#2549,#2558,#2566,#2575,#2583,#2590));
#2547 = ORIENTED_EDGE('',*,*,#2471,.F.);
#2548 = ORIENTED_EDGE('',*,*,#2503,.F.);
#2549 = ORIENTED_EDGE('',*,*,#2550,.F.);
#2550 = EDGE_CURVE('',#2551,#2487,#2553,.T.);
#2551 = VERTEX_POINT('',#2552);
#2552 = CARTESIAN_POINT('',(-7.3,48.5,0.));
#2553 = CIRCLE('',#2554,0.999999252925);
#2554 = AXIS2_PLACEMENT_3D('',#2555,#2556,#2557);
#2555 = CARTESIAN_POINT('',(-6.300000747075,48.500000747075,0.));
#2556 = DIRECTION('',(0.,0.,-1.));
#2557 = DIRECTION('',(-1.,-7.470757491648E-07,-0.));
#2558 = ORIENTED_EDGE('',*,*,#2559,.F.);
#2559 = EDGE_CURVE('',#2560,#2551,#2562,.T.);
#2560 = VERTEX_POINT('',#2561);
#2561 = CARTESIAN_POINT('',(-7.3,-48.5,0.));
#2562 = LINE('',#2563,#2564);
#2563 = CARTESIAN_POINT('',(-7.3,-48.5,0.));
#2564 = VECTOR('',#2565,1.);
#2565 = DIRECTION('',(0.,1.,0.));
#2566 = ORIENTED_EDGE('',*,*,#2567,.F.);
#2567 = EDGE_CURVE('',#2568,#2560,#2570,.T.);
#2568 = VERTEX_POINT('',#2569);
#2569 = CARTESIAN_POINT('',(-6.3,-49.5,0.));
#2570 = CIRCLE('',#2571,0.999999252925);
#2571 = AXIS2_PLACEMENT_3D('',#2572,#2573,#2574);
#2572 = CARTESIAN_POINT('',(-6.300000747075,-48.50000074707,0.));
#2573 = DIRECTION('',(0.,0.,-1.));
#2574 = DIRECTION('',(7.470757438357E-07,-1.,0.));
#2575 = ORIENTED_EDGE('',*,*,#2576,.F.);
#2576 = EDGE_CURVE('',#2577,#2568,#2579,.T.);
#2577 = VERTEX_POINT('',#2578);
#2578 = CARTESIAN_POINT('',(10.2,-49.5,0.));
#2579 = LINE('',#2580,#2581);
#2580 = CARTESIAN_POINT('',(10.2,-49.5,0.));
#2581 = VECTOR('',#2582,1.);
#2582 = DIRECTION('',(-1.,0.,0.));
#2583 = ORIENTED_EDGE('',*,*,#2584,.F.);
#2584 = EDGE_CURVE('',#2527,#2577,#2585,.T.);
#2585 = CIRCLE('',#2586,0.999999252925);
#2586 = AXIS2_PLACEMENT_3D('',#2587,#2588,#2589);
#2587 = CARTESIAN_POINT('',(10.200000747075,-48.50000074707,0.));
#2588 = DIRECTION('',(0.,0.,-1.));
#2589 = DIRECTION('',(1.,7.470757491648E-07,0.));
#2590 = ORIENTED_EDGE('',*,*,#2534,.F.);
#2591 = FACE_BOUND('',#2592,.F.);
#2592 = EDGE_LOOP('',(#2593));
#2593 = ORIENTED_EDGE('',*,*,#2594,.T.);
#2594 = EDGE_CURVE('',#2595,#2595,#2597,.T.);
#2595 = VERTEX_POINT('',#2596);
#2596 = CARTESIAN_POINT('',(-2.54,-39.92,0.));
#2597 = CIRCLE('',#2598,0.55);
#2598 = AXIS2_PLACEMENT_3D('',#2599,#2600,#2601);
#2599 = CARTESIAN_POINT('',(-2.54,-39.37,0.));
#2600 = DIRECTION('',(-0.,0.,-1.));
#2601 = DIRECTION('',(-0.,-1.,0.));
#2602 = FACE_BOUND('',#2603,.F.);
#2603 = EDGE_LOOP('',(#2604));
#2604 = ORIENTED_EDGE('',*,*,#2605,.T.);
#2605 = EDGE_CURVE('',#2606,#2606,#2608,.T.);
#2606 = VERTEX_POINT('',#2607);
#2607 = CARTESIAN_POINT('',(-2.54,-37.38,0.));
#2608 = CIRCLE('',#2609,0.55);
#2609 = AXIS2_PLACEMENT_3D('',#2610,#2611,#2612);
#2610 = CARTESIAN_POINT('',(-2.54,-36.83,0.));
#2611 = DIRECTION('',(-0.,0.,-1.));
#2612 = DIRECTION('',(-0.,-1.,0.));
#2613 = FACE_BOUND('',#2614,.F.);
#2614 = EDGE_LOOP('',(#2615));
#2615 = ORIENTED_EDGE('',*,*,#2616,.T.);
#2616 = EDGE_CURVE('',#2617,#2617,#2619,.T.);
#2617 = VERTEX_POINT('',#2618);
#2618 = CARTESIAN_POINT('',(-0.3,-46.45,0.));
#2619 = CIRCLE('',#2620,1.45);
#2620 = AXIS2_PLACEMENT_3D('',#2621,#2622,#2623);
#2621 = CARTESIAN_POINT('',(-0.3,-45.,0.));
#2622 = DIRECTION('',(-0.,0.,-1.));
#2623 = DIRECTION('',(1.148506577198E-16,-1.,-0.));
#2624 = FACE_BOUND('',#2625,.F.);
#2625 = EDGE_LOOP('',(#2626));
#2626 = ORIENTED_EDGE('',*,*,#2627,.T.);
#2627 = EDGE_CURVE('',#2628,#2628,#2630,.T.);
#2628 = VERTEX_POINT('',#2629);
#2629 = CARTESIAN_POINT('',(-2.54,-34.84,0.));
#2630 = CIRCLE('',#2631,0.55);
#2631 = AXIS2_PLACEMENT_3D('',#2632,#2633,#2634);
#2632 = CARTESIAN_POINT('',(-2.54,-34.29,0.));
#2633 = DIRECTION('',(-0.,0.,-1.));
#2634 = DIRECTION('',(-0.,-1.,0.));
#2635 = FACE_BOUND('',#2636,.F.);
#2636 = EDGE_LOOP('',(#2637));
#2637 = ORIENTED_EDGE('',*,*,#2638,.T.);
#2638 = EDGE_CURVE('',#2639,#2639,#2641,.T.);
#2639 = VERTEX_POINT('',#2640);
#2640 = CARTESIAN_POINT('',(-2.54,-32.3,0.));
#2641 = CIRCLE('',#2642,0.55);
#2642 = AXIS2_PLACEMENT_3D('',#2643,#2644,#2645);
#2643 = CARTESIAN_POINT('',(-2.54,-31.75,0.));
#2644 = DIRECTION('',(-0.,0.,-1.));
#2645 = DIRECTION('',(-0.,-1.,0.));
#2646 = FACE_BOUND('',#2647,.F.);
#2647 = EDGE_LOOP('',(#2648));
#2648 = ORIENTED_EDGE('',*,*,#2649,.T.);
#2649 = EDGE_CURVE('',#2650,#2650,#2652,.T.);
#2650 = VERTEX_POINT('',#2651);
#2651 = CARTESIAN_POINT('',(-2.54,-29.76,0.));
#2652 = CIRCLE('',#2653,0.55);
#2653 = AXIS2_PLACEMENT_3D('',#2654,#2655,#2656);
#2654 = CARTESIAN_POINT('',(-2.54,-29.21,0.));
#2655 = DIRECTION('',(-0.,0.,-1.));
#2656 = DIRECTION('',(-0.,-1.,0.));
#2657 = FACE_BOUND('',#2658,.F.);
#2658 = EDGE_LOOP('',(#2659));
#2659 = ORIENTED_EDGE('',*,*,#2660,.T.);
#2660 = EDGE_CURVE('',#2661,#2661,#2663,.T.);
#2661 = VERTEX_POINT('',#2662);
#2662 = CARTESIAN_POINT('',(-2.54,-27.22,0.));
#2663 = CIRCLE('',#2664,0.55);
#2664 = AXIS2_PLACEMENT_3D('',#2665,#2666,#2667);
#2665 = CARTESIAN_POINT('',(-2.54,-26.67,0.));
#2666 = DIRECTION('',(-0.,0.,-1.));
#2667 = DIRECTION('',(-0.,-1.,0.));
#2668 = FACE_BOUND('',#2669,.F.);
#2669 = EDGE_LOOP('',(#2670));
#2670 = ORIENTED_EDGE('',*,*,#2671,.T.);
#2671 = EDGE_CURVE('',#2672,#2672,#2674,.T.);
#2672 = VERTEX_POINT('',#2673);
#2673 = CARTESIAN_POINT('',(-2.54,-24.68,0.));
#2674 = CIRCLE('',#2675,0.55);
#2675 = AXIS2_PLACEMENT_3D('',#2676,#2677,#2678);
#2676 = CARTESIAN_POINT('',(-2.54,-24.13,0.));
#2677 = DIRECTION('',(-0.,0.,-1.));
#2678 = DIRECTION('',(-0.,-1.,0.));
#2679 = FACE_BOUND('',#2680,.F.);
#2680 = EDGE_LOOP('',(#2681));
#2681 = ORIENTED_EDGE('',*,*,#2682,.T.);
#2682 = EDGE_CURVE('',#2683,#2683,#2685,.T.);
#2683 = VERTEX_POINT('',#2684);
#2684 = CARTESIAN_POINT('',(0.,-39.92,0.));
#2685 = CIRCLE('',#2686,0.55);
#2686 = AXIS2_PLACEMENT_3D('',#2687,#2688,#2689);
#2687 = CARTESIAN_POINT('',(0.,-39.37,0.));
#2688 = DIRECTION('',(-0.,0.,-1.));
#2689 = DIRECTION('',(-0.,-1.,0.));
#2690 = FACE_BOUND('',#2691,.F.);
#2691 = EDGE_LOOP('',(#2692));
#2692 = ORIENTED_EDGE('',*,*,#2693,.T.);
#2693 = EDGE_CURVE('',#2694,#2694,#2696,.T.);
#2694 = VERTEX_POINT('',#2695);
#2695 = CARTESIAN_POINT('',(0.,-37.38,0.));
#2696 = CIRCLE('',#2697,0.55);
#2697 = AXIS2_PLACEMENT_3D('',#2698,#2699,#2700);
#2698 = CARTESIAN_POINT('',(0.,-36.83,0.));
#2699 = DIRECTION('',(-0.,0.,-1.));
#2700 = DIRECTION('',(-0.,-1.,0.));
#2701 = FACE_BOUND('',#2702,.F.);
#2702 = EDGE_LOOP('',(#2703));
#2703 = ORIENTED_EDGE('',*,*,#2704,.T.);
#2704 = EDGE_CURVE('',#2705,#2705,#2707,.T.);
#2705 = VERTEX_POINT('',#2706);
#2706 = CARTESIAN_POINT('',(2.54,-39.92,0.));
#2707 = CIRCLE('',#2708,0.55);
#2708 = AXIS2_PLACEMENT_3D('',#2709,#2710,#2711);
#2709 = CARTESIAN_POINT('',(2.54,-39.37,0.));
#2710 = DIRECTION('',(-0.,0.,-1.));
#2711 = DIRECTION('',(-0.,-1.,0.));
#2712 = FACE_BOUND('',#2713,.F.);
#2713 = EDGE_LOOP('',(#2714));
#2714 = ORIENTED_EDGE('',*,*,#2715,.T.);
#2715 = EDGE_CURVE('',#2716,#2716,#2718,.T.);
#2716 = VERTEX_POINT('',#2717);
#2717 = CARTESIAN_POINT('',(2.54,-37.38,0.));
#2718 = CIRCLE('',#2719,0.55);
#2719 = AXIS2_PLACEMENT_3D('',#2720,#2721,#2722);
#2720 = CARTESIAN_POINT('',(2.54,-36.83,0.));
#2721 = DIRECTION('',(-0.,0.,-1.));
#2722 = DIRECTION('',(-0.,-1.,0.));
#2723 = FACE_BOUND('',#2724,.F.);
#2724 = EDGE_LOOP('',(#2725));
#2725 = ORIENTED_EDGE('',*,*,#2726,.T.);
#2726 = EDGE_CURVE('',#2727,#2727,#2729,.T.);
#2727 = VERTEX_POINT('',#2728);
#2728 = CARTESIAN_POINT('',(0.,-34.84,0.));
#2729 = CIRCLE('',#2730,0.55);
#2730 = AXIS2_PLACEMENT_3D('',#2731,#2732,#2733);
#2731 = CARTESIAN_POINT('',(0.,-34.29,0.));
#2732 = DIRECTION('',(-0.,0.,-1.));
#2733 = DIRECTION('',(-0.,-1.,0.));
#2734 = FACE_BOUND('',#2735,.F.);
#2735 = EDGE_LOOP('',(#2736));
#2736 = ORIENTED_EDGE('',*,*,#2737,.T.);
#2737 = EDGE_CURVE('',#2738,#2738,#2740,.T.);
#2738 = VERTEX_POINT('',#2739);
#2739 = CARTESIAN_POINT('',(0.,-32.3,0.));
#2740 = CIRCLE('',#2741,0.55);
#2741 = AXIS2_PLACEMENT_3D('',#2742,#2743,#2744);
#2742 = CARTESIAN_POINT('',(0.,-31.75,0.));
#2743 = DIRECTION('',(-0.,0.,-1.));
#2744 = DIRECTION('',(-0.,-1.,0.));
#2745 = FACE_BOUND('',#2746,.F.);
#2746 = EDGE_LOOP('',(#2747));
#2747 = ORIENTED_EDGE('',*,*,#2748,.T.);
#2748 = EDGE_CURVE('',#2749,#2749,#2751,.T.);
#2749 = VERTEX_POINT('',#2750);
#2750 = CARTESIAN_POINT('',(0.,-29.76,0.));
#2751 = CIRCLE('',#2752,0.55);
#2752 = AXIS2_PLACEMENT_3D('',#2753,#2754,#2755);
#2753 = CARTESIAN_POINT('',(0.,-29.21,0.));
#2754 = DIRECTION('',(-0.,0.,-1.));
#2755 = DIRECTION('',(-0.,-1.,0.));
#2756 = FACE_BOUND('',#2757,.F.);
#2757 = EDGE_LOOP('',(#2758));
#2758 = ORIENTED_EDGE('',*,*,#2759,.T.);
#2759 = EDGE_CURVE('',#2760,#2760,#2762,.T.);
#2760 = VERTEX_POINT('',#2761);
#2761 = CARTESIAN_POINT('',(0.,-27.22,0.));
#2762 = CIRCLE('',#2763,0.55);
#2763 = AXIS2_PLACEMENT_3D('',#2764,#2765,#2766);
#2764 = CARTESIAN_POINT('',(0.,-26.67,0.));
#2765 = DIRECTION('',(-0.,0.,-1.));
#2766 = DIRECTION('',(-0.,-1.,0.));
#2767 = FACE_BOUND('',#2768,.F.);
#2768 = EDGE_LOOP('',(#2769));
#2769 = ORIENTED_EDGE('',*,*,#2770,.T.);
#2770 = EDGE_CURVE('',#2771,#2771,#2773,.T.);
#2771 = VERTEX_POINT('',#2772);
#2772 = CARTESIAN_POINT('',(1.972152263053E-31,-24.68,0.));
#2773 = CIRCLE('',#2774,0.55);
#2774 = AXIS2_PLACEMENT_3D('',#2775,#2776,#2777);
#2775 = CARTESIAN_POINT('',(-5.551115123126E-17,-24.13,0.));
#2776 = DIRECTION('',(-0.,0.,-1.));
#2777 = DIRECTION('',(1.00929365875E-16,-1.,-0.));
#2778 = FACE_BOUND('',#2779,.F.);
#2779 = EDGE_LOOP('',(#2780));
#2780 = ORIENTED_EDGE('',*,*,#2781,.T.);
#2781 = EDGE_CURVE('',#2782,#2782,#2784,.T.);
#2782 = VERTEX_POINT('',#2783);
#2783 = CARTESIAN_POINT('',(2.54,-34.84,0.));
#2784 = CIRCLE('',#2785,0.55);
#2785 = AXIS2_PLACEMENT_3D('',#2786,#2787,#2788);
#2786 = CARTESIAN_POINT('',(2.54,-34.29,0.));
#2787 = DIRECTION('',(-0.,0.,-1.));
#2788 = DIRECTION('',(-0.,-1.,0.));
#2789 = FACE_BOUND('',#2790,.F.);
#2790 = EDGE_LOOP('',(#2791));
#2791 = ORIENTED_EDGE('',*,*,#2792,.T.);
#2792 = EDGE_CURVE('',#2793,#2793,#2795,.T.);
#2793 = VERTEX_POINT('',#2794);
#2794 = CARTESIAN_POINT('',(2.54,-32.3,0.));
#2795 = CIRCLE('',#2796,0.55);
#2796 = AXIS2_PLACEMENT_3D('',#2797,#2798,#2799);
#2797 = CARTESIAN_POINT('',(2.54,-31.75,0.));
#2798 = DIRECTION('',(-0.,0.,-1.));
#2799 = DIRECTION('',(-0.,-1.,0.));
#2800 = FACE_BOUND('',#2801,.F.);
#2801 = EDGE_LOOP('',(#2802));
#2802 = ORIENTED_EDGE('',*,*,#2803,.T.);
#2803 = EDGE_CURVE('',#2804,#2804,#2806,.T.);
#2804 = VERTEX_POINT('',#2805);
#2805 = CARTESIAN_POINT('',(2.54,-29.76,0.));
#2806 = CIRCLE('',#2807,0.55);
#2807 = AXIS2_PLACEMENT_3D('',#2808,#2809,#2810);
#2808 = CARTESIAN_POINT('',(2.54,-29.21,0.));
#2809 = DIRECTION('',(-0.,0.,-1.));
#2810 = DIRECTION('',(-0.,-1.,0.));
#2811 = FACE_BOUND('',#2812,.F.);
#2812 = EDGE_LOOP('',(#2813));
#2813 = ORIENTED_EDGE('',*,*,#2814,.T.);
#2814 = EDGE_CURVE('',#2815,#2815,#2817,.T.);
#2815 = VERTEX_POINT('',#2816);
#2816 = CARTESIAN_POINT('',(2.54,-27.22,0.));
#2817 = CIRCLE('',#2818,0.55);
#2818 = AXIS2_PLACEMENT_3D('',#2819,#2820,#2821);
#2819 = CARTESIAN_POINT('',(2.54,-26.67,0.));
#2820 = DIRECTION('',(-0.,0.,-1.));
#2821 = DIRECTION('',(-0.,-1.,0.));
#2822 = FACE_BOUND('',#2823,.F.);
#2823 = EDGE_LOOP('',(#2824));
#2824 = ORIENTED_EDGE('',*,*,#2825,.T.);
#2825 = EDGE_CURVE('',#2826,#2826,#2828,.T.);
#2826 = VERTEX_POINT('',#2827);
#2827 = CARTESIAN_POINT('',(2.54,-24.68,0.));
#2828 = CIRCLE('',#2829,0.55);
#2829 = AXIS2_PLACEMENT_3D('',#2830,#2831,#2832);
#2830 = CARTESIAN_POINT('',(2.54,-24.13,0.));
#2831 = DIRECTION('',(-0.,0.,-1.));
#2832 = DIRECTION('',(-0.,-1.,0.));
#2833 = FACE_BOUND('',#2834,.F.);
#2834 = EDGE_LOOP('',(#2835));
#2835 = ORIENTED_EDGE('',*,*,#2836,.T.);
#2836 = EDGE_CURVE('',#2837,#2837,#2839,.T.);
#2837 = VERTEX_POINT('',#2838);
#2838 = CARTESIAN_POINT('',(-2.54,-22.14,0.));
#2839 = CIRCLE('',#2840,0.55);
#2840 = AXIS2_PLACEMENT_3D('',#2841,#2842,#2843);
#2841 = CARTESIAN_POINT('',(-2.54,-21.59,0.));
#2842 = DIRECTION('',(-0.,0.,-1.));
#2843 = DIRECTION('',(-0.,-1.,0.));
#2844 = FACE_BOUND('',#2845,.F.);
#2845 = EDGE_LOOP('',(#2846));
#2846 = ORIENTED_EDGE('',*,*,#2847,.T.);
#2847 = EDGE_CURVE('',#2848,#2848,#2850,.T.);
#2848 = VERTEX_POINT('',#2849);
#2849 = CARTESIAN_POINT('',(-2.54,-19.6,0.));
#2850 = CIRCLE('',#2851,0.55);
#2851 = AXIS2_PLACEMENT_3D('',#2852,#2853,#2854);
#2852 = CARTESIAN_POINT('',(-2.54,-19.05,0.));
#2853 = DIRECTION('',(-0.,0.,-1.));
#2854 = DIRECTION('',(-0.,-1.,0.));
#2855 = FACE_BOUND('',#2856,.F.);
#2856 = EDGE_LOOP('',(#2857));
#2857 = ORIENTED_EDGE('',*,*,#2858,.T.);
#2858 = EDGE_CURVE('',#2859,#2859,#2861,.T.);
#2859 = VERTEX_POINT('',#2860);
#2860 = CARTESIAN_POINT('',(-2.54,-17.06,0.));
#2861 = CIRCLE('',#2862,0.55);
#2862 = AXIS2_PLACEMENT_3D('',#2863,#2864,#2865);
#2863 = CARTESIAN_POINT('',(-2.54,-16.51,0.));
#2864 = DIRECTION('',(-0.,0.,-1.));
#2865 = DIRECTION('',(-0.,-1.,0.));
#2866 = FACE_BOUND('',#2867,.F.);
#2867 = EDGE_LOOP('',(#2868));
#2868 = ORIENTED_EDGE('',*,*,#2869,.T.);
#2869 = EDGE_CURVE('',#2870,#2870,#2872,.T.);
#2870 = VERTEX_POINT('',#2871);
#2871 = CARTESIAN_POINT('',(-2.54,-14.52,0.));
#2872 = CIRCLE('',#2873,0.55);
#2873 = AXIS2_PLACEMENT_3D('',#2874,#2875,#2876);
#2874 = CARTESIAN_POINT('',(-2.54,-13.97,0.));
#2875 = DIRECTION('',(-0.,0.,-1.));
#2876 = DIRECTION('',(-0.,-1.,0.));
#2877 = FACE_BOUND('',#2878,.F.);
#2878 = EDGE_LOOP('',(#2879));
#2879 = ORIENTED_EDGE('',*,*,#2880,.T.);
#2880 = EDGE_CURVE('',#2881,#2881,#2883,.T.);
#2881 = VERTEX_POINT('',#2882);
#2882 = CARTESIAN_POINT('',(-2.54,-11.98,0.));
#2883 = CIRCLE('',#2884,0.55);
#2884 = AXIS2_PLACEMENT_3D('',#2885,#2886,#2887);
#2885 = CARTESIAN_POINT('',(-2.54,-11.43,0.));
#2886 = DIRECTION('',(-0.,0.,-1.));
#2887 = DIRECTION('',(-0.,-1.,0.));
#2888 = FACE_BOUND('',#2889,.F.);
#2889 = EDGE_LOOP('',(#2890));
#2890 = ORIENTED_EDGE('',*,*,#2891,.T.);
#2891 = EDGE_CURVE('',#2892,#2892,#2894,.T.);
#2892 = VERTEX_POINT('',#2893);
#2893 = CARTESIAN_POINT('',(-2.54,-9.44,0.));
#2894 = CIRCLE('',#2895,0.55);
#2895 = AXIS2_PLACEMENT_3D('',#2896,#2897,#2898);
#2896 = CARTESIAN_POINT('',(-2.54,-8.89,0.));
#2897 = DIRECTION('',(-0.,0.,-1.));
#2898 = DIRECTION('',(-0.,-1.,0.));
#2899 = FACE_BOUND('',#2900,.F.);
#2900 = EDGE_LOOP('',(#2901));
#2901 = ORIENTED_EDGE('',*,*,#2902,.T.);
#2902 = EDGE_CURVE('',#2903,#2903,#2905,.T.);
#2903 = VERTEX_POINT('',#2904);
#2904 = CARTESIAN_POINT('',(-2.54,-6.9,0.));
#2905 = CIRCLE('',#2906,0.55);
#2906 = AXIS2_PLACEMENT_3D('',#2907,#2908,#2909);
#2907 = CARTESIAN_POINT('',(-2.54,-6.35,0.));
#2908 = DIRECTION('',(-0.,0.,-1.));
#2909 = DIRECTION('',(-0.,-1.,0.));
#2910 = FACE_BOUND('',#2911,.F.);
#2911 = EDGE_LOOP('',(#2912));
#2912 = ORIENTED_EDGE('',*,*,#2913,.T.);
#2913 = EDGE_CURVE('',#2914,#2914,#2916,.T.);
#2914 = VERTEX_POINT('',#2915);
#2915 = CARTESIAN_POINT('',(-2.54,-4.36,0.));
#2916 = CIRCLE('',#2917,0.55);
#2917 = AXIS2_PLACEMENT_3D('',#2918,#2919,#2920);
#2918 = CARTESIAN_POINT('',(-2.54,-3.81,0.));
#2919 = DIRECTION('',(-0.,0.,-1.));
#2920 = DIRECTION('',(-0.,-1.,0.));
#2921 = FACE_BOUND('',#2922,.F.);
#2922 = EDGE_LOOP('',(#2923));
#2923 = ORIENTED_EDGE('',*,*,#2924,.T.);
#2924 = EDGE_CURVE('',#2925,#2925,#2927,.T.);
#2925 = VERTEX_POINT('',#2926);
#2926 = CARTESIAN_POINT('',(-2.54,-1.82,0.));
#2927 = CIRCLE('',#2928,0.55);
#2928 = AXIS2_PLACEMENT_3D('',#2929,#2930,#2931);
#2929 = CARTESIAN_POINT('',(-2.54,-1.27,0.));
#2930 = DIRECTION('',(-0.,0.,-1.));
#2931 = DIRECTION('',(-0.,-1.,0.));
#2932 = FACE_BOUND('',#2933,.F.);
#2933 = EDGE_LOOP('',(#2934));
#2934 = ORIENTED_EDGE('',*,*,#2935,.T.);
#2935 = EDGE_CURVE('',#2936,#2936,#2938,.T.);
#2936 = VERTEX_POINT('',#2937);
#2937 = CARTESIAN_POINT('',(1.972152263053E-31,-22.14,0.));
#2938 = CIRCLE('',#2939,0.55);
#2939 = AXIS2_PLACEMENT_3D('',#2940,#2941,#2942);
#2940 = CARTESIAN_POINT('',(-5.551115123126E-17,-21.59,0.));
#2941 = DIRECTION('',(-0.,0.,-1.));
#2942 = DIRECTION('',(1.00929365875E-16,-1.,-0.));
#2943 = FACE_BOUND('',#2944,.F.);
#2944 = EDGE_LOOP('',(#2945));
#2945 = ORIENTED_EDGE('',*,*,#2946,.T.);
#2946 = EDGE_CURVE('',#2947,#2947,#2949,.T.);
#2947 = VERTEX_POINT('',#2948);
#2948 = CARTESIAN_POINT('',(1.972152263053E-31,-19.6,0.));
#2949 = CIRCLE('',#2950,0.55);
#2950 = AXIS2_PLACEMENT_3D('',#2951,#2952,#2953);
#2951 = CARTESIAN_POINT('',(-5.551115123126E-17,-19.05,0.));
#2952 = DIRECTION('',(-0.,0.,-1.));
#2953 = DIRECTION('',(1.00929365875E-16,-1.,-0.));
#2954 = FACE_BOUND('',#2955,.F.);
#2955 = EDGE_LOOP('',(#2956));
#2956 = ORIENTED_EDGE('',*,*,#2957,.T.);
#2957 = EDGE_CURVE('',#2958,#2958,#2960,.T.);
#2958 = VERTEX_POINT('',#2959);
#2959 = CARTESIAN_POINT('',(0.,-17.06,0.));
#2960 = CIRCLE('',#2961,0.55);
#2961 = AXIS2_PLACEMENT_3D('',#2962,#2963,#2964);
#2962 = CARTESIAN_POINT('',(0.,-16.51,0.));
#2963 = DIRECTION('',(-0.,0.,-1.));
#2964 = DIRECTION('',(-0.,-1.,0.));
#2965 = FACE_BOUND('',#2966,.F.);
#2966 = EDGE_LOOP('',(#2967));
#2967 = ORIENTED_EDGE('',*,*,#2968,.T.);
#2968 = EDGE_CURVE('',#2969,#2969,#2971,.T.);
#2969 = VERTEX_POINT('',#2970);
#2970 = CARTESIAN_POINT('',(-3.697785493223E-32,-14.52,0.));
#2971 = CIRCLE('',#2972,0.55);
#2972 = AXIS2_PLACEMENT_3D('',#2973,#2974,#2975);
#2973 = CARTESIAN_POINT('',(2.775557561563E-17,-13.97,0.));
#2974 = DIRECTION('',(-0.,0.,-1.));
#2975 = DIRECTION('',(-5.046468293751E-17,-1.,0.));
#2976 = FACE_BOUND('',#2977,.F.);
#2977 = EDGE_LOOP('',(#2978));
#2978 = ORIENTED_EDGE('',*,*,#2979,.T.);
#2979 = EDGE_CURVE('',#2980,#2980,#2982,.T.);
#2980 = VERTEX_POINT('',#2981);
#2981 = CARTESIAN_POINT('',(2.54,-22.14,0.));
#2982 = CIRCLE('',#2983,0.55);
#2983 = AXIS2_PLACEMENT_3D('',#2984,#2985,#2986);
#2984 = CARTESIAN_POINT('',(2.54,-21.59,0.));
#2985 = DIRECTION('',(-0.,0.,-1.));
#2986 = DIRECTION('',(-0.,-1.,0.));
#2987 = FACE_BOUND('',#2988,.F.);
#2988 = EDGE_LOOP('',(#2989));
#2989 = ORIENTED_EDGE('',*,*,#2990,.T.);
#2990 = EDGE_CURVE('',#2991,#2991,#2993,.T.);
#2991 = VERTEX_POINT('',#2992);
#2992 = CARTESIAN_POINT('',(2.54,-19.6,0.));
#2993 = CIRCLE('',#2994,0.55);
#2994 = AXIS2_PLACEMENT_3D('',#2995,#2996,#2997);
#2995 = CARTESIAN_POINT('',(2.54,-19.05,0.));
#2996 = DIRECTION('',(-0.,0.,-1.));
#2997 = DIRECTION('',(-0.,-1.,0.));
#2998 = FACE_BOUND('',#2999,.F.);
#2999 = EDGE_LOOP('',(#3000));
#3000 = ORIENTED_EDGE('',*,*,#3001,.T.);
#3001 = EDGE_CURVE('',#3002,#3002,#3004,.T.);
#3002 = VERTEX_POINT('',#3003);
#3003 = CARTESIAN_POINT('',(2.54,-17.06,0.));
#3004 = CIRCLE('',#3005,0.55);
#3005 = AXIS2_PLACEMENT_3D('',#3006,#3007,#3008);
#3006 = CARTESIAN_POINT('',(2.54,-16.51,0.));
#3007 = DIRECTION('',(-0.,0.,-1.));
#3008 = DIRECTION('',(-0.,-1.,0.));
#3009 = FACE_BOUND('',#3010,.F.);
#3010 = EDGE_LOOP('',(#3011));
#3011 = ORIENTED_EDGE('',*,*,#3012,.T.);
#3012 = EDGE_CURVE('',#3013,#3013,#3015,.T.);
#3013 = VERTEX_POINT('',#3014);
#3014 = CARTESIAN_POINT('',(2.54,-14.52,0.));
#3015 = CIRCLE('',#3016,0.55);
#3016 = AXIS2_PLACEMENT_3D('',#3017,#3018,#3019);
#3017 = CARTESIAN_POINT('',(2.54,-13.97,0.));
#3018 = DIRECTION('',(-0.,0.,-1.));
#3019 = DIRECTION('',(-0.,-1.,0.));
#3020 = FACE_BOUND('',#3021,.F.);
#3021 = EDGE_LOOP('',(#3022));
#3022 = ORIENTED_EDGE('',*,*,#3023,.T.);
#3023 = EDGE_CURVE('',#3024,#3024,#3026,.T.);
#3024 = VERTEX_POINT('',#3025);
#3025 = CARTESIAN_POINT('',(-2.157041537714E-32,-11.98,0.));
#3026 = CIRCLE('',#3027,0.55);
#3027 = AXIS2_PLACEMENT_3D('',#3028,#3029,#3030);
#3028 = CARTESIAN_POINT('',(-2.775557561563E-17,-11.43,0.));
#3029 = DIRECTION('',(-0.,0.,-1.));
#3030 = DIRECTION('',(5.046468293751E-17,-1.,-0.));
#3031 = FACE_BOUND('',#3032,.F.);
#3032 = EDGE_LOOP('',(#3033));
#3033 = ORIENTED_EDGE('',*,*,#3034,.T.);
#3034 = EDGE_CURVE('',#3035,#3035,#3037,.T.);
#3035 = VERTEX_POINT('',#3036);
#3036 = CARTESIAN_POINT('',(0.,-9.44,0.));
#3037 = CIRCLE('',#3038,0.55);
#3038 = AXIS2_PLACEMENT_3D('',#3039,#3040,#3041);
#3039 = CARTESIAN_POINT('',(0.,-8.89,0.));
#3040 = DIRECTION('',(-0.,0.,-1.));
#3041 = DIRECTION('',(-0.,-1.,0.));
#3042 = FACE_BOUND('',#3043,.F.);
#3043 = EDGE_LOOP('',(#3044));
#3044 = ORIENTED_EDGE('',*,*,#3045,.T.);
#3045 = EDGE_CURVE('',#3046,#3046,#3048,.T.);
#3046 = VERTEX_POINT('',#3047);
#3047 = CARTESIAN_POINT('',(6.162975822039E-33,-6.9,0.));
#3048 = CIRCLE('',#3049,0.55);
#3049 = AXIS2_PLACEMENT_3D('',#3050,#3051,#3052);
#3050 = CARTESIAN_POINT('',(-2.775557561563E-17,-6.35,0.));
#3051 = DIRECTION('',(-0.,0.,-1.));
#3052 = DIRECTION('',(5.046468293751E-17,-1.,-0.));
#3053 = FACE_BOUND('',#3054,.F.);
#3054 = EDGE_LOOP('',(#3055));
#3055 = ORIENTED_EDGE('',*,*,#3056,.T.);
#3056 = EDGE_CURVE('',#3057,#3057,#3059,.T.);
#3057 = VERTEX_POINT('',#3058);
#3058 = CARTESIAN_POINT('',(0.,-4.36,0.));
#3059 = CIRCLE('',#3060,0.55);
#3060 = AXIS2_PLACEMENT_3D('',#3061,#3062,#3063);
#3061 = CARTESIAN_POINT('',(0.,-3.81,0.));
#3062 = DIRECTION('',(-0.,0.,-1.));
#3063 = DIRECTION('',(-0.,-1.,0.));
#3064 = FACE_BOUND('',#3065,.F.);
#3065 = EDGE_LOOP('',(#3066));
#3066 = ORIENTED_EDGE('',*,*,#3067,.T.);
#3067 = EDGE_CURVE('',#3068,#3068,#3070,.T.);
#3068 = VERTEX_POINT('',#3069);
#3069 = CARTESIAN_POINT('',(-2.465190328816E-32,-1.82,0.));
#3070 = CIRCLE('',#3071,0.55);
#3071 = AXIS2_PLACEMENT_3D('',#3072,#3073,#3074);
#3072 = CARTESIAN_POINT('',(-8.326672684689E-17,-1.27,0.));
#3073 = DIRECTION('',(-0.,0.,-1.));
#3074 = DIRECTION('',(1.513940488125E-16,-1.,-0.));
#3075 = FACE_BOUND('',#3076,.F.);
#3076 = EDGE_LOOP('',(#3077));
#3077 = ORIENTED_EDGE('',*,*,#3078,.T.);
#3078 = EDGE_CURVE('',#3079,#3079,#3081,.T.);
#3079 = VERTEX_POINT('',#3080);
#3080 = CARTESIAN_POINT('',(2.54,-11.98,0.));
#3081 = CIRCLE('',#3082,0.55);
#3082 = AXIS2_PLACEMENT_3D('',#3083,#3084,#3085);
#3083 = CARTESIAN_POINT('',(2.54,-11.43,0.));
#3084 = DIRECTION('',(-0.,0.,-1.));
#3085 = DIRECTION('',(-0.,-1.,0.));
#3086 = FACE_BOUND('',#3087,.F.);
#3087 = EDGE_LOOP('',(#3088));
#3088 = ORIENTED_EDGE('',*,*,#3089,.T.);
#3089 = EDGE_CURVE('',#3090,#3090,#3092,.T.);
#3090 = VERTEX_POINT('',#3091);
#3091 = CARTESIAN_POINT('',(2.54,-9.44,0.));
#3092 = CIRCLE('',#3093,0.55);
#3093 = AXIS2_PLACEMENT_3D('',#3094,#3095,#3096);
#3094 = CARTESIAN_POINT('',(2.54,-8.89,0.));
#3095 = DIRECTION('',(-0.,0.,-1.));
#3096 = DIRECTION('',(-0.,-1.,0.));
#3097 = FACE_BOUND('',#3098,.F.);
#3098 = EDGE_LOOP('',(#3099));
#3099 = ORIENTED_EDGE('',*,*,#3100,.T.);
#3100 = EDGE_CURVE('',#3101,#3101,#3103,.T.);
#3101 = VERTEX_POINT('',#3102);
#3102 = CARTESIAN_POINT('',(2.54,-6.9,0.));
#3103 = CIRCLE('',#3104,0.55);
#3104 = AXIS2_PLACEMENT_3D('',#3105,#3106,#3107);
#3105 = CARTESIAN_POINT('',(2.54,-6.35,0.));
#3106 = DIRECTION('',(-0.,0.,-1.));
#3107 = DIRECTION('',(-0.,-1.,0.));
#3108 = FACE_BOUND('',#3109,.F.);
#3109 = EDGE_LOOP('',(#3110));
#3110 = ORIENTED_EDGE('',*,*,#3111,.T.);
#3111 = EDGE_CURVE('',#3112,#3112,#3114,.T.);
#3112 = VERTEX_POINT('',#3113);
#3113 = CARTESIAN_POINT('',(2.54,-4.36,0.));
#3114 = CIRCLE('',#3115,0.55);
#3115 = AXIS2_PLACEMENT_3D('',#3116,#3117,#3118);
#3116 = CARTESIAN_POINT('',(2.54,-3.81,0.));
#3117 = DIRECTION('',(-0.,0.,-1.));
#3118 = DIRECTION('',(-0.,-1.,0.));
#3119 = FACE_BOUND('',#3120,.F.);
#3120 = EDGE_LOOP('',(#3121));
#3121 = ORIENTED_EDGE('',*,*,#3122,.T.);
#3122 = EDGE_CURVE('',#3123,#3123,#3125,.T.);
#3123 = VERTEX_POINT('',#3124);
#3124 = CARTESIAN_POINT('',(2.54,-1.82,0.));
#3125 = CIRCLE('',#3126,0.55);
#3126 = AXIS2_PLACEMENT_3D('',#3127,#3128,#3129);
#3127 = CARTESIAN_POINT('',(2.54,-1.27,0.));
#3128 = DIRECTION('',(-0.,0.,-1.));
#3129 = DIRECTION('',(-0.,-1.,0.));
#3130 = FACE_BOUND('',#3131,.F.);
#3131 = EDGE_LOOP('',(#3132));
#3132 = ORIENTED_EDGE('',*,*,#3133,.T.);
#3133 = EDGE_CURVE('',#3134,#3134,#3136,.T.);
#3134 = VERTEX_POINT('',#3135);
#3135 = CARTESIAN_POINT('',(7.7,-34.6,0.));
#3136 = CIRCLE('',#3137,1.1);
#3137 = AXIS2_PLACEMENT_3D('',#3138,#3139,#3140);
#3138 = CARTESIAN_POINT('',(7.7,-33.5,0.));
#3139 = DIRECTION('',(-0.,0.,-1.));
#3140 = DIRECTION('',(-0.,-1.,0.));
#3141 = FACE_BOUND('',#3142,.F.);
#3142 = EDGE_LOOP('',(#3143));
#3143 = ORIENTED_EDGE('',*,*,#3144,.T.);
#3144 = EDGE_CURVE('',#3145,#3145,#3147,.T.);
#3145 = VERTEX_POINT('',#3146);
#3146 = CARTESIAN_POINT('',(7.7,-26.6,0.));
#3147 = CIRCLE('',#3148,1.1);
#3148 = AXIS2_PLACEMENT_3D('',#3149,#3150,#3151);
#3149 = CARTESIAN_POINT('',(7.7,-25.5,0.));
#3150 = DIRECTION('',(-0.,0.,-1.));
#3151 = DIRECTION('',(-0.,-1.,0.));
#3152 = FACE_BOUND('',#3153,.F.);
#3153 = EDGE_LOOP('',(#3154));
#3154 = ORIENTED_EDGE('',*,*,#3155,.T.);
#3155 = EDGE_CURVE('',#3156,#3156,#3158,.T.);
#3156 = VERTEX_POINT('',#3157);
#3157 = CARTESIAN_POINT('',(7.7,-18.6,0.));
#3158 = CIRCLE('',#3159,1.1);
#3159 = AXIS2_PLACEMENT_3D('',#3160,#3161,#3162);
#3160 = CARTESIAN_POINT('',(7.7,-17.5,0.));
#3161 = DIRECTION('',(-0.,0.,-1.));
#3162 = DIRECTION('',(-0.,-1.,0.));
#3163 = FACE_BOUND('',#3164,.F.);
#3164 = EDGE_LOOP('',(#3165));
#3165 = ORIENTED_EDGE('',*,*,#3166,.T.);
#3166 = EDGE_CURVE('',#3167,#3167,#3169,.T.);
#3167 = VERTEX_POINT('',#3168);
#3168 = CARTESIAN_POINT('',(6.7,-2.905,0.));
#3169 = CIRCLE('',#3170,0.355);
#3170 = AXIS2_PLACEMENT_3D('',#3171,#3172,#3173);
#3171 = CARTESIAN_POINT('',(6.7,-2.55,0.));
#3172 = DIRECTION('',(-0.,0.,-1.));
#3173 = DIRECTION('',(2.501911041409E-15,-1.,-0.));
#3174 = FACE_BOUND('',#3175,.F.);
#3175 = EDGE_LOOP('',(#3176));
#3176 = ORIENTED_EDGE('',*,*,#3177,.T.);
#3177 = EDGE_CURVE('',#3178,#3178,#3180,.T.);
#3178 = VERTEX_POINT('',#3179);
#3179 = CARTESIAN_POINT('',(7.7,-10.6,0.));
#3180 = CIRCLE('',#3181,1.1);
#3181 = AXIS2_PLACEMENT_3D('',#3182,#3183,#3184);
#3182 = CARTESIAN_POINT('',(7.7,-9.5,0.));
#3183 = DIRECTION('',(-0.,0.,-1.));
#3184 = DIRECTION('',(-0.,-1.,0.));
#3185 = FACE_BOUND('',#3186,.F.);
#3186 = EDGE_LOOP('',(#3187));
#3187 = ORIENTED_EDGE('',*,*,#3188,.T.);
#3188 = EDGE_CURVE('',#3189,#3189,#3191,.T.);
#3189 = VERTEX_POINT('',#3190);
#3190 = CARTESIAN_POINT('',(-2.54,0.72,0.));
#3191 = CIRCLE('',#3192,0.55);
#3192 = AXIS2_PLACEMENT_3D('',#3193,#3194,#3195);
#3193 = CARTESIAN_POINT('',(-2.54,1.27,0.));
#3194 = DIRECTION('',(-0.,0.,-1.));
#3195 = DIRECTION('',(-0.,-1.,0.));
#3196 = FACE_BOUND('',#3197,.F.);
#3197 = EDGE_LOOP('',(#3198));
#3198 = ORIENTED_EDGE('',*,*,#3199,.T.);
#3199 = EDGE_CURVE('',#3200,#3200,#3202,.T.);
#3200 = VERTEX_POINT('',#3201);
#3201 = CARTESIAN_POINT('',(-2.54,3.26,0.));
#3202 = CIRCLE('',#3203,0.55);
#3203 = AXIS2_PLACEMENT_3D('',#3204,#3205,#3206);
#3204 = CARTESIAN_POINT('',(-2.54,3.81,0.));
#3205 = DIRECTION('',(-0.,0.,-1.));
#3206 = DIRECTION('',(-0.,-1.,0.));
#3207 = FACE_BOUND('',#3208,.F.);
#3208 = EDGE_LOOP('',(#3209));
#3209 = ORIENTED_EDGE('',*,*,#3210,.T.);
#3210 = EDGE_CURVE('',#3211,#3211,#3213,.T.);
#3211 = VERTEX_POINT('',#3212);
#3212 = CARTESIAN_POINT('',(-2.54,5.8,0.));
#3213 = CIRCLE('',#3214,0.55);
#3214 = AXIS2_PLACEMENT_3D('',#3215,#3216,#3217);
#3215 = CARTESIAN_POINT('',(-2.54,6.35,0.));
#3216 = DIRECTION('',(-0.,0.,-1.));
#3217 = DIRECTION('',(-0.,-1.,0.));
#3218 = FACE_BOUND('',#3219,.F.);
#3219 = EDGE_LOOP('',(#3220));
#3220 = ORIENTED_EDGE('',*,*,#3221,.T.);
#3221 = EDGE_CURVE('',#3222,#3222,#3224,.T.);
#3222 = VERTEX_POINT('',#3223);
#3223 = CARTESIAN_POINT('',(-2.54,8.34,0.));
#3224 = CIRCLE('',#3225,0.55);
#3225 = AXIS2_PLACEMENT_3D('',#3226,#3227,#3228);
#3226 = CARTESIAN_POINT('',(-2.54,8.89,0.));
#3227 = DIRECTION('',(-0.,0.,-1.));
#3228 = DIRECTION('',(-0.,-1.,0.));
#3229 = FACE_BOUND('',#3230,.F.);
#3230 = EDGE_LOOP('',(#3231));
#3231 = ORIENTED_EDGE('',*,*,#3232,.T.);
#3232 = EDGE_CURVE('',#3233,#3233,#3235,.T.);
#3233 = VERTEX_POINT('',#3234);
#3234 = CARTESIAN_POINT('',(-2.54,10.88,0.));
#3235 = CIRCLE('',#3236,0.55);
#3236 = AXIS2_PLACEMENT_3D('',#3237,#3238,#3239);
#3237 = CARTESIAN_POINT('',(-2.54,11.43,0.));
#3238 = DIRECTION('',(-0.,0.,-1.));
#3239 = DIRECTION('',(-0.,-1.,0.));
#3240 = FACE_BOUND('',#3241,.F.);
#3241 = EDGE_LOOP('',(#3242));
#3242 = ORIENTED_EDGE('',*,*,#3243,.T.);
#3243 = EDGE_CURVE('',#3244,#3244,#3246,.T.);
#3244 = VERTEX_POINT('',#3245);
#3245 = CARTESIAN_POINT('',(-2.54,13.42,0.));
#3246 = CIRCLE('',#3247,0.55);
#3247 = AXIS2_PLACEMENT_3D('',#3248,#3249,#3250);
#3248 = CARTESIAN_POINT('',(-2.54,13.97,0.));
#3249 = DIRECTION('',(-0.,0.,-1.));
#3250 = DIRECTION('',(-0.,-1.,0.));
#3251 = FACE_BOUND('',#3252,.F.);
#3252 = EDGE_LOOP('',(#3253));
#3253 = ORIENTED_EDGE('',*,*,#3254,.T.);
#3254 = EDGE_CURVE('',#3255,#3255,#3257,.T.);
#3255 = VERTEX_POINT('',#3256);
#3256 = CARTESIAN_POINT('',(-2.54,15.96,0.));
#3257 = CIRCLE('',#3258,0.55);
#3258 = AXIS2_PLACEMENT_3D('',#3259,#3260,#3261);
#3259 = CARTESIAN_POINT('',(-2.54,16.51,0.));
#3260 = DIRECTION('',(-0.,0.,-1.));
#3261 = DIRECTION('',(-0.,-1.,0.));
#3262 = FACE_BOUND('',#3263,.F.);
#3263 = EDGE_LOOP('',(#3264));
#3264 = ORIENTED_EDGE('',*,*,#3265,.T.);
#3265 = EDGE_CURVE('',#3266,#3266,#3268,.T.);
#3266 = VERTEX_POINT('',#3267);
#3267 = CARTESIAN_POINT('',(-2.54,18.5,0.));
#3268 = CIRCLE('',#3269,0.55);
#3269 = AXIS2_PLACEMENT_3D('',#3270,#3271,#3272);
#3270 = CARTESIAN_POINT('',(-2.54,19.05,0.));
#3271 = DIRECTION('',(-0.,0.,-1.));
#3272 = DIRECTION('',(-0.,-1.,0.));
#3273 = FACE_BOUND('',#3274,.F.);
#3274 = EDGE_LOOP('',(#3275));
#3275 = ORIENTED_EDGE('',*,*,#3276,.T.);
#3276 = EDGE_CURVE('',#3277,#3277,#3279,.T.);
#3277 = VERTEX_POINT('',#3278);
#3278 = CARTESIAN_POINT('',(-2.54,21.04,0.));
#3279 = CIRCLE('',#3280,0.55);
#3280 = AXIS2_PLACEMENT_3D('',#3281,#3282,#3283);
#3281 = CARTESIAN_POINT('',(-2.54,21.59,0.));
#3282 = DIRECTION('',(-0.,0.,-1.));
#3283 = DIRECTION('',(-0.,-1.,0.));
#3284 = FACE_BOUND('',#3285,.F.);
#3285 = EDGE_LOOP('',(#3286));
#3286 = ORIENTED_EDGE('',*,*,#3287,.T.);
#3287 = EDGE_CURVE('',#3288,#3288,#3290,.T.);
#3288 = VERTEX_POINT('',#3289);
#3289 = CARTESIAN_POINT('',(0.,0.72,0.));
#3290 = CIRCLE('',#3291,0.55);
#3291 = AXIS2_PLACEMENT_3D('',#3292,#3293,#3294);
#3292 = CARTESIAN_POINT('',(-5.551115123126E-17,1.27,0.));
#3293 = DIRECTION('',(-0.,0.,-1.));
#3294 = DIRECTION('',(1.00929365875E-16,-1.,-0.));
#3295 = FACE_BOUND('',#3296,.F.);
#3296 = EDGE_LOOP('',(#3297));
#3297 = ORIENTED_EDGE('',*,*,#3298,.T.);
#3298 = EDGE_CURVE('',#3299,#3299,#3301,.T.);
#3299 = VERTEX_POINT('',#3300);
#3300 = CARTESIAN_POINT('',(0.,3.26,0.));
#3301 = CIRCLE('',#3302,0.55);
#3302 = AXIS2_PLACEMENT_3D('',#3303,#3304,#3305);
#3303 = CARTESIAN_POINT('',(0.,3.81,0.));
#3304 = DIRECTION('',(-0.,0.,-1.));
#3305 = DIRECTION('',(-0.,-1.,0.));
#3306 = FACE_BOUND('',#3307,.F.);
#3307 = EDGE_LOOP('',(#3308));
#3308 = ORIENTED_EDGE('',*,*,#3309,.T.);
#3309 = EDGE_CURVE('',#3310,#3310,#3312,.T.);
#3310 = VERTEX_POINT('',#3311);
#3311 = CARTESIAN_POINT('',(-6.162975822039E-33,5.8,0.));
#3312 = CIRCLE('',#3313,0.55);
#3313 = AXIS2_PLACEMENT_3D('',#3314,#3315,#3316);
#3314 = CARTESIAN_POINT('',(2.775557561563E-17,6.35,0.));
#3315 = DIRECTION('',(-0.,0.,-1.));
#3316 = DIRECTION('',(-5.046468293751E-17,-1.,0.));
#3317 = FACE_BOUND('',#3318,.F.);
#3318 = EDGE_LOOP('',(#3319));
#3319 = ORIENTED_EDGE('',*,*,#3320,.T.);
#3320 = EDGE_CURVE('',#3321,#3321,#3323,.T.);
#3321 = VERTEX_POINT('',#3322);
#3322 = CARTESIAN_POINT('',(-2.157041537714E-32,8.34,0.));
#3323 = CIRCLE('',#3324,0.55);
#3324 = AXIS2_PLACEMENT_3D('',#3325,#3326,#3327);
#3325 = CARTESIAN_POINT('',(-2.775557561563E-17,8.89,0.));
#3326 = DIRECTION('',(-0.,0.,-1.));
#3327 = DIRECTION('',(5.046468293751E-17,-1.,-0.));
#3328 = FACE_BOUND('',#3329,.F.);
#3329 = EDGE_LOOP('',(#3330));
#3330 = ORIENTED_EDGE('',*,*,#3331,.T.);
#3331 = EDGE_CURVE('',#3332,#3332,#3334,.T.);
#3332 = VERTEX_POINT('',#3333);
#3333 = CARTESIAN_POINT('',(0.,10.88,0.));
#3334 = CIRCLE('',#3335,0.55);
#3335 = AXIS2_PLACEMENT_3D('',#3336,#3337,#3338);
#3336 = CARTESIAN_POINT('',(0.,11.43,0.));
#3337 = DIRECTION('',(-0.,0.,-1.));
#3338 = DIRECTION('',(-0.,-1.,0.));
#3339 = FACE_BOUND('',#3340,.F.);
#3340 = EDGE_LOOP('',(#3341));
#3341 = ORIENTED_EDGE('',*,*,#3342,.T.);
#3342 = EDGE_CURVE('',#3343,#3343,#3345,.T.);
#3343 = VERTEX_POINT('',#3344);
#3344 = CARTESIAN_POINT('',(2.54,0.72,0.));
#3345 = CIRCLE('',#3346,0.55);
#3346 = AXIS2_PLACEMENT_3D('',#3347,#3348,#3349);
#3347 = CARTESIAN_POINT('',(2.54,1.27,0.));
#3348 = DIRECTION('',(-0.,0.,-1.));
#3349 = DIRECTION('',(-0.,-1.,0.));
#3350 = FACE_BOUND('',#3351,.F.);
#3351 = EDGE_LOOP('',(#3352));
#3352 = ORIENTED_EDGE('',*,*,#3353,.T.);
#3353 = EDGE_CURVE('',#3354,#3354,#3356,.T.);
#3354 = VERTEX_POINT('',#3355);
#3355 = CARTESIAN_POINT('',(2.54,3.26,0.));
#3356 = CIRCLE('',#3357,0.55);
#3357 = AXIS2_PLACEMENT_3D('',#3358,#3359,#3360);
#3358 = CARTESIAN_POINT('',(2.54,3.81,0.));
#3359 = DIRECTION('',(-0.,0.,-1.));
#3360 = DIRECTION('',(-0.,-1.,0.));
#3361 = FACE_BOUND('',#3362,.F.);
#3362 = EDGE_LOOP('',(#3363));
#3363 = ORIENTED_EDGE('',*,*,#3364,.T.);
#3364 = EDGE_CURVE('',#3365,#3365,#3367,.T.);
#3365 = VERTEX_POINT('',#3366);
#3366 = CARTESIAN_POINT('',(2.54,5.8,0.));
#3367 = CIRCLE('',#3368,0.55);
#3368 = AXIS2_PLACEMENT_3D('',#3369,#3370,#3371);
#3369 = CARTESIAN_POINT('',(2.54,6.35,0.));
#3370 = DIRECTION('',(-0.,0.,-1.));
#3371 = DIRECTION('',(-0.,-1.,0.));
#3372 = FACE_BOUND('',#3373,.F.);
#3373 = EDGE_LOOP('',(#3374));
#3374 = ORIENTED_EDGE('',*,*,#3375,.T.);
#3375 = EDGE_CURVE('',#3376,#3376,#3378,.T.);
#3376 = VERTEX_POINT('',#3377);
#3377 = CARTESIAN_POINT('',(2.54,8.34,0.));
#3378 = CIRCLE('',#3379,0.55);
#3379 = AXIS2_PLACEMENT_3D('',#3380,#3381,#3382);
#3380 = CARTESIAN_POINT('',(2.54,8.89,0.));
#3381 = DIRECTION('',(-0.,0.,-1.));
#3382 = DIRECTION('',(-0.,-1.,0.));
#3383 = FACE_BOUND('',#3384,.F.);
#3384 = EDGE_LOOP('',(#3385));
#3385 = ORIENTED_EDGE('',*,*,#3386,.T.);
#3386 = EDGE_CURVE('',#3387,#3387,#3389,.T.);
#3387 = VERTEX_POINT('',#3388);
#3388 = CARTESIAN_POINT('',(2.54,10.88,0.));
#3389 = CIRCLE('',#3390,0.55);
#3390 = AXIS2_PLACEMENT_3D('',#3391,#3392,#3393);
#3391 = CARTESIAN_POINT('',(2.54,11.43,0.));
#3392 = DIRECTION('',(-0.,0.,-1.));
#3393 = DIRECTION('',(-0.,-1.,0.));
#3394 = FACE_BOUND('',#3395,.F.);
#3395 = EDGE_LOOP('',(#3396));
#3396 = ORIENTED_EDGE('',*,*,#3397,.T.);
#3397 = EDGE_CURVE('',#3398,#3398,#3400,.T.);
#3398 = VERTEX_POINT('',#3399);
#3399 = CARTESIAN_POINT('',(-2.157041537714E-32,13.42,0.));
#3400 = CIRCLE('',#3401,0.55);
#3401 = AXIS2_PLACEMENT_3D('',#3402,#3403,#3404);
#3402 = CARTESIAN_POINT('',(-2.775557561563E-17,13.97,0.));
#3403 = DIRECTION('',(-0.,0.,-1.));
#3404 = DIRECTION('',(5.046468293751E-17,-1.,-0.));
#3405 = FACE_BOUND('',#3406,.F.);
#3406 = EDGE_LOOP('',(#3407));
#3407 = ORIENTED_EDGE('',*,*,#3408,.T.);
#3408 = EDGE_CURVE('',#3409,#3409,#3411,.T.);
#3409 = VERTEX_POINT('',#3410);
#3410 = CARTESIAN_POINT('',(1.972152263053E-31,15.96,0.));
#3411 = CIRCLE('',#3412,0.55);
#3412 = AXIS2_PLACEMENT_3D('',#3413,#3414,#3415);
#3413 = CARTESIAN_POINT('',(-5.551115123126E-17,16.51,0.));
#3414 = DIRECTION('',(-0.,0.,-1.));
#3415 = DIRECTION('',(1.00929365875E-16,-1.,-0.));
#3416 = FACE_BOUND('',#3417,.F.);
#3417 = EDGE_LOOP('',(#3418));
#3418 = ORIENTED_EDGE('',*,*,#3419,.T.);
#3419 = EDGE_CURVE('',#3420,#3420,#3422,.T.);
#3420 = VERTEX_POINT('',#3421);
#3421 = CARTESIAN_POINT('',(1.972152263053E-31,18.5,0.));
#3422 = CIRCLE('',#3423,0.55);
#3423 = AXIS2_PLACEMENT_3D('',#3424,#3425,#3426);
#3424 = CARTESIAN_POINT('',(-5.551115123126E-17,19.05,0.));
#3425 = DIRECTION('',(-0.,0.,-1.));
#3426 = DIRECTION('',(1.00929365875E-16,-1.,-0.));
#3427 = FACE_BOUND('',#3428,.F.);
#3428 = EDGE_LOOP('',(#3429));
#3429 = ORIENTED_EDGE('',*,*,#3430,.T.);
#3430 = EDGE_CURVE('',#3431,#3431,#3433,.T.);
#3431 = VERTEX_POINT('',#3432);
#3432 = CARTESIAN_POINT('',(1.972152263053E-31,21.04,0.));
#3433 = CIRCLE('',#3434,0.55);
#3434 = AXIS2_PLACEMENT_3D('',#3435,#3436,#3437);
#3435 = CARTESIAN_POINT('',(-5.551115123126E-17,21.59,0.));
#3436 = DIRECTION('',(-0.,0.,-1.));
#3437 = DIRECTION('',(1.00929365875E-16,-1.,-0.));
#3438 = FACE_BOUND('',#3439,.F.);
#3439 = EDGE_LOOP('',(#3440));
#3440 = ORIENTED_EDGE('',*,*,#3441,.T.);
#3441 = EDGE_CURVE('',#3442,#3442,#3444,.T.);
#3442 = VERTEX_POINT('',#3443);
#3443 = CARTESIAN_POINT('',(2.54,13.42,0.));
#3444 = CIRCLE('',#3445,0.55);
#3445 = AXIS2_PLACEMENT_3D('',#3446,#3447,#3448);
#3446 = CARTESIAN_POINT('',(2.54,13.97,0.));
#3447 = DIRECTION('',(-0.,0.,-1.));
#3448 = DIRECTION('',(-0.,-1.,0.));
#3449 = FACE_BOUND('',#3450,.F.);
#3450 = EDGE_LOOP('',(#3451));
#3451 = ORIENTED_EDGE('',*,*,#3452,.T.);
#3452 = EDGE_CURVE('',#3453,#3453,#3455,.T.);
#3453 = VERTEX_POINT('',#3454);
#3454 = CARTESIAN_POINT('',(2.54,15.96,0.));
#3455 = CIRCLE('',#3456,0.55);
#3456 = AXIS2_PLACEMENT_3D('',#3457,#3458,#3459);
#3457 = CARTESIAN_POINT('',(2.54,16.51,0.));
#3458 = DIRECTION('',(-0.,0.,-1.));
#3459 = DIRECTION('',(-0.,-1.,0.));
#3460 = FACE_BOUND('',#3461,.F.);
#3461 = EDGE_LOOP('',(#3462));
#3462 = ORIENTED_EDGE('',*,*,#3463,.T.);
#3463 = EDGE_CURVE('',#3464,#3464,#3466,.T.);
#3464 = VERTEX_POINT('',#3465);
#3465 = CARTESIAN_POINT('',(2.54,18.5,0.));
#3466 = CIRCLE('',#3467,0.55);
#3467 = AXIS2_PLACEMENT_3D('',#3468,#3469,#3470);
#3468 = CARTESIAN_POINT('',(2.54,19.05,0.));
#3469 = DIRECTION('',(-0.,0.,-1.));
#3470 = DIRECTION('',(-0.,-1.,0.));
#3471 = FACE_BOUND('',#3472,.F.);
#3472 = EDGE_LOOP('',(#3473));
#3473 = ORIENTED_EDGE('',*,*,#3474,.T.);
#3474 = EDGE_CURVE('',#3475,#3475,#3477,.T.);
#3475 = VERTEX_POINT('',#3476);
#3476 = CARTESIAN_POINT('',(2.54,21.04,0.));
#3477 = CIRCLE('',#3478,0.55);
#3478 = AXIS2_PLACEMENT_3D('',#3479,#3480,#3481);
#3479 = CARTESIAN_POINT('',(2.54,21.59,0.));
#3480 = DIRECTION('',(-0.,0.,-1.));
#3481 = DIRECTION('',(-0.,-1.,0.));
#3482 = FACE_BOUND('',#3483,.F.);
#3483 = EDGE_LOOP('',(#3484));
#3484 = ORIENTED_EDGE('',*,*,#3485,.T.);
#3485 = EDGE_CURVE('',#3486,#3486,#3488,.T.);
#3486 = VERTEX_POINT('',#3487);
#3487 = CARTESIAN_POINT('',(-2.54,23.58,0.));
#3488 = CIRCLE('',#3489,0.55);
#3489 = AXIS2_PLACEMENT_3D('',#3490,#3491,#3492);
#3490 = CARTESIAN_POINT('',(-2.54,24.13,0.));
#3491 = DIRECTION('',(-0.,0.,-1.));
#3492 = DIRECTION('',(-0.,-1.,0.));
#3493 = FACE_BOUND('',#3494,.F.);
#3494 = EDGE_LOOP('',(#3495));
#3495 = ORIENTED_EDGE('',*,*,#3496,.T.);
#3496 = EDGE_CURVE('',#3497,#3497,#3499,.T.);
#3497 = VERTEX_POINT('',#3498);
#3498 = CARTESIAN_POINT('',(-2.54,26.12,0.));
#3499 = CIRCLE('',#3500,0.55);
#3500 = AXIS2_PLACEMENT_3D('',#3501,#3502,#3503);
#3501 = CARTESIAN_POINT('',(-2.54,26.67,0.));
#3502 = DIRECTION('',(-0.,0.,-1.));
#3503 = DIRECTION('',(-0.,-1.,0.));
#3504 = FACE_BOUND('',#3505,.F.);
#3505 = EDGE_LOOP('',(#3506));
#3506 = ORIENTED_EDGE('',*,*,#3507,.T.);
#3507 = EDGE_CURVE('',#3508,#3508,#3510,.T.);
#3508 = VERTEX_POINT('',#3509);
#3509 = CARTESIAN_POINT('',(-2.54,28.66,0.));
#3510 = CIRCLE('',#3511,0.55);
#3511 = AXIS2_PLACEMENT_3D('',#3512,#3513,#3514);
#3512 = CARTESIAN_POINT('',(-2.54,29.21,0.));
#3513 = DIRECTION('',(-0.,0.,-1.));
#3514 = DIRECTION('',(-0.,-1.,0.));
#3515 = FACE_BOUND('',#3516,.F.);
#3516 = EDGE_LOOP('',(#3517));
#3517 = ORIENTED_EDGE('',*,*,#3518,.T.);
#3518 = EDGE_CURVE('',#3519,#3519,#3521,.T.);
#3519 = VERTEX_POINT('',#3520);
#3520 = CARTESIAN_POINT('',(-2.54,31.2,0.));
#3521 = CIRCLE('',#3522,0.55);
#3522 = AXIS2_PLACEMENT_3D('',#3523,#3524,#3525);
#3523 = CARTESIAN_POINT('',(-2.54,31.75,0.));
#3524 = DIRECTION('',(-0.,0.,-1.));
#3525 = DIRECTION('',(-0.,-1.,0.));
#3526 = FACE_BOUND('',#3527,.F.);
#3527 = EDGE_LOOP('',(#3528));
#3528 = ORIENTED_EDGE('',*,*,#3529,.T.);
#3529 = EDGE_CURVE('',#3530,#3530,#3532,.T.);
#3530 = VERTEX_POINT('',#3531);
#3531 = CARTESIAN_POINT('',(-2.54,33.74,0.));
#3532 = CIRCLE('',#3533,0.55);
#3533 = AXIS2_PLACEMENT_3D('',#3534,#3535,#3536);
#3534 = CARTESIAN_POINT('',(-2.54,34.29,0.));
#3535 = DIRECTION('',(-0.,0.,-1.));
#3536 = DIRECTION('',(-0.,-1.,0.));
#3537 = FACE_BOUND('',#3538,.F.);
#3538 = EDGE_LOOP('',(#3539));
#3539 = ORIENTED_EDGE('',*,*,#3540,.T.);
#3540 = EDGE_CURVE('',#3541,#3541,#3543,.T.);
#3541 = VERTEX_POINT('',#3542);
#3542 = CARTESIAN_POINT('',(-2.54,36.28,0.));
#3543 = CIRCLE('',#3544,0.55);
#3544 = AXIS2_PLACEMENT_3D('',#3545,#3546,#3547);
#3545 = CARTESIAN_POINT('',(-2.54,36.83,0.));
#3546 = DIRECTION('',(-0.,0.,-1.));
#3547 = DIRECTION('',(-0.,-1.,0.));
#3548 = FACE_BOUND('',#3549,.F.);
#3549 = EDGE_LOOP('',(#3550));
#3550 = ORIENTED_EDGE('',*,*,#3551,.T.);
#3551 = EDGE_CURVE('',#3552,#3552,#3554,.T.);
#3552 = VERTEX_POINT('',#3553);
#3553 = CARTESIAN_POINT('',(-2.54,38.82,0.));
#3554 = CIRCLE('',#3555,0.55);
#3555 = AXIS2_PLACEMENT_3D('',#3556,#3557,#3558);
#3556 = CARTESIAN_POINT('',(-2.54,39.37,0.));
#3557 = DIRECTION('',(-0.,0.,-1.));
#3558 = DIRECTION('',(-0.,-1.,0.));
#3559 = FACE_BOUND('',#3560,.F.);
#3560 = EDGE_LOOP('',(#3561));
#3561 = ORIENTED_EDGE('',*,*,#3562,.T.);
#3562 = EDGE_CURVE('',#3563,#3563,#3565,.T.);
#3563 = VERTEX_POINT('',#3564);
#3564 = CARTESIAN_POINT('',(-0.3,43.55,0.));
#3565 = CIRCLE('',#3566,1.45);
#3566 = AXIS2_PLACEMENT_3D('',#3567,#3568,#3569);
#3567 = CARTESIAN_POINT('',(-0.3,45.,0.));
#3568 = DIRECTION('',(-0.,0.,-1.));
#3569 = DIRECTION('',(1.148506577198E-16,-1.,-0.));
#3570 = FACE_BOUND('',#3571,.F.);
#3571 = EDGE_LOOP('',(#3572));
#3572 = ORIENTED_EDGE('',*,*,#3573,.T.);
#3573 = EDGE_CURVE('',#3574,#3574,#3576,.T.);
#3574 = VERTEX_POINT('',#3575);
#3575 = CARTESIAN_POINT('',(1.972152263053E-31,23.58,0.));
#3576 = CIRCLE('',#3577,0.55);
#3577 = AXIS2_PLACEMENT_3D('',#3578,#3579,#3580);
#3578 = CARTESIAN_POINT('',(-5.551115123126E-17,24.13,0.));
#3579 = DIRECTION('',(-0.,0.,-1.));
#3580 = DIRECTION('',(1.00929365875E-16,-1.,-0.));
#3581 = FACE_BOUND('',#3582,.F.);
#3582 = EDGE_LOOP('',(#3583));
#3583 = ORIENTED_EDGE('',*,*,#3584,.T.);
#3584 = EDGE_CURVE('',#3585,#3585,#3587,.T.);
#3585 = VERTEX_POINT('',#3586);
#3586 = CARTESIAN_POINT('',(0.,26.12,0.));
#3587 = CIRCLE('',#3588,0.55);
#3588 = AXIS2_PLACEMENT_3D('',#3589,#3590,#3591);
#3589 = CARTESIAN_POINT('',(0.,26.67,0.));
#3590 = DIRECTION('',(-0.,0.,-1.));
#3591 = DIRECTION('',(-0.,-1.,0.));
#3592 = FACE_BOUND('',#3593,.F.);
#3593 = EDGE_LOOP('',(#3594));
#3594 = ORIENTED_EDGE('',*,*,#3595,.T.);
#3595 = EDGE_CURVE('',#3596,#3596,#3598,.T.);
#3596 = VERTEX_POINT('',#3597);
#3597 = CARTESIAN_POINT('',(0.,28.66,0.));
#3598 = CIRCLE('',#3599,0.55);
#3599 = AXIS2_PLACEMENT_3D('',#3600,#3601,#3602);
#3600 = CARTESIAN_POINT('',(0.,29.21,0.));
#3601 = DIRECTION('',(-0.,0.,-1.));
#3602 = DIRECTION('',(-0.,-1.,0.));
#3603 = FACE_BOUND('',#3604,.F.);
#3604 = EDGE_LOOP('',(#3605));
#3605 = ORIENTED_EDGE('',*,*,#3606,.T.);
#3606 = EDGE_CURVE('',#3607,#3607,#3609,.T.);
#3607 = VERTEX_POINT('',#3608);
#3608 = CARTESIAN_POINT('',(0.,31.2,0.));
#3609 = CIRCLE('',#3610,0.55);
#3610 = AXIS2_PLACEMENT_3D('',#3611,#3612,#3613);
#3611 = CARTESIAN_POINT('',(0.,31.75,0.));
#3612 = DIRECTION('',(-0.,0.,-1.));
#3613 = DIRECTION('',(-0.,-1.,0.));
#3614 = FACE_BOUND('',#3615,.F.);
#3615 = EDGE_LOOP('',(#3616));
#3616 = ORIENTED_EDGE('',*,*,#3617,.T.);
#3617 = EDGE_CURVE('',#3618,#3618,#3620,.T.);
#3618 = VERTEX_POINT('',#3619);
#3619 = CARTESIAN_POINT('',(0.,33.74,0.));
#3620 = CIRCLE('',#3621,0.55);
#3621 = AXIS2_PLACEMENT_3D('',#3622,#3623,#3624);
#3622 = CARTESIAN_POINT('',(0.,34.29,0.));
#3623 = DIRECTION('',(-0.,0.,-1.));
#3624 = DIRECTION('',(-0.,-1.,0.));
#3625 = FACE_BOUND('',#3626,.F.);
#3626 = EDGE_LOOP('',(#3627));
#3627 = ORIENTED_EDGE('',*,*,#3628,.T.);
#3628 = EDGE_CURVE('',#3629,#3629,#3631,.T.);
#3629 = VERTEX_POINT('',#3630);
#3630 = CARTESIAN_POINT('',(2.54,23.58,0.));
#3631 = CIRCLE('',#3632,0.55);
#3632 = AXIS2_PLACEMENT_3D('',#3633,#3634,#3635);
#3633 = CARTESIAN_POINT('',(2.54,24.13,0.));
#3634 = DIRECTION('',(-0.,0.,-1.));
#3635 = DIRECTION('',(-0.,-1.,0.));
#3636 = FACE_BOUND('',#3637,.F.);
#3637 = EDGE_LOOP('',(#3638));
#3638 = ORIENTED_EDGE('',*,*,#3639,.T.);
#3639 = EDGE_CURVE('',#3640,#3640,#3642,.T.);
#3640 = VERTEX_POINT('',#3641);
#3641 = CARTESIAN_POINT('',(2.54,26.12,0.));
#3642 = CIRCLE('',#3643,0.55);
#3643 = AXIS2_PLACEMENT_3D('',#3644,#3645,#3646);
#3644 = CARTESIAN_POINT('',(2.54,26.67,0.));
#3645 = DIRECTION('',(-0.,0.,-1.));
#3646 = DIRECTION('',(-0.,-1.,0.));
#3647 = FACE_BOUND('',#3648,.F.);
#3648 = EDGE_LOOP('',(#3649));
#3649 = ORIENTED_EDGE('',*,*,#3650,.T.);
#3650 = EDGE_CURVE('',#3651,#3651,#3653,.T.);
#3651 = VERTEX_POINT('',#3652);
#3652 = CARTESIAN_POINT('',(2.54,28.66,0.));
#3653 = CIRCLE('',#3654,0.55);
#3654 = AXIS2_PLACEMENT_3D('',#3655,#3656,#3657);
#3655 = CARTESIAN_POINT('',(2.54,29.21,0.));
#3656 = DIRECTION('',(-0.,0.,-1.));
#3657 = DIRECTION('',(-0.,-1.,0.));
#3658 = FACE_BOUND('',#3659,.F.);
#3659 = EDGE_LOOP('',(#3660));
#3660 = ORIENTED_EDGE('',*,*,#3661,.T.);
#3661 = EDGE_CURVE('',#3662,#3662,#3664,.T.);
#3662 = VERTEX_POINT('',#3663);
#3663 = CARTESIAN_POINT('',(2.54,31.2,0.));
#3664 = CIRCLE('',#3665,0.55);
#3665 = AXIS2_PLACEMENT_3D('',#3666,#3667,#3668);
#3666 = CARTESIAN_POINT('',(2.54,31.75,0.));
#3667 = DIRECTION('',(-0.,0.,-1.));
#3668 = DIRECTION('',(-0.,-1.,0.));
#3669 = FACE_BOUND('',#3670,.F.);
#3670 = EDGE_LOOP('',(#3671));
#3671 = ORIENTED_EDGE('',*,*,#3672,.T.);
#3672 = EDGE_CURVE('',#3673,#3673,#3675,.T.);
#3673 = VERTEX_POINT('',#3674);
#3674 = CARTESIAN_POINT('',(2.54,33.74,0.));
#3675 = CIRCLE('',#3676,0.55);
#3676 = AXIS2_PLACEMENT_3D('',#3677,#3678,#3679);
#3677 = CARTESIAN_POINT('',(2.54,34.29,0.));
#3678 = DIRECTION('',(-0.,0.,-1.));
#3679 = DIRECTION('',(-0.,-1.,0.));
#3680 = FACE_BOUND('',#3681,.F.);
#3681 = EDGE_LOOP('',(#3682));
#3682 = ORIENTED_EDGE('',*,*,#3683,.T.);
#3683 = EDGE_CURVE('',#3684,#3684,#3686,.T.);
#3684 = VERTEX_POINT('',#3685);
#3685 = CARTESIAN_POINT('',(0.,36.28,0.));
#3686 = CIRCLE('',#3687,0.55);
#3687 = AXIS2_PLACEMENT_3D('',#3688,#3689,#3690);
#3688 = CARTESIAN_POINT('',(0.,36.83,0.));
#3689 = DIRECTION('',(-0.,0.,-1.));
#3690 = DIRECTION('',(-0.,-1.,0.));
#3691 = FACE_BOUND('',#3692,.F.);
#3692 = EDGE_LOOP('',(#3693));
#3693 = ORIENTED_EDGE('',*,*,#3694,.T.);
#3694 = EDGE_CURVE('',#3695,#3695,#3697,.T.);
#3695 = VERTEX_POINT('',#3696);
#3696 = CARTESIAN_POINT('',(0.,38.82,0.));
#3697 = CIRCLE('',#3698,0.55);
#3698 = AXIS2_PLACEMENT_3D('',#3699,#3700,#3701);
#3699 = CARTESIAN_POINT('',(0.,39.37,0.));
#3700 = DIRECTION('',(-0.,0.,-1.));
#3701 = DIRECTION('',(-0.,-1.,0.));
#3702 = FACE_BOUND('',#3703,.F.);
#3703 = EDGE_LOOP('',(#3704));
#3704 = ORIENTED_EDGE('',*,*,#3705,.T.);
#3705 = EDGE_CURVE('',#3706,#3706,#3708,.T.);
#3706 = VERTEX_POINT('',#3707);
#3707 = CARTESIAN_POINT('',(2.54,36.28,0.));
#3708 = CIRCLE('',#3709,0.55);
#3709 = AXIS2_PLACEMENT_3D('',#3710,#3711,#3712);
#3710 = CARTESIAN_POINT('',(2.54,36.83,0.));
#3711 = DIRECTION('',(-0.,0.,-1.));
#3712 = DIRECTION('',(-0.,-1.,0.));
#3713 = FACE_BOUND('',#3714,.F.);
#3714 = EDGE_LOOP('',(#3715));
#3715 = ORIENTED_EDGE('',*,*,#3716,.T.);
#3716 = EDGE_CURVE('',#3717,#3717,#3719,.T.);
#3717 = VERTEX_POINT('',#3718);
#3718 = CARTESIAN_POINT('',(2.54,38.82,0.));
#3719 = CIRCLE('',#3720,0.55);
#3720 = AXIS2_PLACEMENT_3D('',#3721,#3722,#3723);
#3721 = CARTESIAN_POINT('',(2.54,39.37,0.));
#3722 = DIRECTION('',(-0.,0.,-1.));
#3723 = DIRECTION('',(-0.,-1.,0.));
#3724 = FACE_BOUND('',#3725,.F.);
#3725 = EDGE_LOOP('',(#3726));
#3726 = ORIENTED_EDGE('',*,*,#3727,.T.);
#3727 = EDGE_CURVE('',#3728,#3728,#3730,.T.);
#3728 = VERTEX_POINT('',#3729);
#3729 = CARTESIAN_POINT('',(7.9,2.195,0.));
#3730 = CIRCLE('',#3731,0.355);
#3731 = AXIS2_PLACEMENT_3D('',#3732,#3733,#3734);
#3732 = CARTESIAN_POINT('',(7.9,2.55,0.));
#3733 = DIRECTION('',(-0.,0.,-1.));
#3734 = DIRECTION('',(-0.,-1.,0.));
#3735 = FACE_BOUND('',#3736,.F.);
#3736 = EDGE_LOOP('',(#3737));
#3737 = ORIENTED_EDGE('',*,*,#3738,.T.);
#3738 = EDGE_CURVE('',#3739,#3739,#3741,.T.);
#3739 = VERTEX_POINT('',#3740);
#3740 = CARTESIAN_POINT('',(7.7,8.4,0.));
#3741 = CIRCLE('',#3742,1.1);
#3742 = AXIS2_PLACEMENT_3D('',#3743,#3744,#3745);
#3743 = CARTESIAN_POINT('',(7.7,9.5,0.));
#3744 = DIRECTION('',(-0.,0.,-1.));
#3745 = DIRECTION('',(-0.,-1.,0.));
#3746 = FACE_BOUND('',#3747,.F.);
#3747 = EDGE_LOOP('',(#3748));
#3748 = ORIENTED_EDGE('',*,*,#3749,.T.);
#3749 = EDGE_CURVE('',#3750,#3750,#3752,.T.);
#3750 = VERTEX_POINT('',#3751);
#3751 = CARTESIAN_POINT('',(7.7,16.4,0.));
#3752 = CIRCLE('',#3753,1.1);
#3753 = AXIS2_PLACEMENT_3D('',#3754,#3755,#3756);
#3754 = CARTESIAN_POINT('',(7.7,17.5,0.));
#3755 = DIRECTION('',(-0.,0.,-1.));
#3756 = DIRECTION('',(-0.,-1.,0.));
#3757 = FACE_BOUND('',#3758,.F.);
#3758 = EDGE_LOOP('',(#3759));
#3759 = ORIENTED_EDGE('',*,*,#3760,.T.);
#3760 = EDGE_CURVE('',#3761,#3761,#3763,.T.);
#3761 = VERTEX_POINT('',#3762);
#3762 = CARTESIAN_POINT('',(7.7,24.4,0.));
#3763 = CIRCLE('',#3764,1.1);
#3764 = AXIS2_PLACEMENT_3D('',#3765,#3766,#3767);
#3765 = CARTESIAN_POINT('',(7.7,25.5,0.));
#3766 = DIRECTION('',(-0.,0.,-1.));
#3767 = DIRECTION('',(-0.,-1.,0.));
#3768 = FACE_BOUND('',#3769,.F.);
#3769 = EDGE_LOOP('',(#3770));
#3770 = ORIENTED_EDGE('',*,*,#3771,.T.);
#3771 = EDGE_CURVE('',#3772,#3772,#3774,.T.);
#3772 = VERTEX_POINT('',#3773);
#3773 = CARTESIAN_POINT('',(7.7,32.4,0.));
#3774 = CIRCLE('',#3775,1.1);
#3775 = AXIS2_PLACEMENT_3D('',#3776,#3777,#3778);
#3776 = CARTESIAN_POINT('',(7.7,33.5,0.));
#3777 = DIRECTION('',(-0.,0.,-1.));
#3778 = DIRECTION('',(-0.,-1.,0.));
#3779 = PLANE('',#3780);
#3780 = AXIS2_PLACEMENT_3D('',#3781,#3782,#3783);
#3781 = CARTESIAN_POINT('',(0.,0.,0.));
#3782 = DIRECTION('',(0.,0.,1.));
#3783 = DIRECTION('',(1.,0.,-0.));
#3784 = ADVANCED_FACE('',(#3785,#3831,#3842,#3853,#3864,#3875,#3886,
    #3897,#3908,#3919,#3930,#3941,#3952,#3963,#3974,#3985,#3996,#4007,
    #4018,#4029,#4040,#4051,#4062,#4073,#4084,#4095,#4106,#4117,#4128,
    #4139,#4150,#4161,#4172,#4183,#4194,#4205,#4216,#4227,#4238,#4249,
    #4260,#4271,#4282,#4293,#4304,#4315,#4326,#4337,#4348,#4359,#4370,
    #4381,#4392,#4403,#4414,#4425,#4436,#4447,#4458,#4469,#4480,#4491,
    #4502,#4513,#4524,#4535,#4546,#4557,#4568,#4579,#4590,#4601,#4612,
    #4623,#4634,#4645,#4656,#4667,#4678,#4689,#4700,#4711,#4722,#4733,
    #4744,#4755,#4766,#4777,#4788,#4799,#4810,#4821,#4832,#4843,#4854,
    #4865,#4876,#4887,#4898,#4909,#4920,#4931,#4942,#4953,#4964,#4975,
    #4986,#4997,#5008),#5019,.T.);
#3785 = FACE_BOUND('',#3786,.T.);
#3786 = EDGE_LOOP('',(#3787,#3788,#3789,#3798,#3806,#3815,#3823,#3830));
#3787 = ORIENTED_EDGE('',*,*,#2454,.F.);
#3788 = ORIENTED_EDGE('',*,*,#2496,.F.);
#3789 = ORIENTED_EDGE('',*,*,#3790,.F.);
#3790 = EDGE_CURVE('',#3791,#2489,#3793,.T.);
#3791 = VERTEX_POINT('',#3792);
#3792 = CARTESIAN_POINT('',(-7.3,48.5,1.51));
#3793 = CIRCLE('',#3794,0.999999252925);
#3794 = AXIS2_PLACEMENT_3D('',#3795,#3796,#3797);
#3795 = CARTESIAN_POINT('',(-6.300000747075,48.500000747075,1.51));
#3796 = DIRECTION('',(0.,0.,-1.));
#3797 = DIRECTION('',(-1.,-7.470757491648E-07,-0.));
#3798 = ORIENTED_EDGE('',*,*,#3799,.F.);
#3799 = EDGE_CURVE('',#3800,#3791,#3802,.T.);
#3800 = VERTEX_POINT('',#3801);
#3801 = CARTESIAN_POINT('',(-7.3,-48.5,1.51));
#3802 = LINE('',#3803,#3804);
#3803 = CARTESIAN_POINT('',(-7.3,-48.5,1.51));
#3804 = VECTOR('',#3805,1.);
#3805 = DIRECTION('',(0.,1.,0.));
#3806 = ORIENTED_EDGE('',*,*,#3807,.F.);
#3807 = EDGE_CURVE('',#3808,#3800,#3810,.T.);
#3808 = VERTEX_POINT('',#3809);
#3809 = CARTESIAN_POINT('',(-6.3,-49.5,1.51));
#3810 = CIRCLE('',#3811,0.999999252925);
#3811 = AXIS2_PLACEMENT_3D('',#3812,#3813,#3814);
#3812 = CARTESIAN_POINT('',(-6.300000747075,-48.50000074707,1.51));
#3813 = DIRECTION('',(0.,0.,-1.));
#3814 = DIRECTION('',(7.470757438357E-07,-1.,0.));
#3815 = ORIENTED_EDGE('',*,*,#3816,.F.);
#3816 = EDGE_CURVE('',#3817,#3808,#3819,.T.);
#3817 = VERTEX_POINT('',#3818);
#3818 = CARTESIAN_POINT('',(10.2,-49.5,1.51));
#3819 = LINE('',#3820,#3821);
#3820 = CARTESIAN_POINT('',(10.2,-49.5,1.51));
#3821 = VECTOR('',#3822,1.);
#3822 = DIRECTION('',(-1.,0.,0.));
#3823 = ORIENTED_EDGE('',*,*,#3824,.F.);
#3824 = EDGE_CURVE('',#2519,#3817,#3825,.T.);
#3825 = CIRCLE('',#3826,0.999999252925);
#3826 = AXIS2_PLACEMENT_3D('',#3827,#3828,#3829);
#3827 = CARTESIAN_POINT('',(10.200000747075,-48.50000074707,1.51));
#3828 = DIRECTION('',(0.,0.,-1.));
#3829 = DIRECTION('',(1.,7.470757491648E-07,0.));
#3830 = ORIENTED_EDGE('',*,*,#2518,.F.);
#3831 = FACE_BOUND('',#3832,.T.);
#3832 = EDGE_LOOP('',(#3833));
#3833 = ORIENTED_EDGE('',*,*,#3834,.T.);
#3834 = EDGE_CURVE('',#3835,#3835,#3837,.T.);
#3835 = VERTEX_POINT('',#3836);
#3836 = CARTESIAN_POINT('',(-2.54,-39.92,1.51));
#3837 = CIRCLE('',#3838,0.55);
#3838 = AXIS2_PLACEMENT_3D('',#3839,#3840,#3841);
#3839 = CARTESIAN_POINT('',(-2.54,-39.37,1.51));
#3840 = DIRECTION('',(-0.,0.,-1.));
#3841 = DIRECTION('',(-0.,-1.,0.));
#3842 = FACE_BOUND('',#3843,.T.);
#3843 = EDGE_LOOP('',(#3844));
#3844 = ORIENTED_EDGE('',*,*,#3845,.T.);
#3845 = EDGE_CURVE('',#3846,#3846,#3848,.T.);
#3846 = VERTEX_POINT('',#3847);
#3847 = CARTESIAN_POINT('',(-2.54,-37.38,1.51));
#3848 = CIRCLE('',#3849,0.55);
#3849 = AXIS2_PLACEMENT_3D('',#3850,#3851,#3852);
#3850 = CARTESIAN_POINT('',(-2.54,-36.83,1.51));
#3851 = DIRECTION('',(-0.,0.,-1.));
#3852 = DIRECTION('',(-0.,-1.,0.));
#3853 = FACE_BOUND('',#3854,.T.);
#3854 = EDGE_LOOP('',(#3855));
#3855 = ORIENTED_EDGE('',*,*,#3856,.T.);
#3856 = EDGE_CURVE('',#3857,#3857,#3859,.T.);
#3857 = VERTEX_POINT('',#3858);
#3858 = CARTESIAN_POINT('',(-0.3,-46.45,1.51));
#3859 = CIRCLE('',#3860,1.45);
#3860 = AXIS2_PLACEMENT_3D('',#3861,#3862,#3863);
#3861 = CARTESIAN_POINT('',(-0.3,-45.,1.51));
#3862 = DIRECTION('',(-0.,0.,-1.));
#3863 = DIRECTION('',(1.148506577198E-16,-1.,-0.));
#3864 = FACE_BOUND('',#3865,.T.);
#3865 = EDGE_LOOP('',(#3866));
#3866 = ORIENTED_EDGE('',*,*,#3867,.T.);
#3867 = EDGE_CURVE('',#3868,#3868,#3870,.T.);
#3868 = VERTEX_POINT('',#3869);
#3869 = CARTESIAN_POINT('',(-2.54,-34.84,1.51));
#3870 = CIRCLE('',#3871,0.55);
#3871 = AXIS2_PLACEMENT_3D('',#3872,#3873,#3874);
#3872 = CARTESIAN_POINT('',(-2.54,-34.29,1.51));
#3873 = DIRECTION('',(-0.,0.,-1.));
#3874 = DIRECTION('',(-0.,-1.,0.));
#3875 = FACE_BOUND('',#3876,.T.);
#3876 = EDGE_LOOP('',(#3877));
#3877 = ORIENTED_EDGE('',*,*,#3878,.T.);
#3878 = EDGE_CURVE('',#3879,#3879,#3881,.T.);
#3879 = VERTEX_POINT('',#3880);
#3880 = CARTESIAN_POINT('',(-2.54,-32.3,1.51));
#3881 = CIRCLE('',#3882,0.55);
#3882 = AXIS2_PLACEMENT_3D('',#3883,#3884,#3885);
#3883 = CARTESIAN_POINT('',(-2.54,-31.75,1.51));
#3884 = DIRECTION('',(-0.,0.,-1.));
#3885 = DIRECTION('',(-0.,-1.,0.));
#3886 = FACE_BOUND('',#3887,.T.);
#3887 = EDGE_LOOP('',(#3888));
#3888 = ORIENTED_EDGE('',*,*,#3889,.T.);
#3889 = EDGE_CURVE('',#3890,#3890,#3892,.T.);
#3890 = VERTEX_POINT('',#3891);
#3891 = CARTESIAN_POINT('',(-2.54,-29.76,1.51));
#3892 = CIRCLE('',#3893,0.55);
#3893 = AXIS2_PLACEMENT_3D('',#3894,#3895,#3896);
#3894 = CARTESIAN_POINT('',(-2.54,-29.21,1.51));
#3895 = DIRECTION('',(-0.,0.,-1.));
#3896 = DIRECTION('',(-0.,-1.,0.));
#3897 = FACE_BOUND('',#3898,.T.);
#3898 = EDGE_LOOP('',(#3899));
#3899 = ORIENTED_EDGE('',*,*,#3900,.T.);
#3900 = EDGE_CURVE('',#3901,#3901,#3903,.T.);
#3901 = VERTEX_POINT('',#3902);
#3902 = CARTESIAN_POINT('',(-2.54,-27.22,1.51));
#3903 = CIRCLE('',#3904,0.55);
#3904 = AXIS2_PLACEMENT_3D('',#3905,#3906,#3907);
#3905 = CARTESIAN_POINT('',(-2.54,-26.67,1.51));
#3906 = DIRECTION('',(-0.,0.,-1.));
#3907 = DIRECTION('',(-0.,-1.,0.));
#3908 = FACE_BOUND('',#3909,.T.);
#3909 = EDGE_LOOP('',(#3910));
#3910 = ORIENTED_EDGE('',*,*,#3911,.T.);
#3911 = EDGE_CURVE('',#3912,#3912,#3914,.T.);
#3912 = VERTEX_POINT('',#3913);
#3913 = CARTESIAN_POINT('',(-2.54,-24.68,1.51));
#3914 = CIRCLE('',#3915,0.55);
#3915 = AXIS2_PLACEMENT_3D('',#3916,#3917,#3918);
#3916 = CARTESIAN_POINT('',(-2.54,-24.13,1.51));
#3917 = DIRECTION('',(-0.,0.,-1.));
#3918 = DIRECTION('',(-0.,-1.,0.));
#3919 = FACE_BOUND('',#3920,.T.);
#3920 = EDGE_LOOP('',(#3921));
#3921 = ORIENTED_EDGE('',*,*,#3922,.T.);
#3922 = EDGE_CURVE('',#3923,#3923,#3925,.T.);
#3923 = VERTEX_POINT('',#3924);
#3924 = CARTESIAN_POINT('',(0.,-39.92,1.51));
#3925 = CIRCLE('',#3926,0.55);
#3926 = AXIS2_PLACEMENT_3D('',#3927,#3928,#3929);
#3927 = CARTESIAN_POINT('',(0.,-39.37,1.51));
#3928 = DIRECTION('',(-0.,0.,-1.));
#3929 = DIRECTION('',(-0.,-1.,0.));
#3930 = FACE_BOUND('',#3931,.T.);
#3931 = EDGE_LOOP('',(#3932));
#3932 = ORIENTED_EDGE('',*,*,#3933,.T.);
#3933 = EDGE_CURVE('',#3934,#3934,#3936,.T.);
#3934 = VERTEX_POINT('',#3935);
#3935 = CARTESIAN_POINT('',(0.,-37.38,1.51));
#3936 = CIRCLE('',#3937,0.55);
#3937 = AXIS2_PLACEMENT_3D('',#3938,#3939,#3940);
#3938 = CARTESIAN_POINT('',(0.,-36.83,1.51));
#3939 = DIRECTION('',(-0.,0.,-1.));
#3940 = DIRECTION('',(-0.,-1.,0.));
#3941 = FACE_BOUND('',#3942,.T.);
#3942 = EDGE_LOOP('',(#3943));
#3943 = ORIENTED_EDGE('',*,*,#3944,.T.);
#3944 = EDGE_CURVE('',#3945,#3945,#3947,.T.);
#3945 = VERTEX_POINT('',#3946);
#3946 = CARTESIAN_POINT('',(2.54,-39.92,1.51));
#3947 = CIRCLE('',#3948,0.55);
#3948 = AXIS2_PLACEMENT_3D('',#3949,#3950,#3951);
#3949 = CARTESIAN_POINT('',(2.54,-39.37,1.51));
#3950 = DIRECTION('',(-0.,0.,-1.));
#3951 = DIRECTION('',(-0.,-1.,0.));
#3952 = FACE_BOUND('',#3953,.T.);
#3953 = EDGE_LOOP('',(#3954));
#3954 = ORIENTED_EDGE('',*,*,#3955,.T.);
#3955 = EDGE_CURVE('',#3956,#3956,#3958,.T.);
#3956 = VERTEX_POINT('',#3957);
#3957 = CARTESIAN_POINT('',(2.54,-37.38,1.51));
#3958 = CIRCLE('',#3959,0.55);
#3959 = AXIS2_PLACEMENT_3D('',#3960,#3961,#3962);
#3960 = CARTESIAN_POINT('',(2.54,-36.83,1.51));
#3961 = DIRECTION('',(-0.,0.,-1.));
#3962 = DIRECTION('',(-0.,-1.,0.));
#3963 = FACE_BOUND('',#3964,.T.);
#3964 = EDGE_LOOP('',(#3965));
#3965 = ORIENTED_EDGE('',*,*,#3966,.T.);
#3966 = EDGE_CURVE('',#3967,#3967,#3969,.T.);
#3967 = VERTEX_POINT('',#3968);
#3968 = CARTESIAN_POINT('',(0.,-34.84,1.51));
#3969 = CIRCLE('',#3970,0.55);
#3970 = AXIS2_PLACEMENT_3D('',#3971,#3972,#3973);
#3971 = CARTESIAN_POINT('',(0.,-34.29,1.51));
#3972 = DIRECTION('',(-0.,0.,-1.));
#3973 = DIRECTION('',(-0.,-1.,0.));
#3974 = FACE_BOUND('',#3975,.T.);
#3975 = EDGE_LOOP('',(#3976));
#3976 = ORIENTED_EDGE('',*,*,#3977,.T.);
#3977 = EDGE_CURVE('',#3978,#3978,#3980,.T.);
#3978 = VERTEX_POINT('',#3979);
#3979 = CARTESIAN_POINT('',(0.,-32.3,1.51));
#3980 = CIRCLE('',#3981,0.55);
#3981 = AXIS2_PLACEMENT_3D('',#3982,#3983,#3984);
#3982 = CARTESIAN_POINT('',(0.,-31.75,1.51));
#3983 = DIRECTION('',(-0.,0.,-1.));
#3984 = DIRECTION('',(-0.,-1.,0.));
#3985 = FACE_BOUND('',#3986,.T.);
#3986 = EDGE_LOOP('',(#3987));
#3987 = ORIENTED_EDGE('',*,*,#3988,.T.);
#3988 = EDGE_CURVE('',#3989,#3989,#3991,.T.);
#3989 = VERTEX_POINT('',#3990);
#3990 = CARTESIAN_POINT('',(0.,-29.76,1.51));
#3991 = CIRCLE('',#3992,0.55);
#3992 = AXIS2_PLACEMENT_3D('',#3993,#3994,#3995);
#3993 = CARTESIAN_POINT('',(0.,-29.21,1.51));
#3994 = DIRECTION('',(-0.,0.,-1.));
#3995 = DIRECTION('',(-0.,-1.,0.));
#3996 = FACE_BOUND('',#3997,.T.);
#3997 = EDGE_LOOP('',(#3998));
#3998 = ORIENTED_EDGE('',*,*,#3999,.T.);
#3999 = EDGE_CURVE('',#4000,#4000,#4002,.T.);
#4000 = VERTEX_POINT('',#4001);
#4001 = CARTESIAN_POINT('',(0.,-27.22,1.51));
#4002 = CIRCLE('',#4003,0.55);
#4003 = AXIS2_PLACEMENT_3D('',#4004,#4005,#4006);
#4004 = CARTESIAN_POINT('',(0.,-26.67,1.51));
#4005 = DIRECTION('',(-0.,0.,-1.));
#4006 = DIRECTION('',(-0.,-1.,0.));
#4007 = FACE_BOUND('',#4008,.T.);
#4008 = EDGE_LOOP('',(#4009));
#4009 = ORIENTED_EDGE('',*,*,#4010,.T.);
#4010 = EDGE_CURVE('',#4011,#4011,#4013,.T.);
#4011 = VERTEX_POINT('',#4012);
#4012 = CARTESIAN_POINT('',(1.972152263053E-31,-24.68,1.51));
#4013 = CIRCLE('',#4014,0.55);
#4014 = AXIS2_PLACEMENT_3D('',#4015,#4016,#4017);
#4015 = CARTESIAN_POINT('',(-5.551115123126E-17,-24.13,1.51));
#4016 = DIRECTION('',(-0.,0.,-1.));
#4017 = DIRECTION('',(1.00929365875E-16,-1.,-0.));
#4018 = FACE_BOUND('',#4019,.T.);
#4019 = EDGE_LOOP('',(#4020));
#4020 = ORIENTED_EDGE('',*,*,#4021,.T.);
#4021 = EDGE_CURVE('',#4022,#4022,#4024,.T.);
#4022 = VERTEX_POINT('',#4023);
#4023 = CARTESIAN_POINT('',(2.54,-34.84,1.51));
#4024 = CIRCLE('',#4025,0.55);
#4025 = AXIS2_PLACEMENT_3D('',#4026,#4027,#4028);
#4026 = CARTESIAN_POINT('',(2.54,-34.29,1.51));
#4027 = DIRECTION('',(-0.,0.,-1.));
#4028 = DIRECTION('',(-0.,-1.,0.));
#4029 = FACE_BOUND('',#4030,.T.);
#4030 = EDGE_LOOP('',(#4031));
#4031 = ORIENTED_EDGE('',*,*,#4032,.T.);
#4032 = EDGE_CURVE('',#4033,#4033,#4035,.T.);
#4033 = VERTEX_POINT('',#4034);
#4034 = CARTESIAN_POINT('',(2.54,-32.3,1.51));
#4035 = CIRCLE('',#4036,0.55);
#4036 = AXIS2_PLACEMENT_3D('',#4037,#4038,#4039);
#4037 = CARTESIAN_POINT('',(2.54,-31.75,1.51));
#4038 = DIRECTION('',(-0.,0.,-1.));
#4039 = DIRECTION('',(-0.,-1.,0.));
#4040 = FACE_BOUND('',#4041,.T.);
#4041 = EDGE_LOOP('',(#4042));
#4042 = ORIENTED_EDGE('',*,*,#4043,.T.);
#4043 = EDGE_CURVE('',#4044,#4044,#4046,.T.);
#4044 = VERTEX_POINT('',#4045);
#4045 = CARTESIAN_POINT('',(2.54,-29.76,1.51));
#4046 = CIRCLE('',#4047,0.55);
#4047 = AXIS2_PLACEMENT_3D('',#4048,#4049,#4050);
#4048 = CARTESIAN_POINT('',(2.54,-29.21,1.51));
#4049 = DIRECTION('',(-0.,0.,-1.));
#4050 = DIRECTION('',(-0.,-1.,0.));
#4051 = FACE_BOUND('',#4052,.T.);
#4052 = EDGE_LOOP('',(#4053));
#4053 = ORIENTED_EDGE('',*,*,#4054,.T.);
#4054 = EDGE_CURVE('',#4055,#4055,#4057,.T.);
#4055 = VERTEX_POINT('',#4056);
#4056 = CARTESIAN_POINT('',(2.54,-27.22,1.51));
#4057 = CIRCLE('',#4058,0.55);
#4058 = AXIS2_PLACEMENT_3D('',#4059,#4060,#4061);
#4059 = CARTESIAN_POINT('',(2.54,-26.67,1.51));
#4060 = DIRECTION('',(-0.,0.,-1.));
#4061 = DIRECTION('',(-0.,-1.,0.));
#4062 = FACE_BOUND('',#4063,.T.);
#4063 = EDGE_LOOP('',(#4064));
#4064 = ORIENTED_EDGE('',*,*,#4065,.T.);
#4065 = EDGE_CURVE('',#4066,#4066,#4068,.T.);
#4066 = VERTEX_POINT('',#4067);
#4067 = CARTESIAN_POINT('',(2.54,-24.68,1.51));
#4068 = CIRCLE('',#4069,0.55);
#4069 = AXIS2_PLACEMENT_3D('',#4070,#4071,#4072);
#4070 = CARTESIAN_POINT('',(2.54,-24.13,1.51));
#4071 = DIRECTION('',(-0.,0.,-1.));
#4072 = DIRECTION('',(-0.,-1.,0.));
#4073 = FACE_BOUND('',#4074,.T.);
#4074 = EDGE_LOOP('',(#4075));
#4075 = ORIENTED_EDGE('',*,*,#4076,.T.);
#4076 = EDGE_CURVE('',#4077,#4077,#4079,.T.);
#4077 = VERTEX_POINT('',#4078);
#4078 = CARTESIAN_POINT('',(-2.54,-22.14,1.51));
#4079 = CIRCLE('',#4080,0.55);
#4080 = AXIS2_PLACEMENT_3D('',#4081,#4082,#4083);
#4081 = CARTESIAN_POINT('',(-2.54,-21.59,1.51));
#4082 = DIRECTION('',(-0.,0.,-1.));
#4083 = DIRECTION('',(-0.,-1.,0.));
#4084 = FACE_BOUND('',#4085,.T.);
#4085 = EDGE_LOOP('',(#4086));
#4086 = ORIENTED_EDGE('',*,*,#4087,.T.);
#4087 = EDGE_CURVE('',#4088,#4088,#4090,.T.);
#4088 = VERTEX_POINT('',#4089);
#4089 = CARTESIAN_POINT('',(-2.54,-19.6,1.51));
#4090 = CIRCLE('',#4091,0.55);
#4091 = AXIS2_PLACEMENT_3D('',#4092,#4093,#4094);
#4092 = CARTESIAN_POINT('',(-2.54,-19.05,1.51));
#4093 = DIRECTION('',(-0.,0.,-1.));
#4094 = DIRECTION('',(-0.,-1.,0.));
#4095 = FACE_BOUND('',#4096,.T.);
#4096 = EDGE_LOOP('',(#4097));
#4097 = ORIENTED_EDGE('',*,*,#4098,.T.);
#4098 = EDGE_CURVE('',#4099,#4099,#4101,.T.);
#4099 = VERTEX_POINT('',#4100);
#4100 = CARTESIAN_POINT('',(-2.54,-17.06,1.51));
#4101 = CIRCLE('',#4102,0.55);
#4102 = AXIS2_PLACEMENT_3D('',#4103,#4104,#4105);
#4103 = CARTESIAN_POINT('',(-2.54,-16.51,1.51));
#4104 = DIRECTION('',(-0.,0.,-1.));
#4105 = DIRECTION('',(-0.,-1.,0.));
#4106 = FACE_BOUND('',#4107,.T.);
#4107 = EDGE_LOOP('',(#4108));
#4108 = ORIENTED_EDGE('',*,*,#4109,.T.);
#4109 = EDGE_CURVE('',#4110,#4110,#4112,.T.);
#4110 = VERTEX_POINT('',#4111);
#4111 = CARTESIAN_POINT('',(-2.54,-14.52,1.51));
#4112 = CIRCLE('',#4113,0.55);
#4113 = AXIS2_PLACEMENT_3D('',#4114,#4115,#4116);
#4114 = CARTESIAN_POINT('',(-2.54,-13.97,1.51));
#4115 = DIRECTION('',(-0.,0.,-1.));
#4116 = DIRECTION('',(-0.,-1.,0.));
#4117 = FACE_BOUND('',#4118,.T.);
#4118 = EDGE_LOOP('',(#4119));
#4119 = ORIENTED_EDGE('',*,*,#4120,.T.);
#4120 = EDGE_CURVE('',#4121,#4121,#4123,.T.);
#4121 = VERTEX_POINT('',#4122);
#4122 = CARTESIAN_POINT('',(-2.54,-11.98,1.51));
#4123 = CIRCLE('',#4124,0.55);
#4124 = AXIS2_PLACEMENT_3D('',#4125,#4126,#4127);
#4125 = CARTESIAN_POINT('',(-2.54,-11.43,1.51));
#4126 = DIRECTION('',(-0.,0.,-1.));
#4127 = DIRECTION('',(-0.,-1.,0.));
#4128 = FACE_BOUND('',#4129,.T.);
#4129 = EDGE_LOOP('',(#4130));
#4130 = ORIENTED_EDGE('',*,*,#4131,.T.);
#4131 = EDGE_CURVE('',#4132,#4132,#4134,.T.);
#4132 = VERTEX_POINT('',#4133);
#4133 = CARTESIAN_POINT('',(-2.54,-9.44,1.51));
#4134 = CIRCLE('',#4135,0.55);
#4135 = AXIS2_PLACEMENT_3D('',#4136,#4137,#4138);
#4136 = CARTESIAN_POINT('',(-2.54,-8.89,1.51));
#4137 = DIRECTION('',(-0.,0.,-1.));
#4138 = DIRECTION('',(-0.,-1.,0.));
#4139 = FACE_BOUND('',#4140,.T.);
#4140 = EDGE_LOOP('',(#4141));
#4141 = ORIENTED_EDGE('',*,*,#4142,.T.);
#4142 = EDGE_CURVE('',#4143,#4143,#4145,.T.);
#4143 = VERTEX_POINT('',#4144);
#4144 = CARTESIAN_POINT('',(-2.54,-6.9,1.51));
#4145 = CIRCLE('',#4146,0.55);
#4146 = AXIS2_PLACEMENT_3D('',#4147,#4148,#4149);
#4147 = CARTESIAN_POINT('',(-2.54,-6.35,1.51));
#4148 = DIRECTION('',(-0.,0.,-1.));
#4149 = DIRECTION('',(-0.,-1.,0.));
#4150 = FACE_BOUND('',#4151,.T.);
#4151 = EDGE_LOOP('',(#4152));
#4152 = ORIENTED_EDGE('',*,*,#4153,.T.);
#4153 = EDGE_CURVE('',#4154,#4154,#4156,.T.);
#4154 = VERTEX_POINT('',#4155);
#4155 = CARTESIAN_POINT('',(-2.54,-4.36,1.51));
#4156 = CIRCLE('',#4157,0.55);
#4157 = AXIS2_PLACEMENT_3D('',#4158,#4159,#4160);
#4158 = CARTESIAN_POINT('',(-2.54,-3.81,1.51));
#4159 = DIRECTION('',(-0.,0.,-1.));
#4160 = DIRECTION('',(-0.,-1.,0.));
#4161 = FACE_BOUND('',#4162,.T.);
#4162 = EDGE_LOOP('',(#4163));
#4163 = ORIENTED_EDGE('',*,*,#4164,.T.);
#4164 = EDGE_CURVE('',#4165,#4165,#4167,.T.);
#4165 = VERTEX_POINT('',#4166);
#4166 = CARTESIAN_POINT('',(-2.54,-1.82,1.51));
#4167 = CIRCLE('',#4168,0.55);
#4168 = AXIS2_PLACEMENT_3D('',#4169,#4170,#4171);
#4169 = CARTESIAN_POINT('',(-2.54,-1.27,1.51));
#4170 = DIRECTION('',(-0.,0.,-1.));
#4171 = DIRECTION('',(-0.,-1.,0.));
#4172 = FACE_BOUND('',#4173,.T.);
#4173 = EDGE_LOOP('',(#4174));
#4174 = ORIENTED_EDGE('',*,*,#4175,.T.);
#4175 = EDGE_CURVE('',#4176,#4176,#4178,.T.);
#4176 = VERTEX_POINT('',#4177);
#4177 = CARTESIAN_POINT('',(1.972152263053E-31,-22.14,1.51));
#4178 = CIRCLE('',#4179,0.55);
#4179 = AXIS2_PLACEMENT_3D('',#4180,#4181,#4182);
#4180 = CARTESIAN_POINT('',(-5.551115123126E-17,-21.59,1.51));
#4181 = DIRECTION('',(-0.,0.,-1.));
#4182 = DIRECTION('',(1.00929365875E-16,-1.,-0.));
#4183 = FACE_BOUND('',#4184,.T.);
#4184 = EDGE_LOOP('',(#4185));
#4185 = ORIENTED_EDGE('',*,*,#4186,.T.);
#4186 = EDGE_CURVE('',#4187,#4187,#4189,.T.);
#4187 = VERTEX_POINT('',#4188);
#4188 = CARTESIAN_POINT('',(1.972152263053E-31,-19.6,1.51));
#4189 = CIRCLE('',#4190,0.55);
#4190 = AXIS2_PLACEMENT_3D('',#4191,#4192,#4193);
#4191 = CARTESIAN_POINT('',(-5.551115123126E-17,-19.05,1.51));
#4192 = DIRECTION('',(-0.,0.,-1.));
#4193 = DIRECTION('',(1.00929365875E-16,-1.,-0.));
#4194 = FACE_BOUND('',#4195,.T.);
#4195 = EDGE_LOOP('',(#4196));
#4196 = ORIENTED_EDGE('',*,*,#4197,.T.);
#4197 = EDGE_CURVE('',#4198,#4198,#4200,.T.);
#4198 = VERTEX_POINT('',#4199);
#4199 = CARTESIAN_POINT('',(0.,-17.06,1.51));
#4200 = CIRCLE('',#4201,0.55);
#4201 = AXIS2_PLACEMENT_3D('',#4202,#4203,#4204);
#4202 = CARTESIAN_POINT('',(0.,-16.51,1.51));
#4203 = DIRECTION('',(-0.,0.,-1.));
#4204 = DIRECTION('',(-0.,-1.,0.));
#4205 = FACE_BOUND('',#4206,.T.);
#4206 = EDGE_LOOP('',(#4207));
#4207 = ORIENTED_EDGE('',*,*,#4208,.T.);
#4208 = EDGE_CURVE('',#4209,#4209,#4211,.T.);
#4209 = VERTEX_POINT('',#4210);
#4210 = CARTESIAN_POINT('',(-3.697785493223E-32,-14.52,1.51));
#4211 = CIRCLE('',#4212,0.55);
#4212 = AXIS2_PLACEMENT_3D('',#4213,#4214,#4215);
#4213 = CARTESIAN_POINT('',(2.775557561563E-17,-13.97,1.51));
#4214 = DIRECTION('',(-0.,0.,-1.));
#4215 = DIRECTION('',(-5.046468293751E-17,-1.,0.));
#4216 = FACE_BOUND('',#4217,.T.);
#4217 = EDGE_LOOP('',(#4218));
#4218 = ORIENTED_EDGE('',*,*,#4219,.T.);
#4219 = EDGE_CURVE('',#4220,#4220,#4222,.T.);
#4220 = VERTEX_POINT('',#4221);
#4221 = CARTESIAN_POINT('',(2.54,-22.14,1.51));
#4222 = CIRCLE('',#4223,0.55);
#4223 = AXIS2_PLACEMENT_3D('',#4224,#4225,#4226);
#4224 = CARTESIAN_POINT('',(2.54,-21.59,1.51));
#4225 = DIRECTION('',(-0.,0.,-1.));
#4226 = DIRECTION('',(-0.,-1.,0.));
#4227 = FACE_BOUND('',#4228,.T.);
#4228 = EDGE_LOOP('',(#4229));
#4229 = ORIENTED_EDGE('',*,*,#4230,.T.);
#4230 = EDGE_CURVE('',#4231,#4231,#4233,.T.);
#4231 = VERTEX_POINT('',#4232);
#4232 = CARTESIAN_POINT('',(2.54,-19.6,1.51));
#4233 = CIRCLE('',#4234,0.55);
#4234 = AXIS2_PLACEMENT_3D('',#4235,#4236,#4237);
#4235 = CARTESIAN_POINT('',(2.54,-19.05,1.51));
#4236 = DIRECTION('',(-0.,0.,-1.));
#4237 = DIRECTION('',(-0.,-1.,0.));
#4238 = FACE_BOUND('',#4239,.T.);
#4239 = EDGE_LOOP('',(#4240));
#4240 = ORIENTED_EDGE('',*,*,#4241,.T.);
#4241 = EDGE_CURVE('',#4242,#4242,#4244,.T.);
#4242 = VERTEX_POINT('',#4243);
#4243 = CARTESIAN_POINT('',(2.54,-17.06,1.51));
#4244 = CIRCLE('',#4245,0.55);
#4245 = AXIS2_PLACEMENT_3D('',#4246,#4247,#4248);
#4246 = CARTESIAN_POINT('',(2.54,-16.51,1.51));
#4247 = DIRECTION('',(-0.,0.,-1.));
#4248 = DIRECTION('',(-0.,-1.,0.));
#4249 = FACE_BOUND('',#4250,.T.);
#4250 = EDGE_LOOP('',(#4251));
#4251 = ORIENTED_EDGE('',*,*,#4252,.T.);
#4252 = EDGE_CURVE('',#4253,#4253,#4255,.T.);
#4253 = VERTEX_POINT('',#4254);
#4254 = CARTESIAN_POINT('',(2.54,-14.52,1.51));
#4255 = CIRCLE('',#4256,0.55);
#4256 = AXIS2_PLACEMENT_3D('',#4257,#4258,#4259);
#4257 = CARTESIAN_POINT('',(2.54,-13.97,1.51));
#4258 = DIRECTION('',(-0.,0.,-1.));
#4259 = DIRECTION('',(-0.,-1.,0.));
#4260 = FACE_BOUND('',#4261,.T.);
#4261 = EDGE_LOOP('',(#4262));
#4262 = ORIENTED_EDGE('',*,*,#4263,.T.);
#4263 = EDGE_CURVE('',#4264,#4264,#4266,.T.);
#4264 = VERTEX_POINT('',#4265);
#4265 = CARTESIAN_POINT('',(-2.157041537714E-32,-11.98,1.51));
#4266 = CIRCLE('',#4267,0.55);
#4267 = AXIS2_PLACEMENT_3D('',#4268,#4269,#4270);
#4268 = CARTESIAN_POINT('',(-2.775557561563E-17,-11.43,1.51));
#4269 = DIRECTION('',(-0.,0.,-1.));
#4270 = DIRECTION('',(5.046468293751E-17,-1.,-0.));
#4271 = FACE_BOUND('',#4272,.T.);
#4272 = EDGE_LOOP('',(#4273));
#4273 = ORIENTED_EDGE('',*,*,#4274,.T.);
#4274 = EDGE_CURVE('',#4275,#4275,#4277,.T.);
#4275 = VERTEX_POINT('',#4276);
#4276 = CARTESIAN_POINT('',(0.,-9.44,1.51));
#4277 = CIRCLE('',#4278,0.55);
#4278 = AXIS2_PLACEMENT_3D('',#4279,#4280,#4281);
#4279 = CARTESIAN_POINT('',(0.,-8.89,1.51));
#4280 = DIRECTION('',(-0.,0.,-1.));
#4281 = DIRECTION('',(-0.,-1.,0.));
#4282 = FACE_BOUND('',#4283,.T.);
#4283 = EDGE_LOOP('',(#4284));
#4284 = ORIENTED_EDGE('',*,*,#4285,.T.);
#4285 = EDGE_CURVE('',#4286,#4286,#4288,.T.);
#4286 = VERTEX_POINT('',#4287);
#4287 = CARTESIAN_POINT('',(6.162975822039E-33,-6.9,1.51));
#4288 = CIRCLE('',#4289,0.55);
#4289 = AXIS2_PLACEMENT_3D('',#4290,#4291,#4292);
#4290 = CARTESIAN_POINT('',(-2.775557561563E-17,-6.35,1.51));
#4291 = DIRECTION('',(-0.,0.,-1.));
#4292 = DIRECTION('',(5.046468293751E-17,-1.,-0.));
#4293 = FACE_BOUND('',#4294,.T.);
#4294 = EDGE_LOOP('',(#4295));
#4295 = ORIENTED_EDGE('',*,*,#4296,.T.);
#4296 = EDGE_CURVE('',#4297,#4297,#4299,.T.);
#4297 = VERTEX_POINT('',#4298);
#4298 = CARTESIAN_POINT('',(0.,-4.36,1.51));
#4299 = CIRCLE('',#4300,0.55);
#4300 = AXIS2_PLACEMENT_3D('',#4301,#4302,#4303);
#4301 = CARTESIAN_POINT('',(0.,-3.81,1.51));
#4302 = DIRECTION('',(-0.,0.,-1.));
#4303 = DIRECTION('',(-0.,-1.,0.));
#4304 = FACE_BOUND('',#4305,.T.);
#4305 = EDGE_LOOP('',(#4306));
#4306 = ORIENTED_EDGE('',*,*,#4307,.T.);
#4307 = EDGE_CURVE('',#4308,#4308,#4310,.T.);
#4308 = VERTEX_POINT('',#4309);
#4309 = CARTESIAN_POINT('',(-2.465190328816E-32,-1.82,1.51));
#4310 = CIRCLE('',#4311,0.55);
#4311 = AXIS2_PLACEMENT_3D('',#4312,#4313,#4314);
#4312 = CARTESIAN_POINT('',(-8.326672684689E-17,-1.27,1.51));
#4313 = DIRECTION('',(-0.,0.,-1.));
#4314 = DIRECTION('',(1.513940488125E-16,-1.,-0.));
#4315 = FACE_BOUND('',#4316,.T.);
#4316 = EDGE_LOOP('',(#4317));
#4317 = ORIENTED_EDGE('',*,*,#4318,.T.);
#4318 = EDGE_CURVE('',#4319,#4319,#4321,.T.);
#4319 = VERTEX_POINT('',#4320);
#4320 = CARTESIAN_POINT('',(2.54,-11.98,1.51));
#4321 = CIRCLE('',#4322,0.55);
#4322 = AXIS2_PLACEMENT_3D('',#4323,#4324,#4325);
#4323 = CARTESIAN_POINT('',(2.54,-11.43,1.51));
#4324 = DIRECTION('',(-0.,0.,-1.));
#4325 = DIRECTION('',(-0.,-1.,0.));
#4326 = FACE_BOUND('',#4327,.T.);
#4327 = EDGE_LOOP('',(#4328));
#4328 = ORIENTED_EDGE('',*,*,#4329,.T.);
#4329 = EDGE_CURVE('',#4330,#4330,#4332,.T.);
#4330 = VERTEX_POINT('',#4331);
#4331 = CARTESIAN_POINT('',(2.54,-9.44,1.51));
#4332 = CIRCLE('',#4333,0.55);
#4333 = AXIS2_PLACEMENT_3D('',#4334,#4335,#4336);
#4334 = CARTESIAN_POINT('',(2.54,-8.89,1.51));
#4335 = DIRECTION('',(-0.,0.,-1.));
#4336 = DIRECTION('',(-0.,-1.,0.));
#4337 = FACE_BOUND('',#4338,.T.);
#4338 = EDGE_LOOP('',(#4339));
#4339 = ORIENTED_EDGE('',*,*,#4340,.T.);
#4340 = EDGE_CURVE('',#4341,#4341,#4343,.T.);
#4341 = VERTEX_POINT('',#4342);
#4342 = CARTESIAN_POINT('',(2.54,-6.9,1.51));
#4343 = CIRCLE('',#4344,0.55);
#4344 = AXIS2_PLACEMENT_3D('',#4345,#4346,#4347);
#4345 = CARTESIAN_POINT('',(2.54,-6.35,1.51));
#4346 = DIRECTION('',(-0.,0.,-1.));
#4347 = DIRECTION('',(-0.,-1.,0.));
#4348 = FACE_BOUND('',#4349,.T.);
#4349 = EDGE_LOOP('',(#4350));
#4350 = ORIENTED_EDGE('',*,*,#4351,.T.);
#4351 = EDGE_CURVE('',#4352,#4352,#4354,.T.);
#4352 = VERTEX_POINT('',#4353);
#4353 = CARTESIAN_POINT('',(2.54,-4.36,1.51));
#4354 = CIRCLE('',#4355,0.55);
#4355 = AXIS2_PLACEMENT_3D('',#4356,#4357,#4358);
#4356 = CARTESIAN_POINT('',(2.54,-3.81,1.51));
#4357 = DIRECTION('',(-0.,0.,-1.));
#4358 = DIRECTION('',(-0.,-1.,0.));
#4359 = FACE_BOUND('',#4360,.T.);
#4360 = EDGE_LOOP('',(#4361));
#4361 = ORIENTED_EDGE('',*,*,#4362,.T.);
#4362 = EDGE_CURVE('',#4363,#4363,#4365,.T.);
#4363 = VERTEX_POINT('',#4364);
#4364 = CARTESIAN_POINT('',(2.54,-1.82,1.51));
#4365 = CIRCLE('',#4366,0.55);
#4366 = AXIS2_PLACEMENT_3D('',#4367,#4368,#4369);
#4367 = CARTESIAN_POINT('',(2.54,-1.27,1.51));
#4368 = DIRECTION('',(-0.,0.,-1.));
#4369 = DIRECTION('',(-0.,-1.,0.));
#4370 = FACE_BOUND('',#4371,.T.);
#4371 = EDGE_LOOP('',(#4372));
#4372 = ORIENTED_EDGE('',*,*,#4373,.T.);
#4373 = EDGE_CURVE('',#4374,#4374,#4376,.T.);
#4374 = VERTEX_POINT('',#4375);
#4375 = CARTESIAN_POINT('',(7.7,-34.6,1.51));
#4376 = CIRCLE('',#4377,1.1);
#4377 = AXIS2_PLACEMENT_3D('',#4378,#4379,#4380);
#4378 = CARTESIAN_POINT('',(7.7,-33.5,1.51));
#4379 = DIRECTION('',(-0.,0.,-1.));
#4380 = DIRECTION('',(-0.,-1.,0.));
#4381 = FACE_BOUND('',#4382,.T.);
#4382 = EDGE_LOOP('',(#4383));
#4383 = ORIENTED_EDGE('',*,*,#4384,.T.);
#4384 = EDGE_CURVE('',#4385,#4385,#4387,.T.);
#4385 = VERTEX_POINT('',#4386);
#4386 = CARTESIAN_POINT('',(7.7,-26.6,1.51));
#4387 = CIRCLE('',#4388,1.1);
#4388 = AXIS2_PLACEMENT_3D('',#4389,#4390,#4391);
#4389 = CARTESIAN_POINT('',(7.7,-25.5,1.51));
#4390 = DIRECTION('',(-0.,0.,-1.));
#4391 = DIRECTION('',(-0.,-1.,0.));
#4392 = FACE_BOUND('',#4393,.T.);
#4393 = EDGE_LOOP('',(#4394));
#4394 = ORIENTED_EDGE('',*,*,#4395,.T.);
#4395 = EDGE_CURVE('',#4396,#4396,#4398,.T.);
#4396 = VERTEX_POINT('',#4397);
#4397 = CARTESIAN_POINT('',(7.7,-18.6,1.51));
#4398 = CIRCLE('',#4399,1.1);
#4399 = AXIS2_PLACEMENT_3D('',#4400,#4401,#4402);
#4400 = CARTESIAN_POINT('',(7.7,-17.5,1.51));
#4401 = DIRECTION('',(-0.,0.,-1.));
#4402 = DIRECTION('',(-0.,-1.,0.));
#4403 = FACE_BOUND('',#4404,.T.);
#4404 = EDGE_LOOP('',(#4405));
#4405 = ORIENTED_EDGE('',*,*,#4406,.T.);
#4406 = EDGE_CURVE('',#4407,#4407,#4409,.T.);
#4407 = VERTEX_POINT('',#4408);
#4408 = CARTESIAN_POINT('',(6.7,-2.905,1.51));
#4409 = CIRCLE('',#4410,0.355);
#4410 = AXIS2_PLACEMENT_3D('',#4411,#4412,#4413);
#4411 = CARTESIAN_POINT('',(6.7,-2.55,1.51));
#4412 = DIRECTION('',(-0.,0.,-1.));
#4413 = DIRECTION('',(2.501911041409E-15,-1.,-0.));
#4414 = FACE_BOUND('',#4415,.T.);
#4415 = EDGE_LOOP('',(#4416));
#4416 = ORIENTED_EDGE('',*,*,#4417,.T.);
#4417 = EDGE_CURVE('',#4418,#4418,#4420,.T.);
#4418 = VERTEX_POINT('',#4419);
#4419 = CARTESIAN_POINT('',(7.7,-10.6,1.51));
#4420 = CIRCLE('',#4421,1.1);
#4421 = AXIS2_PLACEMENT_3D('',#4422,#4423,#4424);
#4422 = CARTESIAN_POINT('',(7.7,-9.5,1.51));
#4423 = DIRECTION('',(-0.,0.,-1.));
#4424 = DIRECTION('',(-0.,-1.,0.));
#4425 = FACE_BOUND('',#4426,.T.);
#4426 = EDGE_LOOP('',(#4427));
#4427 = ORIENTED_EDGE('',*,*,#4428,.T.);
#4428 = EDGE_CURVE('',#4429,#4429,#4431,.T.);
#4429 = VERTEX_POINT('',#4430);
#4430 = CARTESIAN_POINT('',(-2.54,0.72,1.51));
#4431 = CIRCLE('',#4432,0.55);
#4432 = AXIS2_PLACEMENT_3D('',#4433,#4434,#4435);
#4433 = CARTESIAN_POINT('',(-2.54,1.27,1.51));
#4434 = DIRECTION('',(-0.,0.,-1.));
#4435 = DIRECTION('',(-0.,-1.,0.));
#4436 = FACE_BOUND('',#4437,.T.);
#4437 = EDGE_LOOP('',(#4438));
#4438 = ORIENTED_EDGE('',*,*,#4439,.T.);
#4439 = EDGE_CURVE('',#4440,#4440,#4442,.T.);
#4440 = VERTEX_POINT('',#4441);
#4441 = CARTESIAN_POINT('',(-2.54,3.26,1.51));
#4442 = CIRCLE('',#4443,0.55);
#4443 = AXIS2_PLACEMENT_3D('',#4444,#4445,#4446);
#4444 = CARTESIAN_POINT('',(-2.54,3.81,1.51));
#4445 = DIRECTION('',(-0.,0.,-1.));
#4446 = DIRECTION('',(-0.,-1.,0.));
#4447 = FACE_BOUND('',#4448,.T.);
#4448 = EDGE_LOOP('',(#4449));
#4449 = ORIENTED_EDGE('',*,*,#4450,.T.);
#4450 = EDGE_CURVE('',#4451,#4451,#4453,.T.);
#4451 = VERTEX_POINT('',#4452);
#4452 = CARTESIAN_POINT('',(-2.54,5.8,1.51));
#4453 = CIRCLE('',#4454,0.55);
#4454 = AXIS2_PLACEMENT_3D('',#4455,#4456,#4457);
#4455 = CARTESIAN_POINT('',(-2.54,6.35,1.51));
#4456 = DIRECTION('',(-0.,0.,-1.));
#4457 = DIRECTION('',(-0.,-1.,0.));
#4458 = FACE_BOUND('',#4459,.T.);
#4459 = EDGE_LOOP('',(#4460));
#4460 = ORIENTED_EDGE('',*,*,#4461,.T.);
#4461 = EDGE_CURVE('',#4462,#4462,#4464,.T.);
#4462 = VERTEX_POINT('',#4463);
#4463 = CARTESIAN_POINT('',(-2.54,8.34,1.51));
#4464 = CIRCLE('',#4465,0.55);
#4465 = AXIS2_PLACEMENT_3D('',#4466,#4467,#4468);
#4466 = CARTESIAN_POINT('',(-2.54,8.89,1.51));
#4467 = DIRECTION('',(-0.,0.,-1.));
#4468 = DIRECTION('',(-0.,-1.,0.));
#4469 = FACE_BOUND('',#4470,.T.);
#4470 = EDGE_LOOP('',(#4471));
#4471 = ORIENTED_EDGE('',*,*,#4472,.T.);
#4472 = EDGE_CURVE('',#4473,#4473,#4475,.T.);
#4473 = VERTEX_POINT('',#4474);
#4474 = CARTESIAN_POINT('',(-2.54,10.88,1.51));
#4475 = CIRCLE('',#4476,0.55);
#4476 = AXIS2_PLACEMENT_3D('',#4477,#4478,#4479);
#4477 = CARTESIAN_POINT('',(-2.54,11.43,1.51));
#4478 = DIRECTION('',(-0.,0.,-1.));
#4479 = DIRECTION('',(-0.,-1.,0.));
#4480 = FACE_BOUND('',#4481,.T.);
#4481 = EDGE_LOOP('',(#4482));
#4482 = ORIENTED_EDGE('',*,*,#4483,.T.);
#4483 = EDGE_CURVE('',#4484,#4484,#4486,.T.);
#4484 = VERTEX_POINT('',#4485);
#4485 = CARTESIAN_POINT('',(-2.54,13.42,1.51));
#4486 = CIRCLE('',#4487,0.55);
#4487 = AXIS2_PLACEMENT_3D('',#4488,#4489,#4490);
#4488 = CARTESIAN_POINT('',(-2.54,13.97,1.51));
#4489 = DIRECTION('',(-0.,0.,-1.));
#4490 = DIRECTION('',(-0.,-1.,0.));
#4491 = FACE_BOUND('',#4492,.T.);
#4492 = EDGE_LOOP('',(#4493));
#4493 = ORIENTED_EDGE('',*,*,#4494,.T.);
#4494 = EDGE_CURVE('',#4495,#4495,#4497,.T.);
#4495 = VERTEX_POINT('',#4496);
#4496 = CARTESIAN_POINT('',(-2.54,15.96,1.51));
#4497 = CIRCLE('',#4498,0.55);
#4498 = AXIS2_PLACEMENT_3D('',#4499,#4500,#4501);
#4499 = CARTESIAN_POINT('',(-2.54,16.51,1.51));
#4500 = DIRECTION('',(-0.,0.,-1.));
#4501 = DIRECTION('',(-0.,-1.,0.));
#4502 = FACE_BOUND('',#4503,.T.);
#4503 = EDGE_LOOP('',(#4504));
#4504 = ORIENTED_EDGE('',*,*,#4505,.T.);
#4505 = EDGE_CURVE('',#4506,#4506,#4508,.T.);
#4506 = VERTEX_POINT('',#4507);
#4507 = CARTESIAN_POINT('',(-2.54,18.5,1.51));
#4508 = CIRCLE('',#4509,0.55);
#4509 = AXIS2_PLACEMENT_3D('',#4510,#4511,#4512);
#4510 = CARTESIAN_POINT('',(-2.54,19.05,1.51));
#4511 = DIRECTION('',(-0.,0.,-1.));
#4512 = DIRECTION('',(-0.,-1.,0.));
#4513 = FACE_BOUND('',#4514,.T.);
#4514 = EDGE_LOOP('',(#4515));
#4515 = ORIENTED_EDGE('',*,*,#4516,.T.);
#4516 = EDGE_CURVE('',#4517,#4517,#4519,.T.);
#4517 = VERTEX_POINT('',#4518);
#4518 = CARTESIAN_POINT('',(-2.54,21.04,1.51));
#4519 = CIRCLE('',#4520,0.55);
#4520 = AXIS2_PLACEMENT_3D('',#4521,#4522,#4523);
#4521 = CARTESIAN_POINT('',(-2.54,21.59,1.51));
#4522 = DIRECTION('',(-0.,0.,-1.));
#4523 = DIRECTION('',(-0.,-1.,0.));
#4524 = FACE_BOUND('',#4525,.T.);
#4525 = EDGE_LOOP('',(#4526));
#4526 = ORIENTED_EDGE('',*,*,#4527,.T.);
#4527 = EDGE_CURVE('',#4528,#4528,#4530,.T.);
#4528 = VERTEX_POINT('',#4529);
#4529 = CARTESIAN_POINT('',(0.,0.72,1.51));
#4530 = CIRCLE('',#4531,0.55);
#4531 = AXIS2_PLACEMENT_3D('',#4532,#4533,#4534);
#4532 = CARTESIAN_POINT('',(-5.551115123126E-17,1.27,1.51));
#4533 = DIRECTION('',(-0.,0.,-1.));
#4534 = DIRECTION('',(1.00929365875E-16,-1.,-0.));
#4535 = FACE_BOUND('',#4536,.T.);
#4536 = EDGE_LOOP('',(#4537));
#4537 = ORIENTED_EDGE('',*,*,#4538,.T.);
#4538 = EDGE_CURVE('',#4539,#4539,#4541,.T.);
#4539 = VERTEX_POINT('',#4540);
#4540 = CARTESIAN_POINT('',(0.,3.26,1.51));
#4541 = CIRCLE('',#4542,0.55);
#4542 = AXIS2_PLACEMENT_3D('',#4543,#4544,#4545);
#4543 = CARTESIAN_POINT('',(0.,3.81,1.51));
#4544 = DIRECTION('',(-0.,0.,-1.));
#4545 = DIRECTION('',(-0.,-1.,0.));
#4546 = FACE_BOUND('',#4547,.T.);
#4547 = EDGE_LOOP('',(#4548));
#4548 = ORIENTED_EDGE('',*,*,#4549,.T.);
#4549 = EDGE_CURVE('',#4550,#4550,#4552,.T.);
#4550 = VERTEX_POINT('',#4551);
#4551 = CARTESIAN_POINT('',(-6.162975822039E-33,5.8,1.51));
#4552 = CIRCLE('',#4553,0.55);
#4553 = AXIS2_PLACEMENT_3D('',#4554,#4555,#4556);
#4554 = CARTESIAN_POINT('',(2.775557561563E-17,6.35,1.51));
#4555 = DIRECTION('',(-0.,0.,-1.));
#4556 = DIRECTION('',(-5.046468293751E-17,-1.,0.));
#4557 = FACE_BOUND('',#4558,.T.);
#4558 = EDGE_LOOP('',(#4559));
#4559 = ORIENTED_EDGE('',*,*,#4560,.T.);
#4560 = EDGE_CURVE('',#4561,#4561,#4563,.T.);
#4561 = VERTEX_POINT('',#4562);
#4562 = CARTESIAN_POINT('',(-2.157041537714E-32,8.34,1.51));
#4563 = CIRCLE('',#4564,0.55);
#4564 = AXIS2_PLACEMENT_3D('',#4565,#4566,#4567);
#4565 = CARTESIAN_POINT('',(-2.775557561563E-17,8.89,1.51));
#4566 = DIRECTION('',(-0.,0.,-1.));
#4567 = DIRECTION('',(5.046468293751E-17,-1.,-0.));
#4568 = FACE_BOUND('',#4569,.T.);
#4569 = EDGE_LOOP('',(#4570));
#4570 = ORIENTED_EDGE('',*,*,#4571,.T.);
#4571 = EDGE_CURVE('',#4572,#4572,#4574,.T.);
#4572 = VERTEX_POINT('',#4573);
#4573 = CARTESIAN_POINT('',(0.,10.88,1.51));
#4574 = CIRCLE('',#4575,0.55);
#4575 = AXIS2_PLACEMENT_3D('',#4576,#4577,#4578);
#4576 = CARTESIAN_POINT('',(0.,11.43,1.51));
#4577 = DIRECTION('',(-0.,0.,-1.));
#4578 = DIRECTION('',(-0.,-1.,0.));
#4579 = FACE_BOUND('',#4580,.T.);
#4580 = EDGE_LOOP('',(#4581));
#4581 = ORIENTED_EDGE('',*,*,#4582,.T.);
#4582 = EDGE_CURVE('',#4583,#4583,#4585,.T.);
#4583 = VERTEX_POINT('',#4584);
#4584 = CARTESIAN_POINT('',(2.54,0.72,1.51));
#4585 = CIRCLE('',#4586,0.55);
#4586 = AXIS2_PLACEMENT_3D('',#4587,#4588,#4589);
#4587 = CARTESIAN_POINT('',(2.54,1.27,1.51));
#4588 = DIRECTION('',(-0.,0.,-1.));
#4589 = DIRECTION('',(-0.,-1.,0.));
#4590 = FACE_BOUND('',#4591,.T.);
#4591 = EDGE_LOOP('',(#4592));
#4592 = ORIENTED_EDGE('',*,*,#4593,.T.);
#4593 = EDGE_CURVE('',#4594,#4594,#4596,.T.);
#4594 = VERTEX_POINT('',#4595);
#4595 = CARTESIAN_POINT('',(2.54,3.26,1.51));
#4596 = CIRCLE('',#4597,0.55);
#4597 = AXIS2_PLACEMENT_3D('',#4598,#4599,#4600);
#4598 = CARTESIAN_POINT('',(2.54,3.81,1.51));
#4599 = DIRECTION('',(-0.,0.,-1.));
#4600 = DIRECTION('',(-0.,-1.,0.));
#4601 = FACE_BOUND('',#4602,.T.);
#4602 = EDGE_LOOP('',(#4603));
#4603 = ORIENTED_EDGE('',*,*,#4604,.T.);
#4604 = EDGE_CURVE('',#4605,#4605,#4607,.T.);
#4605 = VERTEX_POINT('',#4606);
#4606 = CARTESIAN_POINT('',(2.54,5.8,1.51));
#4607 = CIRCLE('',#4608,0.55);
#4608 = AXIS2_PLACEMENT_3D('',#4609,#4610,#4611);
#4609 = CARTESIAN_POINT('',(2.54,6.35,1.51));
#4610 = DIRECTION('',(-0.,0.,-1.));
#4611 = DIRECTION('',(-0.,-1.,0.));
#4612 = FACE_BOUND('',#4613,.T.);
#4613 = EDGE_LOOP('',(#4614));
#4614 = ORIENTED_EDGE('',*,*,#4615,.T.);
#4615 = EDGE_CURVE('',#4616,#4616,#4618,.T.);
#4616 = VERTEX_POINT('',#4617);
#4617 = CARTESIAN_POINT('',(2.54,8.34,1.51));
#4618 = CIRCLE('',#4619,0.55);
#4619 = AXIS2_PLACEMENT_3D('',#4620,#4621,#4622);
#4620 = CARTESIAN_POINT('',(2.54,8.89,1.51));
#4621 = DIRECTION('',(-0.,0.,-1.));
#4622 = DIRECTION('',(-0.,-1.,0.));
#4623 = FACE_BOUND('',#4624,.T.);
#4624 = EDGE_LOOP('',(#4625));
#4625 = ORIENTED_EDGE('',*,*,#4626,.T.);
#4626 = EDGE_CURVE('',#4627,#4627,#4629,.T.);
#4627 = VERTEX_POINT('',#4628);
#4628 = CARTESIAN_POINT('',(2.54,10.88,1.51));
#4629 = CIRCLE('',#4630,0.55);
#4630 = AXIS2_PLACEMENT_3D('',#4631,#4632,#4633);
#4631 = CARTESIAN_POINT('',(2.54,11.43,1.51));
#4632 = DIRECTION('',(-0.,0.,-1.));
#4633 = DIRECTION('',(-0.,-1.,0.));
#4634 = FACE_BOUND('',#4635,.T.);
#4635 = EDGE_LOOP('',(#4636));
#4636 = ORIENTED_EDGE('',*,*,#4637,.T.);
#4637 = EDGE_CURVE('',#4638,#4638,#4640,.T.);
#4638 = VERTEX_POINT('',#4639);
#4639 = CARTESIAN_POINT('',(-2.157041537714E-32,13.42,1.51));
#4640 = CIRCLE('',#4641,0.55);
#4641 = AXIS2_PLACEMENT_3D('',#4642,#4643,#4644);
#4642 = CARTESIAN_POINT('',(-2.775557561563E-17,13.97,1.51));
#4643 = DIRECTION('',(-0.,0.,-1.));
#4644 = DIRECTION('',(5.046468293751E-17,-1.,-0.));
#4645 = FACE_BOUND('',#4646,.T.);
#4646 = EDGE_LOOP('',(#4647));
#4647 = ORIENTED_EDGE('',*,*,#4648,.T.);
#4648 = EDGE_CURVE('',#4649,#4649,#4651,.T.);
#4649 = VERTEX_POINT('',#4650);
#4650 = CARTESIAN_POINT('',(1.972152263053E-31,15.96,1.51));
#4651 = CIRCLE('',#4652,0.55);
#4652 = AXIS2_PLACEMENT_3D('',#4653,#4654,#4655);
#4653 = CARTESIAN_POINT('',(-5.551115123126E-17,16.51,1.51));
#4654 = DIRECTION('',(-0.,0.,-1.));
#4655 = DIRECTION('',(1.00929365875E-16,-1.,-0.));
#4656 = FACE_BOUND('',#4657,.T.);
#4657 = EDGE_LOOP('',(#4658));
#4658 = ORIENTED_EDGE('',*,*,#4659,.T.);
#4659 = EDGE_CURVE('',#4660,#4660,#4662,.T.);
#4660 = VERTEX_POINT('',#4661);
#4661 = CARTESIAN_POINT('',(1.972152263053E-31,18.5,1.51));
#4662 = CIRCLE('',#4663,0.55);
#4663 = AXIS2_PLACEMENT_3D('',#4664,#4665,#4666);
#4664 = CARTESIAN_POINT('',(-5.551115123126E-17,19.05,1.51));
#4665 = DIRECTION('',(-0.,0.,-1.));
#4666 = DIRECTION('',(1.00929365875E-16,-1.,-0.));
#4667 = FACE_BOUND('',#4668,.T.);
#4668 = EDGE_LOOP('',(#4669));
#4669 = ORIENTED_EDGE('',*,*,#4670,.T.);
#4670 = EDGE_CURVE('',#4671,#4671,#4673,.T.);
#4671 = VERTEX_POINT('',#4672);
#4672 = CARTESIAN_POINT('',(1.972152263053E-31,21.04,1.51));
#4673 = CIRCLE('',#4674,0.55);
#4674 = AXIS2_PLACEMENT_3D('',#4675,#4676,#4677);
#4675 = CARTESIAN_POINT('',(-5.551115123126E-17,21.59,1.51));
#4676 = DIRECTION('',(-0.,0.,-1.));
#4677 = DIRECTION('',(1.00929365875E-16,-1.,-0.));
#4678 = FACE_BOUND('',#4679,.T.);
#4679 = EDGE_LOOP('',(#4680));
#4680 = ORIENTED_EDGE('',*,*,#4681,.T.);
#4681 = EDGE_CURVE('',#4682,#4682,#4684,.T.);
#4682 = VERTEX_POINT('',#4683);
#4683 = CARTESIAN_POINT('',(2.54,13.42,1.51));
#4684 = CIRCLE('',#4685,0.55);
#4685 = AXIS2_PLACEMENT_3D('',#4686,#4687,#4688);
#4686 = CARTESIAN_POINT('',(2.54,13.97,1.51));
#4687 = DIRECTION('',(-0.,0.,-1.));
#4688 = DIRECTION('',(-0.,-1.,0.));
#4689 = FACE_BOUND('',#4690,.T.);
#4690 = EDGE_LOOP('',(#4691));
#4691 = ORIENTED_EDGE('',*,*,#4692,.T.);
#4692 = EDGE_CURVE('',#4693,#4693,#4695,.T.);
#4693 = VERTEX_POINT('',#4694);
#4694 = CARTESIAN_POINT('',(2.54,15.96,1.51));
#4695 = CIRCLE('',#4696,0.55);
#4696 = AXIS2_PLACEMENT_3D('',#4697,#4698,#4699);
#4697 = CARTESIAN_POINT('',(2.54,16.51,1.51));
#4698 = DIRECTION('',(-0.,0.,-1.));
#4699 = DIRECTION('',(-0.,-1.,0.));
#4700 = FACE_BOUND('',#4701,.T.);
#4701 = EDGE_LOOP('',(#4702));
#4702 = ORIENTED_EDGE('',*,*,#4703,.T.);
#4703 = EDGE_CURVE('',#4704,#4704,#4706,.T.);
#4704 = VERTEX_POINT('',#4705);
#4705 = CARTESIAN_POINT('',(2.54,18.5,1.51));
#4706 = CIRCLE('',#4707,0.55);
#4707 = AXIS2_PLACEMENT_3D('',#4708,#4709,#4710);
#4708 = CARTESIAN_POINT('',(2.54,19.05,1.51));
#4709 = DIRECTION('',(-0.,0.,-1.));
#4710 = DIRECTION('',(-0.,-1.,0.));
#4711 = FACE_BOUND('',#4712,.T.);
#4712 = EDGE_LOOP('',(#4713));
#4713 = ORIENTED_EDGE('',*,*,#4714,.T.);
#4714 = EDGE_CURVE('',#4715,#4715,#4717,.T.);
#4715 = VERTEX_POINT('',#4716);
#4716 = CARTESIAN_POINT('',(2.54,21.04,1.51));
#4717 = CIRCLE('',#4718,0.55);
#4718 = AXIS2_PLACEMENT_3D('',#4719,#4720,#4721);
#4719 = CARTESIAN_POINT('',(2.54,21.59,1.51));
#4720 = DIRECTION('',(-0.,0.,-1.));
#4721 = DIRECTION('',(-0.,-1.,0.));
#4722 = FACE_BOUND('',#4723,.T.);
#4723 = EDGE_LOOP('',(#4724));
#4724 = ORIENTED_EDGE('',*,*,#4725,.T.);
#4725 = EDGE_CURVE('',#4726,#4726,#4728,.T.);
#4726 = VERTEX_POINT('',#4727);
#4727 = CARTESIAN_POINT('',(-2.54,23.58,1.51));
#4728 = CIRCLE('',#4729,0.55);
#4729 = AXIS2_PLACEMENT_3D('',#4730,#4731,#4732);
#4730 = CARTESIAN_POINT('',(-2.54,24.13,1.51));
#4731 = DIRECTION('',(-0.,0.,-1.));
#4732 = DIRECTION('',(-0.,-1.,0.));
#4733 = FACE_BOUND('',#4734,.T.);
#4734 = EDGE_LOOP('',(#4735));
#4735 = ORIENTED_EDGE('',*,*,#4736,.T.);
#4736 = EDGE_CURVE('',#4737,#4737,#4739,.T.);
#4737 = VERTEX_POINT('',#4738);
#4738 = CARTESIAN_POINT('',(-2.54,26.12,1.51));
#4739 = CIRCLE('',#4740,0.55);
#4740 = AXIS2_PLACEMENT_3D('',#4741,#4742,#4743);
#4741 = CARTESIAN_POINT('',(-2.54,26.67,1.51));
#4742 = DIRECTION('',(-0.,0.,-1.));
#4743 = DIRECTION('',(-0.,-1.,0.));
#4744 = FACE_BOUND('',#4745,.T.);
#4745 = EDGE_LOOP('',(#4746));
#4746 = ORIENTED_EDGE('',*,*,#4747,.T.);
#4747 = EDGE_CURVE('',#4748,#4748,#4750,.T.);
#4748 = VERTEX_POINT('',#4749);
#4749 = CARTESIAN_POINT('',(-2.54,28.66,1.51));
#4750 = CIRCLE('',#4751,0.55);
#4751 = AXIS2_PLACEMENT_3D('',#4752,#4753,#4754);
#4752 = CARTESIAN_POINT('',(-2.54,29.21,1.51));
#4753 = DIRECTION('',(-0.,0.,-1.));
#4754 = DIRECTION('',(-0.,-1.,0.));
#4755 = FACE_BOUND('',#4756,.T.);
#4756 = EDGE_LOOP('',(#4757));
#4757 = ORIENTED_EDGE('',*,*,#4758,.T.);
#4758 = EDGE_CURVE('',#4759,#4759,#4761,.T.);
#4759 = VERTEX_POINT('',#4760);
#4760 = CARTESIAN_POINT('',(-2.54,31.2,1.51));
#4761 = CIRCLE('',#4762,0.55);
#4762 = AXIS2_PLACEMENT_3D('',#4763,#4764,#4765);
#4763 = CARTESIAN_POINT('',(-2.54,31.75,1.51));
#4764 = DIRECTION('',(-0.,0.,-1.));
#4765 = DIRECTION('',(-0.,-1.,0.));
#4766 = FACE_BOUND('',#4767,.T.);
#4767 = EDGE_LOOP('',(#4768));
#4768 = ORIENTED_EDGE('',*,*,#4769,.T.);
#4769 = EDGE_CURVE('',#4770,#4770,#4772,.T.);
#4770 = VERTEX_POINT('',#4771);
#4771 = CARTESIAN_POINT('',(-2.54,33.74,1.51));
#4772 = CIRCLE('',#4773,0.55);
#4773 = AXIS2_PLACEMENT_3D('',#4774,#4775,#4776);
#4774 = CARTESIAN_POINT('',(-2.54,34.29,1.51));
#4775 = DIRECTION('',(-0.,0.,-1.));
#4776 = DIRECTION('',(-0.,-1.,0.));
#4777 = FACE_BOUND('',#4778,.T.);
#4778 = EDGE_LOOP('',(#4779));
#4779 = ORIENTED_EDGE('',*,*,#4780,.T.);
#4780 = EDGE_CURVE('',#4781,#4781,#4783,.T.);
#4781 = VERTEX_POINT('',#4782);
#4782 = CARTESIAN_POINT('',(-2.54,36.28,1.51));
#4783 = CIRCLE('',#4784,0.55);
#4784 = AXIS2_PLACEMENT_3D('',#4785,#4786,#4787);
#4785 = CARTESIAN_POINT('',(-2.54,36.83,1.51));
#4786 = DIRECTION('',(-0.,0.,-1.));
#4787 = DIRECTION('',(-0.,-1.,0.));
#4788 = FACE_BOUND('',#4789,.T.);
#4789 = EDGE_LOOP('',(#4790));
#4790 = ORIENTED_EDGE('',*,*,#4791,.T.);
#4791 = EDGE_CURVE('',#4792,#4792,#4794,.T.);
#4792 = VERTEX_POINT('',#4793);
#4793 = CARTESIAN_POINT('',(-2.54,38.82,1.51));
#4794 = CIRCLE('',#4795,0.55);
#4795 = AXIS2_PLACEMENT_3D('',#4796,#4797,#4798);
#4796 = CARTESIAN_POINT('',(-2.54,39.37,1.51));
#4797 = DIRECTION('',(-0.,0.,-1.));
#4798 = DIRECTION('',(-0.,-1.,0.));
#4799 = FACE_BOUND('',#4800,.T.);
#4800 = EDGE_LOOP('',(#4801));
#4801 = ORIENTED_EDGE('',*,*,#4802,.T.);
#4802 = EDGE_CURVE('',#4803,#4803,#4805,.T.);
#4803 = VERTEX_POINT('',#4804);
#4804 = CARTESIAN_POINT('',(-0.3,43.55,1.51));
#4805 = CIRCLE('',#4806,1.45);
#4806 = AXIS2_PLACEMENT_3D('',#4807,#4808,#4809);
#4807 = CARTESIAN_POINT('',(-0.3,45.,1.51));
#4808 = DIRECTION('',(-0.,0.,-1.));
#4809 = DIRECTION('',(1.148506577198E-16,-1.,-0.));
#4810 = FACE_BOUND('',#4811,.T.);
#4811 = EDGE_LOOP('',(#4812));
#4812 = ORIENTED_EDGE('',*,*,#4813,.T.);
#4813 = EDGE_CURVE('',#4814,#4814,#4816,.T.);
#4814 = VERTEX_POINT('',#4815);
#4815 = CARTESIAN_POINT('',(1.972152263053E-31,23.58,1.51));
#4816 = CIRCLE('',#4817,0.55);
#4817 = AXIS2_PLACEMENT_3D('',#4818,#4819,#4820);
#4818 = CARTESIAN_POINT('',(-5.551115123126E-17,24.13,1.51));
#4819 = DIRECTION('',(-0.,0.,-1.));
#4820 = DIRECTION('',(1.00929365875E-16,-1.,-0.));
#4821 = FACE_BOUND('',#4822,.T.);
#4822 = EDGE_LOOP('',(#4823));
#4823 = ORIENTED_EDGE('',*,*,#4824,.T.);
#4824 = EDGE_CURVE('',#4825,#4825,#4827,.T.);
#4825 = VERTEX_POINT('',#4826);
#4826 = CARTESIAN_POINT('',(0.,26.12,1.51));
#4827 = CIRCLE('',#4828,0.55);
#4828 = AXIS2_PLACEMENT_3D('',#4829,#4830,#4831);
#4829 = CARTESIAN_POINT('',(0.,26.67,1.51));
#4830 = DIRECTION('',(-0.,0.,-1.));
#4831 = DIRECTION('',(-0.,-1.,0.));
#4832 = FACE_BOUND('',#4833,.T.);
#4833 = EDGE_LOOP('',(#4834));
#4834 = ORIENTED_EDGE('',*,*,#4835,.T.);
#4835 = EDGE_CURVE('',#4836,#4836,#4838,.T.);
#4836 = VERTEX_POINT('',#4837);
#4837 = CARTESIAN_POINT('',(0.,28.66,1.51));
#4838 = CIRCLE('',#4839,0.55);
#4839 = AXIS2_PLACEMENT_3D('',#4840,#4841,#4842);
#4840 = CARTESIAN_POINT('',(0.,29.21,1.51));
#4841 = DIRECTION('',(-0.,0.,-1.));
#4842 = DIRECTION('',(-0.,-1.,0.));
#4843 = FACE_BOUND('',#4844,.T.);
#4844 = EDGE_LOOP('',(#4845));
#4845 = ORIENTED_EDGE('',*,*,#4846,.T.);
#4846 = EDGE_CURVE('',#4847,#4847,#4849,.T.);
#4847 = VERTEX_POINT('',#4848);
#4848 = CARTESIAN_POINT('',(0.,31.2,1.51));
#4849 = CIRCLE('',#4850,0.55);
#4850 = AXIS2_PLACEMENT_3D('',#4851,#4852,#4853);
#4851 = CARTESIAN_POINT('',(0.,31.75,1.51));
#4852 = DIRECTION('',(-0.,0.,-1.));
#4853 = DIRECTION('',(-0.,-1.,0.));
#4854 = FACE_BOUND('',#4855,.T.);
#4855 = EDGE_LOOP('',(#4856));
#4856 = ORIENTED_EDGE('',*,*,#4857,.T.);
#4857 = EDGE_CURVE('',#4858,#4858,#4860,.T.);
#4858 = VERTEX_POINT('',#4859);
#4859 = CARTESIAN_POINT('',(0.,33.74,1.51));
#4860 = CIRCLE('',#4861,0.55);
#4861 = AXIS2_PLACEMENT_3D('',#4862,#4863,#4864);
#4862 = CARTESIAN_POINT('',(0.,34.29,1.51));
#4863 = DIRECTION('',(-0.,0.,-1.));
#4864 = DIRECTION('',(-0.,-1.,0.));
#4865 = FACE_BOUND('',#4866,.T.);
#4866 = EDGE_LOOP('',(#4867));
#4867 = ORIENTED_EDGE('',*,*,#4868,.T.);
#4868 = EDGE_CURVE('',#4869,#4869,#4871,.T.);
#4869 = VERTEX_POINT('',#4870);
#4870 = CARTESIAN_POINT('',(2.54,23.58,1.51));
#4871 = CIRCLE('',#4872,0.55);
#4872 = AXIS2_PLACEMENT_3D('',#4873,#4874,#4875);
#4873 = CARTESIAN_POINT('',(2.54,24.13,1.51));
#4874 = DIRECTION('',(-0.,0.,-1.));
#4875 = DIRECTION('',(-0.,-1.,0.));
#4876 = FACE_BOUND('',#4877,.T.);
#4877 = EDGE_LOOP('',(#4878));
#4878 = ORIENTED_EDGE('',*,*,#4879,.T.);
#4879 = EDGE_CURVE('',#4880,#4880,#4882,.T.);
#4880 = VERTEX_POINT('',#4881);
#4881 = CARTESIAN_POINT('',(2.54,26.12,1.51));
#4882 = CIRCLE('',#4883,0.55);
#4883 = AXIS2_PLACEMENT_3D('',#4884,#4885,#4886);
#4884 = CARTESIAN_POINT('',(2.54,26.67,1.51));
#4885 = DIRECTION('',(-0.,0.,-1.));
#4886 = DIRECTION('',(-0.,-1.,0.));
#4887 = FACE_BOUND('',#4888,.T.);
#4888 = EDGE_LOOP('',(#4889));
#4889 = ORIENTED_EDGE('',*,*,#4890,.T.);
#4890 = EDGE_CURVE('',#4891,#4891,#4893,.T.);
#4891 = VERTEX_POINT('',#4892);
#4892 = CARTESIAN_POINT('',(2.54,28.66,1.51));
#4893 = CIRCLE('',#4894,0.55);
#4894 = AXIS2_PLACEMENT_3D('',#4895,#4896,#4897);
#4895 = CARTESIAN_POINT('',(2.54,29.21,1.51));
#4896 = DIRECTION('',(-0.,0.,-1.));
#4897 = DIRECTION('',(-0.,-1.,0.));
#4898 = FACE_BOUND('',#4899,.T.);
#4899 = EDGE_LOOP('',(#4900));
#4900 = ORIENTED_EDGE('',*,*,#4901,.T.);
#4901 = EDGE_CURVE('',#4902,#4902,#4904,.T.);
#4902 = VERTEX_POINT('',#4903);
#4903 = CARTESIAN_POINT('',(2.54,31.2,1.51));
#4904 = CIRCLE('',#4905,0.55);
#4905 = AXIS2_PLACEMENT_3D('',#4906,#4907,#4908);
#4906 = CARTESIAN_POINT('',(2.54,31.75,1.51));
#4907 = DIRECTION('',(-0.,0.,-1.));
#4908 = DIRECTION('',(-0.,-1.,0.));
#4909 = FACE_BOUND('',#4910,.T.);
#4910 = EDGE_LOOP('',(#4911));
#4911 = ORIENTED_EDGE('',*,*,#4912,.T.);
#4912 = EDGE_CURVE('',#4913,#4913,#4915,.T.);
#4913 = VERTEX_POINT('',#4914);
#4914 = CARTESIAN_POINT('',(2.54,33.74,1.51));
#4915 = CIRCLE('',#4916,0.55);
#4916 = AXIS2_PLACEMENT_3D('',#4917,#4918,#4919);
#4917 = CARTESIAN_POINT('',(2.54,34.29,1.51));
#4918 = DIRECTION('',(-0.,0.,-1.));
#4919 = DIRECTION('',(-0.,-1.,0.));
#4920 = FACE_BOUND('',#4921,.T.);
#4921 = EDGE_LOOP('',(#4922));
#4922 = ORIENTED_EDGE('',*,*,#4923,.T.);
#4923 = EDGE_CURVE('',#4924,#4924,#4926,.T.);
#4924 = VERTEX_POINT('',#4925);
#4925 = CARTESIAN_POINT('',(0.,36.28,1.51));
#4926 = CIRCLE('',#4927,0.55);
#4927 = AXIS2_PLACEMENT_3D('',#4928,#4929,#4930);
#4928 = CARTESIAN_POINT('',(0.,36.83,1.51));
#4929 = DIRECTION('',(-0.,0.,-1.));
#4930 = DIRECTION('',(-0.,-1.,0.));
#4931 = FACE_BOUND('',#4932,.T.);
#4932 = EDGE_LOOP('',(#4933));
#4933 = ORIENTED_EDGE('',*,*,#4934,.T.);
#4934 = EDGE_CURVE('',#4935,#4935,#4937,.T.);
#4935 = VERTEX_POINT('',#4936);
#4936 = CARTESIAN_POINT('',(0.,38.82,1.51));
#4937 = CIRCLE('',#4938,0.55);
#4938 = AXIS2_PLACEMENT_3D('',#4939,#4940,#4941);
#4939 = CARTESIAN_POINT('',(0.,39.37,1.51));
#4940 = DIRECTION('',(-0.,0.,-1.));
#4941 = DIRECTION('',(-0.,-1.,0.));
#4942 = FACE_BOUND('',#4943,.T.);
#4943 = EDGE_LOOP('',(#4944));
#4944 = ORIENTED_EDGE('',*,*,#4945,.T.);
#4945 = EDGE_CURVE('',#4946,#4946,#4948,.T.);
#4946 = VERTEX_POINT('',#4947);
#4947 = CARTESIAN_POINT('',(2.54,36.28,1.51));
#4948 = CIRCLE('',#4949,0.55);
#4949 = AXIS2_PLACEMENT_3D('',#4950,#4951,#4952);
#4950 = CARTESIAN_POINT('',(2.54,36.83,1.51));
#4951 = DIRECTION('',(-0.,0.,-1.));
#4952 = DIRECTION('',(-0.,-1.,0.));
#4953 = FACE_BOUND('',#4954,.T.);
#4954 = EDGE_LOOP('',(#4955));
#4955 = ORIENTED_EDGE('',*,*,#4956,.T.);
#4956 = EDGE_CURVE('',#4957,#4957,#4959,.T.);
#4957 = VERTEX_POINT('',#4958);
#4958 = CARTESIAN_POINT('',(2.54,38.82,1.51));
#4959 = CIRCLE('',#4960,0.55);
#4960 = AXIS2_PLACEMENT_3D('',#4961,#4962,#4963);
#4961 = CARTESIAN_POINT('',(2.54,39.37,1.51));
#4962 = DIRECTION('',(-0.,0.,-1.));
#4963 = DIRECTION('',(-0.,-1.,0.));
#4964 = FACE_BOUND('',#4965,.T.);
#4965 = EDGE_LOOP('',(#4966));
#4966 = ORIENTED_EDGE('',*,*,#4967,.T.);
#4967 = EDGE_CURVE('',#4968,#4968,#4970,.T.);
#4968 = VERTEX_POINT('',#4969);
#4969 = CARTESIAN_POINT('',(7.9,2.195,1.51));
#4970 = CIRCLE('',#4971,0.355);
#4971 = AXIS2_PLACEMENT_3D('',#4972,#4973,#4974);
#4972 = CARTESIAN_POINT('',(7.9,2.55,1.51));
#4973 = DIRECTION('',(-0.,0.,-1.));
#4974 = DIRECTION('',(-0.,-1.,0.));
#4975 = FACE_BOUND('',#4976,.T.);
#4976 = EDGE_LOOP('',(#4977));
#4977 = ORIENTED_EDGE('',*,*,#4978,.T.);
#4978 = EDGE_CURVE('',#4979,#4979,#4981,.T.);
#4979 = VERTEX_POINT('',#4980);
#4980 = CARTESIAN_POINT('',(7.7,8.4,1.51));
#4981 = CIRCLE('',#4982,1.1);
#4982 = AXIS2_PLACEMENT_3D('',#4983,#4984,#4985);
#4983 = CARTESIAN_POINT('',(7.7,9.5,1.51));
#4984 = DIRECTION('',(-0.,0.,-1.));
#4985 = DIRECTION('',(-0.,-1.,0.));
#4986 = FACE_BOUND('',#4987,.T.);
#4987 = EDGE_LOOP('',(#4988));
#4988 = ORIENTED_EDGE('',*,*,#4989,.T.);
#4989 = EDGE_CURVE('',#4990,#4990,#4992,.T.);
#4990 = VERTEX_POINT('',#4991);
#4991 = CARTESIAN_POINT('',(7.7,16.4,1.51));
#4992 = CIRCLE('',#4993,1.1);
#4993 = AXIS2_PLACEMENT_3D('',#4994,#4995,#4996);
#4994 = CARTESIAN_POINT('',(7.7,17.5,1.51));
#4995 = DIRECTION('',(-0.,0.,-1.));
#4996 = DIRECTION('',(-0.,-1.,0.));
#4997 = FACE_BOUND('',#4998,.T.);
#4998 = EDGE_LOOP('',(#4999));
#4999 = ORIENTED_EDGE('',*,*,#5000,.T.);
#5000 = EDGE_CURVE('',#5001,#5001,#5003,.T.);
#5001 = VERTEX_POINT('',#5002);
#5002 = CARTESIAN_POINT('',(7.7,24.4,1.51));
#5003 = CIRCLE('',#5004,1.1);
#5004 = AXIS2_PLACEMENT_3D('',#5005,#5006,#5007);
#5005 = CARTESIAN_POINT('',(7.7,25.5,1.51));
#5006 = DIRECTION('',(-0.,0.,-1.));
#5007 = DIRECTION('',(-0.,-1.,0.));
#5008 = FACE_BOUND('',#5009,.T.);
#5009 = EDGE_LOOP('',(#5010));
#5010 = ORIENTED_EDGE('',*,*,#5011,.T.);
#5011 = EDGE_CURVE('',#5012,#5012,#5014,.T.);
#5012 = VERTEX_POINT('',#5013);
#5013 = CARTESIAN_POINT('',(7.7,32.4,1.51));
#5014 = CIRCLE('',#5015,1.1);
#5015 = AXIS2_PLACEMENT_3D('',#5016,#5017,#5018);
#5016 = CARTESIAN_POINT('',(7.7,33.5,1.51));
#5017 = DIRECTION('',(-0.,0.,-1.));
#5018 = DIRECTION('',(-0.,-1.,0.));
#5019 = PLANE('',#5020);
#5020 = AXIS2_PLACEMENT_3D('',#5021,#5022,#5023);
#5021 = CARTESIAN_POINT('',(0.,0.,1.51));
#5022 = DIRECTION('',(0.,0.,1.));
#5023 = DIRECTION('',(1.,0.,-0.));
#5024 = ADVANCED_FACE('',(#5025),#5036,.T.);
#5025 = FACE_BOUND('',#5026,.T.);
#5026 = EDGE_LOOP('',(#5027,#5033,#5034,#5035));
#5027 = ORIENTED_EDGE('',*,*,#5028,.T.);
#5028 = EDGE_CURVE('',#2551,#3791,#5029,.T.);
#5029 = LINE('',#5030,#5031);
#5030 = CARTESIAN_POINT('',(-7.3,48.5,0.));
#5031 = VECTOR('',#5032,1.);
#5032 = DIRECTION('',(0.,0.,1.));
#5033 = ORIENTED_EDGE('',*,*,#3790,.T.);
#5034 = ORIENTED_EDGE('',*,*,#2486,.F.);
#5035 = ORIENTED_EDGE('',*,*,#2550,.F.);
#5036 = CYLINDRICAL_SURFACE('',#5037,0.999999252925);
#5037 = AXIS2_PLACEMENT_3D('',#5038,#5039,#5040);
#5038 = CARTESIAN_POINT('',(-6.300000747075,48.500000747075,0.));
#5039 = DIRECTION('',(0.,0.,-1.));
#5040 = DIRECTION('',(-1.,-7.470757491648E-07,-0.));
#5041 = ADVANCED_FACE('',(#5042),#5053,.T.);
#5042 = FACE_BOUND('',#5043,.T.);
#5043 = EDGE_LOOP('',(#5044,#5045,#5046,#5052));
#5044 = ORIENTED_EDGE('',*,*,#2526,.T.);
#5045 = ORIENTED_EDGE('',*,*,#3824,.T.);
#5046 = ORIENTED_EDGE('',*,*,#5047,.F.);
#5047 = EDGE_CURVE('',#2577,#3817,#5048,.T.);
#5048 = LINE('',#5049,#5050);
#5049 = CARTESIAN_POINT('',(10.2,-49.5,0.));
#5050 = VECTOR('',#5051,1.);
#5051 = DIRECTION('',(0.,0.,1.));
#5052 = ORIENTED_EDGE('',*,*,#2584,.F.);
#5053 = CYLINDRICAL_SURFACE('',#5054,0.999999252925);
#5054 = AXIS2_PLACEMENT_3D('',#5055,#5056,#5057);
#5055 = CARTESIAN_POINT('',(10.200000747075,-48.50000074707,0.));
#5056 = DIRECTION('',(0.,0.,-1.));
#5057 = DIRECTION('',(1.,7.470757491648E-07,0.));
#5058 = ADVANCED_FACE('',(#5059),#5070,.T.);
#5059 = FACE_BOUND('',#5060,.T.);
#5060 = EDGE_LOOP('',(#5061,#5067,#5068,#5069));
#5061 = ORIENTED_EDGE('',*,*,#5062,.T.);
#5062 = EDGE_CURVE('',#2560,#3800,#5063,.T.);
#5063 = LINE('',#5064,#5065);
#5064 = CARTESIAN_POINT('',(-7.3,-48.5,0.));
#5065 = VECTOR('',#5066,1.);
#5066 = DIRECTION('',(0.,0.,1.));
#5067 = ORIENTED_EDGE('',*,*,#3799,.T.);
#5068 = ORIENTED_EDGE('',*,*,#5028,.F.);
#5069 = ORIENTED_EDGE('',*,*,#2559,.F.);
#5070 = PLANE('',#5071);
#5071 = AXIS2_PLACEMENT_3D('',#5072,#5073,#5074);
#5072 = CARTESIAN_POINT('',(-7.3,-48.5,0.));
#5073 = DIRECTION('',(-1.,0.,0.));
#5074 = DIRECTION('',(0.,1.,0.));
#5075 = ADVANCED_FACE('',(#5076),#5087,.T.);
#5076 = FACE_BOUND('',#5077,.T.);
#5077 = EDGE_LOOP('',(#5078,#5079,#5080,#5086));
#5078 = ORIENTED_EDGE('',*,*,#5047,.T.);
#5079 = ORIENTED_EDGE('',*,*,#3816,.T.);
#5080 = ORIENTED_EDGE('',*,*,#5081,.F.);
#5081 = EDGE_CURVE('',#2568,#3808,#5082,.T.);
#5082 = LINE('',#5083,#5084);
#5083 = CARTESIAN_POINT('',(-6.3,-49.5,0.));
#5084 = VECTOR('',#5085,1.);
#5085 = DIRECTION('',(0.,0.,1.));
#5086 = ORIENTED_EDGE('',*,*,#2576,.F.);
#5087 = PLANE('',#5088);
#5088 = AXIS2_PLACEMENT_3D('',#5089,#5090,#5091);
#5089 = CARTESIAN_POINT('',(10.2,-49.5,0.));
#5090 = DIRECTION('',(0.,-1.,0.));
#5091 = DIRECTION('',(-1.,0.,0.));
#5092 = ADVANCED_FACE('',(#5093),#5099,.T.);
#5093 = FACE_BOUND('',#5094,.T.);
#5094 = EDGE_LOOP('',(#5095,#5096,#5097,#5098));
#5095 = ORIENTED_EDGE('',*,*,#5081,.T.);
#5096 = ORIENTED_EDGE('',*,*,#3807,.T.);
#5097 = ORIENTED_EDGE('',*,*,#5062,.F.);
#5098 = ORIENTED_EDGE('',*,*,#2567,.F.);
#5099 = CYLINDRICAL_SURFACE('',#5100,0.999999252925);
#5100 = AXIS2_PLACEMENT_3D('',#5101,#5102,#5103);
#5101 = CARTESIAN_POINT('',(-6.300000747075,-48.50000074707,0.));
#5102 = DIRECTION('',(0.,0.,-1.));
#5103 = DIRECTION('',(7.470757438357E-07,-1.,0.));
#5104 = ADVANCED_FACE('',(#5105),#5116,.F.);
#5105 = FACE_BOUND('',#5106,.T.);
#5106 = EDGE_LOOP('',(#5107,#5108,#5114,#5115));
#5107 = ORIENTED_EDGE('',*,*,#2594,.T.);
#5108 = ORIENTED_EDGE('',*,*,#5109,.T.);
#5109 = EDGE_CURVE('',#2595,#3835,#5110,.T.);
#5110 = LINE('',#5111,#5112);
#5111 = CARTESIAN_POINT('',(-2.54,-39.92,-4.6E-02));
#5112 = VECTOR('',#5113,1.);
#5113 = DIRECTION('',(0.,0.,1.));
#5114 = ORIENTED_EDGE('',*,*,#3834,.F.);
#5115 = ORIENTED_EDGE('',*,*,#5109,.F.);
#5116 = CYLINDRICAL_SURFACE('',#5117,0.55);
#5117 = AXIS2_PLACEMENT_3D('',#5118,#5119,#5120);
#5118 = CARTESIAN_POINT('',(-2.54,-39.37,-4.6E-02));
#5119 = DIRECTION('',(-0.,-0.,-1.));
#5120 = DIRECTION('',(-0.,-1.,0.));
#5121 = ADVANCED_FACE('',(#5122),#5133,.F.);
#5122 = FACE_BOUND('',#5123,.T.);
#5123 = EDGE_LOOP('',(#5124,#5125,#5131,#5132));
#5124 = ORIENTED_EDGE('',*,*,#2605,.T.);
#5125 = ORIENTED_EDGE('',*,*,#5126,.T.);
#5126 = EDGE_CURVE('',#2606,#3846,#5127,.T.);
#5127 = LINE('',#5128,#5129);
#5128 = CARTESIAN_POINT('',(-2.54,-37.38,-4.6E-02));
#5129 = VECTOR('',#5130,1.);
#5130 = DIRECTION('',(0.,0.,1.));
#5131 = ORIENTED_EDGE('',*,*,#3845,.F.);
#5132 = ORIENTED_EDGE('',*,*,#5126,.F.);
#5133 = CYLINDRICAL_SURFACE('',#5134,0.55);
#5134 = AXIS2_PLACEMENT_3D('',#5135,#5136,#5137);
#5135 = CARTESIAN_POINT('',(-2.54,-36.83,-4.6E-02));
#5136 = DIRECTION('',(-0.,-0.,-1.));
#5137 = DIRECTION('',(-0.,-1.,0.));
#5138 = ADVANCED_FACE('',(#5139),#5150,.F.);
#5139 = FACE_BOUND('',#5140,.T.);
#5140 = EDGE_LOOP('',(#5141,#5142,#5148,#5149));
#5141 = ORIENTED_EDGE('',*,*,#2616,.T.);
#5142 = ORIENTED_EDGE('',*,*,#5143,.T.);
#5143 = EDGE_CURVE('',#2617,#3857,#5144,.T.);
#5144 = LINE('',#5145,#5146);
#5145 = CARTESIAN_POINT('',(-0.3,-46.45,-4.6E-02));
#5146 = VECTOR('',#5147,1.);
#5147 = DIRECTION('',(0.,0.,1.));
#5148 = ORIENTED_EDGE('',*,*,#3856,.F.);
#5149 = ORIENTED_EDGE('',*,*,#5143,.F.);
#5150 = CYLINDRICAL_SURFACE('',#5151,1.45);
#5151 = AXIS2_PLACEMENT_3D('',#5152,#5153,#5154);
#5152 = CARTESIAN_POINT('',(-0.3,-45.,-4.6E-02));
#5153 = DIRECTION('',(-0.,0.,-1.));
#5154 = DIRECTION('',(1.148506577198E-16,-1.,-0.));
#5155 = ADVANCED_FACE('',(#5156),#5167,.F.);
#5156 = FACE_BOUND('',#5157,.T.);
#5157 = EDGE_LOOP('',(#5158,#5159,#5165,#5166));
#5158 = ORIENTED_EDGE('',*,*,#2627,.T.);
#5159 = ORIENTED_EDGE('',*,*,#5160,.T.);
#5160 = EDGE_CURVE('',#2628,#3868,#5161,.T.);
#5161 = LINE('',#5162,#5163);
#5162 = CARTESIAN_POINT('',(-2.54,-34.84,-4.6E-02));
#5163 = VECTOR('',#5164,1.);
#5164 = DIRECTION('',(0.,0.,1.));
#5165 = ORIENTED_EDGE('',*,*,#3867,.F.);
#5166 = ORIENTED_EDGE('',*,*,#5160,.F.);
#5167 = CYLINDRICAL_SURFACE('',#5168,0.55);
#5168 = AXIS2_PLACEMENT_3D('',#5169,#5170,#5171);
#5169 = CARTESIAN_POINT('',(-2.54,-34.29,-4.6E-02));
#5170 = DIRECTION('',(-0.,-0.,-1.));
#5171 = DIRECTION('',(-0.,-1.,0.));
#5172 = ADVANCED_FACE('',(#5173),#5184,.F.);
#5173 = FACE_BOUND('',#5174,.T.);
#5174 = EDGE_LOOP('',(#5175,#5176,#5182,#5183));
#5175 = ORIENTED_EDGE('',*,*,#2638,.T.);
#5176 = ORIENTED_EDGE('',*,*,#5177,.T.);
#5177 = EDGE_CURVE('',#2639,#3879,#5178,.T.);
#5178 = LINE('',#5179,#5180);
#5179 = CARTESIAN_POINT('',(-2.54,-32.3,-4.6E-02));
#5180 = VECTOR('',#5181,1.);
#5181 = DIRECTION('',(0.,0.,1.));
#5182 = ORIENTED_EDGE('',*,*,#3878,.F.);
#5183 = ORIENTED_EDGE('',*,*,#5177,.F.);
#5184 = CYLINDRICAL_SURFACE('',#5185,0.55);
#5185 = AXIS2_PLACEMENT_3D('',#5186,#5187,#5188);
#5186 = CARTESIAN_POINT('',(-2.54,-31.75,-4.6E-02));
#5187 = DIRECTION('',(-0.,-0.,-1.));
#5188 = DIRECTION('',(-0.,-1.,0.));
#5189 = ADVANCED_FACE('',(#5190),#5201,.F.);
#5190 = FACE_BOUND('',#5191,.T.);
#5191 = EDGE_LOOP('',(#5192,#5193,#5199,#5200));
#5192 = ORIENTED_EDGE('',*,*,#2649,.T.);
#5193 = ORIENTED_EDGE('',*,*,#5194,.T.);
#5194 = EDGE_CURVE('',#2650,#3890,#5195,.T.);
#5195 = LINE('',#5196,#5197);
#5196 = CARTESIAN_POINT('',(-2.54,-29.76,-4.6E-02));
#5197 = VECTOR('',#5198,1.);
#5198 = DIRECTION('',(0.,0.,1.));
#5199 = ORIENTED_EDGE('',*,*,#3889,.F.);
#5200 = ORIENTED_EDGE('',*,*,#5194,.F.);
#5201 = CYLINDRICAL_SURFACE('',#5202,0.55);
#5202 = AXIS2_PLACEMENT_3D('',#5203,#5204,#5205);
#5203 = CARTESIAN_POINT('',(-2.54,-29.21,-4.6E-02));
#5204 = DIRECTION('',(-0.,-0.,-1.));
#5205 = DIRECTION('',(-0.,-1.,0.));
#5206 = ADVANCED_FACE('',(#5207),#5218,.F.);
#5207 = FACE_BOUND('',#5208,.T.);
#5208 = EDGE_LOOP('',(#5209,#5210,#5216,#5217));
#5209 = ORIENTED_EDGE('',*,*,#2660,.T.);
#5210 = ORIENTED_EDGE('',*,*,#5211,.T.);
#5211 = EDGE_CURVE('',#2661,#3901,#5212,.T.);
#5212 = LINE('',#5213,#5214);
#5213 = CARTESIAN_POINT('',(-2.54,-27.22,-4.6E-02));
#5214 = VECTOR('',#5215,1.);
#5215 = DIRECTION('',(0.,0.,1.));
#5216 = ORIENTED_EDGE('',*,*,#3900,.F.);
#5217 = ORIENTED_EDGE('',*,*,#5211,.F.);
#5218 = CYLINDRICAL_SURFACE('',#5219,0.55);
#5219 = AXIS2_PLACEMENT_3D('',#5220,#5221,#5222);
#5220 = CARTESIAN_POINT('',(-2.54,-26.67,-4.6E-02));
#5221 = DIRECTION('',(-0.,-0.,-1.));
#5222 = DIRECTION('',(-0.,-1.,0.));
#5223 = ADVANCED_FACE('',(#5224),#5235,.F.);
#5224 = FACE_BOUND('',#5225,.T.);
#5225 = EDGE_LOOP('',(#5226,#5227,#5233,#5234));
#5226 = ORIENTED_EDGE('',*,*,#2671,.T.);
#5227 = ORIENTED_EDGE('',*,*,#5228,.T.);
#5228 = EDGE_CURVE('',#2672,#3912,#5229,.T.);
#5229 = LINE('',#5230,#5231);
#5230 = CARTESIAN_POINT('',(-2.54,-24.68,-4.6E-02));
#5231 = VECTOR('',#5232,1.);
#5232 = DIRECTION('',(0.,0.,1.));
#5233 = ORIENTED_EDGE('',*,*,#3911,.F.);
#5234 = ORIENTED_EDGE('',*,*,#5228,.F.);
#5235 = CYLINDRICAL_SURFACE('',#5236,0.55);
#5236 = AXIS2_PLACEMENT_3D('',#5237,#5238,#5239);
#5237 = CARTESIAN_POINT('',(-2.54,-24.13,-4.6E-02));
#5238 = DIRECTION('',(-0.,-0.,-1.));
#5239 = DIRECTION('',(-0.,-1.,0.));
#5240 = ADVANCED_FACE('',(#5241),#5252,.F.);
#5241 = FACE_BOUND('',#5242,.T.);
#5242 = EDGE_LOOP('',(#5243,#5244,#5250,#5251));
#5243 = ORIENTED_EDGE('',*,*,#2682,.T.);
#5244 = ORIENTED_EDGE('',*,*,#5245,.T.);
#5245 = EDGE_CURVE('',#2683,#3923,#5246,.T.);
#5246 = LINE('',#5247,#5248);
#5247 = CARTESIAN_POINT('',(0.,-39.92,-4.6E-02));
#5248 = VECTOR('',#5249,1.);
#5249 = DIRECTION('',(0.,0.,1.));
#5250 = ORIENTED_EDGE('',*,*,#3922,.F.);
#5251 = ORIENTED_EDGE('',*,*,#5245,.F.);
#5252 = CYLINDRICAL_SURFACE('',#5253,0.55);
#5253 = AXIS2_PLACEMENT_3D('',#5254,#5255,#5256);
#5254 = CARTESIAN_POINT('',(0.,-39.37,-4.6E-02));
#5255 = DIRECTION('',(-0.,-0.,-1.));
#5256 = DIRECTION('',(-0.,-1.,0.));
#5257 = ADVANCED_FACE('',(#5258),#5269,.F.);
#5258 = FACE_BOUND('',#5259,.T.);
#5259 = EDGE_LOOP('',(#5260,#5261,#5267,#5268));
#5260 = ORIENTED_EDGE('',*,*,#2693,.T.);
#5261 = ORIENTED_EDGE('',*,*,#5262,.T.);
#5262 = EDGE_CURVE('',#2694,#3934,#5263,.T.);
#5263 = LINE('',#5264,#5265);
#5264 = CARTESIAN_POINT('',(0.,-37.38,-4.6E-02));
#5265 = VECTOR('',#5266,1.);
#5266 = DIRECTION('',(0.,0.,1.));
#5267 = ORIENTED_EDGE('',*,*,#3933,.F.);
#5268 = ORIENTED_EDGE('',*,*,#5262,.F.);
#5269 = CYLINDRICAL_SURFACE('',#5270,0.55);
#5270 = AXIS2_PLACEMENT_3D('',#5271,#5272,#5273);
#5271 = CARTESIAN_POINT('',(0.,-36.83,-4.6E-02));
#5272 = DIRECTION('',(-0.,-0.,-1.));
#5273 = DIRECTION('',(-0.,-1.,0.));
#5274 = ADVANCED_FACE('',(#5275),#5286,.F.);
#5275 = FACE_BOUND('',#5276,.T.);
#5276 = EDGE_LOOP('',(#5277,#5278,#5284,#5285));
#5277 = ORIENTED_EDGE('',*,*,#2704,.T.);
#5278 = ORIENTED_EDGE('',*,*,#5279,.T.);
#5279 = EDGE_CURVE('',#2705,#3945,#5280,.T.);
#5280 = LINE('',#5281,#5282);
#5281 = CARTESIAN_POINT('',(2.54,-39.92,-4.6E-02));
#5282 = VECTOR('',#5283,1.);
#5283 = DIRECTION('',(0.,0.,1.));
#5284 = ORIENTED_EDGE('',*,*,#3944,.F.);
#5285 = ORIENTED_EDGE('',*,*,#5279,.F.);
#5286 = CYLINDRICAL_SURFACE('',#5287,0.55);
#5287 = AXIS2_PLACEMENT_3D('',#5288,#5289,#5290);
#5288 = CARTESIAN_POINT('',(2.54,-39.37,-4.6E-02));
#5289 = DIRECTION('',(-0.,-0.,-1.));
#5290 = DIRECTION('',(-0.,-1.,0.));
#5291 = ADVANCED_FACE('',(#5292),#5303,.F.);
#5292 = FACE_BOUND('',#5293,.T.);
#5293 = EDGE_LOOP('',(#5294,#5295,#5301,#5302));
#5294 = ORIENTED_EDGE('',*,*,#2715,.T.);
#5295 = ORIENTED_EDGE('',*,*,#5296,.T.);
#5296 = EDGE_CURVE('',#2716,#3956,#5297,.T.);
#5297 = LINE('',#5298,#5299);
#5298 = CARTESIAN_POINT('',(2.54,-37.38,-4.6E-02));
#5299 = VECTOR('',#5300,1.);
#5300 = DIRECTION('',(0.,0.,1.));
#5301 = ORIENTED_EDGE('',*,*,#3955,.F.);
#5302 = ORIENTED_EDGE('',*,*,#5296,.F.);
#5303 = CYLINDRICAL_SURFACE('',#5304,0.55);
#5304 = AXIS2_PLACEMENT_3D('',#5305,#5306,#5307);
#5305 = CARTESIAN_POINT('',(2.54,-36.83,-4.6E-02));
#5306 = DIRECTION('',(-0.,-0.,-1.));
#5307 = DIRECTION('',(-0.,-1.,0.));
#5308 = ADVANCED_FACE('',(#5309),#5320,.F.);
#5309 = FACE_BOUND('',#5310,.T.);
#5310 = EDGE_LOOP('',(#5311,#5312,#5318,#5319));
#5311 = ORIENTED_EDGE('',*,*,#2726,.T.);
#5312 = ORIENTED_EDGE('',*,*,#5313,.T.);
#5313 = EDGE_CURVE('',#2727,#3967,#5314,.T.);
#5314 = LINE('',#5315,#5316);
#5315 = CARTESIAN_POINT('',(0.,-34.84,-4.6E-02));
#5316 = VECTOR('',#5317,1.);
#5317 = DIRECTION('',(0.,0.,1.));
#5318 = ORIENTED_EDGE('',*,*,#3966,.F.);
#5319 = ORIENTED_EDGE('',*,*,#5313,.F.);
#5320 = CYLINDRICAL_SURFACE('',#5321,0.55);
#5321 = AXIS2_PLACEMENT_3D('',#5322,#5323,#5324);
#5322 = CARTESIAN_POINT('',(0.,-34.29,-4.6E-02));
#5323 = DIRECTION('',(-0.,-0.,-1.));
#5324 = DIRECTION('',(-0.,-1.,0.));
#5325 = ADVANCED_FACE('',(#5326),#5337,.F.);
#5326 = FACE_BOUND('',#5327,.T.);
#5327 = EDGE_LOOP('',(#5328,#5329,#5335,#5336));
#5328 = ORIENTED_EDGE('',*,*,#2737,.T.);
#5329 = ORIENTED_EDGE('',*,*,#5330,.T.);
#5330 = EDGE_CURVE('',#2738,#3978,#5331,.T.);
#5331 = LINE('',#5332,#5333);
#5332 = CARTESIAN_POINT('',(0.,-32.3,-4.6E-02));
#5333 = VECTOR('',#5334,1.);
#5334 = DIRECTION('',(0.,0.,1.));
#5335 = ORIENTED_EDGE('',*,*,#3977,.F.);
#5336 = ORIENTED_EDGE('',*,*,#5330,.F.);
#5337 = CYLINDRICAL_SURFACE('',#5338,0.55);
#5338 = AXIS2_PLACEMENT_3D('',#5339,#5340,#5341);
#5339 = CARTESIAN_POINT('',(0.,-31.75,-4.6E-02));
#5340 = DIRECTION('',(-0.,-0.,-1.));
#5341 = DIRECTION('',(-0.,-1.,0.));
#5342 = ADVANCED_FACE('',(#5343),#5354,.F.);
#5343 = FACE_BOUND('',#5344,.T.);
#5344 = EDGE_LOOP('',(#5345,#5346,#5352,#5353));
#5345 = ORIENTED_EDGE('',*,*,#2748,.T.);
#5346 = ORIENTED_EDGE('',*,*,#5347,.T.);
#5347 = EDGE_CURVE('',#2749,#3989,#5348,.T.);
#5348 = LINE('',#5349,#5350);
#5349 = CARTESIAN_POINT('',(0.,-29.76,-4.6E-02));
#5350 = VECTOR('',#5351,1.);
#5351 = DIRECTION('',(0.,0.,1.));
#5352 = ORIENTED_EDGE('',*,*,#3988,.F.);
#5353 = ORIENTED_EDGE('',*,*,#5347,.F.);
#5354 = CYLINDRICAL_SURFACE('',#5355,0.55);
#5355 = AXIS2_PLACEMENT_3D('',#5356,#5357,#5358);
#5356 = CARTESIAN_POINT('',(0.,-29.21,-4.6E-02));
#5357 = DIRECTION('',(-0.,-0.,-1.));
#5358 = DIRECTION('',(-0.,-1.,0.));
#5359 = ADVANCED_FACE('',(#5360),#5371,.F.);
#5360 = FACE_BOUND('',#5361,.T.);
#5361 = EDGE_LOOP('',(#5362,#5363,#5369,#5370));
#5362 = ORIENTED_EDGE('',*,*,#2759,.T.);
#5363 = ORIENTED_EDGE('',*,*,#5364,.T.);
#5364 = EDGE_CURVE('',#2760,#4000,#5365,.T.);
#5365 = LINE('',#5366,#5367);
#5366 = CARTESIAN_POINT('',(0.,-27.22,-4.6E-02));
#5367 = VECTOR('',#5368,1.);
#5368 = DIRECTION('',(0.,0.,1.));
#5369 = ORIENTED_EDGE('',*,*,#3999,.F.);
#5370 = ORIENTED_EDGE('',*,*,#5364,.F.);
#5371 = CYLINDRICAL_SURFACE('',#5372,0.55);
#5372 = AXIS2_PLACEMENT_3D('',#5373,#5374,#5375);
#5373 = CARTESIAN_POINT('',(0.,-26.67,-4.6E-02));
#5374 = DIRECTION('',(-0.,-0.,-1.));
#5375 = DIRECTION('',(-0.,-1.,0.));
#5376 = ADVANCED_FACE('',(#5377),#5388,.F.);
#5377 = FACE_BOUND('',#5378,.T.);
#5378 = EDGE_LOOP('',(#5379,#5380,#5386,#5387));
#5379 = ORIENTED_EDGE('',*,*,#2770,.T.);
#5380 = ORIENTED_EDGE('',*,*,#5381,.T.);
#5381 = EDGE_CURVE('',#2771,#4011,#5382,.T.);
#5382 = LINE('',#5383,#5384);
#5383 = CARTESIAN_POINT('',(1.972152263053E-31,-24.68,-4.6E-02));
#5384 = VECTOR('',#5385,1.);
#5385 = DIRECTION('',(0.,0.,1.));
#5386 = ORIENTED_EDGE('',*,*,#4010,.F.);
#5387 = ORIENTED_EDGE('',*,*,#5381,.F.);
#5388 = CYLINDRICAL_SURFACE('',#5389,0.55);
#5389 = AXIS2_PLACEMENT_3D('',#5390,#5391,#5392);
#5390 = CARTESIAN_POINT('',(-5.551115123126E-17,-24.13,-4.6E-02));
#5391 = DIRECTION('',(-0.,0.,-1.));
#5392 = DIRECTION('',(1.00929365875E-16,-1.,-0.));
#5393 = ADVANCED_FACE('',(#5394),#5405,.F.);
#5394 = FACE_BOUND('',#5395,.T.);
#5395 = EDGE_LOOP('',(#5396,#5397,#5403,#5404));
#5396 = ORIENTED_EDGE('',*,*,#2781,.T.);
#5397 = ORIENTED_EDGE('',*,*,#5398,.T.);
#5398 = EDGE_CURVE('',#2782,#4022,#5399,.T.);
#5399 = LINE('',#5400,#5401);
#5400 = CARTESIAN_POINT('',(2.54,-34.84,-4.6E-02));
#5401 = VECTOR('',#5402,1.);
#5402 = DIRECTION('',(0.,0.,1.));
#5403 = ORIENTED_EDGE('',*,*,#4021,.F.);
#5404 = ORIENTED_EDGE('',*,*,#5398,.F.);
#5405 = CYLINDRICAL_SURFACE('',#5406,0.55);
#5406 = AXIS2_PLACEMENT_3D('',#5407,#5408,#5409);
#5407 = CARTESIAN_POINT('',(2.54,-34.29,-4.6E-02));
#5408 = DIRECTION('',(-0.,-0.,-1.));
#5409 = DIRECTION('',(-0.,-1.,0.));
#5410 = ADVANCED_FACE('',(#5411),#5422,.F.);
#5411 = FACE_BOUND('',#5412,.T.);
#5412 = EDGE_LOOP('',(#5413,#5414,#5420,#5421));
#5413 = ORIENTED_EDGE('',*,*,#2792,.T.);
#5414 = ORIENTED_EDGE('',*,*,#5415,.T.);
#5415 = EDGE_CURVE('',#2793,#4033,#5416,.T.);
#5416 = LINE('',#5417,#5418);
#5417 = CARTESIAN_POINT('',(2.54,-32.3,-4.6E-02));
#5418 = VECTOR('',#5419,1.);
#5419 = DIRECTION('',(0.,0.,1.));
#5420 = ORIENTED_EDGE('',*,*,#4032,.F.);
#5421 = ORIENTED_EDGE('',*,*,#5415,.F.);
#5422 = CYLINDRICAL_SURFACE('',#5423,0.55);
#5423 = AXIS2_PLACEMENT_3D('',#5424,#5425,#5426);
#5424 = CARTESIAN_POINT('',(2.54,-31.75,-4.6E-02));
#5425 = DIRECTION('',(-0.,-0.,-1.));
#5426 = DIRECTION('',(-0.,-1.,0.));
#5427 = ADVANCED_FACE('',(#5428),#5439,.F.);
#5428 = FACE_BOUND('',#5429,.T.);
#5429 = EDGE_LOOP('',(#5430,#5431,#5437,#5438));
#5430 = ORIENTED_EDGE('',*,*,#2803,.T.);
#5431 = ORIENTED_EDGE('',*,*,#5432,.T.);
#5432 = EDGE_CURVE('',#2804,#4044,#5433,.T.);
#5433 = LINE('',#5434,#5435);
#5434 = CARTESIAN_POINT('',(2.54,-29.76,-4.6E-02));
#5435 = VECTOR('',#5436,1.);
#5436 = DIRECTION('',(0.,0.,1.));
#5437 = ORIENTED_EDGE('',*,*,#4043,.F.);
#5438 = ORIENTED_EDGE('',*,*,#5432,.F.);
#5439 = CYLINDRICAL_SURFACE('',#5440,0.55);
#5440 = AXIS2_PLACEMENT_3D('',#5441,#5442,#5443);
#5441 = CARTESIAN_POINT('',(2.54,-29.21,-4.6E-02));
#5442 = DIRECTION('',(-0.,-0.,-1.));
#5443 = DIRECTION('',(-0.,-1.,0.));
#5444 = ADVANCED_FACE('',(#5445),#5456,.F.);
#5445 = FACE_BOUND('',#5446,.T.);
#5446 = EDGE_LOOP('',(#5447,#5448,#5454,#5455));
#5447 = ORIENTED_EDGE('',*,*,#2814,.T.);
#5448 = ORIENTED_EDGE('',*,*,#5449,.T.);
#5449 = EDGE_CURVE('',#2815,#4055,#5450,.T.);
#5450 = LINE('',#5451,#5452);
#5451 = CARTESIAN_POINT('',(2.54,-27.22,-4.6E-02));
#5452 = VECTOR('',#5453,1.);
#5453 = DIRECTION('',(0.,0.,1.));
#5454 = ORIENTED_EDGE('',*,*,#4054,.F.);
#5455 = ORIENTED_EDGE('',*,*,#5449,.F.);
#5456 = CYLINDRICAL_SURFACE('',#5457,0.55);
#5457 = AXIS2_PLACEMENT_3D('',#5458,#5459,#5460);
#5458 = CARTESIAN_POINT('',(2.54,-26.67,-4.6E-02));
#5459 = DIRECTION('',(-0.,-0.,-1.));
#5460 = DIRECTION('',(-0.,-1.,0.));
#5461 = ADVANCED_FACE('',(#5462),#5473,.F.);
#5462 = FACE_BOUND('',#5463,.T.);
#5463 = EDGE_LOOP('',(#5464,#5465,#5471,#5472));
#5464 = ORIENTED_EDGE('',*,*,#2825,.T.);
#5465 = ORIENTED_EDGE('',*,*,#5466,.T.);
#5466 = EDGE_CURVE('',#2826,#4066,#5467,.T.);
#5467 = LINE('',#5468,#5469);
#5468 = CARTESIAN_POINT('',(2.54,-24.68,-4.6E-02));
#5469 = VECTOR('',#5470,1.);
#5470 = DIRECTION('',(0.,0.,1.));
#5471 = ORIENTED_EDGE('',*,*,#4065,.F.);
#5472 = ORIENTED_EDGE('',*,*,#5466,.F.);
#5473 = CYLINDRICAL_SURFACE('',#5474,0.55);
#5474 = AXIS2_PLACEMENT_3D('',#5475,#5476,#5477);
#5475 = CARTESIAN_POINT('',(2.54,-24.13,-4.6E-02));
#5476 = DIRECTION('',(-0.,-0.,-1.));
#5477 = DIRECTION('',(-0.,-1.,0.));
#5478 = ADVANCED_FACE('',(#5479),#5490,.F.);
#5479 = FACE_BOUND('',#5480,.T.);
#5480 = EDGE_LOOP('',(#5481,#5482,#5488,#5489));
#5481 = ORIENTED_EDGE('',*,*,#2836,.T.);
#5482 = ORIENTED_EDGE('',*,*,#5483,.T.);
#5483 = EDGE_CURVE('',#2837,#4077,#5484,.T.);
#5484 = LINE('',#5485,#5486);
#5485 = CARTESIAN_POINT('',(-2.54,-22.14,-4.6E-02));
#5486 = VECTOR('',#5487,1.);
#5487 = DIRECTION('',(0.,0.,1.));
#5488 = ORIENTED_EDGE('',*,*,#4076,.F.);
#5489 = ORIENTED_EDGE('',*,*,#5483,.F.);
#5490 = CYLINDRICAL_SURFACE('',#5491,0.55);
#5491 = AXIS2_PLACEMENT_3D('',#5492,#5493,#5494);
#5492 = CARTESIAN_POINT('',(-2.54,-21.59,-4.6E-02));
#5493 = DIRECTION('',(-0.,-0.,-1.));
#5494 = DIRECTION('',(-0.,-1.,0.));
#5495 = ADVANCED_FACE('',(#5496),#5507,.F.);
#5496 = FACE_BOUND('',#5497,.T.);
#5497 = EDGE_LOOP('',(#5498,#5499,#5505,#5506));
#5498 = ORIENTED_EDGE('',*,*,#2847,.T.);
#5499 = ORIENTED_EDGE('',*,*,#5500,.T.);
#5500 = EDGE_CURVE('',#2848,#4088,#5501,.T.);
#5501 = LINE('',#5502,#5503);
#5502 = CARTESIAN_POINT('',(-2.54,-19.6,-4.6E-02));
#5503 = VECTOR('',#5504,1.);
#5504 = DIRECTION('',(0.,0.,1.));
#5505 = ORIENTED_EDGE('',*,*,#4087,.F.);
#5506 = ORIENTED_EDGE('',*,*,#5500,.F.);
#5507 = CYLINDRICAL_SURFACE('',#5508,0.55);
#5508 = AXIS2_PLACEMENT_3D('',#5509,#5510,#5511);
#5509 = CARTESIAN_POINT('',(-2.54,-19.05,-4.6E-02));
#5510 = DIRECTION('',(-0.,-0.,-1.));
#5511 = DIRECTION('',(-0.,-1.,0.));
#5512 = ADVANCED_FACE('',(#5513),#5524,.F.);
#5513 = FACE_BOUND('',#5514,.T.);
#5514 = EDGE_LOOP('',(#5515,#5516,#5522,#5523));
#5515 = ORIENTED_EDGE('',*,*,#2858,.T.);
#5516 = ORIENTED_EDGE('',*,*,#5517,.T.);
#5517 = EDGE_CURVE('',#2859,#4099,#5518,.T.);
#5518 = LINE('',#5519,#5520);
#5519 = CARTESIAN_POINT('',(-2.54,-17.06,-4.6E-02));
#5520 = VECTOR('',#5521,1.);
#5521 = DIRECTION('',(0.,0.,1.));
#5522 = ORIENTED_EDGE('',*,*,#4098,.F.);
#5523 = ORIENTED_EDGE('',*,*,#5517,.F.);
#5524 = CYLINDRICAL_SURFACE('',#5525,0.55);
#5525 = AXIS2_PLACEMENT_3D('',#5526,#5527,#5528);
#5526 = CARTESIAN_POINT('',(-2.54,-16.51,-4.6E-02));
#5527 = DIRECTION('',(-0.,-0.,-1.));
#5528 = DIRECTION('',(-0.,-1.,0.));
#5529 = ADVANCED_FACE('',(#5530),#5541,.F.);
#5530 = FACE_BOUND('',#5531,.T.);
#5531 = EDGE_LOOP('',(#5532,#5533,#5539,#5540));
#5532 = ORIENTED_EDGE('',*,*,#2869,.T.);
#5533 = ORIENTED_EDGE('',*,*,#5534,.T.);
#5534 = EDGE_CURVE('',#2870,#4110,#5535,.T.);
#5535 = LINE('',#5536,#5537);
#5536 = CARTESIAN_POINT('',(-2.54,-14.52,-4.6E-02));
#5537 = VECTOR('',#5538,1.);
#5538 = DIRECTION('',(0.,0.,1.));
#5539 = ORIENTED_EDGE('',*,*,#4109,.F.);
#5540 = ORIENTED_EDGE('',*,*,#5534,.F.);
#5541 = CYLINDRICAL_SURFACE('',#5542,0.55);
#5542 = AXIS2_PLACEMENT_3D('',#5543,#5544,#5545);
#5543 = CARTESIAN_POINT('',(-2.54,-13.97,-4.6E-02));
#5544 = DIRECTION('',(-0.,-0.,-1.));
#5545 = DIRECTION('',(-0.,-1.,0.));
#5546 = ADVANCED_FACE('',(#5547),#5558,.F.);
#5547 = FACE_BOUND('',#5548,.T.);
#5548 = EDGE_LOOP('',(#5549,#5550,#5556,#5557));
#5549 = ORIENTED_EDGE('',*,*,#2880,.T.);
#5550 = ORIENTED_EDGE('',*,*,#5551,.T.);
#5551 = EDGE_CURVE('',#2881,#4121,#5552,.T.);
#5552 = LINE('',#5553,#5554);
#5553 = CARTESIAN_POINT('',(-2.54,-11.98,-4.6E-02));
#5554 = VECTOR('',#5555,1.);
#5555 = DIRECTION('',(0.,0.,1.));
#5556 = ORIENTED_EDGE('',*,*,#4120,.F.);
#5557 = ORIENTED_EDGE('',*,*,#5551,.F.);
#5558 = CYLINDRICAL_SURFACE('',#5559,0.55);
#5559 = AXIS2_PLACEMENT_3D('',#5560,#5561,#5562);
#5560 = CARTESIAN_POINT('',(-2.54,-11.43,-4.6E-02));
#5561 = DIRECTION('',(-0.,-0.,-1.));
#5562 = DIRECTION('',(-0.,-1.,0.));
#5563 = ADVANCED_FACE('',(#5564),#5575,.F.);
#5564 = FACE_BOUND('',#5565,.T.);
#5565 = EDGE_LOOP('',(#5566,#5567,#5573,#5574));
#5566 = ORIENTED_EDGE('',*,*,#2891,.T.);
#5567 = ORIENTED_EDGE('',*,*,#5568,.T.);
#5568 = EDGE_CURVE('',#2892,#4132,#5569,.T.);
#5569 = LINE('',#5570,#5571);
#5570 = CARTESIAN_POINT('',(-2.54,-9.44,-4.6E-02));
#5571 = VECTOR('',#5572,1.);
#5572 = DIRECTION('',(0.,0.,1.));
#5573 = ORIENTED_EDGE('',*,*,#4131,.F.);
#5574 = ORIENTED_EDGE('',*,*,#5568,.F.);
#5575 = CYLINDRICAL_SURFACE('',#5576,0.55);
#5576 = AXIS2_PLACEMENT_3D('',#5577,#5578,#5579);
#5577 = CARTESIAN_POINT('',(-2.54,-8.89,-4.6E-02));
#5578 = DIRECTION('',(-0.,-0.,-1.));
#5579 = DIRECTION('',(-0.,-1.,0.));
#5580 = ADVANCED_FACE('',(#5581),#5592,.F.);
#5581 = FACE_BOUND('',#5582,.T.);
#5582 = EDGE_LOOP('',(#5583,#5584,#5590,#5591));
#5583 = ORIENTED_EDGE('',*,*,#2902,.T.);
#5584 = ORIENTED_EDGE('',*,*,#5585,.T.);
#5585 = EDGE_CURVE('',#2903,#4143,#5586,.T.);
#5586 = LINE('',#5587,#5588);
#5587 = CARTESIAN_POINT('',(-2.54,-6.9,-4.6E-02));
#5588 = VECTOR('',#5589,1.);
#5589 = DIRECTION('',(0.,0.,1.));
#5590 = ORIENTED_EDGE('',*,*,#4142,.F.);
#5591 = ORIENTED_EDGE('',*,*,#5585,.F.);
#5592 = CYLINDRICAL_SURFACE('',#5593,0.55);
#5593 = AXIS2_PLACEMENT_3D('',#5594,#5595,#5596);
#5594 = CARTESIAN_POINT('',(-2.54,-6.35,-4.6E-02));
#5595 = DIRECTION('',(-0.,-0.,-1.));
#5596 = DIRECTION('',(-0.,-1.,0.));
#5597 = ADVANCED_FACE('',(#5598),#5609,.F.);
#5598 = FACE_BOUND('',#5599,.T.);
#5599 = EDGE_LOOP('',(#5600,#5601,#5607,#5608));
#5600 = ORIENTED_EDGE('',*,*,#2913,.T.);
#5601 = ORIENTED_EDGE('',*,*,#5602,.T.);
#5602 = EDGE_CURVE('',#2914,#4154,#5603,.T.);
#5603 = LINE('',#5604,#5605);
#5604 = CARTESIAN_POINT('',(-2.54,-4.36,-4.6E-02));
#5605 = VECTOR('',#5606,1.);
#5606 = DIRECTION('',(0.,0.,1.));
#5607 = ORIENTED_EDGE('',*,*,#4153,.F.);
#5608 = ORIENTED_EDGE('',*,*,#5602,.F.);
#5609 = CYLINDRICAL_SURFACE('',#5610,0.55);
#5610 = AXIS2_PLACEMENT_3D('',#5611,#5612,#5613);
#5611 = CARTESIAN_POINT('',(-2.54,-3.81,-4.6E-02));
#5612 = DIRECTION('',(-0.,-0.,-1.));
#5613 = DIRECTION('',(-0.,-1.,0.));
#5614 = ADVANCED_FACE('',(#5615),#5626,.F.);
#5615 = FACE_BOUND('',#5616,.T.);
#5616 = EDGE_LOOP('',(#5617,#5618,#5624,#5625));
#5617 = ORIENTED_EDGE('',*,*,#2924,.T.);
#5618 = ORIENTED_EDGE('',*,*,#5619,.T.);
#5619 = EDGE_CURVE('',#2925,#4165,#5620,.T.);
#5620 = LINE('',#5621,#5622);
#5621 = CARTESIAN_POINT('',(-2.54,-1.82,-4.6E-02));
#5622 = VECTOR('',#5623,1.);
#5623 = DIRECTION('',(0.,0.,1.));
#5624 = ORIENTED_EDGE('',*,*,#4164,.F.);
#5625 = ORIENTED_EDGE('',*,*,#5619,.F.);
#5626 = CYLINDRICAL_SURFACE('',#5627,0.55);
#5627 = AXIS2_PLACEMENT_3D('',#5628,#5629,#5630);
#5628 = CARTESIAN_POINT('',(-2.54,-1.27,-4.6E-02));
#5629 = DIRECTION('',(-0.,-0.,-1.));
#5630 = DIRECTION('',(-0.,-1.,0.));
#5631 = ADVANCED_FACE('',(#5632),#5643,.F.);
#5632 = FACE_BOUND('',#5633,.T.);
#5633 = EDGE_LOOP('',(#5634,#5635,#5641,#5642));
#5634 = ORIENTED_EDGE('',*,*,#2935,.T.);
#5635 = ORIENTED_EDGE('',*,*,#5636,.T.);
#5636 = EDGE_CURVE('',#2936,#4176,#5637,.T.);
#5637 = LINE('',#5638,#5639);
#5638 = CARTESIAN_POINT('',(1.972152263053E-31,-22.14,-4.6E-02));
#5639 = VECTOR('',#5640,1.);
#5640 = DIRECTION('',(0.,0.,1.));
#5641 = ORIENTED_EDGE('',*,*,#4175,.F.);
#5642 = ORIENTED_EDGE('',*,*,#5636,.F.);
#5643 = CYLINDRICAL_SURFACE('',#5644,0.55);
#5644 = AXIS2_PLACEMENT_3D('',#5645,#5646,#5647);
#5645 = CARTESIAN_POINT('',(-5.551115123126E-17,-21.59,-4.6E-02));
#5646 = DIRECTION('',(-0.,0.,-1.));
#5647 = DIRECTION('',(1.00929365875E-16,-1.,-0.));
#5648 = ADVANCED_FACE('',(#5649),#5660,.F.);
#5649 = FACE_BOUND('',#5650,.T.);
#5650 = EDGE_LOOP('',(#5651,#5652,#5658,#5659));
#5651 = ORIENTED_EDGE('',*,*,#2946,.T.);
#5652 = ORIENTED_EDGE('',*,*,#5653,.T.);
#5653 = EDGE_CURVE('',#2947,#4187,#5654,.T.);
#5654 = LINE('',#5655,#5656);
#5655 = CARTESIAN_POINT('',(1.972152263053E-31,-19.6,-4.6E-02));
#5656 = VECTOR('',#5657,1.);
#5657 = DIRECTION('',(0.,0.,1.));
#5658 = ORIENTED_EDGE('',*,*,#4186,.F.);
#5659 = ORIENTED_EDGE('',*,*,#5653,.F.);
#5660 = CYLINDRICAL_SURFACE('',#5661,0.55);
#5661 = AXIS2_PLACEMENT_3D('',#5662,#5663,#5664);
#5662 = CARTESIAN_POINT('',(-5.551115123126E-17,-19.05,-4.6E-02));
#5663 = DIRECTION('',(-0.,0.,-1.));
#5664 = DIRECTION('',(1.00929365875E-16,-1.,-0.));
#5665 = ADVANCED_FACE('',(#5666),#5677,.F.);
#5666 = FACE_BOUND('',#5667,.T.);
#5667 = EDGE_LOOP('',(#5668,#5669,#5675,#5676));
#5668 = ORIENTED_EDGE('',*,*,#2957,.T.);
#5669 = ORIENTED_EDGE('',*,*,#5670,.T.);
#5670 = EDGE_CURVE('',#2958,#4198,#5671,.T.);
#5671 = LINE('',#5672,#5673);
#5672 = CARTESIAN_POINT('',(0.,-17.06,-4.6E-02));
#5673 = VECTOR('',#5674,1.);
#5674 = DIRECTION('',(0.,0.,1.));
#5675 = ORIENTED_EDGE('',*,*,#4197,.F.);
#5676 = ORIENTED_EDGE('',*,*,#5670,.F.);
#5677 = CYLINDRICAL_SURFACE('',#5678,0.55);
#5678 = AXIS2_PLACEMENT_3D('',#5679,#5680,#5681);
#5679 = CARTESIAN_POINT('',(0.,-16.51,-4.6E-02));
#5680 = DIRECTION('',(-0.,-0.,-1.));
#5681 = DIRECTION('',(-0.,-1.,0.));
#5682 = ADVANCED_FACE('',(#5683),#5694,.F.);
#5683 = FACE_BOUND('',#5684,.T.);
#5684 = EDGE_LOOP('',(#5685,#5686,#5692,#5693));
#5685 = ORIENTED_EDGE('',*,*,#2968,.T.);
#5686 = ORIENTED_EDGE('',*,*,#5687,.T.);
#5687 = EDGE_CURVE('',#2969,#4209,#5688,.T.);
#5688 = LINE('',#5689,#5690);
#5689 = CARTESIAN_POINT('',(-3.697785493223E-32,-14.52,-4.6E-02));
#5690 = VECTOR('',#5691,1.);
#5691 = DIRECTION('',(0.,0.,1.));
#5692 = ORIENTED_EDGE('',*,*,#4208,.F.);
#5693 = ORIENTED_EDGE('',*,*,#5687,.F.);
#5694 = CYLINDRICAL_SURFACE('',#5695,0.55);
#5695 = AXIS2_PLACEMENT_3D('',#5696,#5697,#5698);
#5696 = CARTESIAN_POINT('',(2.775557561563E-17,-13.97,-4.6E-02));
#5697 = DIRECTION('',(-0.,-0.,-1.));
#5698 = DIRECTION('',(-5.046468293751E-17,-1.,0.));
#5699 = ADVANCED_FACE('',(#5700),#5711,.F.);
#5700 = FACE_BOUND('',#5701,.T.);
#5701 = EDGE_LOOP('',(#5702,#5703,#5709,#5710));
#5702 = ORIENTED_EDGE('',*,*,#2979,.T.);
#5703 = ORIENTED_EDGE('',*,*,#5704,.T.);
#5704 = EDGE_CURVE('',#2980,#4220,#5705,.T.);
#5705 = LINE('',#5706,#5707);
#5706 = CARTESIAN_POINT('',(2.54,-22.14,-4.6E-02));
#5707 = VECTOR('',#5708,1.);
#5708 = DIRECTION('',(0.,0.,1.));
#5709 = ORIENTED_EDGE('',*,*,#4219,.F.);
#5710 = ORIENTED_EDGE('',*,*,#5704,.F.);
#5711 = CYLINDRICAL_SURFACE('',#5712,0.55);
#5712 = AXIS2_PLACEMENT_3D('',#5713,#5714,#5715);
#5713 = CARTESIAN_POINT('',(2.54,-21.59,-4.6E-02));
#5714 = DIRECTION('',(-0.,-0.,-1.));
#5715 = DIRECTION('',(-0.,-1.,0.));
#5716 = ADVANCED_FACE('',(#5717),#5728,.F.);
#5717 = FACE_BOUND('',#5718,.T.);
#5718 = EDGE_LOOP('',(#5719,#5720,#5726,#5727));
#5719 = ORIENTED_EDGE('',*,*,#2990,.T.);
#5720 = ORIENTED_EDGE('',*,*,#5721,.T.);
#5721 = EDGE_CURVE('',#2991,#4231,#5722,.T.);
#5722 = LINE('',#5723,#5724);
#5723 = CARTESIAN_POINT('',(2.54,-19.6,-4.6E-02));
#5724 = VECTOR('',#5725,1.);
#5725 = DIRECTION('',(0.,0.,1.));
#5726 = ORIENTED_EDGE('',*,*,#4230,.F.);
#5727 = ORIENTED_EDGE('',*,*,#5721,.F.);
#5728 = CYLINDRICAL_SURFACE('',#5729,0.55);
#5729 = AXIS2_PLACEMENT_3D('',#5730,#5731,#5732);
#5730 = CARTESIAN_POINT('',(2.54,-19.05,-4.6E-02));
#5731 = DIRECTION('',(-0.,-0.,-1.));
#5732 = DIRECTION('',(-0.,-1.,0.));
#5733 = ADVANCED_FACE('',(#5734),#5745,.F.);
#5734 = FACE_BOUND('',#5735,.T.);
#5735 = EDGE_LOOP('',(#5736,#5737,#5743,#5744));
#5736 = ORIENTED_EDGE('',*,*,#3001,.T.);
#5737 = ORIENTED_EDGE('',*,*,#5738,.T.);
#5738 = EDGE_CURVE('',#3002,#4242,#5739,.T.);
#5739 = LINE('',#5740,#5741);
#5740 = CARTESIAN_POINT('',(2.54,-17.06,-4.6E-02));
#5741 = VECTOR('',#5742,1.);
#5742 = DIRECTION('',(0.,0.,1.));
#5743 = ORIENTED_EDGE('',*,*,#4241,.F.);
#5744 = ORIENTED_EDGE('',*,*,#5738,.F.);
#5745 = CYLINDRICAL_SURFACE('',#5746,0.55);
#5746 = AXIS2_PLACEMENT_3D('',#5747,#5748,#5749);
#5747 = CARTESIAN_POINT('',(2.54,-16.51,-4.6E-02));
#5748 = DIRECTION('',(-0.,-0.,-1.));
#5749 = DIRECTION('',(-0.,-1.,0.));
#5750 = ADVANCED_FACE('',(#5751),#5762,.F.);
#5751 = FACE_BOUND('',#5752,.T.);
#5752 = EDGE_LOOP('',(#5753,#5754,#5760,#5761));
#5753 = ORIENTED_EDGE('',*,*,#3012,.T.);
#5754 = ORIENTED_EDGE('',*,*,#5755,.T.);
#5755 = EDGE_CURVE('',#3013,#4253,#5756,.T.);
#5756 = LINE('',#5757,#5758);
#5757 = CARTESIAN_POINT('',(2.54,-14.52,-4.6E-02));
#5758 = VECTOR('',#5759,1.);
#5759 = DIRECTION('',(0.,0.,1.));
#5760 = ORIENTED_EDGE('',*,*,#4252,.F.);
#5761 = ORIENTED_EDGE('',*,*,#5755,.F.);
#5762 = CYLINDRICAL_SURFACE('',#5763,0.55);
#5763 = AXIS2_PLACEMENT_3D('',#5764,#5765,#5766);
#5764 = CARTESIAN_POINT('',(2.54,-13.97,-4.6E-02));
#5765 = DIRECTION('',(-0.,-0.,-1.));
#5766 = DIRECTION('',(-0.,-1.,0.));
#5767 = ADVANCED_FACE('',(#5768),#5779,.F.);
#5768 = FACE_BOUND('',#5769,.T.);
#5769 = EDGE_LOOP('',(#5770,#5771,#5777,#5778));
#5770 = ORIENTED_EDGE('',*,*,#3023,.T.);
#5771 = ORIENTED_EDGE('',*,*,#5772,.T.);
#5772 = EDGE_CURVE('',#3024,#4264,#5773,.T.);
#5773 = LINE('',#5774,#5775);
#5774 = CARTESIAN_POINT('',(-2.157041537714E-32,-11.98,-4.6E-02));
#5775 = VECTOR('',#5776,1.);
#5776 = DIRECTION('',(0.,0.,1.));
#5777 = ORIENTED_EDGE('',*,*,#4263,.F.);
#5778 = ORIENTED_EDGE('',*,*,#5772,.F.);
#5779 = CYLINDRICAL_SURFACE('',#5780,0.55);
#5780 = AXIS2_PLACEMENT_3D('',#5781,#5782,#5783);
#5781 = CARTESIAN_POINT('',(-2.775557561563E-17,-11.43,-4.6E-02));
#5782 = DIRECTION('',(-0.,0.,-1.));
#5783 = DIRECTION('',(5.046468293751E-17,-1.,-0.));
#5784 = ADVANCED_FACE('',(#5785),#5796,.F.);
#5785 = FACE_BOUND('',#5786,.T.);
#5786 = EDGE_LOOP('',(#5787,#5788,#5794,#5795));
#5787 = ORIENTED_EDGE('',*,*,#3034,.T.);
#5788 = ORIENTED_EDGE('',*,*,#5789,.T.);
#5789 = EDGE_CURVE('',#3035,#4275,#5790,.T.);
#5790 = LINE('',#5791,#5792);
#5791 = CARTESIAN_POINT('',(0.,-9.44,-4.6E-02));
#5792 = VECTOR('',#5793,1.);
#5793 = DIRECTION('',(0.,0.,1.));
#5794 = ORIENTED_EDGE('',*,*,#4274,.F.);
#5795 = ORIENTED_EDGE('',*,*,#5789,.F.);
#5796 = CYLINDRICAL_SURFACE('',#5797,0.55);
#5797 = AXIS2_PLACEMENT_3D('',#5798,#5799,#5800);
#5798 = CARTESIAN_POINT('',(0.,-8.89,-4.6E-02));
#5799 = DIRECTION('',(-0.,-0.,-1.));
#5800 = DIRECTION('',(-0.,-1.,0.));
#5801 = ADVANCED_FACE('',(#5802),#5813,.F.);
#5802 = FACE_BOUND('',#5803,.T.);
#5803 = EDGE_LOOP('',(#5804,#5805,#5811,#5812));
#5804 = ORIENTED_EDGE('',*,*,#3045,.T.);
#5805 = ORIENTED_EDGE('',*,*,#5806,.T.);
#5806 = EDGE_CURVE('',#3046,#4286,#5807,.T.);
#5807 = LINE('',#5808,#5809);
#5808 = CARTESIAN_POINT('',(6.162975822039E-33,-6.9,-4.6E-02));
#5809 = VECTOR('',#5810,1.);
#5810 = DIRECTION('',(0.,0.,1.));
#5811 = ORIENTED_EDGE('',*,*,#4285,.F.);
#5812 = ORIENTED_EDGE('',*,*,#5806,.F.);
#5813 = CYLINDRICAL_SURFACE('',#5814,0.55);
#5814 = AXIS2_PLACEMENT_3D('',#5815,#5816,#5817);
#5815 = CARTESIAN_POINT('',(-2.775557561563E-17,-6.35,-4.6E-02));
#5816 = DIRECTION('',(-0.,0.,-1.));
#5817 = DIRECTION('',(5.046468293751E-17,-1.,-0.));
#5818 = ADVANCED_FACE('',(#5819),#5830,.F.);
#5819 = FACE_BOUND('',#5820,.T.);
#5820 = EDGE_LOOP('',(#5821,#5822,#5828,#5829));
#5821 = ORIENTED_EDGE('',*,*,#3056,.T.);
#5822 = ORIENTED_EDGE('',*,*,#5823,.T.);
#5823 = EDGE_CURVE('',#3057,#4297,#5824,.T.);
#5824 = LINE('',#5825,#5826);
#5825 = CARTESIAN_POINT('',(0.,-4.36,-4.6E-02));
#5826 = VECTOR('',#5827,1.);
#5827 = DIRECTION('',(0.,0.,1.));
#5828 = ORIENTED_EDGE('',*,*,#4296,.F.);
#5829 = ORIENTED_EDGE('',*,*,#5823,.F.);
#5830 = CYLINDRICAL_SURFACE('',#5831,0.55);
#5831 = AXIS2_PLACEMENT_3D('',#5832,#5833,#5834);
#5832 = CARTESIAN_POINT('',(0.,-3.81,-4.6E-02));
#5833 = DIRECTION('',(-0.,-0.,-1.));
#5834 = DIRECTION('',(-0.,-1.,0.));
#5835 = ADVANCED_FACE('',(#5836),#5847,.F.);
#5836 = FACE_BOUND('',#5837,.T.);
#5837 = EDGE_LOOP('',(#5838,#5839,#5845,#5846));
#5838 = ORIENTED_EDGE('',*,*,#3067,.T.);
#5839 = ORIENTED_EDGE('',*,*,#5840,.T.);
#5840 = EDGE_CURVE('',#3068,#4308,#5841,.T.);
#5841 = LINE('',#5842,#5843);
#5842 = CARTESIAN_POINT('',(-2.465190328816E-32,-1.82,-4.6E-02));
#5843 = VECTOR('',#5844,1.);
#5844 = DIRECTION('',(0.,0.,1.));
#5845 = ORIENTED_EDGE('',*,*,#4307,.F.);
#5846 = ORIENTED_EDGE('',*,*,#5840,.F.);
#5847 = CYLINDRICAL_SURFACE('',#5848,0.55);
#5848 = AXIS2_PLACEMENT_3D('',#5849,#5850,#5851);
#5849 = CARTESIAN_POINT('',(-8.326672684689E-17,-1.27,-4.6E-02));
#5850 = DIRECTION('',(-0.,0.,-1.));
#5851 = DIRECTION('',(1.513940488125E-16,-1.,-0.));
#5852 = ADVANCED_FACE('',(#5853),#5864,.F.);
#5853 = FACE_BOUND('',#5854,.T.);
#5854 = EDGE_LOOP('',(#5855,#5856,#5862,#5863));
#5855 = ORIENTED_EDGE('',*,*,#3078,.T.);
#5856 = ORIENTED_EDGE('',*,*,#5857,.T.);
#5857 = EDGE_CURVE('',#3079,#4319,#5858,.T.);
#5858 = LINE('',#5859,#5860);
#5859 = CARTESIAN_POINT('',(2.54,-11.98,-4.6E-02));
#5860 = VECTOR('',#5861,1.);
#5861 = DIRECTION('',(0.,0.,1.));
#5862 = ORIENTED_EDGE('',*,*,#4318,.F.);
#5863 = ORIENTED_EDGE('',*,*,#5857,.F.);
#5864 = CYLINDRICAL_SURFACE('',#5865,0.55);
#5865 = AXIS2_PLACEMENT_3D('',#5866,#5867,#5868);
#5866 = CARTESIAN_POINT('',(2.54,-11.43,-4.6E-02));
#5867 = DIRECTION('',(-0.,-0.,-1.));
#5868 = DIRECTION('',(-0.,-1.,0.));
#5869 = ADVANCED_FACE('',(#5870),#5881,.F.);
#5870 = FACE_BOUND('',#5871,.T.);
#5871 = EDGE_LOOP('',(#5872,#5873,#5879,#5880));
#5872 = ORIENTED_EDGE('',*,*,#3089,.T.);
#5873 = ORIENTED_EDGE('',*,*,#5874,.T.);
#5874 = EDGE_CURVE('',#3090,#4330,#5875,.T.);
#5875 = LINE('',#5876,#5877);
#5876 = CARTESIAN_POINT('',(2.54,-9.44,-4.6E-02));
#5877 = VECTOR('',#5878,1.);
#5878 = DIRECTION('',(0.,0.,1.));
#5879 = ORIENTED_EDGE('',*,*,#4329,.F.);
#5880 = ORIENTED_EDGE('',*,*,#5874,.F.);
#5881 = CYLINDRICAL_SURFACE('',#5882,0.55);
#5882 = AXIS2_PLACEMENT_3D('',#5883,#5884,#5885);
#5883 = CARTESIAN_POINT('',(2.54,-8.89,-4.6E-02));
#5884 = DIRECTION('',(-0.,-0.,-1.));
#5885 = DIRECTION('',(-0.,-1.,0.));
#5886 = ADVANCED_FACE('',(#5887),#5898,.F.);
#5887 = FACE_BOUND('',#5888,.T.);
#5888 = EDGE_LOOP('',(#5889,#5890,#5896,#5897));
#5889 = ORIENTED_EDGE('',*,*,#3100,.T.);
#5890 = ORIENTED_EDGE('',*,*,#5891,.T.);
#5891 = EDGE_CURVE('',#3101,#4341,#5892,.T.);
#5892 = LINE('',#5893,#5894);
#5893 = CARTESIAN_POINT('',(2.54,-6.9,-4.6E-02));
#5894 = VECTOR('',#5895,1.);
#5895 = DIRECTION('',(0.,0.,1.));
#5896 = ORIENTED_EDGE('',*,*,#4340,.F.);
#5897 = ORIENTED_EDGE('',*,*,#5891,.F.);
#5898 = CYLINDRICAL_SURFACE('',#5899,0.55);
#5899 = AXIS2_PLACEMENT_3D('',#5900,#5901,#5902);
#5900 = CARTESIAN_POINT('',(2.54,-6.35,-4.6E-02));
#5901 = DIRECTION('',(-0.,-0.,-1.));
#5902 = DIRECTION('',(-0.,-1.,0.));
#5903 = ADVANCED_FACE('',(#5904),#5915,.F.);
#5904 = FACE_BOUND('',#5905,.T.);
#5905 = EDGE_LOOP('',(#5906,#5907,#5913,#5914));
#5906 = ORIENTED_EDGE('',*,*,#3111,.T.);
#5907 = ORIENTED_EDGE('',*,*,#5908,.T.);
#5908 = EDGE_CURVE('',#3112,#4352,#5909,.T.);
#5909 = LINE('',#5910,#5911);
#5910 = CARTESIAN_POINT('',(2.54,-4.36,-4.6E-02));
#5911 = VECTOR('',#5912,1.);
#5912 = DIRECTION('',(0.,0.,1.));
#5913 = ORIENTED_EDGE('',*,*,#4351,.F.);
#5914 = ORIENTED_EDGE('',*,*,#5908,.F.);
#5915 = CYLINDRICAL_SURFACE('',#5916,0.55);
#5916 = AXIS2_PLACEMENT_3D('',#5917,#5918,#5919);
#5917 = CARTESIAN_POINT('',(2.54,-3.81,-4.6E-02));
#5918 = DIRECTION('',(-0.,-0.,-1.));
#5919 = DIRECTION('',(-0.,-1.,0.));
#5920 = ADVANCED_FACE('',(#5921),#5932,.F.);
#5921 = FACE_BOUND('',#5922,.T.);
#5922 = EDGE_LOOP('',(#5923,#5924,#5930,#5931));
#5923 = ORIENTED_EDGE('',*,*,#3122,.T.);
#5924 = ORIENTED_EDGE('',*,*,#5925,.T.);
#5925 = EDGE_CURVE('',#3123,#4363,#5926,.T.);
#5926 = LINE('',#5927,#5928);
#5927 = CARTESIAN_POINT('',(2.54,-1.82,-4.6E-02));
#5928 = VECTOR('',#5929,1.);
#5929 = DIRECTION('',(0.,0.,1.));
#5930 = ORIENTED_EDGE('',*,*,#4362,.F.);
#5931 = ORIENTED_EDGE('',*,*,#5925,.F.);
#5932 = CYLINDRICAL_SURFACE('',#5933,0.55);
#5933 = AXIS2_PLACEMENT_3D('',#5934,#5935,#5936);
#5934 = CARTESIAN_POINT('',(2.54,-1.27,-4.6E-02));
#5935 = DIRECTION('',(-0.,-0.,-1.));
#5936 = DIRECTION('',(-0.,-1.,0.));
#5937 = ADVANCED_FACE('',(#5938),#5949,.F.);
#5938 = FACE_BOUND('',#5939,.T.);
#5939 = EDGE_LOOP('',(#5940,#5941,#5947,#5948));
#5940 = ORIENTED_EDGE('',*,*,#3133,.T.);
#5941 = ORIENTED_EDGE('',*,*,#5942,.T.);
#5942 = EDGE_CURVE('',#3134,#4374,#5943,.T.);
#5943 = LINE('',#5944,#5945);
#5944 = CARTESIAN_POINT('',(7.7,-34.6,-4.6E-02));
#5945 = VECTOR('',#5946,1.);
#5946 = DIRECTION('',(0.,0.,1.));
#5947 = ORIENTED_EDGE('',*,*,#4373,.F.);
#5948 = ORIENTED_EDGE('',*,*,#5942,.F.);
#5949 = CYLINDRICAL_SURFACE('',#5950,1.1);
#5950 = AXIS2_PLACEMENT_3D('',#5951,#5952,#5953);
#5951 = CARTESIAN_POINT('',(7.7,-33.5,-4.6E-02));
#5952 = DIRECTION('',(-0.,-0.,-1.));
#5953 = DIRECTION('',(-0.,-1.,0.));
#5954 = ADVANCED_FACE('',(#5955),#5966,.F.);
#5955 = FACE_BOUND('',#5956,.T.);
#5956 = EDGE_LOOP('',(#5957,#5958,#5964,#5965));
#5957 = ORIENTED_EDGE('',*,*,#3144,.T.);
#5958 = ORIENTED_EDGE('',*,*,#5959,.T.);
#5959 = EDGE_CURVE('',#3145,#4385,#5960,.T.);
#5960 = LINE('',#5961,#5962);
#5961 = CARTESIAN_POINT('',(7.7,-26.6,-4.6E-02));
#5962 = VECTOR('',#5963,1.);
#5963 = DIRECTION('',(0.,0.,1.));
#5964 = ORIENTED_EDGE('',*,*,#4384,.F.);
#5965 = ORIENTED_EDGE('',*,*,#5959,.F.);
#5966 = CYLINDRICAL_SURFACE('',#5967,1.1);
#5967 = AXIS2_PLACEMENT_3D('',#5968,#5969,#5970);
#5968 = CARTESIAN_POINT('',(7.7,-25.5,-4.6E-02));
#5969 = DIRECTION('',(-0.,-0.,-1.));
#5970 = DIRECTION('',(-0.,-1.,0.));
#5971 = ADVANCED_FACE('',(#5972),#5983,.F.);
#5972 = FACE_BOUND('',#5973,.T.);
#5973 = EDGE_LOOP('',(#5974,#5975,#5981,#5982));
#5974 = ORIENTED_EDGE('',*,*,#3155,.T.);
#5975 = ORIENTED_EDGE('',*,*,#5976,.T.);
#5976 = EDGE_CURVE('',#3156,#4396,#5977,.T.);
#5977 = LINE('',#5978,#5979);
#5978 = CARTESIAN_POINT('',(7.7,-18.6,-4.6E-02));
#5979 = VECTOR('',#5980,1.);
#5980 = DIRECTION('',(0.,0.,1.));
#5981 = ORIENTED_EDGE('',*,*,#4395,.F.);
#5982 = ORIENTED_EDGE('',*,*,#5976,.F.);
#5983 = CYLINDRICAL_SURFACE('',#5984,1.1);
#5984 = AXIS2_PLACEMENT_3D('',#5985,#5986,#5987);
#5985 = CARTESIAN_POINT('',(7.7,-17.5,-4.6E-02));
#5986 = DIRECTION('',(-0.,-0.,-1.));
#5987 = DIRECTION('',(-0.,-1.,0.));
#5988 = ADVANCED_FACE('',(#5989),#6000,.F.);
#5989 = FACE_BOUND('',#5990,.T.);
#5990 = EDGE_LOOP('',(#5991,#5992,#5998,#5999));
#5991 = ORIENTED_EDGE('',*,*,#3166,.T.);
#5992 = ORIENTED_EDGE('',*,*,#5993,.T.);
#5993 = EDGE_CURVE('',#3167,#4407,#5994,.T.);
#5994 = LINE('',#5995,#5996);
#5995 = CARTESIAN_POINT('',(6.7,-2.905,-4.6E-02));
#5996 = VECTOR('',#5997,1.);
#5997 = DIRECTION('',(0.,0.,1.));
#5998 = ORIENTED_EDGE('',*,*,#4406,.F.);
#5999 = ORIENTED_EDGE('',*,*,#5993,.F.);
#6000 = CYLINDRICAL_SURFACE('',#6001,0.355);
#6001 = AXIS2_PLACEMENT_3D('',#6002,#6003,#6004);
#6002 = CARTESIAN_POINT('',(6.7,-2.55,-4.6E-02));
#6003 = DIRECTION('',(-0.,0.,-1.));
#6004 = DIRECTION('',(2.501911041409E-15,-1.,-0.));
#6005 = ADVANCED_FACE('',(#6006),#6017,.F.);
#6006 = FACE_BOUND('',#6007,.T.);
#6007 = EDGE_LOOP('',(#6008,#6009,#6015,#6016));
#6008 = ORIENTED_EDGE('',*,*,#3177,.T.);
#6009 = ORIENTED_EDGE('',*,*,#6010,.T.);
#6010 = EDGE_CURVE('',#3178,#4418,#6011,.T.);
#6011 = LINE('',#6012,#6013);
#6012 = CARTESIAN_POINT('',(7.7,-10.6,-4.6E-02));
#6013 = VECTOR('',#6014,1.);
#6014 = DIRECTION('',(0.,0.,1.));
#6015 = ORIENTED_EDGE('',*,*,#4417,.F.);
#6016 = ORIENTED_EDGE('',*,*,#6010,.F.);
#6017 = CYLINDRICAL_SURFACE('',#6018,1.1);
#6018 = AXIS2_PLACEMENT_3D('',#6019,#6020,#6021);
#6019 = CARTESIAN_POINT('',(7.7,-9.5,-4.6E-02));
#6020 = DIRECTION('',(-0.,-0.,-1.));
#6021 = DIRECTION('',(-0.,-1.,0.));
#6022 = ADVANCED_FACE('',(#6023),#6034,.F.);
#6023 = FACE_BOUND('',#6024,.T.);
#6024 = EDGE_LOOP('',(#6025,#6026,#6032,#6033));
#6025 = ORIENTED_EDGE('',*,*,#3188,.T.);
#6026 = ORIENTED_EDGE('',*,*,#6027,.T.);
#6027 = EDGE_CURVE('',#3189,#4429,#6028,.T.);
#6028 = LINE('',#6029,#6030);
#6029 = CARTESIAN_POINT('',(-2.54,0.72,-4.6E-02));
#6030 = VECTOR('',#6031,1.);
#6031 = DIRECTION('',(0.,0.,1.));
#6032 = ORIENTED_EDGE('',*,*,#4428,.F.);
#6033 = ORIENTED_EDGE('',*,*,#6027,.F.);
#6034 = CYLINDRICAL_SURFACE('',#6035,0.55);
#6035 = AXIS2_PLACEMENT_3D('',#6036,#6037,#6038);
#6036 = CARTESIAN_POINT('',(-2.54,1.27,-4.6E-02));
#6037 = DIRECTION('',(-0.,-0.,-1.));
#6038 = DIRECTION('',(-0.,-1.,0.));
#6039 = ADVANCED_FACE('',(#6040),#6051,.F.);
#6040 = FACE_BOUND('',#6041,.T.);
#6041 = EDGE_LOOP('',(#6042,#6043,#6049,#6050));
#6042 = ORIENTED_EDGE('',*,*,#3199,.T.);
#6043 = ORIENTED_EDGE('',*,*,#6044,.T.);
#6044 = EDGE_CURVE('',#3200,#4440,#6045,.T.);
#6045 = LINE('',#6046,#6047);
#6046 = CARTESIAN_POINT('',(-2.54,3.26,-4.6E-02));
#6047 = VECTOR('',#6048,1.);
#6048 = DIRECTION('',(0.,0.,1.));
#6049 = ORIENTED_EDGE('',*,*,#4439,.F.);
#6050 = ORIENTED_EDGE('',*,*,#6044,.F.);
#6051 = CYLINDRICAL_SURFACE('',#6052,0.55);
#6052 = AXIS2_PLACEMENT_3D('',#6053,#6054,#6055);
#6053 = CARTESIAN_POINT('',(-2.54,3.81,-4.6E-02));
#6054 = DIRECTION('',(-0.,-0.,-1.));
#6055 = DIRECTION('',(-0.,-1.,0.));
#6056 = ADVANCED_FACE('',(#6057),#6068,.F.);
#6057 = FACE_BOUND('',#6058,.T.);
#6058 = EDGE_LOOP('',(#6059,#6060,#6066,#6067));
#6059 = ORIENTED_EDGE('',*,*,#3210,.T.);
#6060 = ORIENTED_EDGE('',*,*,#6061,.T.);
#6061 = EDGE_CURVE('',#3211,#4451,#6062,.T.);
#6062 = LINE('',#6063,#6064);
#6063 = CARTESIAN_POINT('',(-2.54,5.8,-4.6E-02));
#6064 = VECTOR('',#6065,1.);
#6065 = DIRECTION('',(0.,0.,1.));
#6066 = ORIENTED_EDGE('',*,*,#4450,.F.);
#6067 = ORIENTED_EDGE('',*,*,#6061,.F.);
#6068 = CYLINDRICAL_SURFACE('',#6069,0.55);
#6069 = AXIS2_PLACEMENT_3D('',#6070,#6071,#6072);
#6070 = CARTESIAN_POINT('',(-2.54,6.35,-4.6E-02));
#6071 = DIRECTION('',(-0.,-0.,-1.));
#6072 = DIRECTION('',(-0.,-1.,0.));
#6073 = ADVANCED_FACE('',(#6074),#6085,.F.);
#6074 = FACE_BOUND('',#6075,.T.);
#6075 = EDGE_LOOP('',(#6076,#6077,#6083,#6084));
#6076 = ORIENTED_EDGE('',*,*,#3221,.T.);
#6077 = ORIENTED_EDGE('',*,*,#6078,.T.);
#6078 = EDGE_CURVE('',#3222,#4462,#6079,.T.);
#6079 = LINE('',#6080,#6081);
#6080 = CARTESIAN_POINT('',(-2.54,8.34,-4.6E-02));
#6081 = VECTOR('',#6082,1.);
#6082 = DIRECTION('',(0.,0.,1.));
#6083 = ORIENTED_EDGE('',*,*,#4461,.F.);
#6084 = ORIENTED_EDGE('',*,*,#6078,.F.);
#6085 = CYLINDRICAL_SURFACE('',#6086,0.55);
#6086 = AXIS2_PLACEMENT_3D('',#6087,#6088,#6089);
#6087 = CARTESIAN_POINT('',(-2.54,8.89,-4.6E-02));
#6088 = DIRECTION('',(-0.,-0.,-1.));
#6089 = DIRECTION('',(-0.,-1.,0.));
#6090 = ADVANCED_FACE('',(#6091),#6102,.F.);
#6091 = FACE_BOUND('',#6092,.T.);
#6092 = EDGE_LOOP('',(#6093,#6094,#6100,#6101));
#6093 = ORIENTED_EDGE('',*,*,#3232,.T.);
#6094 = ORIENTED_EDGE('',*,*,#6095,.T.);
#6095 = EDGE_CURVE('',#3233,#4473,#6096,.T.);
#6096 = LINE('',#6097,#6098);
#6097 = CARTESIAN_POINT('',(-2.54,10.88,-4.6E-02));
#6098 = VECTOR('',#6099,1.);
#6099 = DIRECTION('',(0.,0.,1.));
#6100 = ORIENTED_EDGE('',*,*,#4472,.F.);
#6101 = ORIENTED_EDGE('',*,*,#6095,.F.);
#6102 = CYLINDRICAL_SURFACE('',#6103,0.55);
#6103 = AXIS2_PLACEMENT_3D('',#6104,#6105,#6106);
#6104 = CARTESIAN_POINT('',(-2.54,11.43,-4.6E-02));
#6105 = DIRECTION('',(-0.,-0.,-1.));
#6106 = DIRECTION('',(-0.,-1.,0.));
#6107 = ADVANCED_FACE('',(#6108),#6119,.F.);
#6108 = FACE_BOUND('',#6109,.T.);
#6109 = EDGE_LOOP('',(#6110,#6111,#6117,#6118));
#6110 = ORIENTED_EDGE('',*,*,#3243,.T.);
#6111 = ORIENTED_EDGE('',*,*,#6112,.T.);
#6112 = EDGE_CURVE('',#3244,#4484,#6113,.T.);
#6113 = LINE('',#6114,#6115);
#6114 = CARTESIAN_POINT('',(-2.54,13.42,-4.6E-02));
#6115 = VECTOR('',#6116,1.);
#6116 = DIRECTION('',(0.,0.,1.));
#6117 = ORIENTED_EDGE('',*,*,#4483,.F.);
#6118 = ORIENTED_EDGE('',*,*,#6112,.F.);
#6119 = CYLINDRICAL_SURFACE('',#6120,0.55);
#6120 = AXIS2_PLACEMENT_3D('',#6121,#6122,#6123);
#6121 = CARTESIAN_POINT('',(-2.54,13.97,-4.6E-02));
#6122 = DIRECTION('',(-0.,-0.,-1.));
#6123 = DIRECTION('',(-0.,-1.,0.));
#6124 = ADVANCED_FACE('',(#6125),#6136,.F.);
#6125 = FACE_BOUND('',#6126,.T.);
#6126 = EDGE_LOOP('',(#6127,#6128,#6134,#6135));
#6127 = ORIENTED_EDGE('',*,*,#3254,.T.);
#6128 = ORIENTED_EDGE('',*,*,#6129,.T.);
#6129 = EDGE_CURVE('',#3255,#4495,#6130,.T.);
#6130 = LINE('',#6131,#6132);
#6131 = CARTESIAN_POINT('',(-2.54,15.96,-4.6E-02));
#6132 = VECTOR('',#6133,1.);
#6133 = DIRECTION('',(0.,0.,1.));
#6134 = ORIENTED_EDGE('',*,*,#4494,.F.);
#6135 = ORIENTED_EDGE('',*,*,#6129,.F.);
#6136 = CYLINDRICAL_SURFACE('',#6137,0.55);
#6137 = AXIS2_PLACEMENT_3D('',#6138,#6139,#6140);
#6138 = CARTESIAN_POINT('',(-2.54,16.51,-4.6E-02));
#6139 = DIRECTION('',(-0.,-0.,-1.));
#6140 = DIRECTION('',(-0.,-1.,0.));
#6141 = ADVANCED_FACE('',(#6142),#6153,.F.);
#6142 = FACE_BOUND('',#6143,.T.);
#6143 = EDGE_LOOP('',(#6144,#6145,#6151,#6152));
#6144 = ORIENTED_EDGE('',*,*,#3265,.T.);
#6145 = ORIENTED_EDGE('',*,*,#6146,.T.);
#6146 = EDGE_CURVE('',#3266,#4506,#6147,.T.);
#6147 = LINE('',#6148,#6149);
#6148 = CARTESIAN_POINT('',(-2.54,18.5,-4.6E-02));
#6149 = VECTOR('',#6150,1.);
#6150 = DIRECTION('',(0.,0.,1.));
#6151 = ORIENTED_EDGE('',*,*,#4505,.F.);
#6152 = ORIENTED_EDGE('',*,*,#6146,.F.);
#6153 = CYLINDRICAL_SURFACE('',#6154,0.55);
#6154 = AXIS2_PLACEMENT_3D('',#6155,#6156,#6157);
#6155 = CARTESIAN_POINT('',(-2.54,19.05,-4.6E-02));
#6156 = DIRECTION('',(-0.,-0.,-1.));
#6157 = DIRECTION('',(-0.,-1.,0.));
#6158 = ADVANCED_FACE('',(#6159),#6170,.F.);
#6159 = FACE_BOUND('',#6160,.T.);
#6160 = EDGE_LOOP('',(#6161,#6162,#6168,#6169));
#6161 = ORIENTED_EDGE('',*,*,#3276,.T.);
#6162 = ORIENTED_EDGE('',*,*,#6163,.T.);
#6163 = EDGE_CURVE('',#3277,#4517,#6164,.T.);
#6164 = LINE('',#6165,#6166);
#6165 = CARTESIAN_POINT('',(-2.54,21.04,-4.6E-02));
#6166 = VECTOR('',#6167,1.);
#6167 = DIRECTION('',(0.,0.,1.));
#6168 = ORIENTED_EDGE('',*,*,#4516,.F.);
#6169 = ORIENTED_EDGE('',*,*,#6163,.F.);
#6170 = CYLINDRICAL_SURFACE('',#6171,0.55);
#6171 = AXIS2_PLACEMENT_3D('',#6172,#6173,#6174);
#6172 = CARTESIAN_POINT('',(-2.54,21.59,-4.6E-02));
#6173 = DIRECTION('',(-0.,-0.,-1.));
#6174 = DIRECTION('',(-0.,-1.,0.));
#6175 = ADVANCED_FACE('',(#6176),#6187,.F.);
#6176 = FACE_BOUND('',#6177,.T.);
#6177 = EDGE_LOOP('',(#6178,#6179,#6185,#6186));
#6178 = ORIENTED_EDGE('',*,*,#3287,.T.);
#6179 = ORIENTED_EDGE('',*,*,#6180,.T.);
#6180 = EDGE_CURVE('',#3288,#4528,#6181,.T.);
#6181 = LINE('',#6182,#6183);
#6182 = CARTESIAN_POINT('',(0.,0.72,-4.6E-02));
#6183 = VECTOR('',#6184,1.);
#6184 = DIRECTION('',(0.,0.,1.));
#6185 = ORIENTED_EDGE('',*,*,#4527,.F.);
#6186 = ORIENTED_EDGE('',*,*,#6180,.F.);
#6187 = CYLINDRICAL_SURFACE('',#6188,0.55);
#6188 = AXIS2_PLACEMENT_3D('',#6189,#6190,#6191);
#6189 = CARTESIAN_POINT('',(-5.551115123126E-17,1.27,-4.6E-02));
#6190 = DIRECTION('',(-0.,0.,-1.));
#6191 = DIRECTION('',(1.00929365875E-16,-1.,-0.));
#6192 = ADVANCED_FACE('',(#6193),#6204,.F.);
#6193 = FACE_BOUND('',#6194,.T.);
#6194 = EDGE_LOOP('',(#6195,#6196,#6202,#6203));
#6195 = ORIENTED_EDGE('',*,*,#3298,.T.);
#6196 = ORIENTED_EDGE('',*,*,#6197,.T.);
#6197 = EDGE_CURVE('',#3299,#4539,#6198,.T.);
#6198 = LINE('',#6199,#6200);
#6199 = CARTESIAN_POINT('',(0.,3.26,-4.6E-02));
#6200 = VECTOR('',#6201,1.);
#6201 = DIRECTION('',(0.,0.,1.));
#6202 = ORIENTED_EDGE('',*,*,#4538,.F.);
#6203 = ORIENTED_EDGE('',*,*,#6197,.F.);
#6204 = CYLINDRICAL_SURFACE('',#6205,0.55);
#6205 = AXIS2_PLACEMENT_3D('',#6206,#6207,#6208);
#6206 = CARTESIAN_POINT('',(0.,3.81,-4.6E-02));
#6207 = DIRECTION('',(-0.,-0.,-1.));
#6208 = DIRECTION('',(-0.,-1.,0.));
#6209 = ADVANCED_FACE('',(#6210),#6221,.F.);
#6210 = FACE_BOUND('',#6211,.T.);
#6211 = EDGE_LOOP('',(#6212,#6213,#6219,#6220));
#6212 = ORIENTED_EDGE('',*,*,#3309,.T.);
#6213 = ORIENTED_EDGE('',*,*,#6214,.T.);
#6214 = EDGE_CURVE('',#3310,#4550,#6215,.T.);
#6215 = LINE('',#6216,#6217);
#6216 = CARTESIAN_POINT('',(-6.162975822039E-33,5.8,-4.6E-02));
#6217 = VECTOR('',#6218,1.);
#6218 = DIRECTION('',(0.,0.,1.));
#6219 = ORIENTED_EDGE('',*,*,#4549,.F.);
#6220 = ORIENTED_EDGE('',*,*,#6214,.F.);
#6221 = CYLINDRICAL_SURFACE('',#6222,0.55);
#6222 = AXIS2_PLACEMENT_3D('',#6223,#6224,#6225);
#6223 = CARTESIAN_POINT('',(2.775557561563E-17,6.35,-4.6E-02));
#6224 = DIRECTION('',(-0.,-0.,-1.));
#6225 = DIRECTION('',(-5.046468293751E-17,-1.,0.));
#6226 = ADVANCED_FACE('',(#6227),#6238,.F.);
#6227 = FACE_BOUND('',#6228,.T.);
#6228 = EDGE_LOOP('',(#6229,#6230,#6236,#6237));
#6229 = ORIENTED_EDGE('',*,*,#3320,.T.);
#6230 = ORIENTED_EDGE('',*,*,#6231,.T.);
#6231 = EDGE_CURVE('',#3321,#4561,#6232,.T.);
#6232 = LINE('',#6233,#6234);
#6233 = CARTESIAN_POINT('',(-2.157041537714E-32,8.34,-4.6E-02));
#6234 = VECTOR('',#6235,1.);
#6235 = DIRECTION('',(0.,0.,1.));
#6236 = ORIENTED_EDGE('',*,*,#4560,.F.);
#6237 = ORIENTED_EDGE('',*,*,#6231,.F.);
#6238 = CYLINDRICAL_SURFACE('',#6239,0.55);
#6239 = AXIS2_PLACEMENT_3D('',#6240,#6241,#6242);
#6240 = CARTESIAN_POINT('',(-2.775557561563E-17,8.89,-4.6E-02));
#6241 = DIRECTION('',(-0.,0.,-1.));
#6242 = DIRECTION('',(5.046468293751E-17,-1.,-0.));
#6243 = ADVANCED_FACE('',(#6244),#6255,.F.);
#6244 = FACE_BOUND('',#6245,.T.);
#6245 = EDGE_LOOP('',(#6246,#6247,#6253,#6254));
#6246 = ORIENTED_EDGE('',*,*,#3331,.T.);
#6247 = ORIENTED_EDGE('',*,*,#6248,.T.);
#6248 = EDGE_CURVE('',#3332,#4572,#6249,.T.);
#6249 = LINE('',#6250,#6251);
#6250 = CARTESIAN_POINT('',(0.,10.88,-4.6E-02));
#6251 = VECTOR('',#6252,1.);
#6252 = DIRECTION('',(0.,0.,1.));
#6253 = ORIENTED_EDGE('',*,*,#4571,.F.);
#6254 = ORIENTED_EDGE('',*,*,#6248,.F.);
#6255 = CYLINDRICAL_SURFACE('',#6256,0.55);
#6256 = AXIS2_PLACEMENT_3D('',#6257,#6258,#6259);
#6257 = CARTESIAN_POINT('',(0.,11.43,-4.6E-02));
#6258 = DIRECTION('',(-0.,-0.,-1.));
#6259 = DIRECTION('',(-0.,-1.,0.));
#6260 = ADVANCED_FACE('',(#6261),#6272,.F.);
#6261 = FACE_BOUND('',#6262,.T.);
#6262 = EDGE_LOOP('',(#6263,#6264,#6270,#6271));
#6263 = ORIENTED_EDGE('',*,*,#3342,.T.);
#6264 = ORIENTED_EDGE('',*,*,#6265,.T.);
#6265 = EDGE_CURVE('',#3343,#4583,#6266,.T.);
#6266 = LINE('',#6267,#6268);
#6267 = CARTESIAN_POINT('',(2.54,0.72,-4.6E-02));
#6268 = VECTOR('',#6269,1.);
#6269 = DIRECTION('',(0.,0.,1.));
#6270 = ORIENTED_EDGE('',*,*,#4582,.F.);
#6271 = ORIENTED_EDGE('',*,*,#6265,.F.);
#6272 = CYLINDRICAL_SURFACE('',#6273,0.55);
#6273 = AXIS2_PLACEMENT_3D('',#6274,#6275,#6276);
#6274 = CARTESIAN_POINT('',(2.54,1.27,-4.6E-02));
#6275 = DIRECTION('',(-0.,-0.,-1.));
#6276 = DIRECTION('',(-0.,-1.,0.));
#6277 = ADVANCED_FACE('',(#6278),#6289,.F.);
#6278 = FACE_BOUND('',#6279,.T.);
#6279 = EDGE_LOOP('',(#6280,#6281,#6287,#6288));
#6280 = ORIENTED_EDGE('',*,*,#3353,.T.);
#6281 = ORIENTED_EDGE('',*,*,#6282,.T.);
#6282 = EDGE_CURVE('',#3354,#4594,#6283,.T.);
#6283 = LINE('',#6284,#6285);
#6284 = CARTESIAN_POINT('',(2.54,3.26,-4.6E-02));
#6285 = VECTOR('',#6286,1.);
#6286 = DIRECTION('',(0.,0.,1.));
#6287 = ORIENTED_EDGE('',*,*,#4593,.F.);
#6288 = ORIENTED_EDGE('',*,*,#6282,.F.);
#6289 = CYLINDRICAL_SURFACE('',#6290,0.55);
#6290 = AXIS2_PLACEMENT_3D('',#6291,#6292,#6293);
#6291 = CARTESIAN_POINT('',(2.54,3.81,-4.6E-02));
#6292 = DIRECTION('',(-0.,-0.,-1.));
#6293 = DIRECTION('',(-0.,-1.,0.));
#6294 = ADVANCED_FACE('',(#6295),#6306,.F.);
#6295 = FACE_BOUND('',#6296,.T.);
#6296 = EDGE_LOOP('',(#6297,#6298,#6304,#6305));
#6297 = ORIENTED_EDGE('',*,*,#3364,.T.);
#6298 = ORIENTED_EDGE('',*,*,#6299,.T.);
#6299 = EDGE_CURVE('',#3365,#4605,#6300,.T.);
#6300 = LINE('',#6301,#6302);
#6301 = CARTESIAN_POINT('',(2.54,5.8,-4.6E-02));
#6302 = VECTOR('',#6303,1.);
#6303 = DIRECTION('',(0.,0.,1.));
#6304 = ORIENTED_EDGE('',*,*,#4604,.F.);
#6305 = ORIENTED_EDGE('',*,*,#6299,.F.);
#6306 = CYLINDRICAL_SURFACE('',#6307,0.55);
#6307 = AXIS2_PLACEMENT_3D('',#6308,#6309,#6310);
#6308 = CARTESIAN_POINT('',(2.54,6.35,-4.6E-02));
#6309 = DIRECTION('',(-0.,-0.,-1.));
#6310 = DIRECTION('',(-0.,-1.,0.));
#6311 = ADVANCED_FACE('',(#6312),#6323,.F.);
#6312 = FACE_BOUND('',#6313,.T.);
#6313 = EDGE_LOOP('',(#6314,#6315,#6321,#6322));
#6314 = ORIENTED_EDGE('',*,*,#3375,.T.);
#6315 = ORIENTED_EDGE('',*,*,#6316,.T.);
#6316 = EDGE_CURVE('',#3376,#4616,#6317,.T.);
#6317 = LINE('',#6318,#6319);
#6318 = CARTESIAN_POINT('',(2.54,8.34,-4.6E-02));
#6319 = VECTOR('',#6320,1.);
#6320 = DIRECTION('',(0.,0.,1.));
#6321 = ORIENTED_EDGE('',*,*,#4615,.F.);
#6322 = ORIENTED_EDGE('',*,*,#6316,.F.);
#6323 = CYLINDRICAL_SURFACE('',#6324,0.55);
#6324 = AXIS2_PLACEMENT_3D('',#6325,#6326,#6327);
#6325 = CARTESIAN_POINT('',(2.54,8.89,-4.6E-02));
#6326 = DIRECTION('',(-0.,-0.,-1.));
#6327 = DIRECTION('',(-0.,-1.,0.));
#6328 = ADVANCED_FACE('',(#6329),#6340,.F.);
#6329 = FACE_BOUND('',#6330,.T.);
#6330 = EDGE_LOOP('',(#6331,#6332,#6338,#6339));
#6331 = ORIENTED_EDGE('',*,*,#3386,.T.);
#6332 = ORIENTED_EDGE('',*,*,#6333,.T.);
#6333 = EDGE_CURVE('',#3387,#4627,#6334,.T.);
#6334 = LINE('',#6335,#6336);
#6335 = CARTESIAN_POINT('',(2.54,10.88,-4.6E-02));
#6336 = VECTOR('',#6337,1.);
#6337 = DIRECTION('',(0.,0.,1.));
#6338 = ORIENTED_EDGE('',*,*,#4626,.F.);
#6339 = ORIENTED_EDGE('',*,*,#6333,.F.);
#6340 = CYLINDRICAL_SURFACE('',#6341,0.55);
#6341 = AXIS2_PLACEMENT_3D('',#6342,#6343,#6344);
#6342 = CARTESIAN_POINT('',(2.54,11.43,-4.6E-02));
#6343 = DIRECTION('',(-0.,-0.,-1.));
#6344 = DIRECTION('',(-0.,-1.,0.));
#6345 = ADVANCED_FACE('',(#6346),#6357,.F.);
#6346 = FACE_BOUND('',#6347,.T.);
#6347 = EDGE_LOOP('',(#6348,#6349,#6355,#6356));
#6348 = ORIENTED_EDGE('',*,*,#3397,.T.);
#6349 = ORIENTED_EDGE('',*,*,#6350,.T.);
#6350 = EDGE_CURVE('',#3398,#4638,#6351,.T.);
#6351 = LINE('',#6352,#6353);
#6352 = CARTESIAN_POINT('',(-2.157041537714E-32,13.42,-4.6E-02));
#6353 = VECTOR('',#6354,1.);
#6354 = DIRECTION('',(0.,0.,1.));
#6355 = ORIENTED_EDGE('',*,*,#4637,.F.);
#6356 = ORIENTED_EDGE('',*,*,#6350,.F.);
#6357 = CYLINDRICAL_SURFACE('',#6358,0.55);
#6358 = AXIS2_PLACEMENT_3D('',#6359,#6360,#6361);
#6359 = CARTESIAN_POINT('',(-2.775557561563E-17,13.97,-4.6E-02));
#6360 = DIRECTION('',(-0.,0.,-1.));
#6361 = DIRECTION('',(5.046468293751E-17,-1.,-0.));
#6362 = ADVANCED_FACE('',(#6363),#6374,.F.);
#6363 = FACE_BOUND('',#6364,.T.);
#6364 = EDGE_LOOP('',(#6365,#6366,#6372,#6373));
#6365 = ORIENTED_EDGE('',*,*,#3408,.T.);
#6366 = ORIENTED_EDGE('',*,*,#6367,.T.);
#6367 = EDGE_CURVE('',#3409,#4649,#6368,.T.);
#6368 = LINE('',#6369,#6370);
#6369 = CARTESIAN_POINT('',(1.972152263053E-31,15.96,-4.6E-02));
#6370 = VECTOR('',#6371,1.);
#6371 = DIRECTION('',(0.,0.,1.));
#6372 = ORIENTED_EDGE('',*,*,#4648,.F.);
#6373 = ORIENTED_EDGE('',*,*,#6367,.F.);
#6374 = CYLINDRICAL_SURFACE('',#6375,0.55);
#6375 = AXIS2_PLACEMENT_3D('',#6376,#6377,#6378);
#6376 = CARTESIAN_POINT('',(-5.551115123126E-17,16.51,-4.6E-02));
#6377 = DIRECTION('',(-0.,0.,-1.));
#6378 = DIRECTION('',(1.00929365875E-16,-1.,-0.));
#6379 = ADVANCED_FACE('',(#6380),#6391,.F.);
#6380 = FACE_BOUND('',#6381,.T.);
#6381 = EDGE_LOOP('',(#6382,#6383,#6389,#6390));
#6382 = ORIENTED_EDGE('',*,*,#3419,.T.);
#6383 = ORIENTED_EDGE('',*,*,#6384,.T.);
#6384 = EDGE_CURVE('',#3420,#4660,#6385,.T.);
#6385 = LINE('',#6386,#6387);
#6386 = CARTESIAN_POINT('',(1.972152263053E-31,18.5,-4.6E-02));
#6387 = VECTOR('',#6388,1.);
#6388 = DIRECTION('',(0.,0.,1.));
#6389 = ORIENTED_EDGE('',*,*,#4659,.F.);
#6390 = ORIENTED_EDGE('',*,*,#6384,.F.);
#6391 = CYLINDRICAL_SURFACE('',#6392,0.55);
#6392 = AXIS2_PLACEMENT_3D('',#6393,#6394,#6395);
#6393 = CARTESIAN_POINT('',(-5.551115123126E-17,19.05,-4.6E-02));
#6394 = DIRECTION('',(-0.,0.,-1.));
#6395 = DIRECTION('',(1.00929365875E-16,-1.,-0.));
#6396 = ADVANCED_FACE('',(#6397),#6408,.F.);
#6397 = FACE_BOUND('',#6398,.T.);
#6398 = EDGE_LOOP('',(#6399,#6400,#6406,#6407));
#6399 = ORIENTED_EDGE('',*,*,#3430,.T.);
#6400 = ORIENTED_EDGE('',*,*,#6401,.T.);
#6401 = EDGE_CURVE('',#3431,#4671,#6402,.T.);
#6402 = LINE('',#6403,#6404);
#6403 = CARTESIAN_POINT('',(1.972152263053E-31,21.04,-4.6E-02));
#6404 = VECTOR('',#6405,1.);
#6405 = DIRECTION('',(0.,0.,1.));
#6406 = ORIENTED_EDGE('',*,*,#4670,.F.);
#6407 = ORIENTED_EDGE('',*,*,#6401,.F.);
#6408 = CYLINDRICAL_SURFACE('',#6409,0.55);
#6409 = AXIS2_PLACEMENT_3D('',#6410,#6411,#6412);
#6410 = CARTESIAN_POINT('',(-5.551115123126E-17,21.59,-4.6E-02));
#6411 = DIRECTION('',(-0.,0.,-1.));
#6412 = DIRECTION('',(1.00929365875E-16,-1.,-0.));
#6413 = ADVANCED_FACE('',(#6414),#6425,.F.);
#6414 = FACE_BOUND('',#6415,.T.);
#6415 = EDGE_LOOP('',(#6416,#6417,#6423,#6424));
#6416 = ORIENTED_EDGE('',*,*,#3441,.T.);
#6417 = ORIENTED_EDGE('',*,*,#6418,.T.);
#6418 = EDGE_CURVE('',#3442,#4682,#6419,.T.);
#6419 = LINE('',#6420,#6421);
#6420 = CARTESIAN_POINT('',(2.54,13.42,-4.6E-02));
#6421 = VECTOR('',#6422,1.);
#6422 = DIRECTION('',(0.,0.,1.));
#6423 = ORIENTED_EDGE('',*,*,#4681,.F.);
#6424 = ORIENTED_EDGE('',*,*,#6418,.F.);
#6425 = CYLINDRICAL_SURFACE('',#6426,0.55);
#6426 = AXIS2_PLACEMENT_3D('',#6427,#6428,#6429);
#6427 = CARTESIAN_POINT('',(2.54,13.97,-4.6E-02));
#6428 = DIRECTION('',(-0.,-0.,-1.));
#6429 = DIRECTION('',(-0.,-1.,0.));
#6430 = ADVANCED_FACE('',(#6431),#6442,.F.);
#6431 = FACE_BOUND('',#6432,.T.);
#6432 = EDGE_LOOP('',(#6433,#6434,#6440,#6441));
#6433 = ORIENTED_EDGE('',*,*,#3452,.T.);
#6434 = ORIENTED_EDGE('',*,*,#6435,.T.);
#6435 = EDGE_CURVE('',#3453,#4693,#6436,.T.);
#6436 = LINE('',#6437,#6438);
#6437 = CARTESIAN_POINT('',(2.54,15.96,-4.6E-02));
#6438 = VECTOR('',#6439,1.);
#6439 = DIRECTION('',(0.,0.,1.));
#6440 = ORIENTED_EDGE('',*,*,#4692,.F.);
#6441 = ORIENTED_EDGE('',*,*,#6435,.F.);
#6442 = CYLINDRICAL_SURFACE('',#6443,0.55);
#6443 = AXIS2_PLACEMENT_3D('',#6444,#6445,#6446);
#6444 = CARTESIAN_POINT('',(2.54,16.51,-4.6E-02));
#6445 = DIRECTION('',(-0.,-0.,-1.));
#6446 = DIRECTION('',(-0.,-1.,0.));
#6447 = ADVANCED_FACE('',(#6448),#6459,.F.);
#6448 = FACE_BOUND('',#6449,.T.);
#6449 = EDGE_LOOP('',(#6450,#6451,#6457,#6458));
#6450 = ORIENTED_EDGE('',*,*,#3463,.T.);
#6451 = ORIENTED_EDGE('',*,*,#6452,.T.);
#6452 = EDGE_CURVE('',#3464,#4704,#6453,.T.);
#6453 = LINE('',#6454,#6455);
#6454 = CARTESIAN_POINT('',(2.54,18.5,-4.6E-02));
#6455 = VECTOR('',#6456,1.);
#6456 = DIRECTION('',(0.,0.,1.));
#6457 = ORIENTED_EDGE('',*,*,#4703,.F.);
#6458 = ORIENTED_EDGE('',*,*,#6452,.F.);
#6459 = CYLINDRICAL_SURFACE('',#6460,0.55);
#6460 = AXIS2_PLACEMENT_3D('',#6461,#6462,#6463);
#6461 = CARTESIAN_POINT('',(2.54,19.05,-4.6E-02));
#6462 = DIRECTION('',(-0.,-0.,-1.));
#6463 = DIRECTION('',(-0.,-1.,0.));
#6464 = ADVANCED_FACE('',(#6465),#6476,.F.);
#6465 = FACE_BOUND('',#6466,.T.);
#6466 = EDGE_LOOP('',(#6467,#6468,#6474,#6475));
#6467 = ORIENTED_EDGE('',*,*,#3474,.T.);
#6468 = ORIENTED_EDGE('',*,*,#6469,.T.);
#6469 = EDGE_CURVE('',#3475,#4715,#6470,.T.);
#6470 = LINE('',#6471,#6472);
#6471 = CARTESIAN_POINT('',(2.54,21.04,-4.6E-02));
#6472 = VECTOR('',#6473,1.);
#6473 = DIRECTION('',(0.,0.,1.));
#6474 = ORIENTED_EDGE('',*,*,#4714,.F.);
#6475 = ORIENTED_EDGE('',*,*,#6469,.F.);
#6476 = CYLINDRICAL_SURFACE('',#6477,0.55);
#6477 = AXIS2_PLACEMENT_3D('',#6478,#6479,#6480);
#6478 = CARTESIAN_POINT('',(2.54,21.59,-4.6E-02));
#6479 = DIRECTION('',(-0.,-0.,-1.));
#6480 = DIRECTION('',(-0.,-1.,0.));
#6481 = ADVANCED_FACE('',(#6482),#6493,.F.);
#6482 = FACE_BOUND('',#6483,.T.);
#6483 = EDGE_LOOP('',(#6484,#6485,#6491,#6492));
#6484 = ORIENTED_EDGE('',*,*,#3485,.T.);
#6485 = ORIENTED_EDGE('',*,*,#6486,.T.);
#6486 = EDGE_CURVE('',#3486,#4726,#6487,.T.);
#6487 = LINE('',#6488,#6489);
#6488 = CARTESIAN_POINT('',(-2.54,23.58,-4.6E-02));
#6489 = VECTOR('',#6490,1.);
#6490 = DIRECTION('',(0.,0.,1.));
#6491 = ORIENTED_EDGE('',*,*,#4725,.F.);
#6492 = ORIENTED_EDGE('',*,*,#6486,.F.);
#6493 = CYLINDRICAL_SURFACE('',#6494,0.55);
#6494 = AXIS2_PLACEMENT_3D('',#6495,#6496,#6497);
#6495 = CARTESIAN_POINT('',(-2.54,24.13,-4.6E-02));
#6496 = DIRECTION('',(-0.,-0.,-1.));
#6497 = DIRECTION('',(-0.,-1.,0.));
#6498 = ADVANCED_FACE('',(#6499),#6510,.F.);
#6499 = FACE_BOUND('',#6500,.T.);
#6500 = EDGE_LOOP('',(#6501,#6502,#6508,#6509));
#6501 = ORIENTED_EDGE('',*,*,#3496,.T.);
#6502 = ORIENTED_EDGE('',*,*,#6503,.T.);
#6503 = EDGE_CURVE('',#3497,#4737,#6504,.T.);
#6504 = LINE('',#6505,#6506);
#6505 = CARTESIAN_POINT('',(-2.54,26.12,-4.6E-02));
#6506 = VECTOR('',#6507,1.);
#6507 = DIRECTION('',(0.,0.,1.));
#6508 = ORIENTED_EDGE('',*,*,#4736,.F.);
#6509 = ORIENTED_EDGE('',*,*,#6503,.F.);
#6510 = CYLINDRICAL_SURFACE('',#6511,0.55);
#6511 = AXIS2_PLACEMENT_3D('',#6512,#6513,#6514);
#6512 = CARTESIAN_POINT('',(-2.54,26.67,-4.6E-02));
#6513 = DIRECTION('',(-0.,-0.,-1.));
#6514 = DIRECTION('',(-0.,-1.,0.));
#6515 = ADVANCED_FACE('',(#6516),#6527,.F.);
#6516 = FACE_BOUND('',#6517,.T.);
#6517 = EDGE_LOOP('',(#6518,#6519,#6525,#6526));
#6518 = ORIENTED_EDGE('',*,*,#3507,.T.);
#6519 = ORIENTED_EDGE('',*,*,#6520,.T.);
#6520 = EDGE_CURVE('',#3508,#4748,#6521,.T.);
#6521 = LINE('',#6522,#6523);
#6522 = CARTESIAN_POINT('',(-2.54,28.66,-4.6E-02));
#6523 = VECTOR('',#6524,1.);
#6524 = DIRECTION('',(0.,0.,1.));
#6525 = ORIENTED_EDGE('',*,*,#4747,.F.);
#6526 = ORIENTED_EDGE('',*,*,#6520,.F.);
#6527 = CYLINDRICAL_SURFACE('',#6528,0.55);
#6528 = AXIS2_PLACEMENT_3D('',#6529,#6530,#6531);
#6529 = CARTESIAN_POINT('',(-2.54,29.21,-4.6E-02));
#6530 = DIRECTION('',(-0.,-0.,-1.));
#6531 = DIRECTION('',(-0.,-1.,0.));
#6532 = ADVANCED_FACE('',(#6533),#6544,.F.);
#6533 = FACE_BOUND('',#6534,.T.);
#6534 = EDGE_LOOP('',(#6535,#6536,#6542,#6543));
#6535 = ORIENTED_EDGE('',*,*,#3518,.T.);
#6536 = ORIENTED_EDGE('',*,*,#6537,.T.);
#6537 = EDGE_CURVE('',#3519,#4759,#6538,.T.);
#6538 = LINE('',#6539,#6540);
#6539 = CARTESIAN_POINT('',(-2.54,31.2,-4.6E-02));
#6540 = VECTOR('',#6541,1.);
#6541 = DIRECTION('',(0.,0.,1.));
#6542 = ORIENTED_EDGE('',*,*,#4758,.F.);
#6543 = ORIENTED_EDGE('',*,*,#6537,.F.);
#6544 = CYLINDRICAL_SURFACE('',#6545,0.55);
#6545 = AXIS2_PLACEMENT_3D('',#6546,#6547,#6548);
#6546 = CARTESIAN_POINT('',(-2.54,31.75,-4.6E-02));
#6547 = DIRECTION('',(-0.,-0.,-1.));
#6548 = DIRECTION('',(-0.,-1.,0.));
#6549 = ADVANCED_FACE('',(#6550),#6561,.F.);
#6550 = FACE_BOUND('',#6551,.T.);
#6551 = EDGE_LOOP('',(#6552,#6553,#6559,#6560));
#6552 = ORIENTED_EDGE('',*,*,#3529,.T.);
#6553 = ORIENTED_EDGE('',*,*,#6554,.T.);
#6554 = EDGE_CURVE('',#3530,#4770,#6555,.T.);
#6555 = LINE('',#6556,#6557);
#6556 = CARTESIAN_POINT('',(-2.54,33.74,-4.6E-02));
#6557 = VECTOR('',#6558,1.);
#6558 = DIRECTION('',(0.,0.,1.));
#6559 = ORIENTED_EDGE('',*,*,#4769,.F.);
#6560 = ORIENTED_EDGE('',*,*,#6554,.F.);
#6561 = CYLINDRICAL_SURFACE('',#6562,0.55);
#6562 = AXIS2_PLACEMENT_3D('',#6563,#6564,#6565);
#6563 = CARTESIAN_POINT('',(-2.54,34.29,-4.6E-02));
#6564 = DIRECTION('',(-0.,-0.,-1.));
#6565 = DIRECTION('',(-0.,-1.,0.));
#6566 = ADVANCED_FACE('',(#6567),#6578,.F.);
#6567 = FACE_BOUND('',#6568,.T.);
#6568 = EDGE_LOOP('',(#6569,#6570,#6576,#6577));
#6569 = ORIENTED_EDGE('',*,*,#3540,.T.);
#6570 = ORIENTED_EDGE('',*,*,#6571,.T.);
#6571 = EDGE_CURVE('',#3541,#4781,#6572,.T.);
#6572 = LINE('',#6573,#6574);
#6573 = CARTESIAN_POINT('',(-2.54,36.28,-4.6E-02));
#6574 = VECTOR('',#6575,1.);
#6575 = DIRECTION('',(0.,0.,1.));
#6576 = ORIENTED_EDGE('',*,*,#4780,.F.);
#6577 = ORIENTED_EDGE('',*,*,#6571,.F.);
#6578 = CYLINDRICAL_SURFACE('',#6579,0.55);
#6579 = AXIS2_PLACEMENT_3D('',#6580,#6581,#6582);
#6580 = CARTESIAN_POINT('',(-2.54,36.83,-4.6E-02));
#6581 = DIRECTION('',(-0.,-0.,-1.));
#6582 = DIRECTION('',(-0.,-1.,0.));
#6583 = ADVANCED_FACE('',(#6584),#6595,.F.);
#6584 = FACE_BOUND('',#6585,.T.);
#6585 = EDGE_LOOP('',(#6586,#6587,#6593,#6594));
#6586 = ORIENTED_EDGE('',*,*,#3551,.T.);
#6587 = ORIENTED_EDGE('',*,*,#6588,.T.);
#6588 = EDGE_CURVE('',#3552,#4792,#6589,.T.);
#6589 = LINE('',#6590,#6591);
#6590 = CARTESIAN_POINT('',(-2.54,38.82,-4.6E-02));
#6591 = VECTOR('',#6592,1.);
#6592 = DIRECTION('',(0.,0.,1.));
#6593 = ORIENTED_EDGE('',*,*,#4791,.F.);
#6594 = ORIENTED_EDGE('',*,*,#6588,.F.);
#6595 = CYLINDRICAL_SURFACE('',#6596,0.55);
#6596 = AXIS2_PLACEMENT_3D('',#6597,#6598,#6599);
#6597 = CARTESIAN_POINT('',(-2.54,39.37,-4.6E-02));
#6598 = DIRECTION('',(-0.,-0.,-1.));
#6599 = DIRECTION('',(-0.,-1.,0.));
#6600 = ADVANCED_FACE('',(#6601),#6612,.F.);
#6601 = FACE_BOUND('',#6602,.T.);
#6602 = EDGE_LOOP('',(#6603,#6604,#6610,#6611));
#6603 = ORIENTED_EDGE('',*,*,#3562,.T.);
#6604 = ORIENTED_EDGE('',*,*,#6605,.T.);
#6605 = EDGE_CURVE('',#3563,#4803,#6606,.T.);
#6606 = LINE('',#6607,#6608);
#6607 = CARTESIAN_POINT('',(-0.3,43.55,-4.6E-02));
#6608 = VECTOR('',#6609,1.);
#6609 = DIRECTION('',(0.,0.,1.));
#6610 = ORIENTED_EDGE('',*,*,#4802,.F.);
#6611 = ORIENTED_EDGE('',*,*,#6605,.F.);
#6612 = CYLINDRICAL_SURFACE('',#6613,1.45);
#6613 = AXIS2_PLACEMENT_3D('',#6614,#6615,#6616);
#6614 = CARTESIAN_POINT('',(-0.3,45.,-4.6E-02));
#6615 = DIRECTION('',(-0.,0.,-1.));
#6616 = DIRECTION('',(1.148506577198E-16,-1.,-0.));
#6617 = ADVANCED_FACE('',(#6618),#6629,.F.);
#6618 = FACE_BOUND('',#6619,.T.);
#6619 = EDGE_LOOP('',(#6620,#6621,#6627,#6628));
#6620 = ORIENTED_EDGE('',*,*,#3573,.T.);
#6621 = ORIENTED_EDGE('',*,*,#6622,.T.);
#6622 = EDGE_CURVE('',#3574,#4814,#6623,.T.);
#6623 = LINE('',#6624,#6625);
#6624 = CARTESIAN_POINT('',(1.972152263053E-31,23.58,-4.6E-02));
#6625 = VECTOR('',#6626,1.);
#6626 = DIRECTION('',(0.,0.,1.));
#6627 = ORIENTED_EDGE('',*,*,#4813,.F.);
#6628 = ORIENTED_EDGE('',*,*,#6622,.F.);
#6629 = CYLINDRICAL_SURFACE('',#6630,0.55);
#6630 = AXIS2_PLACEMENT_3D('',#6631,#6632,#6633);
#6631 = CARTESIAN_POINT('',(-5.551115123126E-17,24.13,-4.6E-02));
#6632 = DIRECTION('',(-0.,0.,-1.));
#6633 = DIRECTION('',(1.00929365875E-16,-1.,-0.));
#6634 = ADVANCED_FACE('',(#6635),#6646,.F.);
#6635 = FACE_BOUND('',#6636,.T.);
#6636 = EDGE_LOOP('',(#6637,#6638,#6644,#6645));
#6637 = ORIENTED_EDGE('',*,*,#3584,.T.);
#6638 = ORIENTED_EDGE('',*,*,#6639,.T.);
#6639 = EDGE_CURVE('',#3585,#4825,#6640,.T.);
#6640 = LINE('',#6641,#6642);
#6641 = CARTESIAN_POINT('',(0.,26.12,-4.6E-02));
#6642 = VECTOR('',#6643,1.);
#6643 = DIRECTION('',(0.,0.,1.));
#6644 = ORIENTED_EDGE('',*,*,#4824,.F.);
#6645 = ORIENTED_EDGE('',*,*,#6639,.F.);
#6646 = CYLINDRICAL_SURFACE('',#6647,0.55);
#6647 = AXIS2_PLACEMENT_3D('',#6648,#6649,#6650);
#6648 = CARTESIAN_POINT('',(0.,26.67,-4.6E-02));
#6649 = DIRECTION('',(-0.,-0.,-1.));
#6650 = DIRECTION('',(-0.,-1.,0.));
#6651 = ADVANCED_FACE('',(#6652),#6663,.F.);
#6652 = FACE_BOUND('',#6653,.T.);
#6653 = EDGE_LOOP('',(#6654,#6655,#6661,#6662));
#6654 = ORIENTED_EDGE('',*,*,#3595,.T.);
#6655 = ORIENTED_EDGE('',*,*,#6656,.T.);
#6656 = EDGE_CURVE('',#3596,#4836,#6657,.T.);
#6657 = LINE('',#6658,#6659);
#6658 = CARTESIAN_POINT('',(0.,28.66,-4.6E-02));
#6659 = VECTOR('',#6660,1.);
#6660 = DIRECTION('',(0.,0.,1.));
#6661 = ORIENTED_EDGE('',*,*,#4835,.F.);
#6662 = ORIENTED_EDGE('',*,*,#6656,.F.);
#6663 = CYLINDRICAL_SURFACE('',#6664,0.55);
#6664 = AXIS2_PLACEMENT_3D('',#6665,#6666,#6667);
#6665 = CARTESIAN_POINT('',(0.,29.21,-4.6E-02));
#6666 = DIRECTION('',(-0.,-0.,-1.));
#6667 = DIRECTION('',(-0.,-1.,0.));
#6668 = ADVANCED_FACE('',(#6669),#6680,.F.);
#6669 = FACE_BOUND('',#6670,.T.);
#6670 = EDGE_LOOP('',(#6671,#6672,#6678,#6679));
#6671 = ORIENTED_EDGE('',*,*,#3606,.T.);
#6672 = ORIENTED_EDGE('',*,*,#6673,.T.);
#6673 = EDGE_CURVE('',#3607,#4847,#6674,.T.);
#6674 = LINE('',#6675,#6676);
#6675 = CARTESIAN_POINT('',(0.,31.2,-4.6E-02));
#6676 = VECTOR('',#6677,1.);
#6677 = DIRECTION('',(0.,0.,1.));
#6678 = ORIENTED_EDGE('',*,*,#4846,.F.);
#6679 = ORIENTED_EDGE('',*,*,#6673,.F.);
#6680 = CYLINDRICAL_SURFACE('',#6681,0.55);
#6681 = AXIS2_PLACEMENT_3D('',#6682,#6683,#6684);
#6682 = CARTESIAN_POINT('',(0.,31.75,-4.6E-02));
#6683 = DIRECTION('',(-0.,-0.,-1.));
#6684 = DIRECTION('',(-0.,-1.,0.));
#6685 = ADVANCED_FACE('',(#6686),#6697,.F.);
#6686 = FACE_BOUND('',#6687,.T.);
#6687 = EDGE_LOOP('',(#6688,#6689,#6695,#6696));
#6688 = ORIENTED_EDGE('',*,*,#3617,.T.);
#6689 = ORIENTED_EDGE('',*,*,#6690,.T.);
#6690 = EDGE_CURVE('',#3618,#4858,#6691,.T.);
#6691 = LINE('',#6692,#6693);
#6692 = CARTESIAN_POINT('',(0.,33.74,-4.6E-02));
#6693 = VECTOR('',#6694,1.);
#6694 = DIRECTION('',(0.,0.,1.));
#6695 = ORIENTED_EDGE('',*,*,#4857,.F.);
#6696 = ORIENTED_EDGE('',*,*,#6690,.F.);
#6697 = CYLINDRICAL_SURFACE('',#6698,0.55);
#6698 = AXIS2_PLACEMENT_3D('',#6699,#6700,#6701);
#6699 = CARTESIAN_POINT('',(0.,34.29,-4.6E-02));
#6700 = DIRECTION('',(-0.,-0.,-1.));
#6701 = DIRECTION('',(-0.,-1.,0.));
#6702 = ADVANCED_FACE('',(#6703),#6714,.F.);
#6703 = FACE_BOUND('',#6704,.T.);
#6704 = EDGE_LOOP('',(#6705,#6706,#6712,#6713));
#6705 = ORIENTED_EDGE('',*,*,#3628,.T.);
#6706 = ORIENTED_EDGE('',*,*,#6707,.T.);
#6707 = EDGE_CURVE('',#3629,#4869,#6708,.T.);
#6708 = LINE('',#6709,#6710);
#6709 = CARTESIAN_POINT('',(2.54,23.58,-4.6E-02));
#6710 = VECTOR('',#6711,1.);
#6711 = DIRECTION('',(0.,0.,1.));
#6712 = ORIENTED_EDGE('',*,*,#4868,.F.);
#6713 = ORIENTED_EDGE('',*,*,#6707,.F.);
#6714 = CYLINDRICAL_SURFACE('',#6715,0.55);
#6715 = AXIS2_PLACEMENT_3D('',#6716,#6717,#6718);
#6716 = CARTESIAN_POINT('',(2.54,24.13,-4.6E-02));
#6717 = DIRECTION('',(-0.,-0.,-1.));
#6718 = DIRECTION('',(-0.,-1.,0.));
#6719 = ADVANCED_FACE('',(#6720),#6731,.F.);
#6720 = FACE_BOUND('',#6721,.T.);
#6721 = EDGE_LOOP('',(#6722,#6723,#6729,#6730));
#6722 = ORIENTED_EDGE('',*,*,#3639,.T.);
#6723 = ORIENTED_EDGE('',*,*,#6724,.T.);
#6724 = EDGE_CURVE('',#3640,#4880,#6725,.T.);
#6725 = LINE('',#6726,#6727);
#6726 = CARTESIAN_POINT('',(2.54,26.12,-4.6E-02));
#6727 = VECTOR('',#6728,1.);
#6728 = DIRECTION('',(0.,0.,1.));
#6729 = ORIENTED_EDGE('',*,*,#4879,.F.);
#6730 = ORIENTED_EDGE('',*,*,#6724,.F.);
#6731 = CYLINDRICAL_SURFACE('',#6732,0.55);
#6732 = AXIS2_PLACEMENT_3D('',#6733,#6734,#6735);
#6733 = CARTESIAN_POINT('',(2.54,26.67,-4.6E-02));
#6734 = DIRECTION('',(-0.,-0.,-1.));
#6735 = DIRECTION('',(-0.,-1.,0.));
#6736 = ADVANCED_FACE('',(#6737),#6748,.F.);
#6737 = FACE_BOUND('',#6738,.T.);
#6738 = EDGE_LOOP('',(#6739,#6740,#6746,#6747));
#6739 = ORIENTED_EDGE('',*,*,#3650,.T.);
#6740 = ORIENTED_EDGE('',*,*,#6741,.T.);
#6741 = EDGE_CURVE('',#3651,#4891,#6742,.T.);
#6742 = LINE('',#6743,#6744);
#6743 = CARTESIAN_POINT('',(2.54,28.66,-4.6E-02));
#6744 = VECTOR('',#6745,1.);
#6745 = DIRECTION('',(0.,0.,1.));
#6746 = ORIENTED_EDGE('',*,*,#4890,.F.);
#6747 = ORIENTED_EDGE('',*,*,#6741,.F.);
#6748 = CYLINDRICAL_SURFACE('',#6749,0.55);
#6749 = AXIS2_PLACEMENT_3D('',#6750,#6751,#6752);
#6750 = CARTESIAN_POINT('',(2.54,29.21,-4.6E-02));
#6751 = DIRECTION('',(-0.,-0.,-1.));
#6752 = DIRECTION('',(-0.,-1.,0.));
#6753 = ADVANCED_FACE('',(#6754),#6765,.F.);
#6754 = FACE_BOUND('',#6755,.T.);
#6755 = EDGE_LOOP('',(#6756,#6757,#6763,#6764));
#6756 = ORIENTED_EDGE('',*,*,#3661,.T.);
#6757 = ORIENTED_EDGE('',*,*,#6758,.T.);
#6758 = EDGE_CURVE('',#3662,#4902,#6759,.T.);
#6759 = LINE('',#6760,#6761);
#6760 = CARTESIAN_POINT('',(2.54,31.2,-4.6E-02));
#6761 = VECTOR('',#6762,1.);
#6762 = DIRECTION('',(0.,0.,1.));
#6763 = ORIENTED_EDGE('',*,*,#4901,.F.);
#6764 = ORIENTED_EDGE('',*,*,#6758,.F.);
#6765 = CYLINDRICAL_SURFACE('',#6766,0.55);
#6766 = AXIS2_PLACEMENT_3D('',#6767,#6768,#6769);
#6767 = CARTESIAN_POINT('',(2.54,31.75,-4.6E-02));
#6768 = DIRECTION('',(-0.,-0.,-1.));
#6769 = DIRECTION('',(-0.,-1.,0.));
#6770 = ADVANCED_FACE('',(#6771),#6782,.F.);
#6771 = FACE_BOUND('',#6772,.T.);
#6772 = EDGE_LOOP('',(#6773,#6774,#6780,#6781));
#6773 = ORIENTED_EDGE('',*,*,#3672,.T.);
#6774 = ORIENTED_EDGE('',*,*,#6775,.T.);
#6775 = EDGE_CURVE('',#3673,#4913,#6776,.T.);
#6776 = LINE('',#6777,#6778);
#6777 = CARTESIAN_POINT('',(2.54,33.74,-4.6E-02));
#6778 = VECTOR('',#6779,1.);
#6779 = DIRECTION('',(0.,0.,1.));
#6780 = ORIENTED_EDGE('',*,*,#4912,.F.);
#6781 = ORIENTED_EDGE('',*,*,#6775,.F.);
#6782 = CYLINDRICAL_SURFACE('',#6783,0.55);
#6783 = AXIS2_PLACEMENT_3D('',#6784,#6785,#6786);
#6784 = CARTESIAN_POINT('',(2.54,34.29,-4.6E-02));
#6785 = DIRECTION('',(-0.,-0.,-1.));
#6786 = DIRECTION('',(-0.,-1.,0.));
#6787 = ADVANCED_FACE('',(#6788),#6799,.F.);
#6788 = FACE_BOUND('',#6789,.T.);
#6789 = EDGE_LOOP('',(#6790,#6791,#6797,#6798));
#6790 = ORIENTED_EDGE('',*,*,#3683,.T.);
#6791 = ORIENTED_EDGE('',*,*,#6792,.T.);
#6792 = EDGE_CURVE('',#3684,#4924,#6793,.T.);
#6793 = LINE('',#6794,#6795);
#6794 = CARTESIAN_POINT('',(0.,36.28,-4.6E-02));
#6795 = VECTOR('',#6796,1.);
#6796 = DIRECTION('',(0.,0.,1.));
#6797 = ORIENTED_EDGE('',*,*,#4923,.F.);
#6798 = ORIENTED_EDGE('',*,*,#6792,.F.);
#6799 = CYLINDRICAL_SURFACE('',#6800,0.55);
#6800 = AXIS2_PLACEMENT_3D('',#6801,#6802,#6803);
#6801 = CARTESIAN_POINT('',(0.,36.83,-4.6E-02));
#6802 = DIRECTION('',(-0.,-0.,-1.));
#6803 = DIRECTION('',(-0.,-1.,0.));
#6804 = ADVANCED_FACE('',(#6805),#6816,.F.);
#6805 = FACE_BOUND('',#6806,.T.);
#6806 = EDGE_LOOP('',(#6807,#6808,#6814,#6815));
#6807 = ORIENTED_EDGE('',*,*,#3694,.T.);
#6808 = ORIENTED_EDGE('',*,*,#6809,.T.);
#6809 = EDGE_CURVE('',#3695,#4935,#6810,.T.);
#6810 = LINE('',#6811,#6812);
#6811 = CARTESIAN_POINT('',(0.,38.82,-4.6E-02));
#6812 = VECTOR('',#6813,1.);
#6813 = DIRECTION('',(0.,0.,1.));
#6814 = ORIENTED_EDGE('',*,*,#4934,.F.);
#6815 = ORIENTED_EDGE('',*,*,#6809,.F.);
#6816 = CYLINDRICAL_SURFACE('',#6817,0.55);
#6817 = AXIS2_PLACEMENT_3D('',#6818,#6819,#6820);
#6818 = CARTESIAN_POINT('',(0.,39.37,-4.6E-02));
#6819 = DIRECTION('',(-0.,-0.,-1.));
#6820 = DIRECTION('',(-0.,-1.,0.));
#6821 = ADVANCED_FACE('',(#6822),#6833,.F.);
#6822 = FACE_BOUND('',#6823,.T.);
#6823 = EDGE_LOOP('',(#6824,#6825,#6831,#6832));
#6824 = ORIENTED_EDGE('',*,*,#3705,.T.);
#6825 = ORIENTED_EDGE('',*,*,#6826,.T.);
#6826 = EDGE_CURVE('',#3706,#4946,#6827,.T.);
#6827 = LINE('',#6828,#6829);
#6828 = CARTESIAN_POINT('',(2.54,36.28,-4.6E-02));
#6829 = VECTOR('',#6830,1.);
#6830 = DIRECTION('',(0.,0.,1.));
#6831 = ORIENTED_EDGE('',*,*,#4945,.F.);
#6832 = ORIENTED_EDGE('',*,*,#6826,.F.);
#6833 = CYLINDRICAL_SURFACE('',#6834,0.55);
#6834 = AXIS2_PLACEMENT_3D('',#6835,#6836,#6837);
#6835 = CARTESIAN_POINT('',(2.54,36.83,-4.6E-02));
#6836 = DIRECTION('',(-0.,-0.,-1.));
#6837 = DIRECTION('',(-0.,-1.,0.));
#6838 = ADVANCED_FACE('',(#6839),#6850,.F.);
#6839 = FACE_BOUND('',#6840,.T.);
#6840 = EDGE_LOOP('',(#6841,#6842,#6848,#6849));
#6841 = ORIENTED_EDGE('',*,*,#3716,.T.);
#6842 = ORIENTED_EDGE('',*,*,#6843,.T.);
#6843 = EDGE_CURVE('',#3717,#4957,#6844,.T.);
#6844 = LINE('',#6845,#6846);
#6845 = CARTESIAN_POINT('',(2.54,38.82,-4.6E-02));
#6846 = VECTOR('',#6847,1.);
#6847 = DIRECTION('',(0.,0.,1.));
#6848 = ORIENTED_EDGE('',*,*,#4956,.F.);
#6849 = ORIENTED_EDGE('',*,*,#6843,.F.);
#6850 = CYLINDRICAL_SURFACE('',#6851,0.55);
#6851 = AXIS2_PLACEMENT_3D('',#6852,#6853,#6854);
#6852 = CARTESIAN_POINT('',(2.54,39.37,-4.6E-02));
#6853 = DIRECTION('',(-0.,-0.,-1.));
#6854 = DIRECTION('',(-0.,-1.,0.));
#6855 = ADVANCED_FACE('',(#6856),#6867,.F.);
#6856 = FACE_BOUND('',#6857,.T.);
#6857 = EDGE_LOOP('',(#6858,#6859,#6865,#6866));
#6858 = ORIENTED_EDGE('',*,*,#3727,.T.);
#6859 = ORIENTED_EDGE('',*,*,#6860,.T.);
#6860 = EDGE_CURVE('',#3728,#4968,#6861,.T.);
#6861 = LINE('',#6862,#6863);
#6862 = CARTESIAN_POINT('',(7.9,2.195,-4.6E-02));
#6863 = VECTOR('',#6864,1.);
#6864 = DIRECTION('',(0.,0.,1.));
#6865 = ORIENTED_EDGE('',*,*,#4967,.F.);
#6866 = ORIENTED_EDGE('',*,*,#6860,.F.);
#6867 = CYLINDRICAL_SURFACE('',#6868,0.355);
#6868 = AXIS2_PLACEMENT_3D('',#6869,#6870,#6871);
#6869 = CARTESIAN_POINT('',(7.9,2.55,-4.6E-02));
#6870 = DIRECTION('',(-0.,-0.,-1.));
#6871 = DIRECTION('',(-0.,-1.,0.));
#6872 = ADVANCED_FACE('',(#6873),#6884,.F.);
#6873 = FACE_BOUND('',#6874,.T.);
#6874 = EDGE_LOOP('',(#6875,#6876,#6882,#6883));
#6875 = ORIENTED_EDGE('',*,*,#3738,.T.);
#6876 = ORIENTED_EDGE('',*,*,#6877,.T.);
#6877 = EDGE_CURVE('',#3739,#4979,#6878,.T.);
#6878 = LINE('',#6879,#6880);
#6879 = CARTESIAN_POINT('',(7.7,8.4,-4.6E-02));
#6880 = VECTOR('',#6881,1.);
#6881 = DIRECTION('',(0.,0.,1.));
#6882 = ORIENTED_EDGE('',*,*,#4978,.F.);
#6883 = ORIENTED_EDGE('',*,*,#6877,.F.);
#6884 = CYLINDRICAL_SURFACE('',#6885,1.1);
#6885 = AXIS2_PLACEMENT_3D('',#6886,#6887,#6888);
#6886 = CARTESIAN_POINT('',(7.7,9.5,-4.6E-02));
#6887 = DIRECTION('',(-0.,-0.,-1.));
#6888 = DIRECTION('',(-0.,-1.,0.));
#6889 = ADVANCED_FACE('',(#6890),#6901,.F.);
#6890 = FACE_BOUND('',#6891,.T.);
#6891 = EDGE_LOOP('',(#6892,#6893,#6899,#6900));
#6892 = ORIENTED_EDGE('',*,*,#3749,.T.);
#6893 = ORIENTED_EDGE('',*,*,#6894,.T.);
#6894 = EDGE_CURVE('',#3750,#4990,#6895,.T.);
#6895 = LINE('',#6896,#6897);
#6896 = CARTESIAN_POINT('',(7.7,16.4,-4.6E-02));
#6897 = VECTOR('',#6898,1.);
#6898 = DIRECTION('',(0.,0.,1.));
#6899 = ORIENTED_EDGE('',*,*,#4989,.F.);
#6900 = ORIENTED_EDGE('',*,*,#6894,.F.);
#6901 = CYLINDRICAL_SURFACE('',#6902,1.1);
#6902 = AXIS2_PLACEMENT_3D('',#6903,#6904,#6905);
#6903 = CARTESIAN_POINT('',(7.7,17.5,-4.6E-02));
#6904 = DIRECTION('',(-0.,-0.,-1.));
#6905 = DIRECTION('',(-0.,-1.,0.));
#6906 = ADVANCED_FACE('',(#6907),#6918,.F.);
#6907 = FACE_BOUND('',#6908,.T.);
#6908 = EDGE_LOOP('',(#6909,#6910,#6916,#6917));
#6909 = ORIENTED_EDGE('',*,*,#3760,.T.);
#6910 = ORIENTED_EDGE('',*,*,#6911,.T.);
#6911 = EDGE_CURVE('',#3761,#5001,#6912,.T.);
#6912 = LINE('',#6913,#6914);
#6913 = CARTESIAN_POINT('',(7.7,24.4,-4.6E-02));
#6914 = VECTOR('',#6915,1.);
#6915 = DIRECTION('',(0.,0.,1.));
#6916 = ORIENTED_EDGE('',*,*,#5000,.F.);
#6917 = ORIENTED_EDGE('',*,*,#6911,.F.);
#6918 = CYLINDRICAL_SURFACE('',#6919,1.1);
#6919 = AXIS2_PLACEMENT_3D('',#6920,#6921,#6922);
#6920 = CARTESIAN_POINT('',(7.7,25.5,-4.6E-02));
#6921 = DIRECTION('',(-0.,-0.,-1.));
#6922 = DIRECTION('',(-0.,-1.,0.));
#6923 = ADVANCED_FACE('',(#6924),#6935,.F.);
#6924 = FACE_BOUND('',#6925,.T.);
#6925 = EDGE_LOOP('',(#6926,#6927,#6933,#6934));
#6926 = ORIENTED_EDGE('',*,*,#3771,.T.);
#6927 = ORIENTED_EDGE('',*,*,#6928,.T.);
#6928 = EDGE_CURVE('',#3772,#5012,#6929,.T.);
#6929 = LINE('',#6930,#6931);
#6930 = CARTESIAN_POINT('',(7.7,32.4,-4.6E-02));
#6931 = VECTOR('',#6932,1.);
#6932 = DIRECTION('',(0.,0.,1.));
#6933 = ORIENTED_EDGE('',*,*,#5011,.F.);
#6934 = ORIENTED_EDGE('',*,*,#6928,.F.);
#6935 = CYLINDRICAL_SURFACE('',#6936,1.1);
#6936 = AXIS2_PLACEMENT_3D('',#6937,#6938,#6939);
#6937 = CARTESIAN_POINT('',(7.7,33.5,-4.6E-02));
#6938 = DIRECTION('',(-0.,-0.,-1.));
#6939 = DIRECTION('',(-0.,-1.,0.));
#6940 = ( GEOMETRIC_REPRESENTATION_CONTEXT(3) 
GLOBAL_UNCERTAINTY_ASSIGNED_CONTEXT((#6944)) 
GLOBAL_UNIT_ASSIGNED_CONTEXT((#6941,#6942,#6943)) REPRESENTATION_CONTEXT
('Context #1','3D Context with UNIT and UNCERTAINTY') );
#6941 = ( LENGTH_UNIT() NAMED_UNIT(*) SI_UNIT(.MILLI.,.METRE.) );
#6942 = ( NAMED_UNIT(*) PLANE_ANGLE_UNIT() SI_UNIT($,.RADIAN.) );
#6943 = ( NAMED_UNIT(*) SI_UNIT($,.STERADIAN.) SOLID_ANGLE_UNIT() );
#6944 = UNCERTAINTY_MEASURE_WITH_UNIT(LENGTH_MEASURE(1.E-07),#6941,
  'distance_accuracy_value','confusion accuracy');
#6945 = CONTEXT_DEPENDENT_SHAPE_REPRESENTATION(#6946,#6948);
#6946 = ( REPRESENTATION_RELATIONSHIP('','',#2437,#10) 
REPRESENTATION_RELATIONSHIP_WITH_TRANSFORMATION(#6947) 
SHAPE_REPRESENTATION_RELATIONSHIP() );
#6947 = ITEM_DEFINED_TRANSFORMATION('','',#11,#23);
#6948 = PRODUCT_DEFINITION_SHAPE('Placement','Placement of an item',
  #6949);
#6949 = NEXT_ASSEMBLY_USAGE_OCCURRENCE('5','=>[0:1:1:6]','',#5,#2432,$);
#6950 = PRODUCT_RELATED_PRODUCT_CATEGORY('part',$,(#2434));
#6951 = MECHANICAL_DESIGN_GEOMETRIC_PRESENTATION_REPRESENTATION('',(
    #6952,#6960,#6967,#6974,#6981,#6988,#6995,#7002,#7010,#7017,#7024,
    #7031,#7038,#7045,#7053,#7060,#7067,#7074,#7081,#7088,#7095,#7102,
    #7109,#7116,#7123,#7130),#2419);
#6952 = STYLED_ITEM('color',(#6953),#1631);
#6953 = PRESENTATION_STYLE_ASSIGNMENT((#6954));
#6954 = SURFACE_STYLE_USAGE(.BOTH.,#6955);
#6955 = SURFACE_SIDE_STYLE('',(#6956));
#6956 = SURFACE_STYLE_FILL_AREA(#6957);
#6957 = FILL_AREA_STYLE('',(#6958));
#6958 = FILL_AREA_STYLE_COLOUR('',#6959);
#6959 = COLOUR_RGB('',0.823999987314,0.819999987296,0.781000009244);
#6960 = STYLED_ITEM('color',(#6961),#1671);
#6961 = PRESENTATION_STYLE_ASSIGNMENT((#6962));
#6962 = SURFACE_STYLE_USAGE(.BOTH.,#6963);
#6963 = SURFACE_SIDE_STYLE('',(#6964));
#6964 = SURFACE_STYLE_FILL_AREA(#6965);
#6965 = FILL_AREA_STYLE('',(#6966));
#6966 = FILL_AREA_STYLE_COLOUR('',#6959);
#6967 = STYLED_ITEM('color',(#6968),#1754);
#6968 = PRESENTATION_STYLE_ASSIGNMENT((#6969));
#6969 = SURFACE_STYLE_USAGE(.BOTH.,#6970);
#6970 = SURFACE_SIDE_STYLE('',(#6971));
#6971 = SURFACE_STYLE_FILL_AREA(#6972);
#6972 = FILL_AREA_STYLE('',(#6973));
#6973 = FILL_AREA_STYLE_COLOUR('',#6959);
#6974 = STYLED_ITEM('color',(#6975),#1779);
#6975 = PRESENTATION_STYLE_ASSIGNMENT((#6976));
#6976 = SURFACE_STYLE_USAGE(.BOTH.,#6977);
#6977 = SURFACE_SIDE_STYLE('',(#6978));
#6978 = SURFACE_STYLE_FILL_AREA(#6979);
#6979 = FILL_AREA_STYLE('',(#6980));
#6980 = FILL_AREA_STYLE_COLOUR('',#6959);
#6981 = STYLED_ITEM('color',(#6982),#1804);
#6982 = PRESENTATION_STYLE_ASSIGNMENT((#6983));
#6983 = SURFACE_STYLE_USAGE(.BOTH.,#6984);
#6984 = SURFACE_SIDE_STYLE('',(#6985));
#6985 = SURFACE_STYLE_FILL_AREA(#6986);
#6986 = FILL_AREA_STYLE('',(#6987));
#6987 = FILL_AREA_STYLE_COLOUR('',#6959);
#6988 = STYLED_ITEM('color',(#6989),#1871);
#6989 = PRESENTATION_STYLE_ASSIGNMENT((#6990));
#6990 = SURFACE_STYLE_USAGE(.BOTH.,#6991);
#6991 = SURFACE_SIDE_STYLE('',(#6992));
#6992 = SURFACE_STYLE_FILL_AREA(#6993);
#6993 = FILL_AREA_STYLE('',(#6994));
#6994 = FILL_AREA_STYLE_COLOUR('',#6959);
#6995 = STYLED_ITEM('color',(#6996),#1888);
#6996 = PRESENTATION_STYLE_ASSIGNMENT((#6997));
#6997 = SURFACE_STYLE_USAGE(.BOTH.,#6998);
#6998 = SURFACE_SIDE_STYLE('',(#6999));
#6999 = SURFACE_STYLE_FILL_AREA(#7000);
#7000 = FILL_AREA_STYLE('',(#7001));
#7001 = FILL_AREA_STYLE_COLOUR('',#6959);
#7002 = STYLED_ITEM('color',(#7003),#1905);
#7003 = PRESENTATION_STYLE_ASSIGNMENT((#7004));
#7004 = SURFACE_STYLE_USAGE(.BOTH.,#7005);
#7005 = SURFACE_SIDE_STYLE('',(#7006));
#7006 = SURFACE_STYLE_FILL_AREA(#7007);
#7007 = FILL_AREA_STYLE('',(#7008));
#7008 = FILL_AREA_STYLE_COLOUR('',#7009);
#7009 = COLOUR_RGB('',0.894999966383,0.890999961016,0.813000030345);
#7010 = STYLED_ITEM('color',(#7011),#1954);
#7011 = PRESENTATION_STYLE_ASSIGNMENT((#7012));
#7012 = SURFACE_STYLE_USAGE(.BOTH.,#7013);
#7013 = SURFACE_SIDE_STYLE('',(#7014));
#7014 = SURFACE_STYLE_FILL_AREA(#7015);
#7015 = FILL_AREA_STYLE('',(#7016));
#7016 = FILL_AREA_STYLE_COLOUR('',#6959);
#7017 = STYLED_ITEM('color',(#7018),#1971);
#7018 = PRESENTATION_STYLE_ASSIGNMENT((#7019));
#7019 = SURFACE_STYLE_USAGE(.BOTH.,#7020);
#7020 = SURFACE_SIDE_STYLE('',(#7021));
#7021 = SURFACE_STYLE_FILL_AREA(#7022);
#7022 = FILL_AREA_STYLE('',(#7023));
#7023 = FILL_AREA_STYLE_COLOUR('',#6959);
#7024 = STYLED_ITEM('color',(#7025),#1988);
#7025 = PRESENTATION_STYLE_ASSIGNMENT((#7026));
#7026 = SURFACE_STYLE_USAGE(.BOTH.,#7027);
#7027 = SURFACE_SIDE_STYLE('',(#7028));
#7028 = SURFACE_STYLE_FILL_AREA(#7029);
#7029 = FILL_AREA_STYLE('',(#7030));
#7030 = FILL_AREA_STYLE_COLOUR('',#7009);
#7031 = STYLED_ITEM('color',(#7032),#2037);
#7032 = PRESENTATION_STYLE_ASSIGNMENT((#7033));
#7033 = SURFACE_STYLE_USAGE(.BOTH.,#7034);
#7034 = SURFACE_SIDE_STYLE('',(#7035));
#7035 = SURFACE_STYLE_FILL_AREA(#7036);
#7036 = FILL_AREA_STYLE('',(#7037));
#7037 = FILL_AREA_STYLE_COLOUR('',#7009);
#7038 = STYLED_ITEM('color',(#7039),#2054);
#7039 = PRESENTATION_STYLE_ASSIGNMENT((#7040));
#7040 = SURFACE_STYLE_USAGE(.BOTH.,#7041);
#7041 = SURFACE_SIDE_STYLE('',(#7042));
#7042 = SURFACE_STYLE_FILL_AREA(#7043);
#7043 = FILL_AREA_STYLE('',(#7044));
#7044 = FILL_AREA_STYLE_COLOUR('',#6959);
#7045 = STYLED_ITEM('color',(#7046),#2123);
#7046 = PRESENTATION_STYLE_ASSIGNMENT((#7047));
#7047 = SURFACE_STYLE_USAGE(.BOTH.,#7048);
#7048 = SURFACE_SIDE_STYLE('',(#7049));
#7049 = SURFACE_STYLE_FILL_AREA(#7050);
#7050 = FILL_AREA_STYLE('',(#7051));
#7051 = FILL_AREA_STYLE_COLOUR('',#7052);
#7052 = COLOUR_RGB('',8.200000279077E-02,8.600000121357E-02,
  9.399999706163E-02);
#7053 = STYLED_ITEM('color',(#7054),#2154);
#7054 = PRESENTATION_STYLE_ASSIGNMENT((#7055));
#7055 = SURFACE_STYLE_USAGE(.BOTH.,#7056);
#7056 = SURFACE_SIDE_STYLE('',(#7057));
#7057 = SURFACE_STYLE_FILL_AREA(#7058);
#7058 = FILL_AREA_STYLE('',(#7059));
#7059 = FILL_AREA_STYLE_COLOUR('',#7052);
#7060 = STYLED_ITEM('color',(#7061),#2178);
#7061 = PRESENTATION_STYLE_ASSIGNMENT((#7062));
#7062 = SURFACE_STYLE_USAGE(.BOTH.,#7063);
#7063 = SURFACE_SIDE_STYLE('',(#7064));
#7064 = SURFACE_STYLE_FILL_AREA(#7065);
#7065 = FILL_AREA_STYLE('',(#7066));
#7066 = FILL_AREA_STYLE_COLOUR('',#6959);
#7067 = STYLED_ITEM('color',(#7068),#2247);
#7068 = PRESENTATION_STYLE_ASSIGNMENT((#7069));
#7069 = SURFACE_STYLE_USAGE(.BOTH.,#7070);
#7070 = SURFACE_SIDE_STYLE('',(#7071));
#7071 = SURFACE_STYLE_FILL_AREA(#7072);
#7072 = FILL_AREA_STYLE('',(#7073));
#7073 = FILL_AREA_STYLE_COLOUR('',#7052);
#7074 = STYLED_ITEM('color',(#7075),#2271);
#7075 = PRESENTATION_STYLE_ASSIGNMENT((#7076));
#7076 = SURFACE_STYLE_USAGE(.BOTH.,#7077);
#7077 = SURFACE_SIDE_STYLE('',(#7078));
#7078 = SURFACE_STYLE_FILL_AREA(#7079);
#7079 = FILL_AREA_STYLE('',(#7080));
#7080 = FILL_AREA_STYLE_COLOUR('',#6959);
#7081 = STYLED_ITEM('color',(#7082),#2288);
#7082 = PRESENTATION_STYLE_ASSIGNMENT((#7083));
#7083 = SURFACE_STYLE_USAGE(.BOTH.,#7084);
#7084 = SURFACE_SIDE_STYLE('',(#7085));
#7085 = SURFACE_STYLE_FILL_AREA(#7086);
#7086 = FILL_AREA_STYLE('',(#7087));
#7087 = FILL_AREA_STYLE_COLOUR('',#6959);
#7088 = STYLED_ITEM('color',(#7089),#2305);
#7089 = PRESENTATION_STYLE_ASSIGNMENT((#7090));
#7090 = SURFACE_STYLE_USAGE(.BOTH.,#7091);
#7091 = SURFACE_SIDE_STYLE('',(#7092));
#7092 = SURFACE_STYLE_FILL_AREA(#7093);
#7093 = FILL_AREA_STYLE('',(#7094));
#7094 = FILL_AREA_STYLE_COLOUR('',#6959);
#7095 = STYLED_ITEM('color',(#7096),#2322);
#7096 = PRESENTATION_STYLE_ASSIGNMENT((#7097));
#7097 = SURFACE_STYLE_USAGE(.BOTH.,#7098);
#7098 = SURFACE_SIDE_STYLE('',(#7099));
#7099 = SURFACE_STYLE_FILL_AREA(#7100);
#7100 = FILL_AREA_STYLE('',(#7101));
#7101 = FILL_AREA_STYLE_COLOUR('',#6959);
#7102 = STYLED_ITEM('color',(#7103),#2339);
#7103 = PRESENTATION_STYLE_ASSIGNMENT((#7104));
#7104 = SURFACE_STYLE_USAGE(.BOTH.,#7105);
#7105 = SURFACE_SIDE_STYLE('',(#7106));
#7106 = SURFACE_STYLE_FILL_AREA(#7107);
#7107 = FILL_AREA_STYLE('',(#7108));
#7108 = FILL_AREA_STYLE_COLOUR('',#6959);
#7109 = STYLED_ITEM('color',(#7110),#2356);
#7110 = PRESENTATION_STYLE_ASSIGNMENT((#7111));
#7111 = SURFACE_STYLE_USAGE(.BOTH.,#7112);
#7112 = SURFACE_SIDE_STYLE('',(#7113));
#7113 = SURFACE_STYLE_FILL_AREA(#7114);
#7114 = FILL_AREA_STYLE('',(#7115));
#7115 = FILL_AREA_STYLE_COLOUR('',#6959);
#7116 = STYLED_ITEM('color',(#7117),#2373);
#7117 = PRESENTATION_STYLE_ASSIGNMENT((#7118));
#7118 = SURFACE_STYLE_USAGE(.BOTH.,#7119);
#7119 = SURFACE_SIDE_STYLE('',(#7120));
#7120 = SURFACE_STYLE_FILL_AREA(#7121);
#7121 = FILL_AREA_STYLE('',(#7122));
#7122 = FILL_AREA_STYLE_COLOUR('',#6959);
#7123 = STYLED_ITEM('color',(#7124),#2390);
#7124 = PRESENTATION_STYLE_ASSIGNMENT((#7125));
#7125 = SURFACE_STYLE_USAGE(.BOTH.,#7126);
#7126 = SURFACE_SIDE_STYLE('',(#7127));
#7127 = SURFACE_STYLE_FILL_AREA(#7128);
#7128 = FILL_AREA_STYLE('',(#7129));
#7129 = FILL_AREA_STYLE_COLOUR('',#7052);
#7130 = STYLED_ITEM('color',(#7131),#2407);
#7131 = PRESENTATION_STYLE_ASSIGNMENT((#7132));
#7132 = SURFACE_STYLE_USAGE(.BOTH.,#7133);
#7133 = SURFACE_SIDE_STYLE('',(#7134));
#7134 = SURFACE_STYLE_FILL_AREA(#7135);
#7135 = FILL_AREA_STYLE('',(#7136));
#7136 = FILL_AREA_STYLE_COLOUR('',#7052);
#7137 = MECHANICAL_DESIGN_GEOMETRIC_PRESENTATION_REPRESENTATION('',(
    #7138),#6940);
#7138 = STYLED_ITEM('color',(#7139),#2438);
#7139 = PRESENTATION_STYLE_ASSIGNMENT((#7140));
#7140 = SURFACE_STYLE_USAGE(.BOTH.,#7141);
#7141 = SURFACE_SIDE_STYLE('',(#7142));
#7142 = SURFACE_STYLE_FILL_AREA(#7143);
#7143 = FILL_AREA_STYLE('',(#7144));
#7144 = FILL_AREA_STYLE_COLOUR('',#7145);
#7145 = COLOUR_RGB('',0.313304153717,0.484529207832,0.410020903123);
#7146 = MECHANICAL_DESIGN_GEOMETRIC_PRESENTATION_REPRESENTATION('',(
    #7147,#7154,#7161,#7168,#7175,#7182,#7189,#7196,#7204,#7211,#7218,
    #7225,#7232,#7239,#7246,#7253,#7260,#7267,#7274,#7281,#7288,#7295,
    #7302,#7309,#7316,#7323,#7330,#7337,#7344,#7351,#7358,#7365,#7372,
    #7379,#7386,#7393,#7401,#7408,#7415,#7422,#7429,#7436,#7443,#7450,
    #7457,#7464,#7471,#7478,#7485,#7492),#1587);
#7147 = STYLED_ITEM('color',(#7148),#66);
#7148 = PRESENTATION_STYLE_ASSIGNMENT((#7149));
#7149 = SURFACE_STYLE_USAGE(.BOTH.,#7150);
#7150 = SURFACE_SIDE_STYLE('',(#7151));
#7151 = SURFACE_STYLE_FILL_AREA(#7152);
#7152 = FILL_AREA_STYLE('',(#7153));
#7153 = FILL_AREA_STYLE_COLOUR('',#7009);
#7154 = STYLED_ITEM('color',(#7155),#106);
#7155 = PRESENTATION_STYLE_ASSIGNMENT((#7156));
#7156 = SURFACE_STYLE_USAGE(.BOTH.,#7157);
#7157 = SURFACE_SIDE_STYLE('',(#7158));
#7158 = SURFACE_STYLE_FILL_AREA(#7159);
#7159 = FILL_AREA_STYLE('',(#7160));
#7160 = FILL_AREA_STYLE_COLOUR('',#7009);
#7161 = STYLED_ITEM('color',(#7162),#153);
#7162 = PRESENTATION_STYLE_ASSIGNMENT((#7163));
#7163 = SURFACE_STYLE_USAGE(.BOTH.,#7164);
#7164 = SURFACE_SIDE_STYLE('',(#7165));
#7165 = SURFACE_STYLE_FILL_AREA(#7166);
#7166 = FILL_AREA_STYLE('',(#7167));
#7167 = FILL_AREA_STYLE_COLOUR('',#7009);
#7168 = STYLED_ITEM('color',(#7169),#232);
#7169 = PRESENTATION_STYLE_ASSIGNMENT((#7170));
#7170 = SURFACE_STYLE_USAGE(.BOTH.,#7171);
#7171 = SURFACE_SIDE_STYLE('',(#7172));
#7172 = SURFACE_STYLE_FILL_AREA(#7173);
#7173 = FILL_AREA_STYLE('',(#7174));
#7174 = FILL_AREA_STYLE_COLOUR('',#7009);
#7175 = STYLED_ITEM('color',(#7176),#256);
#7176 = PRESENTATION_STYLE_ASSIGNMENT((#7177));
#7177 = SURFACE_STYLE_USAGE(.BOTH.,#7178);
#7178 = SURFACE_SIDE_STYLE('',(#7179));
#7179 = SURFACE_STYLE_FILL_AREA(#7180);
#7180 = FILL_AREA_STYLE('',(#7181));
#7181 = FILL_AREA_STYLE_COLOUR('',#7009);
#7182 = STYLED_ITEM('color',(#7183),#296);
#7183 = PRESENTATION_STYLE_ASSIGNMENT((#7184));
#7184 = SURFACE_STYLE_USAGE(.BOTH.,#7185);
#7185 = SURFACE_SIDE_STYLE('',(#7186));
#7186 = SURFACE_STYLE_FILL_AREA(#7187);
#7187 = FILL_AREA_STYLE('',(#7188));
#7188 = FILL_AREA_STYLE_COLOUR('',#7009);
#7189 = STYLED_ITEM('color',(#7190),#327);
#7190 = PRESENTATION_STYLE_ASSIGNMENT((#7191));
#7191 = SURFACE_STYLE_USAGE(.BOTH.,#7192);
#7192 = SURFACE_SIDE_STYLE('',(#7193));
#7193 = SURFACE_STYLE_FILL_AREA(#7194);
#7194 = FILL_AREA_STYLE('',(#7195));
#7195 = FILL_AREA_STYLE_COLOUR('',#7009);
#7196 = STYLED_ITEM('color',(#7197),#344);
#7197 = PRESENTATION_STYLE_ASSIGNMENT((#7198));
#7198 = SURFACE_STYLE_USAGE(.BOTH.,#7199);
#7199 = SURFACE_SIDE_STYLE('',(#7200));
#7200 = SURFACE_STYLE_FILL_AREA(#7201);
#7201 = FILL_AREA_STYLE('',(#7202));
#7202 = FILL_AREA_STYLE_COLOUR('',#7203);
#7203 = COLOUR_RGB('',0.859000020776,0.737999965183,0.495999988746);
#7204 = STYLED_ITEM('color',(#7205),#377);
#7205 = PRESENTATION_STYLE_ASSIGNMENT((#7206));
#7206 = SURFACE_STYLE_USAGE(.BOTH.,#7207);
#7207 = SURFACE_SIDE_STYLE('',(#7208));
#7208 = SURFACE_STYLE_FILL_AREA(#7209);
#7209 = FILL_AREA_STYLE('',(#7210));
#7210 = FILL_AREA_STYLE_COLOUR('',#7009);
#7211 = STYLED_ITEM('color',(#7212),#401);
#7212 = PRESENTATION_STYLE_ASSIGNMENT((#7213));
#7213 = SURFACE_STYLE_USAGE(.BOTH.,#7214);
#7214 = SURFACE_SIDE_STYLE('',(#7215));
#7215 = SURFACE_STYLE_FILL_AREA(#7216);
#7216 = FILL_AREA_STYLE('',(#7217));
#7217 = FILL_AREA_STYLE_COLOUR('',#7203);
#7218 = STYLED_ITEM('color',(#7219),#468);
#7219 = PRESENTATION_STYLE_ASSIGNMENT((#7220));
#7220 = SURFACE_STYLE_USAGE(.BOTH.,#7221);
#7221 = SURFACE_SIDE_STYLE('',(#7222));
#7222 = SURFACE_STYLE_FILL_AREA(#7223);
#7223 = FILL_AREA_STYLE('',(#7224));
#7224 = FILL_AREA_STYLE_COLOUR('',#7009);
#7225 = STYLED_ITEM('color',(#7226),#589);
#7226 = PRESENTATION_STYLE_ASSIGNMENT((#7227));
#7227 = SURFACE_STYLE_USAGE(.BOTH.,#7228);
#7228 = SURFACE_SIDE_STYLE('',(#7229));
#7229 = SURFACE_STYLE_FILL_AREA(#7230);
#7230 = FILL_AREA_STYLE('',(#7231));
#7231 = FILL_AREA_STYLE_COLOUR('',#7203);
#7232 = STYLED_ITEM('color',(#7233),#656);
#7233 = PRESENTATION_STYLE_ASSIGNMENT((#7234));
#7234 = SURFACE_STYLE_USAGE(.BOTH.,#7235);
#7235 = SURFACE_SIDE_STYLE('',(#7236));
#7236 = SURFACE_STYLE_FILL_AREA(#7237);
#7237 = FILL_AREA_STYLE('',(#7238));
#7238 = FILL_AREA_STYLE_COLOUR('',#7009);
#7239 = STYLED_ITEM('color',(#7240),#680);
#7240 = PRESENTATION_STYLE_ASSIGNMENT((#7241));
#7241 = SURFACE_STYLE_USAGE(.BOTH.,#7242);
#7242 = SURFACE_SIDE_STYLE('',(#7243));
#7243 = SURFACE_STYLE_FILL_AREA(#7244);
#7244 = FILL_AREA_STYLE('',(#7245));
#7245 = FILL_AREA_STYLE_COLOUR('',#7009);
#7246 = STYLED_ITEM('color',(#7247),#711);
#7247 = PRESENTATION_STYLE_ASSIGNMENT((#7248));
#7248 = SURFACE_STYLE_USAGE(.BOTH.,#7249);
#7249 = SURFACE_SIDE_STYLE('',(#7250));
#7250 = SURFACE_STYLE_FILL_AREA(#7251);
#7251 = FILL_AREA_STYLE('',(#7252));
#7252 = FILL_AREA_STYLE_COLOUR('',#7203);
#7253 = STYLED_ITEM('color',(#7254),#744);
#7254 = PRESENTATION_STYLE_ASSIGNMENT((#7255));
#7255 = SURFACE_STYLE_USAGE(.BOTH.,#7256);
#7256 = SURFACE_SIDE_STYLE('',(#7257));
#7257 = SURFACE_STYLE_FILL_AREA(#7258);
#7258 = FILL_AREA_STYLE('',(#7259));
#7259 = FILL_AREA_STYLE_COLOUR('',#7009);
#7260 = STYLED_ITEM('color',(#7261),#800);
#7261 = PRESENTATION_STYLE_ASSIGNMENT((#7262));
#7262 = SURFACE_STYLE_USAGE(.BOTH.,#7263);
#7263 = SURFACE_SIDE_STYLE('',(#7264));
#7264 = SURFACE_STYLE_FILL_AREA(#7265);
#7265 = FILL_AREA_STYLE('',(#7266));
#7266 = FILL_AREA_STYLE_COLOUR('',#7203);
#7267 = STYLED_ITEM('color',(#7268),#824);
#7268 = PRESENTATION_STYLE_ASSIGNMENT((#7269));
#7269 = SURFACE_STYLE_USAGE(.BOTH.,#7270);
#7270 = SURFACE_SIDE_STYLE('',(#7271));
#7271 = SURFACE_STYLE_FILL_AREA(#7272);
#7272 = FILL_AREA_STYLE('',(#7273));
#7273 = FILL_AREA_STYLE_COLOUR('',#7203);
#7274 = STYLED_ITEM('color',(#7275),#848);
#7275 = PRESENTATION_STYLE_ASSIGNMENT((#7276));
#7276 = SURFACE_STYLE_USAGE(.BOTH.,#7277);
#7277 = SURFACE_SIDE_STYLE('',(#7278));
#7278 = SURFACE_STYLE_FILL_AREA(#7279);
#7279 = FILL_AREA_STYLE('',(#7280));
#7280 = FILL_AREA_STYLE_COLOUR('',#7203);
#7281 = STYLED_ITEM('color',(#7282),#872);
#7282 = PRESENTATION_STYLE_ASSIGNMENT((#7283));
#7283 = SURFACE_STYLE_USAGE(.BOTH.,#7284);
#7284 = SURFACE_SIDE_STYLE('',(#7285));
#7285 = SURFACE_STYLE_FILL_AREA(#7286);
#7286 = FILL_AREA_STYLE('',(#7287));
#7287 = FILL_AREA_STYLE_COLOUR('',#7203);
#7288 = STYLED_ITEM('color',(#7289),#905);
#7289 = PRESENTATION_STYLE_ASSIGNMENT((#7290));
#7290 = SURFACE_STYLE_USAGE(.BOTH.,#7291);
#7291 = SURFACE_SIDE_STYLE('',(#7292));
#7292 = SURFACE_STYLE_FILL_AREA(#7293);
#7293 = FILL_AREA_STYLE('',(#7294));
#7294 = FILL_AREA_STYLE_COLOUR('',#7203);
#7295 = STYLED_ITEM('color',(#7296),#917);
#7296 = PRESENTATION_STYLE_ASSIGNMENT((#7297));
#7297 = SURFACE_STYLE_USAGE(.BOTH.,#7298);
#7298 = SURFACE_SIDE_STYLE('',(#7299));
#7299 = SURFACE_STYLE_FILL_AREA(#7300);
#7300 = FILL_AREA_STYLE('',(#7301));
#7301 = FILL_AREA_STYLE_COLOUR('',#7203);
#7302 = STYLED_ITEM('color',(#7303),#980);
#7303 = PRESENTATION_STYLE_ASSIGNMENT((#7304));
#7304 = SURFACE_STYLE_USAGE(.BOTH.,#7305);
#7305 = SURFACE_SIDE_STYLE('',(#7306));
#7306 = SURFACE_STYLE_FILL_AREA(#7307);
#7307 = FILL_AREA_STYLE('',(#7308));
#7308 = FILL_AREA_STYLE_COLOUR('',#7203);
#7309 = STYLED_ITEM('color',(#7310),#1005);
#7310 = PRESENTATION_STYLE_ASSIGNMENT((#7311));
#7311 = SURFACE_STYLE_USAGE(.BOTH.,#7312);
#7312 = SURFACE_SIDE_STYLE('',(#7313));
#7313 = SURFACE_STYLE_FILL_AREA(#7314);
#7314 = FILL_AREA_STYLE('',(#7315));
#7315 = FILL_AREA_STYLE_COLOUR('',#7203);
#7316 = STYLED_ITEM('color',(#7317),#1022);
#7317 = PRESENTATION_STYLE_ASSIGNMENT((#7318));
#7318 = SURFACE_STYLE_USAGE(.BOTH.,#7319);
#7319 = SURFACE_SIDE_STYLE('',(#7320));
#7320 = SURFACE_STYLE_FILL_AREA(#7321);
#7321 = FILL_AREA_STYLE('',(#7322));
#7322 = FILL_AREA_STYLE_COLOUR('',#7203);
#7323 = STYLED_ITEM('color',(#7324),#1046);
#7324 = PRESENTATION_STYLE_ASSIGNMENT((#7325));
#7325 = SURFACE_STYLE_USAGE(.BOTH.,#7326);
#7326 = SURFACE_SIDE_STYLE('',(#7327));
#7327 = SURFACE_STYLE_FILL_AREA(#7328);
#7328 = FILL_AREA_STYLE('',(#7329));
#7329 = FILL_AREA_STYLE_COLOUR('',#7203);
#7330 = STYLED_ITEM('color',(#7331),#1064);
#7331 = PRESENTATION_STYLE_ASSIGNMENT((#7332));
#7332 = SURFACE_STYLE_USAGE(.BOTH.,#7333);
#7333 = SURFACE_SIDE_STYLE('',(#7334));
#7334 = SURFACE_STYLE_FILL_AREA(#7335);
#7335 = FILL_AREA_STYLE('',(#7336));
#7336 = FILL_AREA_STYLE_COLOUR('',#7203);
#7337 = STYLED_ITEM('color',(#7338),#1082);
#7338 = PRESENTATION_STYLE_ASSIGNMENT((#7339));
#7339 = SURFACE_STYLE_USAGE(.BOTH.,#7340);
#7340 = SURFACE_SIDE_STYLE('',(#7341));
#7341 = SURFACE_STYLE_FILL_AREA(#7342);
#7342 = FILL_AREA_STYLE('',(#7343));
#7343 = FILL_AREA_STYLE_COLOUR('',#7203);
#7344 = STYLED_ITEM('color',(#7345),#1100);
#7345 = PRESENTATION_STYLE_ASSIGNMENT((#7346));
#7346 = SURFACE_STYLE_USAGE(.BOTH.,#7347);
#7347 = SURFACE_SIDE_STYLE('',(#7348));
#7348 = SURFACE_STYLE_FILL_AREA(#7349);
#7349 = FILL_AREA_STYLE('',(#7350));
#7350 = FILL_AREA_STYLE_COLOUR('',#7203);
#7351 = STYLED_ITEM('color',(#7352),#1117);
#7352 = PRESENTATION_STYLE_ASSIGNMENT((#7353));
#7353 = SURFACE_STYLE_USAGE(.BOTH.,#7354);
#7354 = SURFACE_SIDE_STYLE('',(#7355));
#7355 = SURFACE_STYLE_FILL_AREA(#7356);
#7356 = FILL_AREA_STYLE('',(#7357));
#7357 = FILL_AREA_STYLE_COLOUR('',#7203);
#7358 = STYLED_ITEM('color',(#7359),#1134);
#7359 = PRESENTATION_STYLE_ASSIGNMENT((#7360));
#7360 = SURFACE_STYLE_USAGE(.BOTH.,#7361);
#7361 = SURFACE_SIDE_STYLE('',(#7362));
#7362 = SURFACE_STYLE_FILL_AREA(#7363);
#7363 = FILL_AREA_STYLE('',(#7364));
#7364 = FILL_AREA_STYLE_COLOUR('',#7203);
#7365 = STYLED_ITEM('color',(#7366),#1165);
#7366 = PRESENTATION_STYLE_ASSIGNMENT((#7367));
#7367 = SURFACE_STYLE_USAGE(.BOTH.,#7368);
#7368 = SURFACE_SIDE_STYLE('',(#7369));
#7369 = SURFACE_STYLE_FILL_AREA(#7370);
#7370 = FILL_AREA_STYLE('',(#7371));
#7371 = FILL_AREA_STYLE_COLOUR('',#7203);
#7372 = STYLED_ITEM('color',(#7373),#1190);
#7373 = PRESENTATION_STYLE_ASSIGNMENT((#7374));
#7374 = SURFACE_STYLE_USAGE(.BOTH.,#7375);
#7375 = SURFACE_SIDE_STYLE('',(#7376));
#7376 = SURFACE_STYLE_FILL_AREA(#7377);
#7377 = FILL_AREA_STYLE('',(#7378));
#7378 = FILL_AREA_STYLE_COLOUR('',#7203);
#7379 = STYLED_ITEM('color',(#7380),#1215);
#7380 = PRESENTATION_STYLE_ASSIGNMENT((#7381));
#7381 = SURFACE_STYLE_USAGE(.BOTH.,#7382);
#7382 = SURFACE_SIDE_STYLE('',(#7383));
#7383 = SURFACE_STYLE_FILL_AREA(#7384);
#7384 = FILL_AREA_STYLE('',(#7385));
#7385 = FILL_AREA_STYLE_COLOUR('',#7203);
#7386 = STYLED_ITEM('color',(#7387),#1239);
#7387 = PRESENTATION_STYLE_ASSIGNMENT((#7388));
#7388 = SURFACE_STYLE_USAGE(.BOTH.,#7389);
#7389 = SURFACE_SIDE_STYLE('',(#7390));
#7390 = SURFACE_STYLE_FILL_AREA(#7391);
#7391 = FILL_AREA_STYLE('',(#7392));
#7392 = FILL_AREA_STYLE_COLOUR('',#7203);
#7393 = STYLED_ITEM('color',(#7394),#1256);
#7394 = PRESENTATION_STYLE_ASSIGNMENT((#7395));
#7395 = SURFACE_STYLE_USAGE(.BOTH.,#7396);
#7396 = SURFACE_SIDE_STYLE('',(#7397));
#7397 = SURFACE_STYLE_FILL_AREA(#7398);
#7398 = FILL_AREA_STYLE('',(#7399));
#7399 = FILL_AREA_STYLE_COLOUR('',#7400);
#7400 = COLOUR_RGB('',0.340000006699,0.68000001254,0.444999988852);
#7401 = STYLED_ITEM('color',(#7402),#1287);
#7402 = PRESENTATION_STYLE_ASSIGNMENT((#7403));
#7403 = SURFACE_STYLE_USAGE(.BOTH.,#7404);
#7404 = SURFACE_SIDE_STYLE('',(#7405));
#7405 = SURFACE_STYLE_FILL_AREA(#7406);
#7406 = FILL_AREA_STYLE('',(#7407));
#7407 = FILL_AREA_STYLE_COLOUR('',#7400);
#7408 = STYLED_ITEM('color',(#7409),#1311);
#7409 = PRESENTATION_STYLE_ASSIGNMENT((#7410));
#7410 = SURFACE_STYLE_USAGE(.BOTH.,#7411);
#7411 = SURFACE_SIDE_STYLE('',(#7412));
#7412 = SURFACE_STYLE_FILL_AREA(#7413);
#7413 = FILL_AREA_STYLE('',(#7414));
#7414 = FILL_AREA_STYLE_COLOUR('',#7400);
#7415 = STYLED_ITEM('color',(#7416),#1328);
#7416 = PRESENTATION_STYLE_ASSIGNMENT((#7417));
#7417 = SURFACE_STYLE_USAGE(.BOTH.,#7418);
#7418 = SURFACE_SIDE_STYLE('',(#7419));
#7419 = SURFACE_STYLE_FILL_AREA(#7420);
#7420 = FILL_AREA_STYLE('',(#7421));
#7421 = FILL_AREA_STYLE_COLOUR('',#7203);
#7422 = STYLED_ITEM('color',(#7423),#1356);
#7423 = PRESENTATION_STYLE_ASSIGNMENT((#7424));
#7424 = SURFACE_STYLE_USAGE(.BOTH.,#7425);
#7425 = SURFACE_SIDE_STYLE('',(#7426));
#7426 = SURFACE_STYLE_FILL_AREA(#7427);
#7427 = FILL_AREA_STYLE('',(#7428));
#7428 = FILL_AREA_STYLE_COLOUR('',#7203);
#7429 = STYLED_ITEM('color',(#7430),#1381);
#7430 = PRESENTATION_STYLE_ASSIGNMENT((#7431));
#7431 = SURFACE_STYLE_USAGE(.BOTH.,#7432);
#7432 = SURFACE_SIDE_STYLE('',(#7433));
#7433 = SURFACE_STYLE_FILL_AREA(#7434);
#7434 = FILL_AREA_STYLE('',(#7435));
#7435 = FILL_AREA_STYLE_COLOUR('',#7203);
#7436 = STYLED_ITEM('color',(#7437),#1405);
#7437 = PRESENTATION_STYLE_ASSIGNMENT((#7438));
#7438 = SURFACE_STYLE_USAGE(.BOTH.,#7439);
#7439 = SURFACE_SIDE_STYLE('',(#7440));
#7440 = SURFACE_STYLE_FILL_AREA(#7441);
#7441 = FILL_AREA_STYLE('',(#7442));
#7442 = FILL_AREA_STYLE_COLOUR('',#7203);
#7443 = STYLED_ITEM('color',(#7444),#1430);
#7444 = PRESENTATION_STYLE_ASSIGNMENT((#7445));
#7445 = SURFACE_STYLE_USAGE(.BOTH.,#7446);
#7446 = SURFACE_SIDE_STYLE('',(#7447));
#7447 = SURFACE_STYLE_FILL_AREA(#7448);
#7448 = FILL_AREA_STYLE('',(#7449));
#7449 = FILL_AREA_STYLE_COLOUR('',#7203);
#7450 = STYLED_ITEM('color',(#7451),#1477);
#7451 = PRESENTATION_STYLE_ASSIGNMENT((#7452));
#7452 = SURFACE_STYLE_USAGE(.BOTH.,#7453);
#7453 = SURFACE_SIDE_STYLE('',(#7454));
#7454 = SURFACE_STYLE_FILL_AREA(#7455);
#7455 = FILL_AREA_STYLE('',(#7456));
#7456 = FILL_AREA_STYLE_COLOUR('',#7203);
#7457 = STYLED_ITEM('color',(#7458),#1494);
#7458 = PRESENTATION_STYLE_ASSIGNMENT((#7459));
#7459 = SURFACE_STYLE_USAGE(.BOTH.,#7460);
#7460 = SURFACE_SIDE_STYLE('',(#7461));
#7461 = SURFACE_STYLE_FILL_AREA(#7462);
#7462 = FILL_AREA_STYLE('',(#7463));
#7463 = FILL_AREA_STYLE_COLOUR('',#7203);
#7464 = STYLED_ITEM('color',(#7465),#1506);
#7465 = PRESENTATION_STYLE_ASSIGNMENT((#7466));
#7466 = SURFACE_STYLE_USAGE(.BOTH.,#7467);
#7467 = SURFACE_SIDE_STYLE('',(#7468));
#7468 = SURFACE_STYLE_FILL_AREA(#7469);
#7469 = FILL_AREA_STYLE('',(#7470));
#7470 = FILL_AREA_STYLE_COLOUR('',#7203);
#7471 = STYLED_ITEM('color',(#7472),#1528);
#7472 = PRESENTATION_STYLE_ASSIGNMENT((#7473));
#7473 = SURFACE_STYLE_USAGE(.BOTH.,#7474);
#7474 = SURFACE_SIDE_STYLE('',(#7475));
#7475 = SURFACE_STYLE_FILL_AREA(#7476);
#7476 = FILL_AREA_STYLE('',(#7477));
#7477 = FILL_AREA_STYLE_COLOUR('',#7203);
#7478 = STYLED_ITEM('color',(#7479),#1540);
#7479 = PRESENTATION_STYLE_ASSIGNMENT((#7480));
#7480 = SURFACE_STYLE_USAGE(.BOTH.,#7481);
#7481 = SURFACE_SIDE_STYLE('',(#7482));
#7482 = SURFACE_STYLE_FILL_AREA(#7483);
#7483 = FILL_AREA_STYLE('',(#7484));
#7484 = FILL_AREA_STYLE_COLOUR('',#7203);
#7485 = STYLED_ITEM('color',(#7486),#1558);
#7486 = PRESENTATION_STYLE_ASSIGNMENT((#7487));
#7487 = SURFACE_STYLE_USAGE(.BOTH.,#7488);
#7488 = SURFACE_SIDE_STYLE('',(#7489));
#7489 = SURFACE_STYLE_FILL_AREA(#7490);
#7490 = FILL_AREA_STYLE('',(#7491));
#7491 = FILL_AREA_STYLE_COLOUR('',#7203);
#7492 = STYLED_ITEM('color',(#7493),#1576);
#7493 = PRESENTATION_STYLE_ASSIGNMENT((#7494));
#7494 = SURFACE_STYLE_USAGE(.BOTH.,#7495);
#7495 = SURFACE_SIDE_STYLE('',(#7496));
#7496 = SURFACE_STYLE_FILL_AREA(#7497);
#7497 = FILL_AREA_STYLE('',(#7498));
#7498 = FILL_AREA_STYLE_COLOUR('',#7400);
ENDSEC;
END-ISO-10303-21;
